CICLO,CP,LOJA,REGIONAL,UF,CANAL,SKU,PRODUTO,UN DO MATERIAL,CATEGORIA,SUB CATEGORIA,CAMPANHA,MARCA,COLABORE,VOLUME PEDIDO SUGESTÃO,VOLUME PEDIDO COLOCADO,GIRO (%),VOLUME PEDIDO FATURADO,LOCAL
Ciclo 12 - 2026,10258 - CP ALCINA MARIA,24668,Regional NE-S,AL,LOJA,1302,PMPCK LILY DES ANTIT AER 2x75g,BOT,DESODORANTES,DESODORANTE FEMININO,OMNICHANNEL C202612,ESSENCE,Não,3,8,133.33%,3,INTERIOR
Ciclo 12 - 2026,10258 - CP ALCINA MARIA,24671,Regional NE-S,AL,LOJA,1302,PMPCK LILY DES ANTIT AER 2x75g,BOT,DESODORANTES,DESODORANTE FEMININO,OMNICHANNEL C202612,ESSENCE,Não,3,0,0.00%,0,INTERIOR
Ciclo 12 - 2026,10258 - CP ALCINA MARIA,24669,Regional NE-S,AL,LOJA,1302,PMPCK LILY DES ANTIT AER 2x75g,BOT,DESODORANTES,DESODORANTE FEMININO,OMNICHANNEL C202612,ESSENCE,Não,3,2,50.00%,2,INTERIOR
Ciclo 12 - 2026,10258 - CP ALCINA MARIA,24670,Regional NE-S,AL,LOJA,1302,PMPCK LILY DES ANTIT AER 2x75g,BOT,DESODORANTES,DESODORANTE FEMININO,OMNICHANNEL C202612,ESSENCE,Não,3,9,133.33%,6,INTERIOR
Ciclo 12 - 2026,10258 - CP ALCINA MARIA,24303,Regional NE-S,AL,LOJA,1302,PMPCK LILY DES ANTIT AER 2x75g,BOT,DESODORANTES,DESODORANTE FEMININO,OMNICHANNEL C202612,ESSENCE,Não,3,3,33.33%,3,INTERIOR
Ciclo 12 - 2026,10258 - CP ALCINA MARIA,24303,Regional NE-S,AL,LOJA,1314,PMPCK ZAAD DES ANTIT AER 2x75g,BOT,DESODORANTES,DESODORANTE MASCULINO,OMNICHANNEL C202612,ZAAD,Não,3,0,0.00%,0,INTERIOR
Ciclo 12 - 2026,10258 - CP ALCINA MARIA,24668,Regional NE-S,AL,LOJA,1314,PMPCK ZAAD DES ANTIT AER 2x75g,BOT,DESODORANTES,DESODORANTE MASCULINO,OMNICHANNEL C202612,ZAAD,Não,3,31,0.00%,0,INTERIOR
Ciclo 12 - 2026,10258 - CP ALCINA MARIA,24670,Regional NE-S,AL,LOJA,1314,PMPCK ZAAD DES ANTIT AER 2x75g,BOT,DESODORANTES,DESODORANTE MASCULINO,OMNICHANNEL C202612,ZAAD,Não,3,1,0.00%,0,INTERIOR
Ciclo 12 - 2026,10258 - CP ALCINA MARIA,24669,Regional NE-S,AL,LOJA,1314,PMPCK ZAAD DES ANTIT AER 2x75g,BOT,DESODORANTES,DESODORANTE MASCULINO,OMNICHANNEL C202612,ZAAD,Não,3,12,0.00%,0,INTERIOR
Ciclo 12 - 2026,10258 - CP ALCINA MARIA,24671,Regional NE-S,AL,LOJA,1314,PMPCK ZAAD DES ANTIT AER 2x75g,BOT,DESODORANTES,DESODORANTE MASCULINO,OMNICHANNEL C202612,ZAAD,Não,3,25,0.00%,0,INTERIOR
Ciclo 12 - 2026,10258 - CP ALCINA MARIA,24669,Regional NE-S,AL,LOJA,1317,PMPCK MALBEC DES ANTIT AER 2x75g,BOT,DESODORANTES,DESODORANTE MASCULINO,OMNICHANNEL C202612,MALBEC,Não,3,10,0.00%,2,INTERIOR
Ciclo 12 - 2026,10258 - CP ALCINA MARIA,24668,Regional NE-S,AL,LOJA,1317,PMPCK MALBEC DES ANTIT AER 2x75g,BOT,DESODORANTES,DESODORANTE MASCULINO,OMNICHANNEL C202612,MALBEC,Não,3,8,0.00%,4,INTERIOR
Ciclo 12 - 2026,10258 - CP ALCINA MARIA,24671,Regional NE-S,AL,LOJA,1317,PMPCK MALBEC DES ANTIT AER 2x75g,BOT,DESODORANTES,DESODORANTE MASCULINO,OMNICHANNEL C202612,MALBEC,Não,3,10,75.00%,4,INTERIOR
Ciclo 12 - 2026,10258 - CP ALCINA MARIA,24303,Regional NE-S,AL,LOJA,1317,PMPCK MALBEC DES ANTIT AER 2x75g,BOT,DESODORANTES,DESODORANTE MASCULINO,OMNICHANNEL C202612,MALBEC,Não,3,6,50.00%,2,INTERIOR
Ciclo 12 - 2026,10258 - CP ALCINA MARIA,24670,Regional NE-S,AL,LOJA,1317,PMPCK MALBEC DES ANTIT AER 2x75g,BOT,DESODORANTES,DESODORANTE MASCULINO,OMNICHANNEL C202612,MALBEC,Não,3,18,0.00%,4,INTERIOR
Ciclo 12 - 2026,10258 - CP ALCINA MARIA,24668,Regional NE-S,AL,LOJA,47145,CBEM DES ANTIT ROLL PROTECT/BEAUTY 55ml,BOT,DESODORANTES,DESODORANTE FEMININO,OMNICHANNEL C202612,CUIDE-SE BEM,Não,3,5,0.00%,5,INTERIOR
Ciclo 12 - 2026,10258 - CP ALCINA MARIA,24669,Regional NE-S,AL,LOJA,47145,CBEM DES ANTIT ROLL PROTECT/BEAUTY 55ml,BOT,DESODORANTES,DESODORANTE FEMININO,OMNICHANNEL C202612,CUIDE-SE BEM,Não,3,20,0.00%,20,INTERIOR
Ciclo 12 - 2026,10258 - CP ALCINA MARIA,24670,Regional NE-S,AL,LOJA,47145,CBEM DES ANTIT ROLL PROTECT/BEAUTY 55ml,BOT,DESODORANTES,DESODORANTE FEMININO,OMNICHANNEL C202612,CUIDE-SE BEM,Não,3,7,0.00%,7,INTERIOR
Ciclo 12 - 2026,10258 - CP ALCINA MARIA,24671,Regional NE-S,AL,LOJA,47145,CBEM DES ANTIT ROLL PROTECT/BEAUTY 55ml,BOT,DESODORANTES,DESODORANTE FEMININO,OMNICHANNEL C202612,CUIDE-SE BEM,Não,3,3,66.67%,3,INTERIOR
Ciclo 12 - 2026,10258 - CP ALCINA MARIA,24303,Regional NE-S,AL,LOJA,47145,CBEM DES ANTIT ROLL PROTECT/BEAUTY 55ml,BOT,DESODORANTES,DESODORANTE FEMININO,OMNICHANNEL C202612,CUIDE-SE BEM,Não,3,0,0.00%,0,INTERIOR
Ciclo 12 - 2026,10258 - CP ALCINA MARIA,24668,Regional NE-S,AL,LOJA,47165,CBEM DES ANTIT CR CLIN ULTRA PROTECT 50g,BOT,DESODORANTES,DESODORANTE FEMININO,OMNICHANNEL C202612,CUIDE-SE BEM,Não,3,0,0.00%,0,INTERIOR
Ciclo 12 - 2026,10258 - CP ALCINA MARIA,24303,Regional NE-S,AL,LOJA,47165,CBEM DES ANTIT CR CLIN ULTRA PROTECT 50g,BOT,DESODORANTES,DESODORANTE FEMININO,OMNICHANNEL C202612,CUIDE-SE BEM,Não,3,0,0.00%,0,INTERIOR
Ciclo 12 - 2026,10258 - CP ALCINA MARIA,24671,Regional NE-S,AL,LOJA,47165,CBEM DES ANTIT CR CLIN ULTRA PROTECT 50g,BOT,DESODORANTES,DESODORANTE FEMININO,OMNICHANNEL C202612,CUIDE-SE BEM,Não,3,0,0.00%,0,INTERIOR
Ciclo 12 - 2026,10258 - CP ALCINA MARIA,24670,Regional NE-S,AL,LOJA,47165,CBEM DES ANTIT CR CLIN ULTRA PROTECT 50g,BOT,DESODORANTES,DESODORANTE FEMININO,OMNICHANNEL C202612,CUIDE-SE BEM,Não,3,0,0.00%,0,INTERIOR
Ciclo 12 - 2026,10258 - CP ALCINA MARIA,24669,Regional NE-S,AL,LOJA,47165,CBEM DES ANTIT CR CLIN ULTRA PROTECT 50g,BOT,DESODORANTES,DESODORANTE FEMININO,OMNICHANNEL C202612,CUIDE-SE BEM,Não,3,3,0.00%,3,INTERIOR
Ciclo 12 - 2026,10258 - CP ALCINA MARIA,24303,Regional NE-S,AL,LOJA,47629,BOTICA 214 EDP GOLD/GARD 75ml V2,BOT,PERFUMARIA,PERFUMARIA FEMININA,OMNICHANNEL C202612,BOTICA 214,Não,3,0,0.00%,0,INTERIOR
Ciclo 12 - 2026,10258 - CP ALCINA MARIA,24668,Regional NE-S,AL,LOJA,47629,BOTICA 214 EDP GOLD/GARD 75ml V2,BOT,PERFUMARIA,PERFUMARIA FEMININA,OMNICHANNEL C202612,BOTICA 214,Não,3,0,0.00%,0,INTERIOR
Ciclo 12 - 2026,10258 - CP ALCINA MARIA,24671,Regional NE-S,AL,LOJA,47629,BOTICA 214 EDP GOLD/GARD 75ml V2,BOT,PERFUMARIA,PERFUMARIA FEMININA,OMNICHANNEL C202612,BOTICA 214,Não,3,0,0.00%,0,INTERIOR
Ciclo 12 - 2026,10258 - CP ALCINA MARIA,24670,Regional NE-S,AL,LOJA,47629,BOTICA 214 EDP GOLD/GARD 75ml V2,BOT,PERFUMARIA,PERFUMARIA FEMININA,OMNICHANNEL C202612,BOTICA 214,Não,3,0,0.00%,0,INTERIOR
Ciclo 12 - 2026,10258 - CP ALCINA MARIA,24669,Regional NE-S,AL,LOJA,47629,BOTICA 214 EDP GOLD/GARD 75ml V2,BOT,PERFUMARIA,PERFUMARIA FEMININA,OMNICHANNEL C202612,BOTICA 214,Não,3,0,0.00%,0,INTERIOR
Ciclo 12 - 2026,10258 - CP ALCINA MARIA,24303,Regional NE-S,AL,LOJA,47949,THE BLEND EDP 100ml V2,BOT,PERFUMARIA,PERFUMARIA MASCULINA,OMNICHANNEL C202612,THE BLEND,Não,3,6,50.00%,6,INTERIOR
Ciclo 12 - 2026,10258 - CP ALCINA MARIA,24668,Regional NE-S,AL,LOJA,47949,THE BLEND EDP 100ml V2,BOT,PERFUMARIA,PERFUMARIA MASCULINA,OMNICHANNEL C202612,THE BLEND,Não,3,4,100.00%,4,INTERIOR
Ciclo 12 - 2026,10258 - CP ALCINA MARIA,24670,Regional NE-S,AL,LOJA,47949,THE BLEND EDP 100ml V2,BOT,PERFUMARIA,PERFUMARIA MASCULINA,OMNICHANNEL C202612,THE BLEND,Não,3,5,40.00%,5,INTERIOR
Ciclo 12 - 2026,10258 - CP ALCINA MARIA,24671,Regional NE-S,AL,LOJA,47949,THE BLEND EDP 100ml V2,BOT,PERFUMARIA,PERFUMARIA MASCULINA,OMNICHANNEL C202612,THE BLEND,Não,3,0,0.00%,0,INTERIOR
Ciclo 12 - 2026,10258 - CP ALCINA MARIA,24669,Regional NE-S,AL,LOJA,47949,THE BLEND EDP 100ml V2,BOT,PERFUMARIA,PERFUMARIA MASCULINA,OMNICHANNEL C202612,THE BLEND,Não,3,6,16.67%,6,INTERIOR
Ciclo 12 - 2026,10258 - CP ALCINA MARIA,24303,Regional NE-S,AL,LOJA,48060,LILY CREM DES HID ACET CPO 250g V8,BOT,CUIDADOS COM A PELE,CUIDADOS COM O CORPO,OMNICHANNEL C202612,ESSENCE,Não,3,3,33.33%,3,INTERIOR
Ciclo 12 - 2026,10258 - CP ALCINA MARIA,24668,Regional NE-S,AL,LOJA,48060,LILY CREM DES HID ACET CPO 250g V8,BOT,CUIDADOS COM A PELE,CUIDADOS COM O CORPO,OMNICHANNEL C202612,ESSENCE,Não,3,0,0.00%,0,INTERIOR
Ciclo 12 - 2026,10258 - CP ALCINA MARIA,24670,Regional NE-S,AL,LOJA,48060,LILY CREM DES HID ACET CPO 250g V8,BOT,CUIDADOS COM A PELE,CUIDADOS COM O CORPO,OMNICHANNEL C202612,ESSENCE,Não,3,0,0.00%,0,INTERIOR
Ciclo 12 - 2026,10258 - CP ALCINA MARIA,24669,Regional NE-S,AL,LOJA,48060,LILY CREM DES HID ACET CPO 250g V8,BOT,CUIDADOS COM A PELE,CUIDADOS COM O CORPO,OMNICHANNEL C202612,ESSENCE,Não,3,0,0.00%,0,INTERIOR
Ciclo 12 - 2026,10258 - CP ALCINA MARIA,24671,Regional NE-S,AL,LOJA,48060,LILY CREM DES HID ACET CPO 250g V8,BOT,CUIDADOS COM A PELE,CUIDADOS COM O CORPO,OMNICHANNEL C202612,ESSENCE,Não,3,0,0.00%,0,INTERIOR
Ciclo 12 - 2026,10258 - CP ALCINA MARIA,24669,Regional NE-S,AL,LOJA,48139,COFFEE DES COL WOMAN SEDUC 100ml V5,BOT,PERFUMARIA,PERFUMARIA FEMININA,OMNICHANNEL C202612,COFFEE,Não,3,0,0.00%,0,INTERIOR
Ciclo 12 - 2026,10258 - CP ALCINA MARIA,24303,Regional NE-S,AL,LOJA,48139,COFFEE DES COL WOMAN SEDUC 100ml V5,BOT,PERFUMARIA,PERFUMARIA FEMININA,OMNICHANNEL C202612,COFFEE,Não,3,0,0.00%,0,INTERIOR
Ciclo 12 - 2026,10258 - CP ALCINA MARIA,24671,Regional NE-S,AL,LOJA,48139,COFFEE DES COL WOMAN SEDUC 100ml V5,BOT,PERFUMARIA,PERFUMARIA FEMININA,OMNICHANNEL C202612,COFFEE,Não,3,0,0.00%,0,INTERIOR
Ciclo 12 - 2026,10258 - CP ALCINA MARIA,24668,Regional NE-S,AL,LOJA,48139,COFFEE DES COL WOMAN SEDUC 100ml V5,BOT,PERFUMARIA,PERFUMARIA FEMININA,OMNICHANNEL C202612,COFFEE,Não,3,0,0.00%,0,INTERIOR
Ciclo 12 - 2026,10258 - CP ALCINA MARIA,24670,Regional NE-S,AL,LOJA,48139,COFFEE DES COL WOMAN SEDUC 100ml V5,BOT,PERFUMARIA,PERFUMARIA FEMININA,OMNICHANNEL C202612,COFFEE,Não,3,0,0.00%,0,INTERIOR
Ciclo 12 - 2026,10258 - CP ALCINA MARIA,24670,Regional NE-S,AL,LOJA,48181,LILY OL PERF DES CPO 150ml V11,BOT,ÓLEOS,CUIDADOS COM O CORPO,OMNICHANNEL C202612,ESSENCE,Não,3,6,50.00%,6,INTERIOR
Ciclo 12 - 2026,10258 - CP ALCINA MARIA,24668,Regional NE-S,AL,LOJA,48181,LILY OL PERF DES CPO 150ml V11,BOT,ÓLEOS,CUIDADOS COM O CORPO,OMNICHANNEL C202612,ESSENCE,Não,3,6,66.67%,6,INTERIOR
Ciclo 12 - 2026,10258 - CP ALCINA MARIA,24671,Regional NE-S,AL,LOJA,48181,LILY OL PERF DES CPO 150ml V11,BOT,ÓLEOS,CUIDADOS COM O CORPO,OMNICHANNEL C202612,ESSENCE,Não,3,5,0.00%,5,INTERIOR
Ciclo 12 - 2026,10258 - CP ALCINA MARIA,24669,Regional NE-S,AL,LOJA,48181,LILY OL PERF DES CPO 150ml V11,BOT,ÓLEOS,CUIDADOS COM O CORPO,OMNICHANNEL C202612,ESSENCE,Não,3,6,66.67%,6,INTERIOR
Ciclo 12 - 2026,10258 - CP ALCINA MARIA,24303,Regional NE-S,AL,LOJA,48181,LILY OL PERF DES CPO 150ml V11,BOT,ÓLEOS,CUIDADOS COM O CORPO,OMNICHANNEL C202612,ESSENCE,Não,3,1,0.00%,1,INTERIOR
Ciclo 12 - 2026,10258 - CP ALCINA MARIA,24303,Regional NE-S,AL,LOJA,48280,NSPA DES COL BDY SPLSH AMEI/NEG 200ml V2,BOT,PERFUMARIA,PERFUMARIA FEMININA,OMNICHANNEL C202612,NATIVA SPA,Não,3,0,0.00%,0,INTERIOR
Ciclo 12 - 2026,10258 - CP ALCINA MARIA,24671,Regional NE-S,AL,LOJA,48280,NSPA DES COL BDY SPLSH AMEI/NEG 200ml V2,BOT,PERFUMARIA,PERFUMARIA FEMININA,OMNICHANNEL C202612,NATIVA SPA,Não,3,2,100.00%,2,INTERIOR
Ciclo 12 - 2026,10258 - CP ALCINA MARIA,24670,Regional NE-S,AL,LOJA,48280,NSPA DES COL BDY SPLSH AMEI/NEG 200ml V2,BOT,PERFUMARIA,PERFUMARIA FEMININA,OMNICHANNEL C202612,NATIVA SPA,Não,3,0,0.00%,0,INTERIOR
Ciclo 12 - 2026,10258 - CP ALCINA MARIA,24668,Regional NE-S,AL,LOJA,48280,NSPA DES COL BDY SPLSH AMEI/NEG 200ml V2,BOT,PERFUMARIA,PERFUMARIA FEMININA,OMNICHANNEL C202612,NATIVA SPA,Não,3,0,0.00%,0,INTERIOR
Ciclo 12 - 2026,10258 - CP ALCINA MARIA,24669,Regional NE-S,AL,LOJA,48280,NSPA DES COL BDY SPLSH AMEI/NEG 200ml V2,BOT,PERFUMARIA,PERFUMARIA FEMININA,OMNICHANNEL C202612,NATIVA SPA,Não,3,0,0.00%,0,INTERIOR
Ciclo 12 - 2026,10258 - CP ALCINA MARIA,24670,Regional NE-S,AL,LOJA,48298,FLORATTA DES COL ROSE BOUQUET PRM 10ml,BOT,SUPORTE À VENDA,PRM,OMNICHANNEL C202612,FLORATTA,Não,3,0,0.00%,0,INTERIOR
Ciclo 12 - 2026,10258 - CP ALCINA MARIA,24671,Regional NE-S,AL,LOJA,48298,FLORATTA DES COL ROSE BOUQUET PRM 10ml,BOT,SUPORTE À VENDA,PRM,OMNICHANNEL C202612,FLORATTA,Não,3,0,0.00%,0,INTERIOR
Ciclo 12 - 2026,10258 - CP ALCINA MARIA,24669,Regional NE-S,AL,LOJA,48298,FLORATTA DES COL ROSE BOUQUET PRM 10ml,BOT,SUPORTE À VENDA,PRM,OMNICHANNEL C202612,FLORATTA,Não,3,0,0.00%,0,INTERIOR
Ciclo 12 - 2026,10258 - CP ALCINA MARIA,24668,Regional NE-S,AL,LOJA,48298,FLORATTA DES COL ROSE BOUQUET PRM 10ml,BOT,SUPORTE À VENDA,PRM,OMNICHANNEL C202612,FLORATTA,Não,3,0,0.00%,0,INTERIOR
Ciclo 12 - 2026,10258 - CP ALCINA MARIA,24303,Regional NE-S,AL,LOJA,48298,FLORATTA DES COL ROSE BOUQUET PRM 10ml,BOT,SUPORTE À VENDA,PRM,OMNICHANNEL C202612,FLORATTA,Não,3,0,0.00%,0,INTERIOR
Ciclo 12 - 2026,10258 - CP ALCINA MARIA,24669,Regional NE-S,AL,LOJA,48303,FLORATTA DES COL RED V2 75ml,BOT,PERFUMARIA,PERFUMARIA FEMININA,OMNICHANNEL C202612,FLORATTA,Não,3,2,850.00%,2,INTERIOR
Ciclo 12 - 2026,10258 - CP ALCINA MARIA,24303,Regional NE-S,AL,LOJA,48303,FLORATTA DES COL RED V2 75ml,BOT,PERFUMARIA,PERFUMARIA FEMININA,OMNICHANNEL C202612,FLORATTA,Não,3,15,40.00%,15,INTERIOR
Ciclo 12 - 2026,10258 - CP ALCINA MARIA,24668,Regional NE-S,AL,LOJA,48303,FLORATTA DES COL RED V2 75ml,BOT,PERFUMARIA,PERFUMARIA FEMININA,OMNICHANNEL C202612,FLORATTA,Não,3,13,123.08%,13,INTERIOR
Ciclo 12 - 2026,10258 - CP ALCINA MARIA,24670,Regional NE-S,AL,LOJA,48303,FLORATTA DES COL RED V2 75ml,BOT,PERFUMARIA,PERFUMARIA FEMININA,OMNICHANNEL C202612,FLORATTA,Não,3,0,0.00%,0,INTERIOR
Ciclo 12 - 2026,10258 - CP ALCINA MARIA,24671,Regional NE-S,AL,LOJA,48303,FLORATTA DES COL RED V2 75ml,BOT,PERFUMARIA,PERFUMARIA FEMININA,OMNICHANNEL C202612,FLORATTA,Não,3,0,0.00%,0,INTERIOR
Ciclo 12 - 2026,10258 - CP ALCINA MARIA,24668,Regional NE-S,AL,LOJA,48315,FLORATTA DES COL GOLD V3 75ml,BOT,PERFUMARIA,PERFUMARIA FEMININA,OMNICHANNEL C202612,FLORATTA,Não,3,10,80.00%,10,INTERIOR
Ciclo 12 - 2026,10258 - CP ALCINA MARIA,24303,Regional NE-S,AL,LOJA,48315,FLORATTA DES COL GOLD V3 75ml,BOT,PERFUMARIA,PERFUMARIA FEMININA,OMNICHANNEL C202612,FLORATTA,Não,3,0,0.00%,0,INTERIOR
Ciclo 12 - 2026,10258 - CP ALCINA MARIA,24671,Regional NE-S,AL,LOJA,48315,FLORATTA DES COL GOLD V3 75ml,BOT,PERFUMARIA,PERFUMARIA FEMININA,OMNICHANNEL C202612,FLORATTA,Não,3,0,0.00%,0,INTERIOR
Ciclo 12 - 2026,10258 - CP ALCINA MARIA,24670,Regional NE-S,AL,LOJA,48315,FLORATTA DES COL GOLD V3 75ml,BOT,PERFUMARIA,PERFUMARIA FEMININA,OMNICHANNEL C202612,FLORATTA,Não,3,0,0.00%,0,INTERIOR
Ciclo 12 - 2026,10258 - CP ALCINA MARIA,24669,Regional NE-S,AL,LOJA,48315,FLORATTA DES COL GOLD V3 75ml,BOT,PERFUMARIA,PERFUMARIA FEMININA,OMNICHANNEL C202612,FLORATTA,Não,3,8,12.50%,8,INTERIOR
Ciclo 12 - 2026,10258 - CP ALCINA MARIA,24671,Regional NE-S,AL,LOJA,48365,COFFEE DES COL MAN SEDUC 100ml V4,BOT,PERFUMARIA,PERFUMARIA MASCULINA,OMNICHANNEL C202612,COFFEE,Não,3,0,0.00%,0,INTERIOR
Ciclo 12 - 2026,10258 - CP ALCINA MARIA,24669,Regional NE-S,AL,LOJA,48365,COFFEE DES COL MAN SEDUC 100ml V4,BOT,PERFUMARIA,PERFUMARIA MASCULINA,OMNICHANNEL C202612,COFFEE,Não,3,0,0.00%,0,INTERIOR
Ciclo 12 - 2026,10258 - CP ALCINA MARIA,24668,Regional NE-S,AL,LOJA,48365,COFFEE DES COL MAN SEDUC 100ml V4,BOT,PERFUMARIA,PERFUMARIA MASCULINA,OMNICHANNEL C202612,COFFEE,Não,3,0,0.00%,0,INTERIOR
Ciclo 12 - 2026,10258 - CP ALCINA MARIA,24670,Regional NE-S,AL,LOJA,48365,COFFEE DES COL MAN SEDUC 100ml V4,BOT,PERFUMARIA,PERFUMARIA MASCULINA,OMNICHANNEL C202612,COFFEE,Não,3,0,0.00%,0,INTERIOR
Ciclo 12 - 2026,10258 - CP ALCINA MARIA,24303,Regional NE-S,AL,LOJA,48365,COFFEE DES COL MAN SEDUC 100ml V4,BOT,PERFUMARIA,PERFUMARIA MASCULINA,OMNICHANNEL C202612,COFFEE,Não,3,0,0.00%,0,INTERIOR
Ciclo 12 - 2026,10258 - CP ALCINA MARIA,24669,Regional NE-S,AL,LOJA,48508,LILY OL PRODIG ACET MULTIF 50ml,BOT,CUIDADOS COM A PELE,CUIDADOS COM O CORPO,OMNICHANNEL C202612,ESSENCE,Não,3,0,0.00%,0,INTERIOR
Ciclo 12 - 2026,10258 - CP ALCINA MARIA,24303,Regional NE-S,AL,LOJA,48508,LILY OL PRODIG ACET MULTIF 50ml,BOT,CUIDADOS COM A PELE,CUIDADOS COM O CORPO,OMNICHANNEL C202612,ESSENCE,Não,3,0,0.00%,0,INTERIOR
Ciclo 12 - 2026,10258 - CP ALCINA MARIA,24671,Regional NE-S,AL,LOJA,48508,LILY OL PRODIG ACET MULTIF 50ml,BOT,CUIDADOS COM A PELE,CUIDADOS COM O CORPO,OMNICHANNEL C202612,ESSENCE,Não,3,3,33.33%,3,INTERIOR
Ciclo 12 - 2026,10258 - CP ALCINA MARIA,24670,Regional NE-S,AL,LOJA,48508,LILY OL PRODIG ACET MULTIF 50ml,BOT,CUIDADOS COM A PELE,CUIDADOS COM O CORPO,OMNICHANNEL C202612,ESSENCE,Não,3,0,0.00%,0,INTERIOR
Ciclo 12 - 2026,10258 - CP ALCINA MARIA,24668,Regional NE-S,AL,LOJA,48508,LILY OL PRODIG ACET MULTIF 50ml,BOT,CUIDADOS COM A PELE,CUIDADOS COM O CORPO,OMNICHANNEL C202612,ESSENCE,Não,3,5,0.00%,5,INTERIOR
Ciclo 12 - 2026,10258 - CP ALCINA MARIA,24303,Regional NE-S,AL,LOJA,48634,DREAM DES COL SPLSH AMOR NO AR 200ml V2,BOT,PERFUMARIA,PERFUMARIA FEMININA,OMNICHANNEL C202612,DREAM,Não,3,8,100.00%,8,INTERIOR
Ciclo 12 - 2026,10258 - CP ALCINA MARIA,24669,Regional NE-S,AL,LOJA,48634,DREAM DES COL SPLSH AMOR NO AR 200ml V2,BOT,PERFUMARIA,PERFUMARIA FEMININA,OMNICHANNEL C202612,DREAM,Não,3,4,275.00%,4,INTERIOR
Ciclo 12 - 2026,10258 - CP ALCINA MARIA,24668,Regional NE-S,AL,LOJA,48634,DREAM DES COL SPLSH AMOR NO AR 200ml V2,BOT,PERFUMARIA,PERFUMARIA FEMININA,OMNICHANNEL C202612,DREAM,Não,3,6,133.33%,6,INTERIOR
Ciclo 12 - 2026,10258 - CP ALCINA MARIA,24671,Regional NE-S,AL,LOJA,48634,DREAM DES COL SPLSH AMOR NO AR 200ml V2,BOT,PERFUMARIA,PERFUMARIA FEMININA,OMNICHANNEL C202612,DREAM,Não,3,0,0.00%,0,INTERIOR
Ciclo 12 - 2026,10258 - CP ALCINA MARIA,24670,Regional NE-S,AL,LOJA,48634,DREAM DES COL SPLSH AMOR NO AR 200ml V2,BOT,PERFUMARIA,PERFUMARIA FEMININA,OMNICHANNEL C202612,DREAM,Não,3,4,250.00%,4,INTERIOR
Ciclo 12 - 2026,10258 - CP ALCINA MARIA,24303,Regional NE-S,AL,LOJA,48785,MALBEC DES BDY SPR 100ml V4 PCK,BOT,DESODORANTES,DESODORANTE MASCULINO,OMNICHANNEL C202612,MALBEC,Não,3,5,80.00%,5,INTERIOR
Ciclo 12 - 2026,10258 - CP ALCINA MARIA,24668,Regional NE-S,AL,LOJA,48785,MALBEC DES BDY SPR 100ml V4 PCK,BOT,DESODORANTES,DESODORANTE MASCULINO,OMNICHANNEL C202612,MALBEC,Não,3,20,45.00%,20,INTERIOR
Ciclo 12 - 2026,10258 - CP ALCINA MARIA,24669,Regional NE-S,AL,LOJA,48785,MALBEC DES BDY SPR 100ml V4 PCK,BOT,DESODORANTES,DESODORANTE MASCULINO,OMNICHANNEL C202612,MALBEC,Não,3,0,0.00%,0,INTERIOR
Ciclo 12 - 2026,10258 - CP ALCINA MARIA,24671,Regional NE-S,AL,LOJA,48785,MALBEC DES BDY SPR 100ml V4 PCK,BOT,DESODORANTES,DESODORANTE MASCULINO,OMNICHANNEL C202612,MALBEC,Não,3,10,30.00%,10,INTERIOR
Ciclo 12 - 2026,10258 - CP ALCINA MARIA,24670,Regional NE-S,AL,LOJA,48785,MALBEC DES BDY SPR 100ml V4 PCK,BOT,DESODORANTES,DESODORANTE MASCULINO,OMNICHANNEL C202612,MALBEC,Não,3,5,40.00%,5,INTERIOR
Ciclo 12 - 2026,10258 - CP ALCINA MARIA,24668,Regional NE-S,AL,LOJA,48790,REFIL MALBEC DES BDY SPR REG 100ml PK V5,BOT,DESODORANTES,DESODORANTE MASCULINO,OMNICHANNEL C202612,MALBEC,Não,3,5,0.00%,5,INTERIOR
Ciclo 12 - 2026,10258 - CP ALCINA MARIA,24671,Regional NE-S,AL,LOJA,48790,REFIL MALBEC DES BDY SPR REG 100ml PK V5,BOT,DESODORANTES,DESODORANTE MASCULINO,OMNICHANNEL C202612,MALBEC,Não,3,0,0.00%,0,INTERIOR
Ciclo 12 - 2026,10258 - CP ALCINA MARIA,24670,Regional NE-S,AL,LOJA,48790,REFIL MALBEC DES BDY SPR REG 100ml PK V5,BOT,DESODORANTES,DESODORANTE MASCULINO,OMNICHANNEL C202612,MALBEC,Não,3,5,0.00%,5,INTERIOR
Ciclo 12 - 2026,10258 - CP ALCINA MARIA,24303,Regional NE-S,AL,LOJA,48790,REFIL MALBEC DES BDY SPR REG 100ml PK V5,BOT,DESODORANTES,DESODORANTE MASCULINO,OMNICHANNEL C202612,MALBEC,Não,3,0,0.00%,0,INTERIOR
Ciclo 12 - 2026,10258 - CP ALCINA MARIA,24669,Regional NE-S,AL,LOJA,48790,REFIL MALBEC DES BDY SPR REG 100ml PK V5,BOT,DESODORANTES,DESODORANTE MASCULINO,OMNICHANNEL C202612,MALBEC,Não,3,10,30.00%,10,INTERIOR
Ciclo 12 - 2026,10258 - CP ALCINA MARIA,24670,Regional NE-S,AL,LOJA,49102,MATCH MASC CAP NUTR REGEN PRM 50ml,BOT,SUPORTE À VENDA,PRM,OMNICHANNEL C202612,MATCH,Não,3,0,0.00%,0,INTERIOR
Ciclo 12 - 2026,10258 - CP ALCINA MARIA,24669,Regional NE-S,AL,LOJA,49102,MATCH MASC CAP NUTR REGEN PRM 50ml,BOT,SUPORTE À VENDA,PRM,OMNICHANNEL C202612,MATCH,Não,3,0,0.00%,0,INTERIOR
Ciclo 12 - 2026,10258 - CP ALCINA MARIA,24671,Regional NE-S,AL,LOJA,49102,MATCH MASC CAP NUTR REGEN PRM 50ml,BOT,SUPORTE À VENDA,PRM,OMNICHANNEL C202612,MATCH,Não,3,0,0.00%,0,INTERIOR
Ciclo 12 - 2026,10258 - CP ALCINA MARIA,24668,Regional NE-S,AL,LOJA,49102,MATCH MASC CAP NUTR REGEN PRM 50ml,BOT,SUPORTE À VENDA,PRM,OMNICHANNEL C202612,MATCH,Não,3,0,0.00%,0,INTERIOR
Ciclo 12 - 2026,10258 - CP ALCINA MARIA,24303,Regional NE-S,AL,LOJA,49102,MATCH MASC CAP NUTR REGEN PRM 50ml,BOT,SUPORTE À VENDA,PRM,OMNICHANNEL C202612,MATCH,Não,3,0,0.00%,0,INTERIOR
Ciclo 12 - 2026,10258 - CP ALCINA MARIA,24669,Regional NE-S,AL,LOJA,49154,COFFEE DES COL UNIQ WOM FL/GOURM 100ml,BOT,PERFUMARIA,PERFUMARIA FEMININA,OMNICHANNEL C202612,COFFEE,Não,3,0,0.00%,0,INTERIOR
Ciclo 12 - 2026,10258 - CP ALCINA MARIA,24668,Regional NE-S,AL,LOJA,49154,COFFEE DES COL UNIQ WOM FL/GOURM 100ml,BOT,PERFUMARIA,PERFUMARIA FEMININA,OMNICHANNEL C202612,COFFEE,Não,3,3,66.67%,3,INTERIOR
Ciclo 12 - 2026,10258 - CP ALCINA MARIA,24303,Regional NE-S,AL,LOJA,49154,COFFEE DES COL UNIQ WOM FL/GOURM 100ml,BOT,PERFUMARIA,PERFUMARIA FEMININA,OMNICHANNEL C202612,COFFEE,Não,3,7,71.43%,7,INTERIOR
Ciclo 12 - 2026,10258 - CP ALCINA MARIA,24671,Regional NE-S,AL,LOJA,49154,COFFEE DES COL UNIQ WOM FL/GOURM 100ml,BOT,PERFUMARIA,PERFUMARIA FEMININA,OMNICHANNEL C202612,COFFEE,Não,3,1,0.00%,1,INTERIOR
Ciclo 12 - 2026,10258 - CP ALCINA MARIA,24670,Regional NE-S,AL,LOJA,49154,COFFEE DES COL UNIQ WOM FL/GOURM 100ml,BOT,PERFUMARIA,PERFUMARIA FEMININA,OMNICHANNEL C202612,COFFEE,Não,3,7,57.14%,7,INTERIOR
Ciclo 12 - 2026,10258 - CP ALCINA MARIA,24671,Regional NE-S,AL,LOJA,49193,COFFEE DES COL UNIQ MAN FOUG/OR 100ml,BOT,PERFUMARIA,PERFUMARIA MASCULINA,OMNICHANNEL C202612,COFFEE,Não,3,4,0.00%,3,INTERIOR
Ciclo 12 - 2026,10258 - CP ALCINA MARIA,24303,Regional NE-S,AL,LOJA,49193,COFFEE DES COL UNIQ MAN FOUG/OR 100ml,BOT,PERFUMARIA,PERFUMARIA MASCULINA,OMNICHANNEL C202612,COFFEE,Não,3,10,0.00%,4,INTERIOR
Ciclo 12 - 2026,10258 - CP ALCINA MARIA,24668,Regional NE-S,AL,LOJA,49193,COFFEE DES COL UNIQ MAN FOUG/OR 100ml,BOT,PERFUMARIA,PERFUMARIA MASCULINA,OMNICHANNEL C202612,COFFEE,Não,3,8,0.00%,6,INTERIOR
Ciclo 12 - 2026,10258 - CP ALCINA MARIA,24670,Regional NE-S,AL,LOJA,49193,COFFEE DES COL UNIQ MAN FOUG/OR 100ml,BOT,PERFUMARIA,PERFUMARIA MASCULINA,OMNICHANNEL C202612,COFFEE,Não,3,4,25.00%,4,INTERIOR
Ciclo 12 - 2026,10258 - CP ALCINA MARIA,24669,Regional NE-S,AL,LOJA,49193,COFFEE DES COL UNIQ MAN FOUG/OR 100ml,BOT,PERFUMARIA,PERFUMARIA MASCULINA,OMNICHANNEL C202612,COFFEE,Não,3,13,11.11%,9,INTERIOR
Ciclo 12 - 2026,10258 - CP ALCINA MARIA,24303,Regional NE-S,AL,LOJA,49228,COFFEE DES COL MAN FOUG/ORIENT PRM 10ml,BOT,SUPORTE À VENDA,PRM,OMNICHANNEL C202612,COFFEE,Não,3,0,0.00%,0,INTERIOR
Ciclo 12 - 2026,10258 - CP ALCINA MARIA,24669,Regional NE-S,AL,LOJA,49228,COFFEE DES COL MAN FOUG/ORIENT PRM 10ml,BOT,SUPORTE À VENDA,PRM,OMNICHANNEL C202612,COFFEE,Não,3,0,0.00%,0,INTERIOR
Ciclo 12 - 2026,10258 - CP ALCINA MARIA,24671,Regional NE-S,AL,LOJA,49228,COFFEE DES COL MAN FOUG/ORIENT PRM 10ml,BOT,SUPORTE À VENDA,PRM,OMNICHANNEL C202612,COFFEE,Não,3,0,0.00%,0,INTERIOR
Ciclo 12 - 2026,10258 - CP ALCINA MARIA,24670,Regional NE-S,AL,LOJA,49228,COFFEE DES COL MAN FOUG/ORIENT PRM 10ml,BOT,SUPORTE À VENDA,PRM,OMNICHANNEL C202612,COFFEE,Não,3,0,0.00%,0,INTERIOR
Ciclo 12 - 2026,10258 - CP ALCINA MARIA,24668,Regional NE-S,AL,LOJA,49228,COFFEE DES COL MAN FOUG/ORIENT PRM 10ml,BOT,SUPORTE À VENDA,PRM,OMNICHANNEL C202612,COFFEE,Não,3,0,0.00%,0,INTERIOR
Ciclo 12 - 2026,10258 - CP ALCINA MARIA,24303,Regional NE-S,AL,LOJA,49878,CBEM LOC DES HID CPO BOA NOITE V2 400ml,BOT,CUIDADOS COM A PELE,CUIDADOS COM O CORPO,OMNICHANNEL C202612,CUIDE-SE BEM,Não,3,3,33.33%,3,INTERIOR
Ciclo 12 - 2026,10258 - CP ALCINA MARIA,24669,Regional NE-S,AL,LOJA,49878,CBEM LOC DES HID CPO BOA NOITE V2 400ml,BOT,CUIDADOS COM A PELE,CUIDADOS COM O CORPO,OMNICHANNEL C202612,CUIDE-SE BEM,Não,3,0,0.00%,0,INTERIOR
Ciclo 12 - 2026,10258 - CP ALCINA MARIA,24670,Regional NE-S,AL,LOJA,49878,CBEM LOC DES HID CPO BOA NOITE V2 400ml,BOT,CUIDADOS COM A PELE,CUIDADOS COM O CORPO,OMNICHANNEL C202612,CUIDE-SE BEM,Não,3,0,0.00%,0,INTERIOR
Ciclo 12 - 2026,10258 - CP ALCINA MARIA,24671,Regional NE-S,AL,LOJA,49878,CBEM LOC DES HID CPO BOA NOITE V2 400ml,BOT,CUIDADOS COM A PELE,CUIDADOS COM O CORPO,OMNICHANNEL C202612,CUIDE-SE BEM,Não,3,0,0.00%,0,INTERIOR
Ciclo 12 - 2026,10258 - CP ALCINA MARIA,24668,Regional NE-S,AL,LOJA,49878,CBEM LOC DES HID CPO BOA NOITE V2 400ml,BOT,CUIDADOS COM A PELE,CUIDADOS COM O CORPO,OMNICHANNEL C202612,CUIDE-SE BEM,Não,3,2,50.00%,2,INTERIOR
Ciclo 12 - 2026,10258 - CP ALCINA MARIA,24670,Regional NE-S,AL,LOJA,49978,FLORATTA DES COL RED BLOSSOM PRM 10ml,BOT,SUPORTE À VENDA,PRM,OMNICHANNEL C202612,FLORATTA,Não,3,0,0.00%,0,INTERIOR
Ciclo 12 - 2026,10258 - CP ALCINA MARIA,24669,Regional NE-S,AL,LOJA,49978,FLORATTA DES COL RED BLOSSOM PRM 10ml,BOT,SUPORTE À VENDA,PRM,OMNICHANNEL C202612,FLORATTA,Não,3,0,0.00%,0,INTERIOR
Ciclo 12 - 2026,10258 - CP ALCINA MARIA,24303,Regional NE-S,AL,LOJA,49978,FLORATTA DES COL RED BLOSSOM PRM 10ml,BOT,SUPORTE À VENDA,PRM,OMNICHANNEL C202612,FLORATTA,Não,3,0,0.00%,0,INTERIOR
Ciclo 12 - 2026,10258 - CP ALCINA MARIA,24668,Regional NE-S,AL,LOJA,49978,FLORATTA DES COL RED BLOSSOM PRM 10ml,BOT,SUPORTE À VENDA,PRM,OMNICHANNEL C202612,FLORATTA,Não,3,0,0.00%,0,INTERIOR
Ciclo 12 - 2026,10258 - CP ALCINA MARIA,24671,Regional NE-S,AL,LOJA,49978,FLORATTA DES COL RED BLOSSOM PRM 10ml,BOT,SUPORTE À VENDA,PRM,OMNICHANNEL C202612,FLORATTA,Não,3,0,0.00%,0,INTERIOR
Ciclo 12 - 2026,10258 - CP ALCINA MARIA,24671,Regional NE-S,AL,LOJA,50123,MALBEC DES COL ULTRA BLEU 10ml PRM,BOT,SUPORTE À VENDA,PRM,OMNICHANNEL C202612,MALBEC,Não,3,0,0.00%,0,INTERIOR
Ciclo 12 - 2026,10258 - CP ALCINA MARIA,24670,Regional NE-S,AL,LOJA,50123,MALBEC DES COL ULTRA BLEU 10ml PRM,BOT,SUPORTE À VENDA,PRM,OMNICHANNEL C202612,MALBEC,Não,3,0,0.00%,0,INTERIOR
Ciclo 12 - 2026,10258 - CP ALCINA MARIA,24668,Regional NE-S,AL,LOJA,50123,MALBEC DES COL ULTRA BLEU 10ml PRM,BOT,SUPORTE À VENDA,PRM,OMNICHANNEL C202612,MALBEC,Não,3,0,0.00%,0,INTERIOR
Ciclo 12 - 2026,10258 - CP ALCINA MARIA,24669,Regional NE-S,AL,LOJA,50123,MALBEC DES COL ULTRA BLEU 10ml PRM,BOT,SUPORTE À VENDA,PRM,OMNICHANNEL C202612,MALBEC,Não,3,0,0.00%,0,INTERIOR
Ciclo 12 - 2026,10258 - CP ALCINA MARIA,24303,Regional NE-S,AL,LOJA,50123,MALBEC DES COL ULTRA BLEU 10ml PRM,BOT,SUPORTE À VENDA,PRM,OMNICHANNEL C202612,MALBEC,Não,3,0,0.00%,0,INTERIOR
Ciclo 12 - 2026,10258 - CP ALCINA MARIA,24670,Regional NE-S,AL,LOJA,50125,MALBEC DES BDY SPR ULTRA BLEU 100ml,BOT,DESODORANTES,DESODORANTE MASCULINO,OMNICHANNEL C202612,MALBEC,Não,3,25,8.00%,25,INTERIOR
Ciclo 12 - 2026,10258 - CP ALCINA MARIA,24671,Regional NE-S,AL,LOJA,50125,MALBEC DES BDY SPR ULTRA BLEU 100ml,BOT,DESODORANTES,DESODORANTE MASCULINO,OMNICHANNEL C202612,MALBEC,Não,3,20,5.00%,20,INTERIOR
Ciclo 12 - 2026,10258 - CP ALCINA MARIA,24303,Regional NE-S,AL,LOJA,50125,MALBEC DES BDY SPR ULTRA BLEU 100ml,BOT,DESODORANTES,DESODORANTE MASCULINO,OMNICHANNEL C202612,MALBEC,Não,3,10,10.00%,10,INTERIOR
Ciclo 12 - 2026,10258 - CP ALCINA MARIA,24669,Regional NE-S,AL,LOJA,50125,MALBEC DES BDY SPR ULTRA BLEU 100ml,BOT,DESODORANTES,DESODORANTE MASCULINO,OMNICHANNEL C202612,MALBEC,Não,3,20,5.00%,20,INTERIOR
Ciclo 12 - 2026,10258 - CP ALCINA MARIA,24668,Regional NE-S,AL,LOJA,50125,MALBEC DES BDY SPR ULTRA BLEU 100ml,BOT,DESODORANTES,DESODORANTE MASCULINO,OMNICHANNEL C202612,MALBEC,Não,3,35,8.57%,35,INTERIOR
Ciclo 12 - 2026,10258 - CP ALCINA MARIA,24671,Regional NE-S,AL,LOJA,50449,"INTENSE HID LAB BY CUID CER/L CER/V 6,2g",BOT,MAQUIAGEM,MAQUIAGEM BOCA,OMNICHANNEL C202612,INTENSE,Não,3,3,0.00%,3,INTERIOR
Ciclo 12 - 2026,10258 - CP ALCINA MARIA,24668,Regional NE-S,AL,LOJA,50449,"INTENSE HID LAB BY CUID CER/L CER/V 6,2g",BOT,MAQUIAGEM,MAQUIAGEM BOCA,OMNICHANNEL C202612,INTENSE,Não,3,0,0.00%,0,INTERIOR
Ciclo 12 - 2026,10258 - CP ALCINA MARIA,24669,Regional NE-S,AL,LOJA,50449,"INTENSE HID LAB BY CUID CER/L CER/V 6,2g",BOT,MAQUIAGEM,MAQUIAGEM BOCA,OMNICHANNEL C202612,INTENSE,Não,3,3,0.00%,3,INTERIOR
Ciclo 12 - 2026,10258 - CP ALCINA MARIA,24670,Regional NE-S,AL,LOJA,50449,"INTENSE HID LAB BY CUID CER/L CER/V 6,2g",BOT,MAQUIAGEM,MAQUIAGEM BOCA,OMNICHANNEL C202612,INTENSE,Não,3,3,0.00%,3,INTERIOR
Ciclo 12 - 2026,10258 - CP ALCINA MARIA,24303,Regional NE-S,AL,LOJA,50449,"INTENSE HID LAB BY CUID CER/L CER/V 6,2g",BOT,MAQUIAGEM,MAQUIAGEM BOCA,OMNICHANNEL C202612,INTENSE,Não,3,0,0.00%,0,INTERIOR
Ciclo 12 - 2026,10258 - CP ALCINA MARIA,24671,Regional NE-S,AL,LOJA,50677,CLASH DES COL 100ml,BOT,PERFUMARIA,PERFUMARIA MASCULINA,OMNICHANNEL C202612,CLASH,Não,3,4,100.00%,4,INTERIOR
Ciclo 12 - 2026,10258 - CP ALCINA MARIA,24669,Regional NE-S,AL,LOJA,50677,CLASH DES COL 100ml,BOT,PERFUMARIA,PERFUMARIA MASCULINA,OMNICHANNEL C202612,CLASH,Não,3,15,33.33%,15,INTERIOR
Ciclo 12 - 2026,10258 - CP ALCINA MARIA,24303,Regional NE-S,AL,LOJA,50677,CLASH DES COL 100ml,BOT,PERFUMARIA,PERFUMARIA MASCULINA,OMNICHANNEL C202612,CLASH,Não,3,14,28.57%,14,INTERIOR
Ciclo 12 - 2026,10258 - CP ALCINA MARIA,24670,Regional NE-S,AL,LOJA,50677,CLASH DES COL 100ml,BOT,PERFUMARIA,PERFUMARIA MASCULINA,OMNICHANNEL C202612,CLASH,Não,3,24,12.50%,24,INTERIOR
Ciclo 12 - 2026,10258 - CP ALCINA MARIA,24668,Regional NE-S,AL,LOJA,50677,CLASH DES COL 100ml,BOT,PERFUMARIA,PERFUMARIA MASCULINA,OMNICHANNEL C202612,CLASH,Não,3,12,16.67%,12,INTERIOR
Ciclo 12 - 2026,10258 - CP ALCINA MARIA,24670,Regional NE-S,AL,LOJA,50707,CLASH DES COL PRM 10ml,BOT,SUPORTE À VENDA,PRM,OMNICHANNEL C202612,CLASH,Não,3,0,0.00%,0,INTERIOR
Ciclo 12 - 2026,10258 - CP ALCINA MARIA,24669,Regional NE-S,AL,LOJA,50707,CLASH DES COL PRM 10ml,BOT,SUPORTE À VENDA,PRM,OMNICHANNEL C202612,CLASH,Não,3,0,0.00%,0,INTERIOR
Ciclo 12 - 2026,10258 - CP ALCINA MARIA,24303,Regional NE-S,AL,LOJA,50707,CLASH DES COL PRM 10ml,BOT,SUPORTE À VENDA,PRM,OMNICHANNEL C202612,CLASH,Não,3,0,0.00%,0,INTERIOR
Ciclo 12 - 2026,10258 - CP ALCINA MARIA,24671,Regional NE-S,AL,LOJA,50707,CLASH DES COL PRM 10ml,BOT,SUPORTE À VENDA,PRM,OMNICHANNEL C202612,CLASH,Não,3,0,0.00%,0,INTERIOR
Ciclo 12 - 2026,10258 - CP ALCINA MARIA,24668,Regional NE-S,AL,LOJA,50707,CLASH DES COL PRM 10ml,BOT,SUPORTE À VENDA,PRM,OMNICHANNEL C202612,CLASH,Não,3,0,0.00%,0,INTERIOR
Ciclo 12 - 2026,10258 - CP ALCINA MARIA,24669,Regional NE-S,AL,LOJA,50879,CBEM SAB BARRA PESSEGURA V2 4x80g,BOT,SABONETE CORPO,CORPO,BOLETO TURBINADO BOT C12'26,CUIDE-SE BEM,Não,34,0,0.00%,0,INTERIOR
Ciclo 12 - 2026,10258 - CP ALCINA MARIA,24668,Regional NE-S,AL,LOJA,50879,CBEM SAB BARRA PESSEGURA V2 4x80g,BOT,SABONETE CORPO,CORPO,BOLETO TURBINADO BOT C12'26,CUIDE-SE BEM,Não,46,0,0.00%,0,INTERIOR
Ciclo 12 - 2026,10258 - CP ALCINA MARIA,24670,Regional NE-S,AL,LOJA,50879,CBEM SAB BARRA PESSEGURA V2 4x80g,BOT,SABONETE CORPO,CORPO,BOLETO TURBINADO BOT C12'26,CUIDE-SE BEM,Não,38,0,0.00%,0,INTERIOR
Ciclo 12 - 2026,10258 - CP ALCINA MARIA,24303,Regional NE-S,AL,LOJA,50879,CBEM SAB BARRA PESSEGURA V2 4x80g,BOT,SABONETE CORPO,CORPO,BOLETO TURBINADO BOT C12'26,CUIDE-SE BEM,Não,9,0,0.00%,0,INTERIOR
Ciclo 12 - 2026,10258 - CP ALCINA MARIA,24671,Regional NE-S,AL,LOJA,50879,CBEM SAB BARRA PESSEGURA V2 4x80g,BOT,SABONETE CORPO,CORPO,BOLETO TURBINADO BOT C12'26,CUIDE-SE BEM,Não,29,0,0.00%,0,INTERIOR
Ciclo 12 - 2026,10258 - CP ALCINA MARIA,24617,Regional NE-S,AL,LOJA,50879,CBEM SAB BARRA PESSEGURA V2 4x80g,BOT,SABONETE CORPO,CORPO,BOLETO TURBINADO BOT C12'26,CUIDE-SE BEM,Não,5,0,0.00%,0,INTERIOR
Ciclo 12 - 2026,10258 - CP ALCINA MARIA,24671,Regional NE-S,AL,LOJA,50881,CBEM DES COL BDY SPLSH DELEITE V3 200ml,BOT,PERFUMARIA,PERFUMARIA FEMININA,OMNICHANNEL C202612,CUIDE-SE BEM,Não,3,10,0.00%,2,INTERIOR
Ciclo 12 - 2026,10258 - CP ALCINA MARIA,24668,Regional NE-S,AL,LOJA,50881,CBEM DES COL BDY SPLSH DELEITE V3 200ml,BOT,PERFUMARIA,PERFUMARIA FEMININA,OMNICHANNEL C202612,CUIDE-SE BEM,Não,3,10,75.00%,8,INTERIOR
Ciclo 12 - 2026,10258 - CP ALCINA MARIA,24303,Regional NE-S,AL,LOJA,50881,CBEM DES COL BDY SPLSH DELEITE V3 200ml,BOT,PERFUMARIA,PERFUMARIA FEMININA,OMNICHANNEL C202612,CUIDE-SE BEM,Não,3,19,46.15%,13,INTERIOR
Ciclo 12 - 2026,10258 - CP ALCINA MARIA,24669,Regional NE-S,AL,LOJA,50881,CBEM DES COL BDY SPLSH DELEITE V3 200ml,BOT,PERFUMARIA,PERFUMARIA FEMININA,OMNICHANNEL C202612,CUIDE-SE BEM,Não,3,7,0.00%,4,INTERIOR
Ciclo 12 - 2026,10258 - CP ALCINA MARIA,24670,Regional NE-S,AL,LOJA,50881,CBEM DES COL BDY SPLSH DELEITE V3 200ml,BOT,PERFUMARIA,PERFUMARIA FEMININA,OMNICHANNEL C202612,CUIDE-SE BEM,Não,3,10,37.50%,8,INTERIOR
Ciclo 12 - 2026,10258 - CP ALCINA MARIA,24669,Regional NE-S,AL,LOJA,50956,CLASH DES BDY SPR 100ml,BOT,DESODORANTES,DESODORANTE MASCULINO,OMNICHANNEL C202612,CLASH,Não,3,0,0.00%,0,INTERIOR
Ciclo 12 - 2026,10258 - CP ALCINA MARIA,24670,Regional NE-S,AL,LOJA,50956,CLASH DES BDY SPR 100ml,BOT,DESODORANTES,DESODORANTE MASCULINO,OMNICHANNEL C202612,CLASH,Não,3,0,0.00%,0,INTERIOR
Ciclo 12 - 2026,10258 - CP ALCINA MARIA,24668,Regional NE-S,AL,LOJA,50956,CLASH DES BDY SPR 100ml,BOT,DESODORANTES,DESODORANTE MASCULINO,OMNICHANNEL C202612,CLASH,Não,3,10,20.00%,10,INTERIOR
Ciclo 12 - 2026,10258 - CP ALCINA MARIA,24303,Regional NE-S,AL,LOJA,50956,CLASH DES BDY SPR 100ml,BOT,DESODORANTES,DESODORANTE MASCULINO,OMNICHANNEL C202612,CLASH,Não,3,5,60.00%,5,INTERIOR
Ciclo 12 - 2026,10258 - CP ALCINA MARIA,24671,Regional NE-S,AL,LOJA,50956,CLASH DES BDY SPR 100ml,BOT,DESODORANTES,DESODORANTE MASCULINO,OMNICHANNEL C202612,CLASH,Não,3,0,0.00%,0,INTERIOR
Ciclo 12 - 2026,10258 - CP ALCINA MARIA,24671,Regional NE-S,AL,LOJA,51123,CBEM DES COL BDY SPLSH BOA NOIT V2 200ml,BOT,PERFUMARIA,PERFUMARIA FEMININA,OMNICHANNEL C202612,CUIDE-SE BEM,Não,3,7,42.86%,7,INTERIOR
Ciclo 12 - 2026,10258 - CP ALCINA MARIA,24303,Regional NE-S,AL,LOJA,51123,CBEM DES COL BDY SPLSH BOA NOIT V2 200ml,BOT,PERFUMARIA,PERFUMARIA FEMININA,OMNICHANNEL C202612,CUIDE-SE BEM,Não,3,6,25.00%,4,INTERIOR
Ciclo 12 - 2026,10258 - CP ALCINA MARIA,24670,Regional NE-S,AL,LOJA,51123,CBEM DES COL BDY SPLSH BOA NOIT V2 200ml,BOT,PERFUMARIA,PERFUMARIA FEMININA,OMNICHANNEL C202612,CUIDE-SE BEM,Não,3,0,0.00%,0,INTERIOR
Ciclo 12 - 2026,10258 - CP ALCINA MARIA,24669,Regional NE-S,AL,LOJA,51123,CBEM DES COL BDY SPLSH BOA NOIT V2 200ml,BOT,PERFUMARIA,PERFUMARIA FEMININA,OMNICHANNEL C202612,CUIDE-SE BEM,Não,3,2,100.00%,2,INTERIOR
Ciclo 12 - 2026,10258 - CP ALCINA MARIA,24668,Regional NE-S,AL,LOJA,51123,CBEM DES COL BDY SPLSH BOA NOIT V2 200ml,BOT,PERFUMARIA,PERFUMARIA FEMININA,OMNICHANNEL C202612,CUIDE-SE BEM,Não,3,0,0.00%,0,INTERIOR
Ciclo 12 - 2026,10258 - CP ALCINA MARIA,24303,Regional NE-S,AL,LOJA,51131,CBEM DES ANTIT ROL BEIJINHO V3 55ml,BOT,DESODORANTES,DESODORANTE UNISSEX,BOLETO TURBINADO BOT C12'26,CUIDE-SE BEM,Não,3,3,0.00%,0,INTERIOR
Ciclo 12 - 2026,10258 - CP ALCINA MARIA,24670,Regional NE-S,AL,LOJA,51131,CBEM DES ANTIT ROL BEIJINHO V3 55ml,BOT,DESODORANTES,DESODORANTE UNISSEX,BOLETO TURBINADO BOT C12'26,CUIDE-SE BEM,Não,5,3,50.00%,2,INTERIOR
Ciclo 12 - 2026,10258 - CP ALCINA MARIA,24617,Regional NE-S,AL,LOJA,51131,CBEM DES ANTIT ROL BEIJINHO V3 55ml,BOT,DESODORANTES,DESODORANTE UNISSEX,BOLETO TURBINADO BOT C12'26,CUIDE-SE BEM,Não,3,3,0.00%,0,INTERIOR
Ciclo 12 - 2026,10258 - CP ALCINA MARIA,24671,Regional NE-S,AL,LOJA,51131,CBEM DES ANTIT ROL BEIJINHO V3 55ml,BOT,DESODORANTES,DESODORANTE UNISSEX,BOLETO TURBINADO BOT C12'26,CUIDE-SE BEM,Não,4,4,0.00%,3,INTERIOR
Ciclo 12 - 2026,10258 - CP ALCINA MARIA,24669,Regional NE-S,AL,LOJA,51131,CBEM DES ANTIT ROL BEIJINHO V3 55ml,BOT,DESODORANTES,DESODORANTE UNISSEX,BOLETO TURBINADO BOT C12'26,CUIDE-SE BEM,Não,5,5,0.00%,0,INTERIOR
Ciclo 12 - 2026,10258 - CP ALCINA MARIA,24668,Regional NE-S,AL,LOJA,51131,CBEM DES ANTIT ROL BEIJINHO V3 55ml,BOT,DESODORANTES,DESODORANTE UNISSEX,BOLETO TURBINADO BOT C12'26,CUIDE-SE BEM,Não,6,3,33.33%,3,INTERIOR
Ciclo 12 - 2026,10258 - CP ALCINA MARIA,24670,Regional NE-S,AL,LOJA,51227,CBEM SAB BARRA NUVEM 4x80g,BOT,SABONETE CORPO,CORPO,BOLETO TURBINADO BOT C12'26,CUIDE-SE BEM,Não,42,50,8.00%,50,INTERIOR
Ciclo 12 - 2026,10258 - CP ALCINA MARIA,24671,Regional NE-S,AL,LOJA,51227,CBEM SAB BARRA NUVEM 4x80g,BOT,SABONETE CORPO,CORPO,BOLETO TURBINADO BOT C12'26,CUIDE-SE BEM,Não,32,5,200.00%,5,INTERIOR
Ciclo 12 - 2026,10258 - CP ALCINA MARIA,24617,Regional NE-S,AL,LOJA,51227,CBEM SAB BARRA NUVEM 4x80g,BOT,SABONETE CORPO,CORPO,BOLETO TURBINADO BOT C12'26,CUIDE-SE BEM,Não,6,8,0.00%,8,INTERIOR
Ciclo 12 - 2026,10258 - CP ALCINA MARIA,24669,Regional NE-S,AL,LOJA,51227,CBEM SAB BARRA NUVEM 4x80g,BOT,SABONETE CORPO,CORPO,BOLETO TURBINADO BOT C12'26,CUIDE-SE BEM,Não,38,16,18.75%,16,INTERIOR
Ciclo 12 - 2026,10258 - CP ALCINA MARIA,24668,Regional NE-S,AL,LOJA,51227,CBEM SAB BARRA NUVEM 4x80g,BOT,SABONETE CORPO,CORPO,BOLETO TURBINADO BOT C12'26,CUIDE-SE BEM,Não,51,30,33.33%,30,INTERIOR
Ciclo 12 - 2026,10258 - CP ALCINA MARIA,24303,Regional NE-S,AL,LOJA,51227,CBEM SAB BARRA NUVEM 4x80g,BOT,SABONETE CORPO,CORPO,BOLETO TURBINADO BOT C12'26,CUIDE-SE BEM,Não,10,5,240.00%,5,INTERIOR
Ciclo 12 - 2026,10258 - CP ALCINA MARIA,24668,Regional NE-S,AL,LOJA,51236,CBEM DES COL BDY SPLSH PESSEGUR V2 200ml,BOT,PERFUMARIA,PERFUMARIA FEMININA,OMNICHANNEL C202612,CUIDE-SE BEM,Não,3,9,33.33%,9,INTERIOR
Ciclo 12 - 2026,10258 - CP ALCINA MARIA,24669,Regional NE-S,AL,LOJA,51236,CBEM DES COL BDY SPLSH PESSEGUR V2 200ml,BOT,PERFUMARIA,PERFUMARIA FEMININA,OMNICHANNEL C202612,CUIDE-SE BEM,Não,3,9,22.22%,9,INTERIOR
Ciclo 12 - 2026,10258 - CP ALCINA MARIA,24671,Regional NE-S,AL,LOJA,51236,CBEM DES COL BDY SPLSH PESSEGUR V2 200ml,BOT,PERFUMARIA,PERFUMARIA FEMININA,OMNICHANNEL C202612,CUIDE-SE BEM,Não,3,6,100.00%,6,INTERIOR
Ciclo 12 - 2026,10258 - CP ALCINA MARIA,24670,Regional NE-S,AL,LOJA,51236,CBEM DES COL BDY SPLSH PESSEGUR V2 200ml,BOT,PERFUMARIA,PERFUMARIA FEMININA,OMNICHANNEL C202612,CUIDE-SE BEM,Não,3,0,0.00%,0,INTERIOR
Ciclo 12 - 2026,10258 - CP ALCINA MARIA,24303,Regional NE-S,AL,LOJA,51236,CBEM DES COL BDY SPLSH PESSEGUR V2 200ml,BOT,PERFUMARIA,PERFUMARIA FEMININA,OMNICHANNEL C202612,CUIDE-SE BEM,Não,3,7,120.00%,5,INTERIOR
Ciclo 12 - 2026,10258 - CP ALCINA MARIA,24671,Regional NE-S,AL,LOJA,51239,CBEM DES COL BDY SPLSH CER/LIV V2 200ml,BOT,PERFUMARIA,PERFUMARIA FEMININA,OMNICHANNEL C202612,CUIDE-SE BEM,Não,3,3,133.33%,3,INTERIOR
Ciclo 12 - 2026,10258 - CP ALCINA MARIA,24669,Regional NE-S,AL,LOJA,51239,CBEM DES COL BDY SPLSH CER/LIV V2 200ml,BOT,PERFUMARIA,PERFUMARIA FEMININA,OMNICHANNEL C202612,CUIDE-SE BEM,Não,3,5,80.00%,5,INTERIOR
Ciclo 12 - 2026,10258 - CP ALCINA MARIA,24303,Regional NE-S,AL,LOJA,51239,CBEM DES COL BDY SPLSH CER/LIV V2 200ml,BOT,PERFUMARIA,PERFUMARIA FEMININA,OMNICHANNEL C202612,CUIDE-SE BEM,Não,3,3,0.00%,3,INTERIOR
Ciclo 12 - 2026,10258 - CP ALCINA MARIA,24670,Regional NE-S,AL,LOJA,51239,CBEM DES COL BDY SPLSH CER/LIV V2 200ml,BOT,PERFUMARIA,PERFUMARIA FEMININA,OMNICHANNEL C202612,CUIDE-SE BEM,Não,3,7,0.00%,7,INTERIOR
Ciclo 12 - 2026,10258 - CP ALCINA MARIA,24668,Regional NE-S,AL,LOJA,51239,CBEM DES COL BDY SPLSH CER/LIV V2 200ml,BOT,PERFUMARIA,PERFUMARIA FEMININA,OMNICHANNEL C202612,CUIDE-SE BEM,Não,3,5,100.00%,5,INTERIOR
Ciclo 12 - 2026,10258 - CP ALCINA MARIA,24670,Regional NE-S,AL,LOJA,51243,QUASAR DES COL CLASSIC 100ml,BOT,PERFUMARIA,PERFUMARIA MASCULINA,OMNICHANNEL C202612,QUASAR,Não,3,0,0.00%,0,INTERIOR
Ciclo 12 - 2026,10258 - CP ALCINA MARIA,24671,Regional NE-S,AL,LOJA,51243,QUASAR DES COL CLASSIC 100ml,BOT,PERFUMARIA,PERFUMARIA MASCULINA,OMNICHANNEL C202612,QUASAR,Não,3,0,0.00%,0,INTERIOR
Ciclo 12 - 2026,10258 - CP ALCINA MARIA,24303,Regional NE-S,AL,LOJA,51243,QUASAR DES COL CLASSIC 100ml,BOT,PERFUMARIA,PERFUMARIA MASCULINA,OMNICHANNEL C202612,QUASAR,Não,3,0,0.00%,0,INTERIOR
Ciclo 12 - 2026,10258 - CP ALCINA MARIA,24669,Regional NE-S,AL,LOJA,51243,QUASAR DES COL CLASSIC 100ml,BOT,PERFUMARIA,PERFUMARIA MASCULINA,OMNICHANNEL C202612,QUASAR,Não,3,0,0.00%,0,INTERIOR
Ciclo 12 - 2026,10258 - CP ALCINA MARIA,24668,Regional NE-S,AL,LOJA,51243,QUASAR DES COL CLASSIC 100ml,BOT,PERFUMARIA,PERFUMARIA MASCULINA,OMNICHANNEL C202612,QUASAR,Não,3,0,0.00%,0,INTERIOR
Ciclo 12 - 2026,10258 - CP ALCINA MARIA,24671,Regional NE-S,AL,LOJA,51803,BOTI BABY COND V2 400ml,BOT,INFANTIL,CABELOS,OMNICHANNEL C202612,BOTI BABY,Não,3,0,0.00%,0,INTERIOR
Ciclo 12 - 2026,10258 - CP ALCINA MARIA,24303,Regional NE-S,AL,LOJA,51803,BOTI BABY COND V2 400ml,BOT,INFANTIL,CABELOS,OMNICHANNEL C202612,BOTI BABY,Não,3,0,0.00%,0,INTERIOR
Ciclo 12 - 2026,10258 - CP ALCINA MARIA,24670,Regional NE-S,AL,LOJA,51803,BOTI BABY COND V2 400ml,BOT,INFANTIL,CABELOS,OMNICHANNEL C202612,BOTI BABY,Não,3,1,0.00%,1,INTERIOR
Ciclo 12 - 2026,10258 - CP ALCINA MARIA,24668,Regional NE-S,AL,LOJA,51803,BOTI BABY COND V2 400ml,BOT,INFANTIL,CABELOS,OMNICHANNEL C202612,BOTI BABY,Não,3,0,0.00%,0,INTERIOR
Ciclo 12 - 2026,10258 - CP ALCINA MARIA,24669,Regional NE-S,AL,LOJA,51803,BOTI BABY COND V2 400ml,BOT,INFANTIL,CABELOS,OMNICHANNEL C202612,BOTI BABY,Não,3,0,0.00%,0,INTERIOR
Ciclo 12 - 2026,10258 - CP ALCINA MARIA,24670,Regional NE-S,AL,LOJA,51806,REF BOTI BABY COND 350ml,BOT,INFANTIL,CABELOS,OMNICHANNEL C202612,BOTI BABY,Não,3,0,0.00%,0,INTERIOR
Ciclo 12 - 2026,10258 - CP ALCINA MARIA,24669,Regional NE-S,AL,LOJA,51806,REF BOTI BABY COND 350ml,BOT,INFANTIL,CABELOS,OMNICHANNEL C202612,BOTI BABY,Não,3,0,0.00%,0,INTERIOR
Ciclo 12 - 2026,10258 - CP ALCINA MARIA,24671,Regional NE-S,AL,LOJA,51806,REF BOTI BABY COND 350ml,BOT,INFANTIL,CABELOS,OMNICHANNEL C202612,BOTI BABY,Não,3,3,66.67%,3,INTERIOR
Ciclo 12 - 2026,10258 - CP ALCINA MARIA,24668,Regional NE-S,AL,LOJA,51806,REF BOTI BABY COND 350ml,BOT,INFANTIL,CABELOS,OMNICHANNEL C202612,BOTI BABY,Não,3,0,0.00%,0,INTERIOR
Ciclo 12 - 2026,10258 - CP ALCINA MARIA,24303,Regional NE-S,AL,LOJA,51806,REF BOTI BABY COND 350ml,BOT,INFANTIL,CABELOS,OMNICHANNEL C202612,BOTI BABY,Não,3,3,33.33%,3,INTERIOR
Ciclo 12 - 2026,10258 - CP ALCINA MARIA,24669,Regional NE-S,AL,LOJA,52018,BOTI BABY SHAMP V2 400ml,BOT,INFANTIL,CABELOS,OMNICHANNEL C202612,BOTI BABY,Não,3,0,0.00%,0,INTERIOR
Ciclo 12 - 2026,10258 - CP ALCINA MARIA,24668,Regional NE-S,AL,LOJA,52018,BOTI BABY SHAMP V2 400ml,BOT,INFANTIL,CABELOS,OMNICHANNEL C202612,BOTI BABY,Não,3,3,33.33%,3,INTERIOR
Ciclo 12 - 2026,10258 - CP ALCINA MARIA,24670,Regional NE-S,AL,LOJA,52018,BOTI BABY SHAMP V2 400ml,BOT,INFANTIL,CABELOS,OMNICHANNEL C202612,BOTI BABY,Não,3,0,0.00%,0,INTERIOR
Ciclo 12 - 2026,10258 - CP ALCINA MARIA,24303,Regional NE-S,AL,LOJA,52018,BOTI BABY SHAMP V2 400ml,BOT,INFANTIL,CABELOS,OMNICHANNEL C202612,BOTI BABY,Não,3,0,0.00%,0,INTERIOR
Ciclo 12 - 2026,10258 - CP ALCINA MARIA,24671,Regional NE-S,AL,LOJA,52018,BOTI BABY SHAMP V2 400ml,BOT,INFANTIL,CABELOS,OMNICHANNEL C202612,BOTI BABY,Não,3,0,0.00%,0,INTERIOR
Ciclo 12 - 2026,10258 - CP ALCINA MARIA,24303,Regional NE-S,AL,LOJA,52019,BOTI BABY SHAMP V2 200ml,BOT,INFANTIL,CABELOS,BOLETO TURBINADO BOT C12'26,BOTI BABY,Não,3,2,0.00%,2,INTERIOR
Ciclo 12 - 2026,10258 - CP ALCINA MARIA,24668,Regional NE-S,AL,LOJA,52019,BOTI BABY SHAMP V2 200ml,BOT,INFANTIL,CABELOS,BOLETO TURBINADO BOT C12'26,BOTI BABY,Não,8,7,0.00%,2,INTERIOR
Ciclo 12 - 2026,10258 - CP ALCINA MARIA,24670,Regional NE-S,AL,LOJA,52019,BOTI BABY SHAMP V2 200ml,BOT,INFANTIL,CABELOS,BOLETO TURBINADO BOT C12'26,BOTI BABY,Não,6,0,0.00%,0,INTERIOR
Ciclo 12 - 2026,10258 - CP ALCINA MARIA,24671,Regional NE-S,AL,LOJA,52019,BOTI BABY SHAMP V2 200ml,BOT,INFANTIL,CABELOS,BOLETO TURBINADO BOT C12'26,BOTI BABY,Não,5,8,0.00%,3,INTERIOR
Ciclo 12 - 2026,10258 - CP ALCINA MARIA,24669,Regional NE-S,AL,LOJA,52019,BOTI BABY SHAMP V2 200ml,BOT,INFANTIL,CABELOS,BOLETO TURBINADO BOT C12'26,BOTI BABY,Não,5,0,0.00%,0,INTERIOR
Ciclo 12 - 2026,10258 - CP ALCINA MARIA,24617,Regional NE-S,AL,LOJA,52019,BOTI BABY SHAMP V2 200ml,BOT,INFANTIL,CABELOS,BOLETO TURBINADO BOT C12'26,BOTI BABY,Não,3,7,20.00%,5,INTERIOR
Ciclo 12 - 2026,10258 - CP ALCINA MARIA,24303,Regional NE-S,AL,LOJA,52021,REF BOTI BABY SHAMP 350ml,BOT,INFANTIL,CABELOS,OMNICHANNEL C202612,BOTI BABY,Não,3,1,100.00%,1,INTERIOR
Ciclo 12 - 2026,10258 - CP ALCINA MARIA,24670,Regional NE-S,AL,LOJA,52021,REF BOTI BABY SHAMP 350ml,BOT,INFANTIL,CABELOS,OMNICHANNEL C202612,BOTI BABY,Não,3,0,0.00%,0,INTERIOR
Ciclo 12 - 2026,10258 - CP ALCINA MARIA,24669,Regional NE-S,AL,LOJA,52021,REF BOTI BABY SHAMP 350ml,BOT,INFANTIL,CABELOS,OMNICHANNEL C202612,BOTI BABY,Não,3,0,0.00%,0,INTERIOR
Ciclo 12 - 2026,10258 - CP ALCINA MARIA,24671,Regional NE-S,AL,LOJA,52021,REF BOTI BABY SHAMP 350ml,BOT,INFANTIL,CABELOS,OMNICHANNEL C202612,BOTI BABY,Não,3,3,33.33%,3,INTERIOR
Ciclo 12 - 2026,10258 - CP ALCINA MARIA,24668,Regional NE-S,AL,LOJA,52021,REF BOTI BABY SHAMP 350ml,BOT,INFANTIL,CABELOS,OMNICHANNEL C202612,BOTI BABY,Não,3,1,0.00%,1,INTERIOR
Ciclo 12 - 2026,10258 - CP ALCINA MARIA,24303,Regional NE-S,AL,LOJA,52024,REF BOTI BABY SAB LIQ GLIC 350ml,BOT,INFANTIL,SABONETES,OMNICHANNEL C202612,BOTI BABY,Não,3,3,33.33%,3,INTERIOR
Ciclo 12 - 2026,10258 - CP ALCINA MARIA,24671,Regional NE-S,AL,LOJA,52024,REF BOTI BABY SAB LIQ GLIC 350ml,BOT,INFANTIL,SABONETES,OMNICHANNEL C202612,BOTI BABY,Não,3,4,133.33%,3,INTERIOR
Ciclo 12 - 2026,10258 - CP ALCINA MARIA,24668,Regional NE-S,AL,LOJA,52024,REF BOTI BABY SAB LIQ GLIC 350ml,BOT,INFANTIL,SABONETES,OMNICHANNEL C202612,BOTI BABY,Não,3,0,0.00%,0,INTERIOR
Ciclo 12 - 2026,10258 - CP ALCINA MARIA,24670,Regional NE-S,AL,LOJA,52024,REF BOTI BABY SAB LIQ GLIC 350ml,BOT,INFANTIL,SABONETES,OMNICHANNEL C202612,BOTI BABY,Não,3,0,0.00%,0,INTERIOR
Ciclo 12 - 2026,10258 - CP ALCINA MARIA,24669,Regional NE-S,AL,LOJA,52024,REF BOTI BABY SAB LIQ GLIC 350ml,BOT,INFANTIL,SABONETES,OMNICHANNEL C202612,BOTI BABY,Não,3,0,0.00%,0,INTERIOR
Ciclo 12 - 2026,10258 - CP ALCINA MARIA,24303,Regional NE-S,AL,LOJA,52025,BOTI BABY SAB LIQ GLIC V2 400ml,BOT,INFANTIL,SABONETES,OMNICHANNEL C202612,BOTI BABY,Não,3,4,25.00%,4,INTERIOR
Ciclo 12 - 2026,10258 - CP ALCINA MARIA,24670,Regional NE-S,AL,LOJA,52025,BOTI BABY SAB LIQ GLIC V2 400ml,BOT,INFANTIL,SABONETES,OMNICHANNEL C202612,BOTI BABY,Não,3,1,0.00%,1,INTERIOR
Ciclo 12 - 2026,10258 - CP ALCINA MARIA,24671,Regional NE-S,AL,LOJA,52025,BOTI BABY SAB LIQ GLIC V2 400ml,BOT,INFANTIL,SABONETES,OMNICHANNEL C202612,BOTI BABY,Não,3,5,80.00%,5,INTERIOR
Ciclo 12 - 2026,10258 - CP ALCINA MARIA,24668,Regional NE-S,AL,LOJA,52025,BOTI BABY SAB LIQ GLIC V2 400ml,BOT,INFANTIL,SABONETES,OMNICHANNEL C202612,BOTI BABY,Não,3,4,0.00%,4,INTERIOR
Ciclo 12 - 2026,10258 - CP ALCINA MARIA,24669,Regional NE-S,AL,LOJA,52025,BOTI BABY SAB LIQ GLIC V2 400ml,BOT,INFANTIL,SABONETES,OMNICHANNEL C202612,BOTI BABY,Não,3,17,29.41%,17,INTERIOR
Ciclo 12 - 2026,10258 - CP ALCINA MARIA,24669,Regional NE-S,AL,LOJA,52044,CELEBRE DES COL FEM AGORA 100ml,BOT,PERFUMARIA,PERFUMARIA FEMININA,OMNICHANNEL C202612,CELEBRE,Não,3,0,0.00%,0,INTERIOR
Ciclo 12 - 2026,10258 - CP ALCINA MARIA,24671,Regional NE-S,AL,LOJA,52044,CELEBRE DES COL FEM AGORA 100ml,BOT,PERFUMARIA,PERFUMARIA FEMININA,OMNICHANNEL C202612,CELEBRE,Não,3,0,0.00%,0,INTERIOR
Ciclo 12 - 2026,10258 - CP ALCINA MARIA,24670,Regional NE-S,AL,LOJA,52044,CELEBRE DES COL FEM AGORA 100ml,BOT,PERFUMARIA,PERFUMARIA FEMININA,OMNICHANNEL C202612,CELEBRE,Não,3,2,100.00%,2,INTERIOR
Ciclo 12 - 2026,10258 - CP ALCINA MARIA,24303,Regional NE-S,AL,LOJA,52044,CELEBRE DES COL FEM AGORA 100ml,BOT,PERFUMARIA,PERFUMARIA FEMININA,OMNICHANNEL C202612,CELEBRE,Não,3,0,0.00%,0,INTERIOR
Ciclo 12 - 2026,10258 - CP ALCINA MARIA,24668,Regional NE-S,AL,LOJA,52044,CELEBRE DES COL FEM AGORA 100ml,BOT,PERFUMARIA,PERFUMARIA FEMININA,OMNICHANNEL C202612,CELEBRE,Não,3,0,0.00%,0,INTERIOR
Ciclo 12 - 2026,10258 - CP ALCINA MARIA,24670,Regional NE-S,AL,LOJA,52052,CELEBRE DES COL MASC AGORA 100ml,BOT,PERFUMARIA,PERFUMARIA MASCULINA,OMNICHANNEL C202612,CELEBRE,Não,3,4,75.00%,4,INTERIOR
Ciclo 12 - 2026,10258 - CP ALCINA MARIA,24671,Regional NE-S,AL,LOJA,52052,CELEBRE DES COL MASC AGORA 100ml,BOT,PERFUMARIA,PERFUMARIA MASCULINA,OMNICHANNEL C202612,CELEBRE,Não,3,0,0.00%,0,INTERIOR
Ciclo 12 - 2026,10258 - CP ALCINA MARIA,24668,Regional NE-S,AL,LOJA,52052,CELEBRE DES COL MASC AGORA 100ml,BOT,PERFUMARIA,PERFUMARIA MASCULINA,OMNICHANNEL C202612,CELEBRE,Não,3,0,0.00%,0,INTERIOR
Ciclo 12 - 2026,10258 - CP ALCINA MARIA,24669,Regional NE-S,AL,LOJA,52052,CELEBRE DES COL MASC AGORA 100ml,BOT,PERFUMARIA,PERFUMARIA MASCULINA,OMNICHANNEL C202612,CELEBRE,Não,3,3,100.00%,3,INTERIOR
Ciclo 12 - 2026,10258 - CP ALCINA MARIA,24303,Regional NE-S,AL,LOJA,52052,CELEBRE DES COL MASC AGORA 100ml,BOT,PERFUMARIA,PERFUMARIA MASCULINA,OMNICHANNEL C202612,CELEBRE,Não,3,0,0.00%,0,INTERIOR
Ciclo 12 - 2026,10258 - CP ALCINA MARIA,24668,Regional NE-S,AL,LOJA,52055,CELEBRE DES COL MASC AGORA PRM 10ml,BOT,SUPORTE À VENDA,PRM,OMNICHANNEL C202612,CELEBRE,Não,3,0,0.00%,0,INTERIOR
Ciclo 12 - 2026,10258 - CP ALCINA MARIA,24671,Regional NE-S,AL,LOJA,52055,CELEBRE DES COL MASC AGORA PRM 10ml,BOT,SUPORTE À VENDA,PRM,OMNICHANNEL C202612,CELEBRE,Não,3,0,0.00%,0,INTERIOR
Ciclo 12 - 2026,10258 - CP ALCINA MARIA,24669,Regional NE-S,AL,LOJA,52055,CELEBRE DES COL MASC AGORA PRM 10ml,BOT,SUPORTE À VENDA,PRM,OMNICHANNEL C202612,CELEBRE,Não,3,0,0.00%,0,INTERIOR
Ciclo 12 - 2026,10258 - CP ALCINA MARIA,24303,Regional NE-S,AL,LOJA,52055,CELEBRE DES COL MASC AGORA PRM 10ml,BOT,SUPORTE À VENDA,PRM,OMNICHANNEL C202612,CELEBRE,Não,3,0,0.00%,0,INTERIOR
Ciclo 12 - 2026,10258 - CP ALCINA MARIA,24670,Regional NE-S,AL,LOJA,52055,CELEBRE DES COL MASC AGORA PRM 10ml,BOT,SUPORTE À VENDA,PRM,OMNICHANNEL C202612,CELEBRE,Não,3,0,0.00%,0,INTERIOR
Ciclo 12 - 2026,10258 - CP ALCINA MARIA,24669,Regional NE-S,AL,LOJA,52896,ARBO DES COL VERDE PRM 10ml,BOT,SUPORTE À VENDA,PRM,OMNICHANNEL C202612,ARBO,Não,3,0,0.00%,0,INTERIOR
Ciclo 12 - 2026,10258 - CP ALCINA MARIA,24671,Regional NE-S,AL,LOJA,52896,ARBO DES COL VERDE PRM 10ml,BOT,SUPORTE À VENDA,PRM,OMNICHANNEL C202612,ARBO,Não,3,0,0.00%,0,INTERIOR
Ciclo 12 - 2026,10258 - CP ALCINA MARIA,24670,Regional NE-S,AL,LOJA,52896,ARBO DES COL VERDE PRM 10ml,BOT,SUPORTE À VENDA,PRM,OMNICHANNEL C202612,ARBO,Não,3,0,0.00%,0,INTERIOR
Ciclo 12 - 2026,10258 - CP ALCINA MARIA,24303,Regional NE-S,AL,LOJA,52896,ARBO DES COL VERDE PRM 10ml,BOT,SUPORTE À VENDA,PRM,OMNICHANNEL C202612,ARBO,Não,3,0,0.00%,0,INTERIOR
Ciclo 12 - 2026,10258 - CP ALCINA MARIA,24668,Regional NE-S,AL,LOJA,52896,ARBO DES COL VERDE PRM 10ml,BOT,SUPORTE À VENDA,PRM,OMNICHANNEL C202612,ARBO,Não,3,0,0.00%,0,INTERIOR
Ciclo 12 - 2026,10258 - CP ALCINA MARIA,24669,Regional NE-S,AL,LOJA,53346,NSPA LOC DES HID CPO LILAC 400ml,BOT,CUIDADOS COM A PELE,CUIDADOS COM O CORPO,OMNICHANNEL C202612,NATIVA SPA,Não,3,2,0.00%,2,INTERIOR
Ciclo 12 - 2026,10258 - CP ALCINA MARIA,24670,Regional NE-S,AL,LOJA,53346,NSPA LOC DES HID CPO LILAC 400ml,BOT,CUIDADOS COM A PELE,CUIDADOS COM O CORPO,OMNICHANNEL C202612,NATIVA SPA,Não,3,7,0.00%,5,INTERIOR
Ciclo 12 - 2026,10258 - CP ALCINA MARIA,24303,Regional NE-S,AL,LOJA,53346,NSPA LOC DES HID CPO LILAC 400ml,BOT,CUIDADOS COM A PELE,CUIDADOS COM O CORPO,OMNICHANNEL C202612,NATIVA SPA,Não,3,7,0.00%,5,INTERIOR
Ciclo 12 - 2026,10258 - CP ALCINA MARIA,24668,Regional NE-S,AL,LOJA,53346,NSPA LOC DES HID CPO LILAC 400ml,BOT,CUIDADOS COM A PELE,CUIDADOS COM O CORPO,OMNICHANNEL C202612,NATIVA SPA,Não,3,9,0.00%,7,INTERIOR
Ciclo 12 - 2026,10258 - CP ALCINA MARIA,24671,Regional NE-S,AL,LOJA,53346,NSPA LOC DES HID CPO LILAC 400ml,BOT,CUIDADOS COM A PELE,CUIDADOS COM O CORPO,OMNICHANNEL C202612,NATIVA SPA,Não,3,16,0.00%,12,INTERIOR
Ciclo 12 - 2026,10258 - CP ALCINA MARIA,24670,Regional NE-S,AL,LOJA,53353,NSPA DES COL BDY SPLSH LILAC 200ml,BOT,PERFUMARIA,PERFUMARIA FEMININA,OMNICHANNEL C202612,NATIVA SPA,Não,3,1,0.00%,1,INTERIOR
Ciclo 12 - 2026,10258 - CP ALCINA MARIA,24303,Regional NE-S,AL,LOJA,53353,NSPA DES COL BDY SPLSH LILAC 200ml,BOT,PERFUMARIA,PERFUMARIA FEMININA,OMNICHANNEL C202612,NATIVA SPA,Não,3,1,0.00%,0,INTERIOR
Ciclo 12 - 2026,10258 - CP ALCINA MARIA,24671,Regional NE-S,AL,LOJA,53353,NSPA DES COL BDY SPLSH LILAC 200ml,BOT,PERFUMARIA,PERFUMARIA FEMININA,OMNICHANNEL C202612,NATIVA SPA,Não,3,3,0.00%,0,INTERIOR
Ciclo 12 - 2026,10258 - CP ALCINA MARIA,24668,Regional NE-S,AL,LOJA,53353,NSPA DES COL BDY SPLSH LILAC 200ml,BOT,PERFUMARIA,PERFUMARIA FEMININA,OMNICHANNEL C202612,NATIVA SPA,Não,3,1,0.00%,1,INTERIOR
Ciclo 12 - 2026,10258 - CP ALCINA MARIA,24669,Regional NE-S,AL,LOJA,53353,NSPA DES COL BDY SPLSH LILAC 200ml,BOT,PERFUMARIA,PERFUMARIA FEMININA,OMNICHANNEL C202612,NATIVA SPA,Não,3,2,0.00%,1,INTERIOR
Ciclo 12 - 2026,10258 - CP ALCINA MARIA,24671,Regional NE-S,AL,LOJA,53410,REF NSPA SAB LIQ CPO PERF AMEI/NEG 200ml,BOT,SABONETE CORPO,CORPO,OMNICHANNEL C202612,NATIVA SPA,Não,3,0,0.00%,0,INTERIOR
Ciclo 12 - 2026,10258 - CP ALCINA MARIA,24668,Regional NE-S,AL,LOJA,53410,REF NSPA SAB LIQ CPO PERF AMEI/NEG 200ml,BOT,SABONETE CORPO,CORPO,OMNICHANNEL C202612,NATIVA SPA,Não,3,0,0.00%,0,INTERIOR
Ciclo 12 - 2026,10258 - CP ALCINA MARIA,24303,Regional NE-S,AL,LOJA,53410,REF NSPA SAB LIQ CPO PERF AMEI/NEG 200ml,BOT,SABONETE CORPO,CORPO,OMNICHANNEL C202612,NATIVA SPA,Não,3,3,100.00%,3,INTERIOR
Ciclo 12 - 2026,10258 - CP ALCINA MARIA,24670,Regional NE-S,AL,LOJA,53410,REF NSPA SAB LIQ CPO PERF AMEI/NEG 200ml,BOT,SABONETE CORPO,CORPO,OMNICHANNEL C202612,NATIVA SPA,Não,3,0,0.00%,0,INTERIOR
Ciclo 12 - 2026,10258 - CP ALCINA MARIA,24669,Regional NE-S,AL,LOJA,53410,REF NSPA SAB LIQ CPO PERF AMEI/NEG 200ml,BOT,SABONETE CORPO,CORPO,OMNICHANNEL C202612,NATIVA SPA,Não,3,0,0.00%,0,INTERIOR
Ciclo 12 - 2026,10258 - CP ALCINA MARIA,24303,Regional NE-S,AL,LOJA,53416,LIZ CR DES HID CPO INTENSO 250g,BOT,CUIDADOS COM A PELE,CUIDADOS COM O CORPO,FLASH PROMO BOT C12'26,LIZ,Não,3,3,0.00%,3,INTERIOR
Ciclo 12 - 2026,10258 - CP ALCINA MARIA,24617,Regional NE-S,AL,LOJA,53416,LIZ CR DES HID CPO INTENSO 250g,BOT,CUIDADOS COM A PELE,CUIDADOS COM O CORPO,FLASH PROMO BOT C12'26,LIZ,Não,3,3,33.33%,3,INTERIOR
Ciclo 12 - 2026,10258 - CP ALCINA MARIA,24671,Regional NE-S,AL,LOJA,53416,LIZ CR DES HID CPO INTENSO 250g,BOT,CUIDADOS COM A PELE,CUIDADOS COM O CORPO,FLASH PROMO BOT C12'26,LIZ,Não,3,0,0.00%,0,INTERIOR
Ciclo 12 - 2026,10258 - CP ALCINA MARIA,24668,Regional NE-S,AL,LOJA,53416,LIZ CR DES HID CPO INTENSO 250g,BOT,CUIDADOS COM A PELE,CUIDADOS COM O CORPO,FLASH PROMO BOT C12'26,LIZ,Não,3,0,0.00%,0,INTERIOR
Ciclo 12 - 2026,10258 - CP ALCINA MARIA,24670,Regional NE-S,AL,LOJA,53416,LIZ CR DES HID CPO INTENSO 250g,BOT,CUIDADOS COM A PELE,CUIDADOS COM O CORPO,FLASH PROMO BOT C12'26,LIZ,Não,3,0,0.00%,0,INTERIOR
Ciclo 12 - 2026,10258 - CP ALCINA MARIA,24669,Regional NE-S,AL,LOJA,53416,LIZ CR DES HID CPO INTENSO 250g,BOT,CUIDADOS COM A PELE,CUIDADOS COM O CORPO,FLASH PROMO BOT C12'26,LIZ,Não,3,0,0.00%,0,INTERIOR
Ciclo 12 - 2026,10258 - CP ALCINA MARIA,24669,Regional NE-S,AL,LOJA,53459,BOTIK PR SOL FAC FPS 80 AC/HIAL PRM 10ml,BOT,SUPORTE À VENDA,PRM,OMNICHANNEL C202612,BOTIK,Não,3,0,0.00%,0,INTERIOR
Ciclo 12 - 2026,10258 - CP ALCINA MARIA,24671,Regional NE-S,AL,LOJA,53459,BOTIK PR SOL FAC FPS 80 AC/HIAL PRM 10ml,BOT,SUPORTE À VENDA,PRM,OMNICHANNEL C202612,BOTIK,Não,3,0,0.00%,0,INTERIOR
Ciclo 12 - 2026,10258 - CP ALCINA MARIA,24668,Regional NE-S,AL,LOJA,53459,BOTIK PR SOL FAC FPS 80 AC/HIAL PRM 10ml,BOT,SUPORTE À VENDA,PRM,OMNICHANNEL C202612,BOTIK,Não,3,0,0.00%,0,INTERIOR
Ciclo 12 - 2026,10258 - CP ALCINA MARIA,24303,Regional NE-S,AL,LOJA,53459,BOTIK PR SOL FAC FPS 80 AC/HIAL PRM 10ml,BOT,SUPORTE À VENDA,PRM,OMNICHANNEL C202612,BOTIK,Não,3,0,0.00%,0,INTERIOR
Ciclo 12 - 2026,10258 - CP ALCINA MARIA,24670,Regional NE-S,AL,LOJA,53459,BOTIK PR SOL FAC FPS 80 AC/HIAL PRM 10ml,BOT,SUPORTE À VENDA,PRM,OMNICHANNEL C202612,BOTIK,Não,3,0,0.00%,0,INTERIOR
Ciclo 12 - 2026,10258 - CP ALCINA MARIA,24617,Regional NE-S,AL,LOJA,53725,BOTI BABY FRASQUEIRA PURO CUIDADO PES,BOT,ACESSÓRIOS,ORGANIZADOR COSTURÁVEL,BOLETO PROMOCIONAL BOT C12'26,BOTI BABY,Não,3,3,0.00%,3,INTERIOR
Ciclo 12 - 2026,10258 - CP ALCINA MARIA,24303,Regional NE-S,AL,LOJA,53725,BOTI BABY FRASQUEIRA PURO CUIDADO PES,BOT,ACESSÓRIOS,ORGANIZADOR COSTURÁVEL,BOLETO PROMOCIONAL BOT C12'26,BOTI BABY,Não,7,3,0.00%,3,INTERIOR
Ciclo 12 - 2026,10258 - CP ALCINA MARIA,24669,Regional NE-S,AL,LOJA,53725,BOTI BABY FRASQUEIRA PURO CUIDADO PES,BOT,ACESSÓRIOS,ORGANIZADOR COSTURÁVEL,BOLETO PROMOCIONAL BOT C12'26,BOTI BABY,Não,7,7,0.00%,7,INTERIOR
Ciclo 12 - 2026,10258 - CP ALCINA MARIA,24670,Regional NE-S,AL,LOJA,53725,BOTI BABY FRASQUEIRA PURO CUIDADO PES,BOT,ACESSÓRIOS,ORGANIZADOR COSTURÁVEL,BOLETO PROMOCIONAL BOT C12'26,BOTI BABY,Não,6,6,16.67%,6,INTERIOR
Ciclo 12 - 2026,10258 - CP ALCINA MARIA,24671,Regional NE-S,AL,LOJA,53725,BOTI BABY FRASQUEIRA PURO CUIDADO PES,BOT,ACESSÓRIOS,ORGANIZADOR COSTURÁVEL,BOLETO PROMOCIONAL BOT C12'26,BOTI BABY,Não,6,6,0.00%,6,INTERIOR
Ciclo 12 - 2026,10258 - CP ALCINA MARIA,24668,Regional NE-S,AL,LOJA,53725,BOTI BABY FRASQUEIRA PURO CUIDADO PES,BOT,ACESSÓRIOS,ORGANIZADOR COSTURÁVEL,BOLETO PROMOCIONAL BOT C12'26,BOTI BABY,Não,9,9,0.00%,9,INTERIOR
Ciclo 12 - 2026,10258 - CP ALCINA MARIA,24670,Regional NE-S,AL,LOJA,54150,MALBEC DES COL ICON 100ml,BOT,PERFUMARIA,PERFUMARIA MASCULINA,OMNICHANNEL C202612,MALBEC,Não,3,5,100.00%,1,INTERIOR
Ciclo 12 - 2026,10258 - CP ALCINA MARIA,24671,Regional NE-S,AL,LOJA,54150,MALBEC DES COL ICON 100ml,BOT,PERFUMARIA,PERFUMARIA MASCULINA,OMNICHANNEL C202612,MALBEC,Não,3,0,0.00%,0,INTERIOR
Ciclo 12 - 2026,10258 - CP ALCINA MARIA,24669,Regional NE-S,AL,LOJA,54150,MALBEC DES COL ICON 100ml,BOT,PERFUMARIA,PERFUMARIA MASCULINA,OMNICHANNEL C202612,MALBEC,Não,3,3,0.00%,1,INTERIOR
Ciclo 12 - 2026,10258 - CP ALCINA MARIA,24303,Regional NE-S,AL,LOJA,54150,MALBEC DES COL ICON 100ml,BOT,PERFUMARIA,PERFUMARIA MASCULINA,OMNICHANNEL C202612,MALBEC,Não,3,7,0.00%,0,INTERIOR
Ciclo 12 - 2026,10258 - CP ALCINA MARIA,24668,Regional NE-S,AL,LOJA,54150,MALBEC DES COL ICON 100ml,BOT,PERFUMARIA,PERFUMARIA MASCULINA,OMNICHANNEL C202612,MALBEC,Não,3,4,0.00%,4,INTERIOR
Ciclo 12 - 2026,10258 - CP ALCINA MARIA,24303,Regional NE-S,AL,LOJA,54152,MALBEC DES COL ICON PRM 10ml,BOT,SUPORTE À VENDA,PRM,OMNICHANNEL C202612,MALBEC,Não,3,0,0.00%,0,INTERIOR
Ciclo 12 - 2026,10258 - CP ALCINA MARIA,24669,Regional NE-S,AL,LOJA,54152,MALBEC DES COL ICON PRM 10ml,BOT,SUPORTE À VENDA,PRM,OMNICHANNEL C202612,MALBEC,Não,3,0,0.00%,0,INTERIOR
Ciclo 12 - 2026,10258 - CP ALCINA MARIA,24671,Regional NE-S,AL,LOJA,54152,MALBEC DES COL ICON PRM 10ml,BOT,SUPORTE À VENDA,PRM,OMNICHANNEL C202612,MALBEC,Não,3,0,0.00%,0,INTERIOR
Ciclo 12 - 2026,10258 - CP ALCINA MARIA,24670,Regional NE-S,AL,LOJA,54152,MALBEC DES COL ICON PRM 10ml,BOT,SUPORTE À VENDA,PRM,OMNICHANNEL C202612,MALBEC,Não,3,0,0.00%,0,INTERIOR
Ciclo 12 - 2026,10258 - CP ALCINA MARIA,24668,Regional NE-S,AL,LOJA,54152,MALBEC DES COL ICON PRM 10ml,BOT,SUPORTE À VENDA,PRM,OMNICHANNEL C202612,MALBEC,Não,3,0,0.00%,0,INTERIOR
Ciclo 12 - 2026,10258 - CP ALCINA MARIA,24669,Regional NE-S,AL,LOJA,55357,MALBEC EDP 90ml,BOT,PERFUMARIA,PERFUMARIA MASCULINA,OMNICHANNEL C202612,MALBEC,Não,3,0,0.00%,0,INTERIOR
Ciclo 12 - 2026,10258 - CP ALCINA MARIA,24668,Regional NE-S,AL,LOJA,55357,MALBEC EDP 90ml,BOT,PERFUMARIA,PERFUMARIA MASCULINA,OMNICHANNEL C202612,MALBEC,Não,3,25,48.00%,25,INTERIOR
Ciclo 12 - 2026,10258 - CP ALCINA MARIA,24671,Regional NE-S,AL,LOJA,55357,MALBEC EDP 90ml,BOT,PERFUMARIA,PERFUMARIA MASCULINA,OMNICHANNEL C202612,MALBEC,Não,3,0,0.00%,0,INTERIOR
Ciclo 12 - 2026,10258 - CP ALCINA MARIA,24670,Regional NE-S,AL,LOJA,55357,MALBEC EDP 90ml,BOT,PERFUMARIA,PERFUMARIA MASCULINA,OMNICHANNEL C202612,MALBEC,Não,3,0,0.00%,0,INTERIOR
Ciclo 12 - 2026,10258 - CP ALCINA MARIA,24303,Regional NE-S,AL,LOJA,55357,MALBEC EDP 90ml,BOT,PERFUMARIA,PERFUMARIA MASCULINA,OMNICHANNEL C202612,MALBEC,Não,3,1,100.00%,1,INTERIOR
Ciclo 12 - 2026,10258 - CP ALCINA MARIA,24670,Regional NE-S,AL,LOJA,55358,MALBEC EDP PRM 10ml,BOT,SUPORTE À VENDA,PRM,OMNICHANNEL C202612,MALBEC,Não,3,0,0.00%,0,INTERIOR
Ciclo 12 - 2026,10258 - CP ALCINA MARIA,24668,Regional NE-S,AL,LOJA,55358,MALBEC EDP PRM 10ml,BOT,SUPORTE À VENDA,PRM,OMNICHANNEL C202612,MALBEC,Não,3,0,0.00%,0,INTERIOR
Ciclo 12 - 2026,10258 - CP ALCINA MARIA,24303,Regional NE-S,AL,LOJA,55358,MALBEC EDP PRM 10ml,BOT,SUPORTE À VENDA,PRM,OMNICHANNEL C202612,MALBEC,Não,3,0,0.00%,0,INTERIOR
Ciclo 12 - 2026,10258 - CP ALCINA MARIA,24669,Regional NE-S,AL,LOJA,55358,MALBEC EDP PRM 10ml,BOT,SUPORTE À VENDA,PRM,OMNICHANNEL C202612,MALBEC,Não,3,0,0.00%,0,INTERIOR
Ciclo 12 - 2026,10258 - CP ALCINA MARIA,24671,Regional NE-S,AL,LOJA,55358,MALBEC EDP PRM 10ml,BOT,SUPORTE À VENDA,PRM,OMNICHANNEL C202612,MALBEC,Não,3,0,0.00%,0,INTERIOR
Ciclo 12 - 2026,10258 - CP ALCINA MARIA,24670,Regional NE-S,AL,LOJA,55374,ARBO DES COL ATLANTICA PRM 10ML,BOT,SUPORTE À VENDA,PRM,OMNICHANNEL C202612,ARBO,Não,3,0,0.00%,0,INTERIOR
Ciclo 12 - 2026,10258 - CP ALCINA MARIA,24668,Regional NE-S,AL,LOJA,55374,ARBO DES COL ATLANTICA PRM 10ML,BOT,SUPORTE À VENDA,PRM,OMNICHANNEL C202612,ARBO,Não,3,0,0.00%,0,INTERIOR
Ciclo 12 - 2026,10258 - CP ALCINA MARIA,24671,Regional NE-S,AL,LOJA,55374,ARBO DES COL ATLANTICA PRM 10ML,BOT,SUPORTE À VENDA,PRM,OMNICHANNEL C202612,ARBO,Não,3,0,0.00%,0,INTERIOR
Ciclo 12 - 2026,10258 - CP ALCINA MARIA,24303,Regional NE-S,AL,LOJA,55374,ARBO DES COL ATLANTICA PRM 10ML,BOT,SUPORTE À VENDA,PRM,OMNICHANNEL C202612,ARBO,Não,3,0,0.00%,0,INTERIOR
Ciclo 12 - 2026,10258 - CP ALCINA MARIA,24669,Regional NE-S,AL,LOJA,55374,ARBO DES COL ATLANTICA PRM 10ML,BOT,SUPORTE À VENDA,PRM,OMNICHANNEL C202612,ARBO,Não,3,0,0.00%,0,INTERIOR
Ciclo 12 - 2026,10258 - CP ALCINA MARIA,24670,Regional NE-S,AL,LOJA,55408,BOTIK CR N FIR ROST/PESC RES/SIL PRM 10g,BOT,SUPORTE À VENDA,PRM,OMNICHANNEL C202612,BOTIK,Não,3,0,0.00%,0,INTERIOR
Ciclo 12 - 2026,10258 - CP ALCINA MARIA,24668,Regional NE-S,AL,LOJA,55408,BOTIK CR N FIR ROST/PESC RES/SIL PRM 10g,BOT,SUPORTE À VENDA,PRM,OMNICHANNEL C202612,BOTIK,Não,3,0,0.00%,0,INTERIOR
Ciclo 12 - 2026,10258 - CP ALCINA MARIA,24671,Regional NE-S,AL,LOJA,55408,BOTIK CR N FIR ROST/PESC RES/SIL PRM 10g,BOT,SUPORTE À VENDA,PRM,OMNICHANNEL C202612,BOTIK,Não,3,0,0.00%,0,INTERIOR
Ciclo 12 - 2026,10258 - CP ALCINA MARIA,24669,Regional NE-S,AL,LOJA,55408,BOTIK CR N FIR ROST/PESC RES/SIL PRM 10g,BOT,SUPORTE À VENDA,PRM,OMNICHANNEL C202612,BOTIK,Não,3,0,0.00%,0,INTERIOR
Ciclo 12 - 2026,10258 - CP ALCINA MARIA,24303,Regional NE-S,AL,LOJA,55408,BOTIK CR N FIR ROST/PESC RES/SIL PRM 10g,BOT,SUPORTE À VENDA,PRM,OMNICHANNEL C202612,BOTIK,Não,3,0,0.00%,0,INTERIOR
Ciclo 12 - 2026,10258 - CP ALCINA MARIA,24668,Regional NE-S,AL,LOJA,56805,MATCH COND SCIENCE RECONSTRUCAO 280ml,BOT,CABELOS,CONDICIONADOR,OMNICHANNEL C202612,MATCH,Não,3,1,200.00%,1,INTERIOR
Ciclo 12 - 2026,10258 - CP ALCINA MARIA,24669,Regional NE-S,AL,LOJA,56805,MATCH COND SCIENCE RECONSTRUCAO 280ml,BOT,CABELOS,CONDICIONADOR,OMNICHANNEL C202612,MATCH,Não,3,0,0.00%,0,INTERIOR
Ciclo 12 - 2026,10258 - CP ALCINA MARIA,24671,Regional NE-S,AL,LOJA,56805,MATCH COND SCIENCE RECONSTRUCAO 280ml,BOT,CABELOS,CONDICIONADOR,OMNICHANNEL C202612,MATCH,Não,3,0,0.00%,0,INTERIOR
Ciclo 12 - 2026,10258 - CP ALCINA MARIA,24303,Regional NE-S,AL,LOJA,56805,MATCH COND SCIENCE RECONSTRUCAO 280ml,BOT,CABELOS,CONDICIONADOR,OMNICHANNEL C202612,MATCH,Não,3,3,0.00%,3,INTERIOR
Ciclo 12 - 2026,10258 - CP ALCINA MARIA,24670,Regional NE-S,AL,LOJA,56805,MATCH COND SCIENCE RECONSTRUCAO 280ml,BOT,CABELOS,CONDICIONADOR,OMNICHANNEL C202612,MATCH,Não,3,0,0.00%,0,INTERIOR
Ciclo 12 - 2026,10258 - CP ALCINA MARIA,24669,Regional NE-S,AL,LOJA,56819,MATCH SHAMP SCIENCE RECONSTRUCAO 300ml,BOT,CABELOS,SHAMPOO/PRÉ-SHAMPOO,OMNICHANNEL C202612,MATCH,Não,3,0,0.00%,0,INTERIOR
Ciclo 12 - 2026,10258 - CP ALCINA MARIA,24303,Regional NE-S,AL,LOJA,56819,MATCH SHAMP SCIENCE RECONSTRUCAO 300ml,BOT,CABELOS,SHAMPOO/PRÉ-SHAMPOO,OMNICHANNEL C202612,MATCH,Não,3,0,0.00%,0,INTERIOR
Ciclo 12 - 2026,10258 - CP ALCINA MARIA,24670,Regional NE-S,AL,LOJA,56819,MATCH SHAMP SCIENCE RECONSTRUCAO 300ml,BOT,CABELOS,SHAMPOO/PRÉ-SHAMPOO,OMNICHANNEL C202612,MATCH,Não,3,0,0.00%,0,INTERIOR
Ciclo 12 - 2026,10258 - CP ALCINA MARIA,24668,Regional NE-S,AL,LOJA,56819,MATCH SHAMP SCIENCE RECONSTRUCAO 300ml,BOT,CABELOS,SHAMPOO/PRÉ-SHAMPOO,OMNICHANNEL C202612,MATCH,Não,3,0,0.00%,0,INTERIOR
Ciclo 12 - 2026,10258 - CP ALCINA MARIA,24671,Regional NE-S,AL,LOJA,56819,MATCH SHAMP SCIENCE RECONSTRUCAO 300ml,BOT,CABELOS,SHAMPOO/PRÉ-SHAMPOO,OMNICHANNEL C202612,MATCH,Não,3,0,0.00%,0,INTERIOR
Ciclo 12 - 2026,10258 - CP ALCINA MARIA,24668,Regional NE-S,AL,LOJA,57829,NSPA LOC DES AVELUD CPO CER/ROUGE 400ml,BOT,CUIDADOS COM A PELE,CUIDADOS COM O CORPO,OMNICHANNEL C202612,NATIVA SPA,Não,3,2,0.00%,2,INTERIOR
Ciclo 12 - 2026,10258 - CP ALCINA MARIA,24303,Regional NE-S,AL,LOJA,57829,NSPA LOC DES AVELUD CPO CER/ROUGE 400ml,BOT,CUIDADOS COM A PELE,CUIDADOS COM O CORPO,OMNICHANNEL C202612,NATIVA SPA,Não,3,2,0.00%,2,INTERIOR
Ciclo 12 - 2026,10258 - CP ALCINA MARIA,24669,Regional NE-S,AL,LOJA,57829,NSPA LOC DES AVELUD CPO CER/ROUGE 400ml,BOT,CUIDADOS COM A PELE,CUIDADOS COM O CORPO,OMNICHANNEL C202612,NATIVA SPA,Não,3,1,0.00%,1,INTERIOR
Ciclo 12 - 2026,10258 - CP ALCINA MARIA,24671,Regional NE-S,AL,LOJA,57829,NSPA LOC DES AVELUD CPO CER/ROUGE 400ml,BOT,CUIDADOS COM A PELE,CUIDADOS COM O CORPO,OMNICHANNEL C202612,NATIVA SPA,Não,3,0,0.00%,0,INTERIOR
Ciclo 12 - 2026,10258 - CP ALCINA MARIA,24670,Regional NE-S,AL,LOJA,57829,NSPA LOC DES AVELUD CPO CER/ROUGE 400ml,BOT,CUIDADOS COM A PELE,CUIDADOS COM O CORPO,OMNICHANNEL C202612,NATIVA SPA,Não,3,3,33.33%,3,INTERIOR
Ciclo 12 - 2026,10258 - CP ALCINA MARIA,24668,Regional NE-S,AL,LOJA,57882,LILY DES BDY SPR LEAU/LILY BLANC 100ml,BOT,DESODORANTES,DESODORANTE FEMININO,OMNICHANNEL C202612,ESSENCE,Não,3,5,120.00%,5,INTERIOR
Ciclo 12 - 2026,10258 - CP ALCINA MARIA,24303,Regional NE-S,AL,LOJA,57882,LILY DES BDY SPR LEAU/LILY BLANC 100ml,BOT,DESODORANTES,DESODORANTE FEMININO,OMNICHANNEL C202612,ESSENCE,Não,3,5,60.00%,5,INTERIOR
Ciclo 12 - 2026,10258 - CP ALCINA MARIA,24669,Regional NE-S,AL,LOJA,57882,LILY DES BDY SPR LEAU/LILY BLANC 100ml,BOT,DESODORANTES,DESODORANTE FEMININO,OMNICHANNEL C202612,ESSENCE,Não,3,0,0.00%,0,INTERIOR
Ciclo 12 - 2026,10258 - CP ALCINA MARIA,24671,Regional NE-S,AL,LOJA,57882,LILY DES BDY SPR LEAU/LILY BLANC 100ml,BOT,DESODORANTES,DESODORANTE FEMININO,OMNICHANNEL C202612,ESSENCE,Não,3,5,0.00%,5,INTERIOR
Ciclo 12 - 2026,10258 - CP ALCINA MARIA,24670,Regional NE-S,AL,LOJA,57882,LILY DES BDY SPR LEAU/LILY BLANC 100ml,BOT,DESODORANTES,DESODORANTE FEMININO,OMNICHANNEL C202612,ESSENCE,Não,3,0,0.00%,0,INTERIOR
Ciclo 12 - 2026,10258 - CP ALCINA MARIA,24669,Regional NE-S,AL,LOJA,58135,NSPA DES COL BDY SPLSH CER/ROUGE 200ml,BOT,PERFUMARIA,PERFUMARIA FEMININA,OMNICHANNEL C202612,NATIVA SPA,Não,3,0,0.00%,0,INTERIOR
Ciclo 12 - 2026,10258 - CP ALCINA MARIA,24671,Regional NE-S,AL,LOJA,58135,NSPA DES COL BDY SPLSH CER/ROUGE 200ml,BOT,PERFUMARIA,PERFUMARIA FEMININA,OMNICHANNEL C202612,NATIVA SPA,Não,3,0,0.00%,0,INTERIOR
Ciclo 12 - 2026,10258 - CP ALCINA MARIA,24303,Regional NE-S,AL,LOJA,58135,NSPA DES COL BDY SPLSH CER/ROUGE 200ml,BOT,PERFUMARIA,PERFUMARIA FEMININA,OMNICHANNEL C202612,NATIVA SPA,Não,3,6,0.00%,6,INTERIOR
Ciclo 12 - 2026,10258 - CP ALCINA MARIA,24668,Regional NE-S,AL,LOJA,58135,NSPA DES COL BDY SPLSH CER/ROUGE 200ml,BOT,PERFUMARIA,PERFUMARIA FEMININA,OMNICHANNEL C202612,NATIVA SPA,Não,3,0,0.00%,0,INTERIOR
Ciclo 12 - 2026,10258 - CP ALCINA MARIA,24670,Regional NE-S,AL,LOJA,58135,NSPA DES COL BDY SPLSH CER/ROUGE 200ml,BOT,PERFUMARIA,PERFUMARIA FEMININA,OMNICHANNEL C202612,NATIVA SPA,Não,3,0,0.00%,0,INTERIOR
Ciclo 12 - 2026,10258 - CP ALCINA MARIA,24668,Regional NE-S,AL,LOJA,58730,BOTICA 214 EDP SEV/DOR FLR/FRUT PRM 10ml,BOT,SUPORTE À VENDA,PRM,OMNICHANNEL C202612,BOTICA 214,Não,3,0,0.00%,0,INTERIOR
Ciclo 12 - 2026,10258 - CP ALCINA MARIA,24671,Regional NE-S,AL,LOJA,58730,BOTICA 214 EDP SEV/DOR FLR/FRUT PRM 10ml,BOT,SUPORTE À VENDA,PRM,OMNICHANNEL C202612,BOTICA 214,Não,3,0,0.00%,0,INTERIOR
Ciclo 12 - 2026,10258 - CP ALCINA MARIA,24303,Regional NE-S,AL,LOJA,58730,BOTICA 214 EDP SEV/DOR FLR/FRUT PRM 10ml,BOT,SUPORTE À VENDA,PRM,OMNICHANNEL C202612,BOTICA 214,Não,3,0,0.00%,0,INTERIOR
Ciclo 12 - 2026,10258 - CP ALCINA MARIA,24670,Regional NE-S,AL,LOJA,58730,BOTICA 214 EDP SEV/DOR FLR/FRUT PRM 10ml,BOT,SUPORTE À VENDA,PRM,OMNICHANNEL C202612,BOTICA 214,Não,3,0,0.00%,0,INTERIOR
Ciclo 12 - 2026,10258 - CP ALCINA MARIA,24669,Regional NE-S,AL,LOJA,58730,BOTICA 214 EDP SEV/DOR FLR/FRUT PRM 10ml,BOT,SUPORTE À VENDA,PRM,OMNICHANNEL C202612,BOTICA 214,Não,3,0,0.00%,0,INTERIOR
Ciclo 12 - 2026,10258 - CP ALCINA MARIA,24668,Regional NE-S,AL,LOJA,58978,NSPA LOC NUTR DES CPO UVA MERLOT 400ml,BOT,CUIDADOS COM A PELE,CUIDADOS COM O CORPO,OMNICHANNEL C202612,NATIVA SPA,Não,3,18,27.78%,18,INTERIOR
Ciclo 12 - 2026,10258 - CP ALCINA MARIA,24303,Regional NE-S,AL,LOJA,58978,NSPA LOC NUTR DES CPO UVA MERLOT 400ml,BOT,CUIDADOS COM A PELE,CUIDADOS COM O CORPO,OMNICHANNEL C202612,NATIVA SPA,Não,3,10,10.00%,10,INTERIOR
Ciclo 12 - 2026,10258 - CP ALCINA MARIA,24670,Regional NE-S,AL,LOJA,58978,NSPA LOC NUTR DES CPO UVA MERLOT 400ml,BOT,CUIDADOS COM A PELE,CUIDADOS COM O CORPO,OMNICHANNEL C202612,NATIVA SPA,Não,3,14,21.43%,14,INTERIOR
Ciclo 12 - 2026,10258 - CP ALCINA MARIA,24669,Regional NE-S,AL,LOJA,58978,NSPA LOC NUTR DES CPO UVA MERLOT 400ml,BOT,CUIDADOS COM A PELE,CUIDADOS COM O CORPO,OMNICHANNEL C202612,NATIVA SPA,Não,3,7,0.00%,7,INTERIOR
Ciclo 12 - 2026,10258 - CP ALCINA MARIA,24671,Regional NE-S,AL,LOJA,58978,NSPA LOC NUTR DES CPO UVA MERLOT 400ml,BOT,CUIDADOS COM A PELE,CUIDADOS COM O CORPO,OMNICHANNEL C202612,NATIVA SPA,Não,3,0,0.00%,0,INTERIOR
Ciclo 12 - 2026,10258 - CP ALCINA MARIA,24303,Regional NE-S,AL,LOJA,58989,NSPA LOC DES HID CPO UVA MERLOT PRM 50ml,BOT,SUPORTE À VENDA,PRM,OMNICHANNEL C202612,NATIVA SPA,Não,3,0,0.00%,0,INTERIOR
Ciclo 12 - 2026,10258 - CP ALCINA MARIA,24671,Regional NE-S,AL,LOJA,58989,NSPA LOC DES HID CPO UVA MERLOT PRM 50ml,BOT,SUPORTE À VENDA,PRM,OMNICHANNEL C202612,NATIVA SPA,Não,3,0,0.00%,0,INTERIOR
Ciclo 12 - 2026,10258 - CP ALCINA MARIA,24669,Regional NE-S,AL,LOJA,58989,NSPA LOC DES HID CPO UVA MERLOT PRM 50ml,BOT,SUPORTE À VENDA,PRM,OMNICHANNEL C202612,NATIVA SPA,Não,3,0,0.00%,0,INTERIOR
Ciclo 12 - 2026,10258 - CP ALCINA MARIA,24670,Regional NE-S,AL,LOJA,58989,NSPA LOC DES HID CPO UVA MERLOT PRM 50ml,BOT,SUPORTE À VENDA,PRM,OMNICHANNEL C202612,NATIVA SPA,Não,3,0,0.00%,0,INTERIOR
Ciclo 12 - 2026,10258 - CP ALCINA MARIA,24668,Regional NE-S,AL,LOJA,58989,NSPA LOC DES HID CPO UVA MERLOT PRM 50ml,BOT,SUPORTE À VENDA,PRM,OMNICHANNEL C202612,NATIVA SPA,Não,3,0,0.00%,0,INTERIOR
Ciclo 12 - 2026,10258 - CP ALCINA MARIA,24670,Regional NE-S,AL,LOJA,59318,EGEO SHW GEL CPO ORIGNL V3 200g,BOT,SABONETE CORPO,MULTIFUNCIONAL,BOLETO TURBINADO BOT C12'26,EGEO,Não,4,0,0.00%,0,INTERIOR
Ciclo 12 - 2026,10258 - CP ALCINA MARIA,24303,Regional NE-S,AL,LOJA,59318,EGEO SHW GEL CPO ORIGNL V3 200g,BOT,SABONETE CORPO,MULTIFUNCIONAL,BOLETO TURBINADO BOT C12'26,EGEO,Não,3,0,0.00%,0,INTERIOR
Ciclo 12 - 2026,10258 - CP ALCINA MARIA,24669,Regional NE-S,AL,LOJA,59318,EGEO SHW GEL CPO ORIGNL V3 200g,BOT,SABONETE CORPO,MULTIFUNCIONAL,BOLETO TURBINADO BOT C12'26,EGEO,Não,3,0,0.00%,0,INTERIOR
Ciclo 12 - 2026,10258 - CP ALCINA MARIA,24668,Regional NE-S,AL,LOJA,59318,EGEO SHW GEL CPO ORIGNL V3 200g,BOT,SABONETE CORPO,MULTIFUNCIONAL,BOLETO TURBINADO BOT C12'26,EGEO,Não,3,0,0.00%,0,INTERIOR
Ciclo 12 - 2026,10258 - CP ALCINA MARIA,24671,Regional NE-S,AL,LOJA,59318,EGEO SHW GEL CPO ORIGNL V3 200g,BOT,SABONETE CORPO,MULTIFUNCIONAL,BOLETO TURBINADO BOT C12'26,EGEO,Não,3,0,0.00%,0,INTERIOR
Ciclo 12 - 2026,10258 - CP ALCINA MARIA,24617,Regional NE-S,AL,LOJA,59318,EGEO SHW GEL CPO ORIGNL V3 200g,BOT,SABONETE CORPO,MULTIFUNCIONAL,BOLETO TURBINADO BOT C12'26,EGEO,Não,3,0,0.00%,0,INTERIOR
Ciclo 12 - 2026,10258 - CP ALCINA MARIA,24668,Regional NE-S,AL,LOJA,59438,EGEO DES COL CHOC HIGH 10ml PRM,BOT,SUPORTE À VENDA,PRM,OMNICHANNEL C202612,EGEO,Não,3,0,0.00%,0,INTERIOR
Ciclo 12 - 2026,10258 - CP ALCINA MARIA,24671,Regional NE-S,AL,LOJA,59438,EGEO DES COL CHOC HIGH 10ml PRM,BOT,SUPORTE À VENDA,PRM,OMNICHANNEL C202612,EGEO,Não,3,0,0.00%,0,INTERIOR
Ciclo 12 - 2026,10258 - CP ALCINA MARIA,24670,Regional NE-S,AL,LOJA,59438,EGEO DES COL CHOC HIGH 10ml PRM,BOT,SUPORTE À VENDA,PRM,OMNICHANNEL C202612,EGEO,Não,3,0,0.00%,0,INTERIOR
Ciclo 12 - 2026,10258 - CP ALCINA MARIA,24303,Regional NE-S,AL,LOJA,59438,EGEO DES COL CHOC HIGH 10ml PRM,BOT,SUPORTE À VENDA,PRM,OMNICHANNEL C202612,EGEO,Não,3,0,0.00%,0,INTERIOR
Ciclo 12 - 2026,10258 - CP ALCINA MARIA,24669,Regional NE-S,AL,LOJA,59438,EGEO DES COL CHOC HIGH 10ml PRM,BOT,SUPORTE À VENDA,PRM,OMNICHANNEL C202612,EGEO,Não,3,0,0.00%,0,INTERIOR
Ciclo 12 - 2026,10258 - CP ALCINA MARIA,24669,Regional NE-S,AL,LOJA,59516,REF NSPA LOC DES HID CPO AMEI/NEG 350ml,BOT,CUIDADOS COM A PELE,CUIDADOS COM O CORPO,OMNICHANNEL C202612,NATIVA SPA,Não,3,40,7.50%,40,INTERIOR
Ciclo 12 - 2026,10258 - CP ALCINA MARIA,24303,Regional NE-S,AL,LOJA,59516,REF NSPA LOC DES HID CPO AMEI/NEG 350ml,BOT,CUIDADOS COM A PELE,CUIDADOS COM O CORPO,OMNICHANNEL C202612,NATIVA SPA,Não,3,40,5.00%,40,INTERIOR
Ciclo 12 - 2026,10258 - CP ALCINA MARIA,24670,Regional NE-S,AL,LOJA,59516,REF NSPA LOC DES HID CPO AMEI/NEG 350ml,BOT,CUIDADOS COM A PELE,CUIDADOS COM O CORPO,OMNICHANNEL C202612,NATIVA SPA,Não,3,57,5.26%,57,INTERIOR
Ciclo 12 - 2026,10258 - CP ALCINA MARIA,24671,Regional NE-S,AL,LOJA,59516,REF NSPA LOC DES HID CPO AMEI/NEG 350ml,BOT,CUIDADOS COM A PELE,CUIDADOS COM O CORPO,OMNICHANNEL C202612,NATIVA SPA,Não,3,58,3.45%,58,INTERIOR
Ciclo 12 - 2026,10258 - CP ALCINA MARIA,24668,Regional NE-S,AL,LOJA,59516,REF NSPA LOC DES HID CPO AMEI/NEG 350ml,BOT,CUIDADOS COM A PELE,CUIDADOS COM O CORPO,OMNICHANNEL C202612,NATIVA SPA,Não,3,60,6.67%,60,INTERIOR
Ciclo 12 - 2026,10258 - CP ALCINA MARIA,24668,Regional NE-S,AL,LOJA,59574,MATCH OLEO CAP NUTR/PROF V2 50ml,BOT,CABELOS,FINALIZADOR,OMNICHANNEL C202612,MATCH,Não,3,3,0.00%,0,INTERIOR
Ciclo 12 - 2026,10258 - CP ALCINA MARIA,24303,Regional NE-S,AL,LOJA,59574,MATCH OLEO CAP NUTR/PROF V2 50ml,BOT,CABELOS,FINALIZADOR,OMNICHANNEL C202612,MATCH,Não,3,3,0.00%,0,INTERIOR
Ciclo 12 - 2026,10258 - CP ALCINA MARIA,24671,Regional NE-S,AL,LOJA,59574,MATCH OLEO CAP NUTR/PROF V2 50ml,BOT,CABELOS,FINALIZADOR,OMNICHANNEL C202612,MATCH,Não,3,0,0.00%,0,INTERIOR
Ciclo 12 - 2026,10258 - CP ALCINA MARIA,24670,Regional NE-S,AL,LOJA,59574,MATCH OLEO CAP NUTR/PROF V2 50ml,BOT,CABELOS,FINALIZADOR,OMNICHANNEL C202612,MATCH,Não,3,0,0.00%,0,INTERIOR
Ciclo 12 - 2026,10258 - CP ALCINA MARIA,24669,Regional NE-S,AL,LOJA,59574,MATCH OLEO CAP NUTR/PROF V2 50ml,BOT,CABELOS,FINALIZADOR,OMNICHANNEL C202612,MATCH,Não,3,3,0.00%,0,INTERIOR
Ciclo 12 - 2026,10258 - CP ALCINA MARIA,24670,Regional NE-S,AL,LOJA,59579,MATCH SHAMP NUTR PROFUNDA V2 300ml,BOT,CABELOS,SHAMPOO/PRÉ-SHAMPOO,OMNICHANNEL C202612,MATCH,Não,3,0,0.00%,0,INTERIOR
Ciclo 12 - 2026,10258 - CP ALCINA MARIA,24669,Regional NE-S,AL,LOJA,59579,MATCH SHAMP NUTR PROFUNDA V2 300ml,BOT,CABELOS,SHAMPOO/PRÉ-SHAMPOO,OMNICHANNEL C202612,MATCH,Não,3,0,0.00%,0,INTERIOR
Ciclo 12 - 2026,10258 - CP ALCINA MARIA,24671,Regional NE-S,AL,LOJA,59579,MATCH SHAMP NUTR PROFUNDA V2 300ml,BOT,CABELOS,SHAMPOO/PRÉ-SHAMPOO,OMNICHANNEL C202612,MATCH,Não,3,0,0.00%,0,INTERIOR
Ciclo 12 - 2026,10258 - CP ALCINA MARIA,24668,Regional NE-S,AL,LOJA,59579,MATCH SHAMP NUTR PROFUNDA V2 300ml,BOT,CABELOS,SHAMPOO/PRÉ-SHAMPOO,OMNICHANNEL C202612,MATCH,Não,3,0,0.00%,0,INTERIOR
Ciclo 12 - 2026,10258 - CP ALCINA MARIA,24303,Regional NE-S,AL,LOJA,59579,MATCH SHAMP NUTR PROFUNDA V2 300ml,BOT,CABELOS,SHAMPOO/PRÉ-SHAMPOO,OMNICHANNEL C202612,MATCH,Não,3,0,0.00%,0,INTERIOR
Ciclo 12 - 2026,10258 - CP ALCINA MARIA,24668,Regional NE-S,AL,LOJA,74893,EGEO DES BDY SPR DOLCE 100ml V8 PCK,BOT,DESODORANTES,DESODORANTE FEMININO,BOLETO TURBINADO BOT C12'26,EGEO,Não,31,0,0.00%,0,INTERIOR
Ciclo 12 - 2026,10258 - CP ALCINA MARIA,24671,Regional NE-S,AL,LOJA,74893,EGEO DES BDY SPR DOLCE 100ml V8 PCK,BOT,DESODORANTES,DESODORANTE FEMININO,BOLETO TURBINADO BOT C12'26,EGEO,Não,25,0,0.00%,0,INTERIOR
Ciclo 12 - 2026,10258 - CP ALCINA MARIA,24303,Regional NE-S,AL,LOJA,74893,EGEO DES BDY SPR DOLCE 100ml V8 PCK,BOT,DESODORANTES,DESODORANTE FEMININO,BOLETO TURBINADO BOT C12'26,EGEO,Não,12,10,80.00%,10,INTERIOR
Ciclo 12 - 2026,10258 - CP ALCINA MARIA,24669,Regional NE-S,AL,LOJA,74893,EGEO DES BDY SPR DOLCE 100ml V8 PCK,BOT,DESODORANTES,DESODORANTE FEMININO,BOLETO TURBINADO BOT C12'26,EGEO,Não,22,0,0.00%,0,INTERIOR
Ciclo 12 - 2026,10258 - CP ALCINA MARIA,24670,Regional NE-S,AL,LOJA,74893,EGEO DES BDY SPR DOLCE 100ml V8 PCK,BOT,DESODORANTES,DESODORANTE FEMININO,BOLETO TURBINADO BOT C12'26,EGEO,Não,33,0,0.00%,0,INTERIOR
Ciclo 12 - 2026,10258 - CP ALCINA MARIA,24617,Regional NE-S,AL,LOJA,74893,EGEO DES BDY SPR DOLCE 100ml V8 PCK,BOT,DESODORANTES,DESODORANTE FEMININO,BOLETO TURBINADO BOT C12'26,EGEO,Não,3,5,40.00%,5,INTERIOR
Ciclo 12 - 2026,10258 - CP ALCINA MARIA,24668,Regional NE-S,AL,LOJA,76621,DREAM DES COL CEU/BAUN 200ml,BOT,PERFUMARIA,PERFUMARIA FEMININA,OMNICHANNEL C202612,DREAM,Não,3,0,0.00%,0,INTERIOR
Ciclo 12 - 2026,10258 - CP ALCINA MARIA,24303,Regional NE-S,AL,LOJA,76621,DREAM DES COL CEU/BAUN 200ml,BOT,PERFUMARIA,PERFUMARIA FEMININA,OMNICHANNEL C202612,DREAM,Não,3,3,66.67%,3,INTERIOR
Ciclo 12 - 2026,10258 - CP ALCINA MARIA,24670,Regional NE-S,AL,LOJA,76621,DREAM DES COL CEU/BAUN 200ml,BOT,PERFUMARIA,PERFUMARIA FEMININA,OMNICHANNEL C202612,DREAM,Não,3,0,0.00%,0,INTERIOR
Ciclo 12 - 2026,10258 - CP ALCINA MARIA,24669,Regional NE-S,AL,LOJA,76621,DREAM DES COL CEU/BAUN 200ml,BOT,PERFUMARIA,PERFUMARIA FEMININA,OMNICHANNEL C202612,DREAM,Não,3,1,100.00%,1,INTERIOR
Ciclo 12 - 2026,10258 - CP ALCINA MARIA,24671,Regional NE-S,AL,LOJA,76621,DREAM DES COL CEU/BAUN 200ml,BOT,PERFUMARIA,PERFUMARIA FEMININA,OMNICHANNEL C202612,DREAM,Não,3,4,0.00%,4,INTERIOR
Ciclo 12 - 2026,10258 - CP ALCINA MARIA,24670,Regional NE-S,AL,LOJA,76700,LIZ DES COL 100ml,BOT,PERFUMARIA,PERFUMARIA FEMININA,OMNICHANNEL C202612,LIZ,Não,3,15,46.67%,15,INTERIOR
Ciclo 12 - 2026,10258 - CP ALCINA MARIA,24668,Regional NE-S,AL,LOJA,76700,LIZ DES COL 100ml,BOT,PERFUMARIA,PERFUMARIA FEMININA,OMNICHANNEL C202612,LIZ,Não,3,24,75.00%,24,INTERIOR
Ciclo 12 - 2026,10258 - CP ALCINA MARIA,24669,Regional NE-S,AL,LOJA,76700,LIZ DES COL 100ml,BOT,PERFUMARIA,PERFUMARIA FEMININA,OMNICHANNEL C202612,LIZ,Não,3,21,28.57%,21,INTERIOR
Ciclo 12 - 2026,10258 - CP ALCINA MARIA,24303,Regional NE-S,AL,LOJA,76700,LIZ DES COL 100ml,BOT,PERFUMARIA,PERFUMARIA FEMININA,OMNICHANNEL C202612,LIZ,Não,3,1,300.00%,1,INTERIOR
Ciclo 12 - 2026,10258 - CP ALCINA MARIA,24671,Regional NE-S,AL,LOJA,76700,LIZ DES COL 100ml,BOT,PERFUMARIA,PERFUMARIA FEMININA,OMNICHANNEL C202612,LIZ,Não,3,8,100.00%,8,INTERIOR
Ciclo 12 - 2026,10258 - CP ALCINA MARIA,24669,Regional NE-S,AL,LOJA,77183,LIZ CREM DES HID CPO 250g,BOT,CUIDADOS COM A PELE,CUIDADOS COM O CORPO,FLASH PROMO BOT C12'26,LIZ,Não,11,6,0.00%,6,INTERIOR
Ciclo 12 - 2026,10258 - CP ALCINA MARIA,24617,Regional NE-S,AL,LOJA,77183,LIZ CREM DES HID CPO 250g,BOT,CUIDADOS COM A PELE,CUIDADOS COM O CORPO,FLASH PROMO BOT C12'26,LIZ,Não,3,0,0.00%,0,INTERIOR
Ciclo 12 - 2026,10258 - CP ALCINA MARIA,24668,Regional NE-S,AL,LOJA,77183,LIZ CREM DES HID CPO 250g,BOT,CUIDADOS COM A PELE,CUIDADOS COM O CORPO,FLASH PROMO BOT C12'26,LIZ,Não,13,4,75.00%,4,INTERIOR
Ciclo 12 - 2026,10258 - CP ALCINA MARIA,24671,Regional NE-S,AL,LOJA,77183,LIZ CREM DES HID CPO 250g,BOT,CUIDADOS COM A PELE,CUIDADOS COM O CORPO,FLASH PROMO BOT C12'26,LIZ,Não,11,5,120.00%,5,INTERIOR
Ciclo 12 - 2026,10258 - CP ALCINA MARIA,24670,Regional NE-S,AL,LOJA,77183,LIZ CREM DES HID CPO 250g,BOT,CUIDADOS COM A PELE,CUIDADOS COM O CORPO,FLASH PROMO BOT C12'26,LIZ,Não,10,10,60.00%,10,INTERIOR
Ciclo 12 - 2026,10258 - CP ALCINA MARIA,24303,Regional NE-S,AL,LOJA,77183,LIZ CREM DES HID CPO 250g,BOT,CUIDADOS COM A PELE,CUIDADOS COM O CORPO,FLASH PROMO BOT C12'26,LIZ,Não,3,0,0.00%,0,INTERIOR
Ciclo 12 - 2026,10258 - CP ALCINA MARIA,24668,Regional NE-S,AL,LOJA,82700,MATCH SHAMP HIDRATACAO ANTIF 300ml,BOT,CABELOS,SHAMPOO/PRÉ-SHAMPOO,OMNICHANNEL C202612,MATCH,Não,3,0,0.00%,0,INTERIOR
Ciclo 12 - 2026,10258 - CP ALCINA MARIA,24669,Regional NE-S,AL,LOJA,82700,MATCH SHAMP HIDRATACAO ANTIF 300ml,BOT,CABELOS,SHAMPOO/PRÉ-SHAMPOO,OMNICHANNEL C202612,MATCH,Não,3,0,0.00%,0,INTERIOR
Ciclo 12 - 2026,10258 - CP ALCINA MARIA,24671,Regional NE-S,AL,LOJA,82700,MATCH SHAMP HIDRATACAO ANTIF 300ml,BOT,CABELOS,SHAMPOO/PRÉ-SHAMPOO,OMNICHANNEL C202612,MATCH,Não,3,0,0.00%,0,INTERIOR
Ciclo 12 - 2026,10258 - CP ALCINA MARIA,24670,Regional NE-S,AL,LOJA,82700,MATCH SHAMP HIDRATACAO ANTIF 300ml,BOT,CABELOS,SHAMPOO/PRÉ-SHAMPOO,OMNICHANNEL C202612,MATCH,Não,3,0,0.00%,0,INTERIOR
Ciclo 12 - 2026,10258 - CP ALCINA MARIA,24303,Regional NE-S,AL,LOJA,82700,MATCH SHAMP HIDRATACAO ANTIF 300ml,BOT,CABELOS,SHAMPOO/PRÉ-SHAMPOO,OMNICHANNEL C202612,MATCH,Não,3,0,0.00%,0,INTERIOR
Ciclo 12 - 2026,10258 - CP ALCINA MARIA,24303,Regional NE-S,AL,LOJA,82701,MATCH COND HIDRATACAO ANTIF 280ml,BOT,CABELOS,CONDICIONADOR,OMNICHANNEL C202612,MATCH,Não,3,0,0.00%,0,INTERIOR
Ciclo 12 - 2026,10258 - CP ALCINA MARIA,24671,Regional NE-S,AL,LOJA,82701,MATCH COND HIDRATACAO ANTIF 280ml,BOT,CABELOS,CONDICIONADOR,OMNICHANNEL C202612,MATCH,Não,3,0,0.00%,0,INTERIOR
Ciclo 12 - 2026,10258 - CP ALCINA MARIA,24670,Regional NE-S,AL,LOJA,82701,MATCH COND HIDRATACAO ANTIF 280ml,BOT,CABELOS,CONDICIONADOR,OMNICHANNEL C202612,MATCH,Não,3,0,0.00%,0,INTERIOR
Ciclo 12 - 2026,10258 - CP ALCINA MARIA,24668,Regional NE-S,AL,LOJA,82701,MATCH COND HIDRATACAO ANTIF 280ml,BOT,CABELOS,CONDICIONADOR,OMNICHANNEL C202612,MATCH,Não,3,0,0.00%,0,INTERIOR
Ciclo 12 - 2026,10258 - CP ALCINA MARIA,24669,Regional NE-S,AL,LOJA,82701,MATCH COND HIDRATACAO ANTIF 280ml,BOT,CABELOS,CONDICIONADOR,OMNICHANNEL C202612,MATCH,Não,3,0,0.00%,0,INTERIOR
Ciclo 12 - 2026,10258 - CP ALCINA MARIA,24671,Regional NE-S,AL,LOJA,82707,MATCH LEAVE IN NUTR PROF 150ml,BOT,CABELOS,FINALIZADOR,OMNICHANNEL C202612,MATCH,Não,3,0,0.00%,0,INTERIOR
Ciclo 12 - 2026,10258 - CP ALCINA MARIA,24668,Regional NE-S,AL,LOJA,82707,MATCH LEAVE IN NUTR PROF 150ml,BOT,CABELOS,FINALIZADOR,OMNICHANNEL C202612,MATCH,Não,3,0,0.00%,0,INTERIOR
Ciclo 12 - 2026,10258 - CP ALCINA MARIA,24669,Regional NE-S,AL,LOJA,82707,MATCH LEAVE IN NUTR PROF 150ml,BOT,CABELOS,FINALIZADOR,OMNICHANNEL C202612,MATCH,Não,3,0,0.00%,0,INTERIOR
Ciclo 12 - 2026,10258 - CP ALCINA MARIA,24303,Regional NE-S,AL,LOJA,82707,MATCH LEAVE IN NUTR PROF 150ml,BOT,CABELOS,FINALIZADOR,OMNICHANNEL C202612,MATCH,Não,3,0,0.00%,0,INTERIOR
Ciclo 12 - 2026,10258 - CP ALCINA MARIA,24670,Regional NE-S,AL,LOJA,82707,MATCH LEAVE IN NUTR PROF 150ml,BOT,CABELOS,FINALIZADOR,OMNICHANNEL C202612,MATCH,Não,3,0,0.00%,0,INTERIOR
Ciclo 12 - 2026,10258 - CP ALCINA MARIA,24671,Regional NE-S,AL,LOJA,82824,MATCH SHAMP MATIZADOR LOIROS 300ml,BOT,CABELOS,SHAMPOO/PRÉ-SHAMPOO,OMNICHANNEL C202612,MATCH,Não,3,0,0.00%,0,INTERIOR
Ciclo 12 - 2026,10258 - CP ALCINA MARIA,24670,Regional NE-S,AL,LOJA,82824,MATCH SHAMP MATIZADOR LOIROS 300ml,BOT,CABELOS,SHAMPOO/PRÉ-SHAMPOO,OMNICHANNEL C202612,MATCH,Não,3,0,0.00%,0,INTERIOR
Ciclo 12 - 2026,10258 - CP ALCINA MARIA,24303,Regional NE-S,AL,LOJA,82824,MATCH SHAMP MATIZADOR LOIROS 300ml,BOT,CABELOS,SHAMPOO/PRÉ-SHAMPOO,OMNICHANNEL C202612,MATCH,Não,3,0,0.00%,0,INTERIOR
Ciclo 12 - 2026,10258 - CP ALCINA MARIA,24669,Regional NE-S,AL,LOJA,82824,MATCH SHAMP MATIZADOR LOIROS 300ml,BOT,CABELOS,SHAMPOO/PRÉ-SHAMPOO,OMNICHANNEL C202612,MATCH,Não,3,0,0.00%,0,INTERIOR
Ciclo 12 - 2026,10258 - CP ALCINA MARIA,24668,Regional NE-S,AL,LOJA,82824,MATCH SHAMP MATIZADOR LOIROS 300ml,BOT,CABELOS,SHAMPOO/PRÉ-SHAMPOO,OMNICHANNEL C202612,MATCH,Não,3,0,0.00%,0,INTERIOR
Ciclo 12 - 2026,10258 - CP ALCINA MARIA,24670,Regional NE-S,AL,LOJA,84387,MALBEC DES COL V6 100ml,BOT,PERFUMARIA,PERFUMARIA MASCULINA,OMNICHANNEL C202612,MALBEC,Não,3,0,0.00%,0,INTERIOR
Ciclo 12 - 2026,10258 - CP ALCINA MARIA,24668,Regional NE-S,AL,LOJA,84387,MALBEC DES COL V6 100ml,BOT,PERFUMARIA,PERFUMARIA MASCULINA,OMNICHANNEL C202612,MALBEC,Não,3,0,0.00%,0,INTERIOR
Ciclo 12 - 2026,10258 - CP ALCINA MARIA,24671,Regional NE-S,AL,LOJA,84387,MALBEC DES COL V6 100ml,BOT,PERFUMARIA,PERFUMARIA MASCULINA,OMNICHANNEL C202612,MALBEC,Não,3,0,0.00%,0,INTERIOR
Ciclo 12 - 2026,10258 - CP ALCINA MARIA,24303,Regional NE-S,AL,LOJA,84387,MALBEC DES COL V6 100ml,BOT,PERFUMARIA,PERFUMARIA MASCULINA,OMNICHANNEL C202612,MALBEC,Não,3,0,0.00%,0,INTERIOR
Ciclo 12 - 2026,10258 - CP ALCINA MARIA,24669,Regional NE-S,AL,LOJA,84387,MALBEC DES COL V6 100ml,BOT,PERFUMARIA,PERFUMARIA MASCULINA,OMNICHANNEL C202612,MALBEC,Não,3,0,0.00%,0,INTERIOR
Ciclo 12 - 2026,10258 - CP ALCINA MARIA,24669,Regional NE-S,AL,LOJA,84390,MALBEC DES COL MAGNETIC V3 100ml,BOT,PERFUMARIA,PERFUMARIA MASCULINA,OMNICHANNEL C202612,MALBEC,Não,3,10,30.00%,10,INTERIOR
Ciclo 12 - 2026,10258 - CP ALCINA MARIA,24668,Regional NE-S,AL,LOJA,84390,MALBEC DES COL MAGNETIC V3 100ml,BOT,PERFUMARIA,PERFUMARIA MASCULINA,OMNICHANNEL C202612,MALBEC,Não,3,6,66.67%,6,INTERIOR
Ciclo 12 - 2026,10258 - CP ALCINA MARIA,24670,Regional NE-S,AL,LOJA,84390,MALBEC DES COL MAGNETIC V3 100ml,BOT,PERFUMARIA,PERFUMARIA MASCULINA,OMNICHANNEL C202612,MALBEC,Não,3,10,20.00%,10,INTERIOR
Ciclo 12 - 2026,10258 - CP ALCINA MARIA,24671,Regional NE-S,AL,LOJA,84390,MALBEC DES COL MAGNETIC V3 100ml,BOT,PERFUMARIA,PERFUMARIA MASCULINA,OMNICHANNEL C202612,MALBEC,Não,3,0,0.00%,0,INTERIOR
Ciclo 12 - 2026,10258 - CP ALCINA MARIA,24303,Regional NE-S,AL,LOJA,84390,MALBEC DES COL MAGNETIC V3 100ml,BOT,PERFUMARIA,PERFUMARIA MASCULINA,OMNICHANNEL C202612,MALBEC,Não,3,6,0.00%,6,INTERIOR
Ciclo 12 - 2026,10258 - CP ALCINA MARIA,24671,Regional NE-S,AL,LOJA,84391,MALBEC DES COL GOLD V3 100ml,BOT,PERFUMARIA,PERFUMARIA MASCULINA,OMNICHANNEL C202612,MALBEC,Não,3,0,0.00%,0,INTERIOR
Ciclo 12 - 2026,10258 - CP ALCINA MARIA,24670,Regional NE-S,AL,LOJA,84391,MALBEC DES COL GOLD V3 100ml,BOT,PERFUMARIA,PERFUMARIA MASCULINA,OMNICHANNEL C202612,MALBEC,Não,3,3,133.33%,3,INTERIOR
Ciclo 12 - 2026,10258 - CP ALCINA MARIA,24669,Regional NE-S,AL,LOJA,84391,MALBEC DES COL GOLD V3 100ml,BOT,PERFUMARIA,PERFUMARIA MASCULINA,OMNICHANNEL C202612,MALBEC,Não,3,6,50.00%,6,INTERIOR
Ciclo 12 - 2026,10258 - CP ALCINA MARIA,24303,Regional NE-S,AL,LOJA,84391,MALBEC DES COL GOLD V3 100ml,BOT,PERFUMARIA,PERFUMARIA MASCULINA,OMNICHANNEL C202612,MALBEC,Não,3,0,0.00%,0,INTERIOR
Ciclo 12 - 2026,10258 - CP ALCINA MARIA,24668,Regional NE-S,AL,LOJA,84391,MALBEC DES COL GOLD V3 100ml,BOT,PERFUMARIA,PERFUMARIA MASCULINA,OMNICHANNEL C202612,MALBEC,Não,3,6,83.33%,6,INTERIOR
Ciclo 12 - 2026,10258 - CP ALCINA MARIA,24303,Regional NE-S,AL,LOJA,84392,MALBEC DES COL BLACK V2 100ml,BOT,PERFUMARIA,PERFUMARIA MASCULINA,OMNICHANNEL C202612,MALBEC,Não,3,0,0.00%,0,INTERIOR
Ciclo 12 - 2026,10258 - CP ALCINA MARIA,24670,Regional NE-S,AL,LOJA,84392,MALBEC DES COL BLACK V2 100ml,BOT,PERFUMARIA,PERFUMARIA MASCULINA,OMNICHANNEL C202612,MALBEC,Não,3,0,0.00%,0,INTERIOR
Ciclo 12 - 2026,10258 - CP ALCINA MARIA,24671,Regional NE-S,AL,LOJA,84392,MALBEC DES COL BLACK V2 100ml,BOT,PERFUMARIA,PERFUMARIA MASCULINA,OMNICHANNEL C202612,MALBEC,Não,3,0,0.00%,0,INTERIOR
Ciclo 12 - 2026,10258 - CP ALCINA MARIA,24669,Regional NE-S,AL,LOJA,84392,MALBEC DES COL BLACK V2 100ml,BOT,PERFUMARIA,PERFUMARIA MASCULINA,OMNICHANNEL C202612,MALBEC,Não,3,0,0.00%,0,INTERIOR
Ciclo 12 - 2026,10258 - CP ALCINA MARIA,24668,Regional NE-S,AL,LOJA,84392,MALBEC DES COL BLACK V2 100ml,BOT,PERFUMARIA,PERFUMARIA MASCULINA,OMNICHANNEL C202612,MALBEC,Não,3,0,0.00%,0,INTERIOR
Ciclo 12 - 2026,10258 - CP ALCINA MARIA,24671,Regional NE-S,AL,LOJA,84741,REF MATCH SHAMP NUTR PROFUNDA V2 250ml,BOT,CABELOS,SHAMPOO/PRÉ-SHAMPOO,OMNICHANNEL C202612,MATCH,Não,3,0,0.00%,0,INTERIOR
Ciclo 12 - 2026,10258 - CP ALCINA MARIA,24669,Regional NE-S,AL,LOJA,84741,REF MATCH SHAMP NUTR PROFUNDA V2 250ml,BOT,CABELOS,SHAMPOO/PRÉ-SHAMPOO,OMNICHANNEL C202612,MATCH,Não,3,0,0.00%,0,INTERIOR
Ciclo 12 - 2026,10258 - CP ALCINA MARIA,24668,Regional NE-S,AL,LOJA,84741,REF MATCH SHAMP NUTR PROFUNDA V2 250ml,BOT,CABELOS,SHAMPOO/PRÉ-SHAMPOO,OMNICHANNEL C202612,MATCH,Não,3,3,66.67%,3,INTERIOR
Ciclo 12 - 2026,10258 - CP ALCINA MARIA,24303,Regional NE-S,AL,LOJA,84741,REF MATCH SHAMP NUTR PROFUNDA V2 250ml,BOT,CABELOS,SHAMPOO/PRÉ-SHAMPOO,OMNICHANNEL C202612,MATCH,Não,3,3,0.00%,3,INTERIOR
Ciclo 12 - 2026,10258 - CP ALCINA MARIA,24670,Regional NE-S,AL,LOJA,84741,REF MATCH SHAMP NUTR PROFUNDA V2 250ml,BOT,CABELOS,SHAMPOO/PRÉ-SHAMPOO,OMNICHANNEL C202612,MATCH,Não,3,0,0.00%,0,INTERIOR
Ciclo 12 - 2026,10258 - CP ALCINA MARIA,24669,Regional NE-S,AL,LOJA,85056,EGEO DES COL DOLCE ILLUSION PRM 10ml,BOT,SUPORTE À VENDA,PRM,BOLETO PROMOCIONAL BOT C12'26,EGEO,Não,51,0,0.00%,0,INTERIOR
Ciclo 12 - 2026,10258 - CP ALCINA MARIA,24668,Regional NE-S,AL,LOJA,85056,EGEO DES COL DOLCE ILLUSION PRM 10ml,BOT,SUPORTE À VENDA,PRM,BOLETO PROMOCIONAL BOT C12'26,EGEO,Não,57,0,0.00%,0,INTERIOR
Ciclo 12 - 2026,10258 - CP ALCINA MARIA,24670,Regional NE-S,AL,LOJA,85056,EGEO DES COL DOLCE ILLUSION PRM 10ml,BOT,SUPORTE À VENDA,PRM,BOLETO PROMOCIONAL BOT C12'26,EGEO,Não,70,0,0.00%,0,INTERIOR
Ciclo 12 - 2026,10258 - CP ALCINA MARIA,24671,Regional NE-S,AL,LOJA,85056,EGEO DES COL DOLCE ILLUSION PRM 10ml,BOT,SUPORTE À VENDA,PRM,BOLETO PROMOCIONAL BOT C12'26,EGEO,Não,47,0,0.00%,0,INTERIOR
Ciclo 12 - 2026,10258 - CP ALCINA MARIA,24303,Regional NE-S,AL,LOJA,85056,EGEO DES COL DOLCE ILLUSION PRM 10ml,BOT,SUPORTE À VENDA,PRM,BOLETO PROMOCIONAL BOT C12'26,EGEO,Não,61,0,0.00%,0,INTERIOR
Ciclo 12 - 2026,10258 - CP ALCINA MARIA,24617,Regional NE-S,AL,LOJA,85056,EGEO DES COL DOLCE ILLUSION PRM 10ml,BOT,SUPORTE À VENDA,PRM,BOLETO PROMOCIONAL BOT C12'26,EGEO,Não,8,0,0.00%,0,INTERIOR
Ciclo 12 - 2026,10258 - CP ALCINA MARIA,24671,Regional NE-S,AL,LOJA,85124,CBEM LOC DES HID CPO DELEITE V3 400ml,BOT,CUIDADOS COM A PELE,CUIDADOS COM O CORPO,OMNICHANNEL C202612,CUIDE-SE BEM,Não,3,0,0.00%,0,INTERIOR
Ciclo 12 - 2026,10258 - CP ALCINA MARIA,24670,Regional NE-S,AL,LOJA,85124,CBEM LOC DES HID CPO DELEITE V3 400ml,BOT,CUIDADOS COM A PELE,CUIDADOS COM O CORPO,OMNICHANNEL C202612,CUIDE-SE BEM,Não,3,0,0.00%,0,INTERIOR
Ciclo 12 - 2026,10258 - CP ALCINA MARIA,24303,Regional NE-S,AL,LOJA,85124,CBEM LOC DES HID CPO DELEITE V3 400ml,BOT,CUIDADOS COM A PELE,CUIDADOS COM O CORPO,OMNICHANNEL C202612,CUIDE-SE BEM,Não,3,6,0.00%,6,INTERIOR
Ciclo 12 - 2026,10258 - CP ALCINA MARIA,24668,Regional NE-S,AL,LOJA,85124,CBEM LOC DES HID CPO DELEITE V3 400ml,BOT,CUIDADOS COM A PELE,CUIDADOS COM O CORPO,OMNICHANNEL C202612,CUIDE-SE BEM,Não,3,4,75.00%,4,INTERIOR
Ciclo 12 - 2026,10258 - CP ALCINA MARIA,24669,Regional NE-S,AL,LOJA,85124,CBEM LOC DES HID CPO DELEITE V3 400ml,BOT,CUIDADOS COM A PELE,CUIDADOS COM O CORPO,OMNICHANNEL C202612,CUIDE-SE BEM,Não,3,0,0.00%,0,INTERIOR
Ciclo 12 - 2026,10258 - CP ALCINA MARIA,24670,Regional NE-S,AL,LOJA,85125,MATCH COND NUTR/PROF V2 280ml,BOT,CABELOS,CONDICIONADOR,OMNICHANNEL C202612,MATCH,Não,3,0,0.00%,0,INTERIOR
Ciclo 12 - 2026,10258 - CP ALCINA MARIA,24669,Regional NE-S,AL,LOJA,85125,MATCH COND NUTR/PROF V2 280ml,BOT,CABELOS,CONDICIONADOR,OMNICHANNEL C202612,MATCH,Não,3,0,0.00%,0,INTERIOR
Ciclo 12 - 2026,10258 - CP ALCINA MARIA,24671,Regional NE-S,AL,LOJA,85125,MATCH COND NUTR/PROF V2 280ml,BOT,CABELOS,CONDICIONADOR,OMNICHANNEL C202612,MATCH,Não,3,0,0.00%,0,INTERIOR
Ciclo 12 - 2026,10258 - CP ALCINA MARIA,24303,Regional NE-S,AL,LOJA,85125,MATCH COND NUTR/PROF V2 280ml,BOT,CABELOS,CONDICIONADOR,OMNICHANNEL C202612,MATCH,Não,3,3,33.33%,3,INTERIOR
Ciclo 12 - 2026,10258 - CP ALCINA MARIA,24668,Regional NE-S,AL,LOJA,85125,MATCH COND NUTR/PROF V2 280ml,BOT,CABELOS,CONDICIONADOR,OMNICHANNEL C202612,MATCH,Não,3,0,0.00%,0,INTERIOR
Ciclo 12 - 2026,10258 - CP ALCINA MARIA,24671,Regional NE-S,AL,LOJA,85427,NSPA CR PERF DES CPO ROSAS/SCRT PRM 50ml,BOT,SUPORTE À VENDA,PRM,OMNICHANNEL C202612,NATIVA SPA,Não,3,0,0.00%,0,INTERIOR
Ciclo 12 - 2026,10258 - CP ALCINA MARIA,24668,Regional NE-S,AL,LOJA,85427,NSPA CR PERF DES CPO ROSAS/SCRT PRM 50ml,BOT,SUPORTE À VENDA,PRM,OMNICHANNEL C202612,NATIVA SPA,Não,3,0,0.00%,0,INTERIOR
Ciclo 12 - 2026,10258 - CP ALCINA MARIA,24670,Regional NE-S,AL,LOJA,85427,NSPA CR PERF DES CPO ROSAS/SCRT PRM 50ml,BOT,SUPORTE À VENDA,PRM,OMNICHANNEL C202612,NATIVA SPA,Não,3,0,0.00%,0,INTERIOR
Ciclo 12 - 2026,10258 - CP ALCINA MARIA,24303,Regional NE-S,AL,LOJA,85427,NSPA CR PERF DES CPO ROSAS/SCRT PRM 50ml,BOT,SUPORTE À VENDA,PRM,OMNICHANNEL C202612,NATIVA SPA,Não,3,0,0.00%,0,INTERIOR
Ciclo 12 - 2026,10258 - CP ALCINA MARIA,24669,Regional NE-S,AL,LOJA,85427,NSPA CR PERF DES CPO ROSAS/SCRT PRM 50ml,BOT,SUPORTE À VENDA,PRM,OMNICHANNEL C202612,NATIVA SPA,Não,3,0,0.00%,0,INTERIOR
Ciclo 12 - 2026,10258 - CP ALCINA MARIA,24671,Regional NE-S,AL,LOJA,85483,FLORATTA DES BDY SPRAY RED V2 100ml,BOT,DESODORANTES,DESODORANTE FEMININO,OMNICHANNEL C202612,FLORATTA,Não,3,20,5.00%,20,INTERIOR
Ciclo 12 - 2026,10258 - CP ALCINA MARIA,24669,Regional NE-S,AL,LOJA,85483,FLORATTA DES BDY SPRAY RED V2 100ml,BOT,DESODORANTES,DESODORANTE FEMININO,OMNICHANNEL C202612,FLORATTA,Não,3,55,3.64%,55,INTERIOR
Ciclo 12 - 2026,10258 - CP ALCINA MARIA,24670,Regional NE-S,AL,LOJA,85483,FLORATTA DES BDY SPRAY RED V2 100ml,BOT,DESODORANTES,DESODORANTE FEMININO,OMNICHANNEL C202612,FLORATTA,Não,3,10,40.00%,10,INTERIOR
Ciclo 12 - 2026,10258 - CP ALCINA MARIA,24303,Regional NE-S,AL,LOJA,85483,FLORATTA DES BDY SPRAY RED V2 100ml,BOT,DESODORANTES,DESODORANTE FEMININO,OMNICHANNEL C202612,FLORATTA,Não,3,25,16.00%,25,INTERIOR
Ciclo 12 - 2026,10258 - CP ALCINA MARIA,24668,Regional NE-S,AL,LOJA,85483,FLORATTA DES BDY SPRAY RED V2 100ml,BOT,DESODORANTES,DESODORANTE FEMININO,OMNICHANNEL C202612,FLORATTA,Não,3,55,5.45%,55,INTERIOR
Ciclo 12 - 2026,10258 - CP ALCINA MARIA,24668,Regional NE-S,AL,LOJA,85548,REF MATCH COND NUTR/PROF V2 250ml,BOT,CABELOS,CONDICIONADOR,OMNICHANNEL C202612,MATCH,Não,3,3,0.00%,3,INTERIOR
Ciclo 12 - 2026,10258 - CP ALCINA MARIA,24671,Regional NE-S,AL,LOJA,85548,REF MATCH COND NUTR/PROF V2 250ml,BOT,CABELOS,CONDICIONADOR,OMNICHANNEL C202612,MATCH,Não,3,3,33.33%,3,INTERIOR
Ciclo 12 - 2026,10258 - CP ALCINA MARIA,24303,Regional NE-S,AL,LOJA,85548,REF MATCH COND NUTR/PROF V2 250ml,BOT,CABELOS,CONDICIONADOR,OMNICHANNEL C202612,MATCH,Não,3,3,0.00%,3,INTERIOR
Ciclo 12 - 2026,10258 - CP ALCINA MARIA,24669,Regional NE-S,AL,LOJA,85548,REF MATCH COND NUTR/PROF V2 250ml,BOT,CABELOS,CONDICIONADOR,OMNICHANNEL C202612,MATCH,Não,3,3,33.33%,3,INTERIOR
Ciclo 12 - 2026,10258 - CP ALCINA MARIA,24670,Regional NE-S,AL,LOJA,85548,REF MATCH COND NUTR/PROF V2 250ml,BOT,CABELOS,CONDICIONADOR,OMNICHANNEL C202612,MATCH,Não,3,0,0.00%,0,INTERIOR
Ciclo 12 - 2026,10258 - CP ALCINA MARIA,24303,Regional NE-S,AL,LOJA,85584,NSPA OL GLOR DES HID CPO ORQ/LUM 200ml,BOT,ÓLEOS,CUIDADOS COM O CORPO,BOLETO TURBINADO BOT C12'26,NATIVA SPA,Não,3,0,0.00%,0,INTERIOR
Ciclo 12 - 2026,10258 - CP ALCINA MARIA,24669,Regional NE-S,AL,LOJA,85584,NSPA OL GLOR DES HID CPO ORQ/LUM 200ml,BOT,ÓLEOS,CUIDADOS COM O CORPO,BOLETO TURBINADO BOT C12'26,NATIVA SPA,Não,3,0,0.00%,0,INTERIOR
Ciclo 12 - 2026,10258 - CP ALCINA MARIA,24671,Regional NE-S,AL,LOJA,85584,NSPA OL GLOR DES HID CPO ORQ/LUM 200ml,BOT,ÓLEOS,CUIDADOS COM O CORPO,BOLETO TURBINADO BOT C12'26,NATIVA SPA,Não,3,16,0.00%,7,INTERIOR
Ciclo 12 - 2026,10258 - CP ALCINA MARIA,24668,Regional NE-S,AL,LOJA,85584,NSPA OL GLOR DES HID CPO ORQ/LUM 200ml,BOT,ÓLEOS,CUIDADOS COM O CORPO,BOLETO TURBINADO BOT C12'26,NATIVA SPA,Não,3,0,0.00%,0,INTERIOR
Ciclo 12 - 2026,10258 - CP ALCINA MARIA,24617,Regional NE-S,AL,LOJA,85584,NSPA OL GLOR DES HID CPO ORQ/LUM 200ml,BOT,ÓLEOS,CUIDADOS COM O CORPO,BOLETO TURBINADO BOT C12'26,NATIVA SPA,Não,3,0,0.00%,0,INTERIOR
Ciclo 12 - 2026,10258 - CP ALCINA MARIA,24670,Regional NE-S,AL,LOJA,85584,NSPA OL GLOR DES HID CPO ORQ/LUM 200ml,BOT,ÓLEOS,CUIDADOS COM O CORPO,BOLETO TURBINADO BOT C12'26,NATIVA SPA,Não,3,0,0.00%,0,INTERIOR
Ciclo 12 - 2026,10258 - CP ALCINA MARIA,24671,Regional NE-S,AL,LOJA,85646,BOTICA 214 EDP ARAB/OAS FG/AMB PRM 10ml,BOT,SUPORTE À VENDA,PRM,OMNICHANNEL C202612,BOTICA 214,Não,3,0,0.00%,0,INTERIOR
Ciclo 12 - 2026,10258 - CP ALCINA MARIA,24669,Regional NE-S,AL,LOJA,85646,BOTICA 214 EDP ARAB/OAS FG/AMB PRM 10ml,BOT,SUPORTE À VENDA,PRM,OMNICHANNEL C202612,BOTICA 214,Não,3,0,0.00%,0,INTERIOR
Ciclo 12 - 2026,10258 - CP ALCINA MARIA,24303,Regional NE-S,AL,LOJA,85646,BOTICA 214 EDP ARAB/OAS FG/AMB PRM 10ml,BOT,SUPORTE À VENDA,PRM,OMNICHANNEL C202612,BOTICA 214,Não,3,0,0.00%,0,INTERIOR
Ciclo 12 - 2026,10258 - CP ALCINA MARIA,24668,Regional NE-S,AL,LOJA,85646,BOTICA 214 EDP ARAB/OAS FG/AMB PRM 10ml,BOT,SUPORTE À VENDA,PRM,OMNICHANNEL C202612,BOTICA 214,Não,3,0,0.00%,0,INTERIOR
Ciclo 12 - 2026,10258 - CP ALCINA MARIA,24670,Regional NE-S,AL,LOJA,85646,BOTICA 214 EDP ARAB/OAS FG/AMB PRM 10ml,BOT,SUPORTE À VENDA,PRM,OMNICHANNEL C202612,BOTICA 214,Não,3,0,0.00%,0,INTERIOR
Ciclo 12 - 2026,10258 - CP ALCINA MARIA,24670,Regional NE-S,AL,LOJA,85647,BOTICA 214 EDP ARAB/OAS FL/FRUT PRM 10ml,BOT,SUPORTE À VENDA,PRM,OMNICHANNEL C202612,BOTICA 214,Não,3,0,0.00%,0,INTERIOR
Ciclo 12 - 2026,10258 - CP ALCINA MARIA,24671,Regional NE-S,AL,LOJA,85647,BOTICA 214 EDP ARAB/OAS FL/FRUT PRM 10ml,BOT,SUPORTE À VENDA,PRM,OMNICHANNEL C202612,BOTICA 214,Não,3,0,0.00%,0,INTERIOR
Ciclo 12 - 2026,10258 - CP ALCINA MARIA,24303,Regional NE-S,AL,LOJA,85647,BOTICA 214 EDP ARAB/OAS FL/FRUT PRM 10ml,BOT,SUPORTE À VENDA,PRM,OMNICHANNEL C202612,BOTICA 214,Não,3,0,0.00%,0,INTERIOR
Ciclo 12 - 2026,10258 - CP ALCINA MARIA,24668,Regional NE-S,AL,LOJA,85647,BOTICA 214 EDP ARAB/OAS FL/FRUT PRM 10ml,BOT,SUPORTE À VENDA,PRM,OMNICHANNEL C202612,BOTICA 214,Não,3,0,0.00%,0,INTERIOR
Ciclo 12 - 2026,10258 - CP ALCINA MARIA,24669,Regional NE-S,AL,LOJA,85647,BOTICA 214 EDP ARAB/OAS FL/FRUT PRM 10ml,BOT,SUPORTE À VENDA,PRM,OMNICHANNEL C202612,BOTICA 214,Não,3,0,0.00%,0,INTERIOR
Ciclo 12 - 2026,10258 - CP ALCINA MARIA,24303,Regional NE-S,AL,LOJA,85920,CBEM DES COL BDY SPLSH AMORUDA 200ml,BOT,PERFUMARIA,PERFUMARIA FEMININA,OMNICHANNEL C202612,CUIDE-SE BEM,Não,3,6,66.67%,6,INTERIOR
Ciclo 12 - 2026,10258 - CP ALCINA MARIA,24668,Regional NE-S,AL,LOJA,85920,CBEM DES COL BDY SPLSH AMORUDA 200ml,BOT,PERFUMARIA,PERFUMARIA FEMININA,OMNICHANNEL C202612,CUIDE-SE BEM,Não,3,7,57.14%,7,INTERIOR
Ciclo 12 - 2026,10258 - CP ALCINA MARIA,24670,Regional NE-S,AL,LOJA,85920,CBEM DES COL BDY SPLSH AMORUDA 200ml,BOT,PERFUMARIA,PERFUMARIA FEMININA,OMNICHANNEL C202612,CUIDE-SE BEM,Não,3,3,33.33%,3,INTERIOR
Ciclo 12 - 2026,10258 - CP ALCINA MARIA,24671,Regional NE-S,AL,LOJA,85920,CBEM DES COL BDY SPLSH AMORUDA 200ml,BOT,PERFUMARIA,PERFUMARIA FEMININA,OMNICHANNEL C202612,CUIDE-SE BEM,Não,3,9,11.11%,9,INTERIOR
Ciclo 12 - 2026,10258 - CP ALCINA MARIA,24669,Regional NE-S,AL,LOJA,85920,CBEM DES COL BDY SPLSH AMORUDA 200ml,BOT,PERFUMARIA,PERFUMARIA FEMININA,OMNICHANNEL C202612,CUIDE-SE BEM,Não,3,9,22.22%,9,INTERIOR
Ciclo 12 - 2026,10258 - CP ALCINA MARIA,24670,Regional NE-S,AL,LOJA,86024,CBEM CREM HID FAC DOCES DELIRIOS 50g,BOT,CUIDADOS FACIAIS,HIDRATANTES E TRATAMENTOS,BOLETO TURBINADO BOT C12'26,CUIDE-SE BEM,Não,5,0,0.00%,0,INTERIOR
Ciclo 12 - 2026,10258 - CP ALCINA MARIA,24669,Regional NE-S,AL,LOJA,86024,CBEM CREM HID FAC DOCES DELIRIOS 50g,BOT,CUIDADOS FACIAIS,HIDRATANTES E TRATAMENTOS,BOLETO TURBINADO BOT C12'26,CUIDE-SE BEM,Não,5,0,0.00%,0,INTERIOR
Ciclo 12 - 2026,10258 - CP ALCINA MARIA,24303,Regional NE-S,AL,LOJA,86024,CBEM CREM HID FAC DOCES DELIRIOS 50g,BOT,CUIDADOS FACIAIS,HIDRATANTES E TRATAMENTOS,BOLETO TURBINADO BOT C12'26,CUIDE-SE BEM,Não,3,0,0.00%,0,INTERIOR
Ciclo 12 - 2026,10258 - CP ALCINA MARIA,24617,Regional NE-S,AL,LOJA,86024,CBEM CREM HID FAC DOCES DELIRIOS 50g,BOT,CUIDADOS FACIAIS,HIDRATANTES E TRATAMENTOS,BOLETO TURBINADO BOT C12'26,CUIDE-SE BEM,Não,3,0,0.00%,0,INTERIOR
Ciclo 12 - 2026,10258 - CP ALCINA MARIA,24668,Regional NE-S,AL,LOJA,86024,CBEM CREM HID FAC DOCES DELIRIOS 50g,BOT,CUIDADOS FACIAIS,HIDRATANTES E TRATAMENTOS,BOLETO TURBINADO BOT C12'26,CUIDE-SE BEM,Não,6,0,0.00%,0,INTERIOR
Ciclo 12 - 2026,10258 - CP ALCINA MARIA,24671,Regional NE-S,AL,LOJA,86024,CBEM CREM HID FAC DOCES DELIRIOS 50g,BOT,CUIDADOS FACIAIS,HIDRATANTES E TRATAMENTOS,BOLETO TURBINADO BOT C12'26,CUIDE-SE BEM,Não,4,0,0.00%,0,INTERIOR
Ciclo 12 - 2026,10258 - CP ALCINA MARIA,24670,Regional NE-S,AL,LOJA,86429,NEXT PASTA MODEL CAP PRM 30g,BOT,SUPORTE À VENDA,PRM,OMNICHANNEL C202612,NEXT,Não,3,0,0.00%,0,INTERIOR
Ciclo 12 - 2026,10258 - CP ALCINA MARIA,24668,Regional NE-S,AL,LOJA,86429,NEXT PASTA MODEL CAP PRM 30g,BOT,SUPORTE À VENDA,PRM,OMNICHANNEL C202612,NEXT,Não,3,0,0.00%,0,INTERIOR
Ciclo 12 - 2026,10258 - CP ALCINA MARIA,24303,Regional NE-S,AL,LOJA,86429,NEXT PASTA MODEL CAP PRM 30g,BOT,SUPORTE À VENDA,PRM,OMNICHANNEL C202612,NEXT,Não,3,0,0.00%,0,INTERIOR
Ciclo 12 - 2026,10258 - CP ALCINA MARIA,24669,Regional NE-S,AL,LOJA,86429,NEXT PASTA MODEL CAP PRM 30g,BOT,SUPORTE À VENDA,PRM,OMNICHANNEL C202612,NEXT,Não,3,0,0.00%,0,INTERIOR
Ciclo 12 - 2026,10258 - CP ALCINA MARIA,24671,Regional NE-S,AL,LOJA,86429,NEXT PASTA MODEL CAP PRM 30g,BOT,SUPORTE À VENDA,PRM,OMNICHANNEL C202612,NEXT,Não,3,0,0.00%,0,INTERIOR
Ciclo 12 - 2026,10258 - CP ALCINA MARIA,24671,Regional NE-S,AL,LOJA,86754,REF NSPA SAB LIQ PERF ORQ/NOIRE V2 200ml,BOT,SABONETE CORPO,CORPO,OMNICHANNEL C202612,NATIVA SPA,Não,3,0,0.00%,0,INTERIOR
Ciclo 12 - 2026,10258 - CP ALCINA MARIA,24670,Regional NE-S,AL,LOJA,86754,REF NSPA SAB LIQ PERF ORQ/NOIRE V2 200ml,BOT,SABONETE CORPO,CORPO,OMNICHANNEL C202612,NATIVA SPA,Não,3,0,0.00%,0,INTERIOR
Ciclo 12 - 2026,10258 - CP ALCINA MARIA,24303,Regional NE-S,AL,LOJA,86754,REF NSPA SAB LIQ PERF ORQ/NOIRE V2 200ml,BOT,SABONETE CORPO,CORPO,OMNICHANNEL C202612,NATIVA SPA,Não,3,0,0.00%,0,INTERIOR
Ciclo 12 - 2026,10258 - CP ALCINA MARIA,24669,Regional NE-S,AL,LOJA,86754,REF NSPA SAB LIQ PERF ORQ/NOIRE V2 200ml,BOT,SABONETE CORPO,CORPO,OMNICHANNEL C202612,NATIVA SPA,Não,3,0,0.00%,0,INTERIOR
Ciclo 12 - 2026,10258 - CP ALCINA MARIA,24668,Regional NE-S,AL,LOJA,86754,REF NSPA SAB LIQ PERF ORQ/NOIRE V2 200ml,BOT,SABONETE CORPO,CORPO,OMNICHANNEL C202612,NATIVA SPA,Não,3,0,0.00%,0,INTERIOR
Ciclo 12 - 2026,10258 - CP ALCINA MARIA,24671,Regional NE-S,AL,LOJA,86755,NSPA SAB LIQ PERF ORQ/NOIRE V2 250ml,BOT,SABONETE CORPO,CORPO,OMNICHANNEL C202612,NATIVA SPA,Não,3,6,0.00%,0,INTERIOR
Ciclo 12 - 2026,10258 - CP ALCINA MARIA,24669,Regional NE-S,AL,LOJA,86755,NSPA SAB LIQ PERF ORQ/NOIRE V2 250ml,BOT,SABONETE CORPO,CORPO,OMNICHANNEL C202612,NATIVA SPA,Não,3,4,0.00%,2,INTERIOR
Ciclo 12 - 2026,10258 - CP ALCINA MARIA,24670,Regional NE-S,AL,LOJA,86755,NSPA SAB LIQ PERF ORQ/NOIRE V2 250ml,BOT,SABONETE CORPO,CORPO,OMNICHANNEL C202612,NATIVA SPA,Não,3,0,0.00%,0,INTERIOR
Ciclo 12 - 2026,10258 - CP ALCINA MARIA,24668,Regional NE-S,AL,LOJA,86755,NSPA SAB LIQ PERF ORQ/NOIRE V2 250ml,BOT,SABONETE CORPO,CORPO,OMNICHANNEL C202612,NATIVA SPA,Não,3,0,0.00%,0,INTERIOR
Ciclo 12 - 2026,10258 - CP ALCINA MARIA,24303,Regional NE-S,AL,LOJA,86755,NSPA SAB LIQ PERF ORQ/NOIRE V2 250ml,BOT,SABONETE CORPO,CORPO,OMNICHANNEL C202612,NATIVA SPA,Não,3,4,100.00%,1,INTERIOR
Ciclo 12 - 2026,10258 - CP ALCINA MARIA,24670,Regional NE-S,AL,LOJA,86757,NSPA SAB LIQ PERF AMEIXA NEGRA V2 250ml,BOT,SABONETE CORPO,CORPO,OMNICHANNEL C202612,NATIVA SPA,Não,3,3,0.00%,2,INTERIOR
Ciclo 12 - 2026,10258 - CP ALCINA MARIA,24303,Regional NE-S,AL,LOJA,86757,NSPA SAB LIQ PERF AMEIXA NEGRA V2 250ml,BOT,SABONETE CORPO,CORPO,OMNICHANNEL C202612,NATIVA SPA,Não,3,8,75.00%,8,INTERIOR
Ciclo 12 - 2026,10258 - CP ALCINA MARIA,24671,Regional NE-S,AL,LOJA,86757,NSPA SAB LIQ PERF AMEIXA NEGRA V2 250ml,BOT,SABONETE CORPO,CORPO,OMNICHANNEL C202612,NATIVA SPA,Não,3,5,100.00%,5,INTERIOR
Ciclo 12 - 2026,10258 - CP ALCINA MARIA,24668,Regional NE-S,AL,LOJA,86757,NSPA SAB LIQ PERF AMEIXA NEGRA V2 250ml,BOT,SABONETE CORPO,CORPO,OMNICHANNEL C202612,NATIVA SPA,Não,3,2,50.00%,2,INTERIOR
Ciclo 12 - 2026,10258 - CP ALCINA MARIA,24669,Regional NE-S,AL,LOJA,86757,NSPA SAB LIQ PERF AMEIXA NEGRA V2 250ml,BOT,SABONETE CORPO,CORPO,OMNICHANNEL C202612,NATIVA SPA,Não,3,3,0.00%,1,INTERIOR
Ciclo 12 - 2026,10258 - CP ALCINA MARIA,24669,Regional NE-S,AL,LOJA,86759,REF NSPA SAB LIQ PERF AMEIXA V2 200ml,BOT,SABONETE CORPO,CORPO,OMNICHANNEL C202612,NATIVA SPA,Não,3,0,0.00%,0,INTERIOR
Ciclo 12 - 2026,10258 - CP ALCINA MARIA,24668,Regional NE-S,AL,LOJA,86759,REF NSPA SAB LIQ PERF AMEIXA V2 200ml,BOT,SABONETE CORPO,CORPO,OMNICHANNEL C202612,NATIVA SPA,Não,3,0,0.00%,0,INTERIOR
Ciclo 12 - 2026,10258 - CP ALCINA MARIA,24303,Regional NE-S,AL,LOJA,86759,REF NSPA SAB LIQ PERF AMEIXA V2 200ml,BOT,SABONETE CORPO,CORPO,OMNICHANNEL C202612,NATIVA SPA,Não,3,0,0.00%,0,INTERIOR
Ciclo 12 - 2026,10258 - CP ALCINA MARIA,24670,Regional NE-S,AL,LOJA,86759,REF NSPA SAB LIQ PERF AMEIXA V2 200ml,BOT,SABONETE CORPO,CORPO,OMNICHANNEL C202612,NATIVA SPA,Não,3,0,0.00%,0,INTERIOR
Ciclo 12 - 2026,10258 - CP ALCINA MARIA,24671,Regional NE-S,AL,LOJA,86759,REF NSPA SAB LIQ PERF AMEIXA V2 200ml,BOT,SABONETE CORPO,CORPO,OMNICHANNEL C202612,NATIVA SPA,Não,3,0,0.00%,0,INTERIOR
Ciclo 12 - 2026,10258 - CP ALCINA MARIA,24668,Regional NE-S,AL,LOJA,86766,CBEM SAB LIQ CPO DELEITE 50ml,BOT,SABONETE CORPO,CORPO,FLASH PROMO BOT C12'26,CUIDE-SE BEM,Não,3,0,0.00%,0,INTERIOR
Ciclo 12 - 2026,10258 - CP ALCINA MARIA,24669,Regional NE-S,AL,LOJA,86766,CBEM SAB LIQ CPO DELEITE 50ml,BOT,SABONETE CORPO,CORPO,FLASH PROMO BOT C12'26,CUIDE-SE BEM,Não,3,3,0.00%,3,INTERIOR
Ciclo 12 - 2026,10258 - CP ALCINA MARIA,24617,Regional NE-S,AL,LOJA,86766,CBEM SAB LIQ CPO DELEITE 50ml,BOT,SABONETE CORPO,CORPO,FLASH PROMO BOT C12'26,CUIDE-SE BEM,Não,3,3,66.67%,3,INTERIOR
Ciclo 12 - 2026,10258 - CP ALCINA MARIA,24303,Regional NE-S,AL,LOJA,86766,CBEM SAB LIQ CPO DELEITE 50ml,BOT,SABONETE CORPO,CORPO,FLASH PROMO BOT C12'26,CUIDE-SE BEM,Não,3,2,0.00%,2,INTERIOR
Ciclo 12 - 2026,10258 - CP ALCINA MARIA,24670,Regional NE-S,AL,LOJA,86766,CBEM SAB LIQ CPO DELEITE 50ml,BOT,SABONETE CORPO,CORPO,FLASH PROMO BOT C12'26,CUIDE-SE BEM,Não,3,3,0.00%,3,INTERIOR
Ciclo 12 - 2026,10258 - CP ALCINA MARIA,24671,Regional NE-S,AL,LOJA,86766,CBEM SAB LIQ CPO DELEITE 50ml,BOT,SABONETE CORPO,CORPO,FLASH PROMO BOT C12'26,CUIDE-SE BEM,Não,3,3,0.00%,3,INTERIOR
Ciclo 12 - 2026,10258 - CP ALCINA MARIA,24671,Regional NE-S,AL,LOJA,86768,FLORATTA SAB LIQ CPO RED 150ml,BOT,SABONETE CORPO,CORPO,FLASH PROMO BOT C12'26,FLORATTA,Não,3,0,0.00%,0,INTERIOR
Ciclo 12 - 2026,10258 - CP ALCINA MARIA,24668,Regional NE-S,AL,LOJA,86768,FLORATTA SAB LIQ CPO RED 150ml,BOT,SABONETE CORPO,CORPO,FLASH PROMO BOT C12'26,FLORATTA,Não,5,0,0.00%,0,INTERIOR
Ciclo 12 - 2026,10258 - CP ALCINA MARIA,24669,Regional NE-S,AL,LOJA,86768,FLORATTA SAB LIQ CPO RED 150ml,BOT,SABONETE CORPO,CORPO,FLASH PROMO BOT C12'26,FLORATTA,Não,4,0,0.00%,0,INTERIOR
Ciclo 12 - 2026,10258 - CP ALCINA MARIA,24617,Regional NE-S,AL,LOJA,86768,FLORATTA SAB LIQ CPO RED 150ml,BOT,SABONETE CORPO,CORPO,FLASH PROMO BOT C12'26,FLORATTA,Não,3,0,0.00%,0,INTERIOR
Ciclo 12 - 2026,10258 - CP ALCINA MARIA,24670,Regional NE-S,AL,LOJA,86768,FLORATTA SAB LIQ CPO RED 150ml,BOT,SABONETE CORPO,CORPO,FLASH PROMO BOT C12'26,FLORATTA,Não,3,0,0.00%,0,INTERIOR
Ciclo 12 - 2026,10258 - CP ALCINA MARIA,24303,Regional NE-S,AL,LOJA,86768,FLORATTA SAB LIQ CPO RED 150ml,BOT,SABONETE CORPO,CORPO,FLASH PROMO BOT C12'26,FLORATTA,Não,3,0,0.00%,0,INTERIOR
Ciclo 12 - 2026,10258 - CP ALCINA MARIA,24668,Regional NE-S,AL,LOJA,86983,HER CODE EDP CLIMAX 50ml,BOT,PERFUMARIA,PERFUMARIA FEMININA,OMNICHANNEL C202612,HER CODE,Não,3,9,11.11%,9,INTERIOR
Ciclo 12 - 2026,10258 - CP ALCINA MARIA,24303,Regional NE-S,AL,LOJA,86983,HER CODE EDP CLIMAX 50ml,BOT,PERFUMARIA,PERFUMARIA FEMININA,OMNICHANNEL C202612,HER CODE,Não,3,0,0.00%,0,INTERIOR
Ciclo 12 - 2026,10258 - CP ALCINA MARIA,24669,Regional NE-S,AL,LOJA,86983,HER CODE EDP CLIMAX 50ml,BOT,PERFUMARIA,PERFUMARIA FEMININA,OMNICHANNEL C202612,HER CODE,Não,3,0,0.00%,0,INTERIOR
Ciclo 12 - 2026,10258 - CP ALCINA MARIA,24671,Regional NE-S,AL,LOJA,86983,HER CODE EDP CLIMAX 50ml,BOT,PERFUMARIA,PERFUMARIA FEMININA,OMNICHANNEL C202612,HER CODE,Não,3,2,0.00%,2,INTERIOR
Ciclo 12 - 2026,10258 - CP ALCINA MARIA,24670,Regional NE-S,AL,LOJA,86983,HER CODE EDP CLIMAX 50ml,BOT,PERFUMARIA,PERFUMARIA FEMININA,OMNICHANNEL C202612,HER CODE,Não,3,0,0.00%,0,INTERIOR
Ciclo 12 - 2026,10258 - CP ALCINA MARIA,24617,Regional NE-S,AL,LOJA,87321,CBEM SAB LIQ ESF CPO AMORUDA 200ml,BOT,SABONETE CORPO,CORPO,BOLETO TURBINADO BOT C12'26,CUIDE-SE BEM,Não,3,3,0.00%,1,INTERIOR
Ciclo 12 - 2026,10258 - CP ALCINA MARIA,24303,Regional NE-S,AL,LOJA,87321,CBEM SAB LIQ ESF CPO AMORUDA 200ml,BOT,SABONETE CORPO,CORPO,BOLETO TURBINADO BOT C12'26,CUIDE-SE BEM,Não,3,4,50.00%,2,INTERIOR
Ciclo 12 - 2026,10258 - CP ALCINA MARIA,24669,Regional NE-S,AL,LOJA,87321,CBEM SAB LIQ ESF CPO AMORUDA 200ml,BOT,SABONETE CORPO,CORPO,BOLETO TURBINADO BOT C12'26,CUIDE-SE BEM,Não,6,9,33.33%,3,INTERIOR
Ciclo 12 - 2026,10258 - CP ALCINA MARIA,24670,Regional NE-S,AL,LOJA,87321,CBEM SAB LIQ ESF CPO AMORUDA 200ml,BOT,SABONETE CORPO,CORPO,BOLETO TURBINADO BOT C12'26,CUIDE-SE BEM,Não,7,6,0.00%,2,INTERIOR
Ciclo 12 - 2026,10258 - CP ALCINA MARIA,24668,Regional NE-S,AL,LOJA,87321,CBEM SAB LIQ ESF CPO AMORUDA 200ml,BOT,SABONETE CORPO,CORPO,BOLETO TURBINADO BOT C12'26,CUIDE-SE BEM,Não,8,3,400.00%,1,INTERIOR
Ciclo 12 - 2026,10258 - CP ALCINA MARIA,24671,Regional NE-S,AL,LOJA,87321,CBEM SAB LIQ ESF CPO AMORUDA 200ml,BOT,SABONETE CORPO,CORPO,BOLETO TURBINADO BOT C12'26,CUIDE-SE BEM,Não,5,0,0.00%,0,INTERIOR
Ciclo 12 - 2026,10258 - CP ALCINA MARIA,24669,Regional NE-S,AL,LOJA,87443,CBEM LOC DES HID CPO AMORUDA 400ml,BOT,CUIDADOS COM A PELE,CUIDADOS COM O CORPO,OMNICHANNEL C202612,CUIDE-SE BEM,Não,3,2,0.00%,0,INTERIOR
Ciclo 12 - 2026,10258 - CP ALCINA MARIA,24668,Regional NE-S,AL,LOJA,87443,CBEM LOC DES HID CPO AMORUDA 400ml,BOT,CUIDADOS COM A PELE,CUIDADOS COM O CORPO,OMNICHANNEL C202612,CUIDE-SE BEM,Não,3,5,33.33%,3,INTERIOR
Ciclo 12 - 2026,10258 - CP ALCINA MARIA,24303,Regional NE-S,AL,LOJA,87443,CBEM LOC DES HID CPO AMORUDA 400ml,BOT,CUIDADOS COM A PELE,CUIDADOS COM O CORPO,OMNICHANNEL C202612,CUIDE-SE BEM,Não,3,3,166.67%,3,INTERIOR
Ciclo 12 - 2026,10258 - CP ALCINA MARIA,24670,Regional NE-S,AL,LOJA,87443,CBEM LOC DES HID CPO AMORUDA 400ml,BOT,CUIDADOS COM A PELE,CUIDADOS COM O CORPO,OMNICHANNEL C202612,CUIDE-SE BEM,Não,3,1,0.00%,0,INTERIOR
Ciclo 12 - 2026,10258 - CP ALCINA MARIA,24671,Regional NE-S,AL,LOJA,87443,CBEM LOC DES HID CPO AMORUDA 400ml,BOT,CUIDADOS COM A PELE,CUIDADOS COM O CORPO,OMNICHANNEL C202612,CUIDE-SE BEM,Não,3,0,0.00%,0,INTERIOR
Ciclo 12 - 2026,10258 - CP ALCINA MARIA,24668,Regional NE-S,AL,LOJA,87771,"MAKE B BLUSH COMP BERRY MINI PRM 1,5g",BOT,SUPORTE À VENDA,PRM,OMNICHANNEL C202612,MAKE B.,Não,3,0,0.00%,0,INTERIOR
Ciclo 12 - 2026,10258 - CP ALCINA MARIA,24303,Regional NE-S,AL,LOJA,87771,"MAKE B BLUSH COMP BERRY MINI PRM 1,5g",BOT,SUPORTE À VENDA,PRM,OMNICHANNEL C202612,MAKE B.,Não,3,0,0.00%,0,INTERIOR
Ciclo 12 - 2026,10258 - CP ALCINA MARIA,24669,Regional NE-S,AL,LOJA,87771,"MAKE B BLUSH COMP BERRY MINI PRM 1,5g",BOT,SUPORTE À VENDA,PRM,OMNICHANNEL C202612,MAKE B.,Não,3,0,0.00%,0,INTERIOR
Ciclo 12 - 2026,10258 - CP ALCINA MARIA,24670,Regional NE-S,AL,LOJA,87771,"MAKE B BLUSH COMP BERRY MINI PRM 1,5g",BOT,SUPORTE À VENDA,PRM,OMNICHANNEL C202612,MAKE B.,Não,3,0,0.00%,0,INTERIOR
Ciclo 12 - 2026,10258 - CP ALCINA MARIA,24671,Regional NE-S,AL,LOJA,87771,"MAKE B BLUSH COMP BERRY MINI PRM 1,5g",BOT,SUPORTE À VENDA,PRM,OMNICHANNEL C202612,MAKE B.,Não,3,0,0.00%,0,INTERIOR
Ciclo 12 - 2026,10258 - CP ALCINA MARIA,24671,Regional NE-S,AL,LOJA,87790,MAKE B BASE LIQ HYALURONIC 130Q 30ml,BOT,MAQUIAGEM,MAQUIAGEM ROSTO,LANÇAMENTO MAKE B,MAKE B.,Não,2,2,0.00%,2,INTERIOR
Ciclo 12 - 2026,10258 - CP ALCINA MARIA,24303,Regional NE-S,AL,LOJA,87790,MAKE B BASE LIQ HYALURONIC 130Q 30ml,BOT,MAQUIAGEM,MAQUIAGEM ROSTO,LANÇAMENTO MAKE B,MAKE B.,Não,2,2,0.00%,2,INTERIOR
Ciclo 12 - 2026,10258 - CP ALCINA MARIA,24617,Regional NE-S,AL,LOJA,87790,MAKE B BASE LIQ HYALURONIC 130Q 30ml,BOT,MAQUIAGEM,MAQUIAGEM ROSTO,LANÇAMENTO MAKE B,MAKE B.,Não,2,2,0.00%,2,INTERIOR
Ciclo 12 - 2026,10258 - CP ALCINA MARIA,24670,Regional NE-S,AL,LOJA,87790,MAKE B BASE LIQ HYALURONIC 130Q 30ml,BOT,MAQUIAGEM,MAQUIAGEM ROSTO,LANÇAMENTO MAKE B,MAKE B.,Não,2,2,0.00%,2,INTERIOR
Ciclo 12 - 2026,10258 - CP ALCINA MARIA,24668,Regional NE-S,AL,LOJA,87790,MAKE B BASE LIQ HYALURONIC 130Q 30ml,BOT,MAQUIAGEM,MAQUIAGEM ROSTO,LANÇAMENTO MAKE B,MAKE B.,Não,2,2,0.00%,2,INTERIOR
Ciclo 12 - 2026,10258 - CP ALCINA MARIA,24669,Regional NE-S,AL,LOJA,87790,MAKE B BASE LIQ HYALURONIC 130Q 30ml,BOT,MAQUIAGEM,MAQUIAGEM ROSTO,LANÇAMENTO MAKE B,MAKE B.,Não,2,2,0.00%,2,INTERIOR
Ciclo 12 - 2026,10258 - CP ALCINA MARIA,24617,Regional NE-S,AL,LOJA,87791,MAKE B BASE LIQ HYALURONIC 140Q 30ml,BOT,MAQUIAGEM,MAQUIAGEM ROSTO,LANÇAMENTO MAKE B,MAKE B.,Não,3,2,0.00%,2,INTERIOR
Ciclo 12 - 2026,10258 - CP ALCINA MARIA,24303,Regional NE-S,AL,LOJA,87791,MAKE B BASE LIQ HYALURONIC 140Q 30ml,BOT,MAQUIAGEM,MAQUIAGEM ROSTO,LANÇAMENTO MAKE B,MAKE B.,Não,3,3,0.00%,3,INTERIOR
Ciclo 12 - 2026,10258 - CP ALCINA MARIA,24671,Regional NE-S,AL,LOJA,87791,MAKE B BASE LIQ HYALURONIC 140Q 30ml,BOT,MAQUIAGEM,MAQUIAGEM ROSTO,LANÇAMENTO MAKE B,MAKE B.,Não,3,3,0.00%,3,INTERIOR
Ciclo 12 - 2026,10258 - CP ALCINA MARIA,24668,Regional NE-S,AL,LOJA,87791,MAKE B BASE LIQ HYALURONIC 140Q 30ml,BOT,MAQUIAGEM,MAQUIAGEM ROSTO,LANÇAMENTO MAKE B,MAKE B.,Não,3,3,0.00%,3,INTERIOR
Ciclo 12 - 2026,10258 - CP ALCINA MARIA,24670,Regional NE-S,AL,LOJA,87791,MAKE B BASE LIQ HYALURONIC 140Q 30ml,BOT,MAQUIAGEM,MAQUIAGEM ROSTO,LANÇAMENTO MAKE B,MAKE B.,Não,3,3,0.00%,3,INTERIOR
Ciclo 12 - 2026,10258 - CP ALCINA MARIA,24669,Regional NE-S,AL,LOJA,87791,MAKE B BASE LIQ HYALURONIC 140Q 30ml,BOT,MAQUIAGEM,MAQUIAGEM ROSTO,LANÇAMENTO MAKE B,MAKE B.,Não,3,3,0.00%,3,INTERIOR
Ciclo 12 - 2026,10258 - CP ALCINA MARIA,24671,Regional NE-S,AL,LOJA,87792,MAKE B BASE LIQ HYALURONIC 170Q 30ml,BOT,MAQUIAGEM,MAQUIAGEM ROSTO,LANÇAMENTO MAKE B,MAKE B.,Não,3,3,0.00%,3,INTERIOR
Ciclo 12 - 2026,10258 - CP ALCINA MARIA,24668,Regional NE-S,AL,LOJA,87792,MAKE B BASE LIQ HYALURONIC 170Q 30ml,BOT,MAQUIAGEM,MAQUIAGEM ROSTO,LANÇAMENTO MAKE B,MAKE B.,Não,6,6,0.00%,6,INTERIOR
Ciclo 12 - 2026,10258 - CP ALCINA MARIA,24670,Regional NE-S,AL,LOJA,87792,MAKE B BASE LIQ HYALURONIC 170Q 30ml,BOT,MAQUIAGEM,MAQUIAGEM ROSTO,LANÇAMENTO MAKE B,MAKE B.,Não,4,4,0.00%,4,INTERIOR
Ciclo 12 - 2026,10258 - CP ALCINA MARIA,24303,Regional NE-S,AL,LOJA,87792,MAKE B BASE LIQ HYALURONIC 170Q 30ml,BOT,MAQUIAGEM,MAQUIAGEM ROSTO,LANÇAMENTO MAKE B,MAKE B.,Não,3,3,0.00%,3,INTERIOR
Ciclo 12 - 2026,10258 - CP ALCINA MARIA,24617,Regional NE-S,AL,LOJA,87792,MAKE B BASE LIQ HYALURONIC 170Q 30ml,BOT,MAQUIAGEM,MAQUIAGEM ROSTO,LANÇAMENTO MAKE B,MAKE B.,Não,3,2,0.00%,2,INTERIOR
Ciclo 12 - 2026,10258 - CP ALCINA MARIA,24669,Regional NE-S,AL,LOJA,87792,MAKE B BASE LIQ HYALURONIC 170Q 30ml,BOT,MAQUIAGEM,MAQUIAGEM ROSTO,LANÇAMENTO MAKE B,MAKE B.,Não,6,6,0.00%,6,INTERIOR
Ciclo 12 - 2026,10258 - CP ALCINA MARIA,24670,Regional NE-S,AL,LOJA,87793,MAKE B BASE LIQ HYALURONIC 185F 30ml,BOT,MAQUIAGEM,MAQUIAGEM ROSTO,LANÇAMENTO MAKE B,MAKE B.,Não,3,3,0.00%,3,INTERIOR
Ciclo 12 - 2026,10258 - CP ALCINA MARIA,24668,Regional NE-S,AL,LOJA,87793,MAKE B BASE LIQ HYALURONIC 185F 30ml,BOT,MAQUIAGEM,MAQUIAGEM ROSTO,LANÇAMENTO MAKE B,MAKE B.,Não,3,3,33.33%,3,INTERIOR
Ciclo 12 - 2026,10258 - CP ALCINA MARIA,24669,Regional NE-S,AL,LOJA,87793,MAKE B BASE LIQ HYALURONIC 185F 30ml,BOT,MAQUIAGEM,MAQUIAGEM ROSTO,LANÇAMENTO MAKE B,MAKE B.,Não,3,3,0.00%,3,INTERIOR
Ciclo 12 - 2026,10258 - CP ALCINA MARIA,24617,Regional NE-S,AL,LOJA,87793,MAKE B BASE LIQ HYALURONIC 185F 30ml,BOT,MAQUIAGEM,MAQUIAGEM ROSTO,LANÇAMENTO MAKE B,MAKE B.,Não,3,2,0.00%,2,INTERIOR
Ciclo 12 - 2026,10258 - CP ALCINA MARIA,24671,Regional NE-S,AL,LOJA,87793,MAKE B BASE LIQ HYALURONIC 185F 30ml,BOT,MAQUIAGEM,MAQUIAGEM ROSTO,LANÇAMENTO MAKE B,MAKE B.,Não,3,3,0.00%,3,INTERIOR
Ciclo 12 - 2026,10258 - CP ALCINA MARIA,24303,Regional NE-S,AL,LOJA,87793,MAKE B BASE LIQ HYALURONIC 185F 30ml,BOT,MAQUIAGEM,MAQUIAGEM ROSTO,LANÇAMENTO MAKE B,MAKE B.,Não,3,3,0.00%,3,INTERIOR
Ciclo 12 - 2026,10258 - CP ALCINA MARIA,24668,Regional NE-S,AL,LOJA,87794,MAKE B BASE LIQ HYALURONIC 205N 30ml,BOT,MAQUIAGEM,MAQUIAGEM ROSTO,LANÇAMENTO MAKE B,MAKE B.,Não,3,3,33.33%,3,INTERIOR
Ciclo 12 - 2026,10258 - CP ALCINA MARIA,24303,Regional NE-S,AL,LOJA,87794,MAKE B BASE LIQ HYALURONIC 205N 30ml,BOT,MAQUIAGEM,MAQUIAGEM ROSTO,LANÇAMENTO MAKE B,MAKE B.,Não,3,3,33.33%,3,INTERIOR
Ciclo 12 - 2026,10258 - CP ALCINA MARIA,24670,Regional NE-S,AL,LOJA,87794,MAKE B BASE LIQ HYALURONIC 205N 30ml,BOT,MAQUIAGEM,MAQUIAGEM ROSTO,LANÇAMENTO MAKE B,MAKE B.,Não,3,3,33.33%,3,INTERIOR
Ciclo 12 - 2026,10258 - CP ALCINA MARIA,24617,Regional NE-S,AL,LOJA,87794,MAKE B BASE LIQ HYALURONIC 205N 30ml,BOT,MAQUIAGEM,MAQUIAGEM ROSTO,LANÇAMENTO MAKE B,MAKE B.,Não,3,2,0.00%,2,INTERIOR
Ciclo 12 - 2026,10258 - CP ALCINA MARIA,24671,Regional NE-S,AL,LOJA,87794,MAKE B BASE LIQ HYALURONIC 205N 30ml,BOT,MAQUIAGEM,MAQUIAGEM ROSTO,LANÇAMENTO MAKE B,MAKE B.,Não,3,3,0.00%,3,INTERIOR
Ciclo 12 - 2026,10258 - CP ALCINA MARIA,24669,Regional NE-S,AL,LOJA,87794,MAKE B BASE LIQ HYALURONIC 205N 30ml,BOT,MAQUIAGEM,MAQUIAGEM ROSTO,LANÇAMENTO MAKE B,MAKE B.,Não,3,3,33.33%,3,INTERIOR
Ciclo 12 - 2026,10258 - CP ALCINA MARIA,24303,Regional NE-S,AL,LOJA,87795,MAKE B BASE LIQ HYALURONIC 210Q 30ml,BOT,MAQUIAGEM,MAQUIAGEM ROSTO,LANÇAMENTO MAKE B,MAKE B.,Não,3,3,0.00%,3,INTERIOR
Ciclo 12 - 2026,10258 - CP ALCINA MARIA,24668,Regional NE-S,AL,LOJA,87795,MAKE B BASE LIQ HYALURONIC 210Q 30ml,BOT,MAQUIAGEM,MAQUIAGEM ROSTO,LANÇAMENTO MAKE B,MAKE B.,Não,3,3,33.33%,3,INTERIOR
Ciclo 12 - 2026,10258 - CP ALCINA MARIA,24669,Regional NE-S,AL,LOJA,87795,MAKE B BASE LIQ HYALURONIC 210Q 30ml,BOT,MAQUIAGEM,MAQUIAGEM ROSTO,LANÇAMENTO MAKE B,MAKE B.,Não,3,3,66.67%,3,INTERIOR
Ciclo 12 - 2026,10258 - CP ALCINA MARIA,24670,Regional NE-S,AL,LOJA,87795,MAKE B BASE LIQ HYALURONIC 210Q 30ml,BOT,MAQUIAGEM,MAQUIAGEM ROSTO,LANÇAMENTO MAKE B,MAKE B.,Não,3,3,33.33%,3,INTERIOR
Ciclo 12 - 2026,10258 - CP ALCINA MARIA,24617,Regional NE-S,AL,LOJA,87795,MAKE B BASE LIQ HYALURONIC 210Q 30ml,BOT,MAQUIAGEM,MAQUIAGEM ROSTO,LANÇAMENTO MAKE B,MAKE B.,Não,3,2,0.00%,2,INTERIOR
Ciclo 12 - 2026,10258 - CP ALCINA MARIA,24671,Regional NE-S,AL,LOJA,87795,MAKE B BASE LIQ HYALURONIC 210Q 30ml,BOT,MAQUIAGEM,MAQUIAGEM ROSTO,LANÇAMENTO MAKE B,MAKE B.,Não,3,3,0.00%,3,INTERIOR
Ciclo 12 - 2026,10258 - CP ALCINA MARIA,24669,Regional NE-S,AL,LOJA,87796,MAKE B BASE LIQ HYALURONIC 215Q 30ml,BOT,MAQUIAGEM,MAQUIAGEM ROSTO,LANÇAMENTO MAKE B,MAKE B.,Não,3,3,0.00%,3,INTERIOR
Ciclo 12 - 2026,10258 - CP ALCINA MARIA,24303,Regional NE-S,AL,LOJA,87796,MAKE B BASE LIQ HYALURONIC 215Q 30ml,BOT,MAQUIAGEM,MAQUIAGEM ROSTO,LANÇAMENTO MAKE B,MAKE B.,Não,3,3,0.00%,3,INTERIOR
Ciclo 12 - 2026,10258 - CP ALCINA MARIA,24617,Regional NE-S,AL,LOJA,87796,MAKE B BASE LIQ HYALURONIC 215Q 30ml,BOT,MAQUIAGEM,MAQUIAGEM ROSTO,LANÇAMENTO MAKE B,MAKE B.,Não,3,2,0.00%,2,INTERIOR
Ciclo 12 - 2026,10258 - CP ALCINA MARIA,24670,Regional NE-S,AL,LOJA,87796,MAKE B BASE LIQ HYALURONIC 215Q 30ml,BOT,MAQUIAGEM,MAQUIAGEM ROSTO,LANÇAMENTO MAKE B,MAKE B.,Não,3,3,0.00%,3,INTERIOR
Ciclo 12 - 2026,10258 - CP ALCINA MARIA,24671,Regional NE-S,AL,LOJA,87796,MAKE B BASE LIQ HYALURONIC 215Q 30ml,BOT,MAQUIAGEM,MAQUIAGEM ROSTO,LANÇAMENTO MAKE B,MAKE B.,Não,3,3,0.00%,3,INTERIOR
Ciclo 12 - 2026,10258 - CP ALCINA MARIA,24668,Regional NE-S,AL,LOJA,87796,MAKE B BASE LIQ HYALURONIC 215Q 30ml,BOT,MAQUIAGEM,MAQUIAGEM ROSTO,LANÇAMENTO MAKE B,MAKE B.,Não,3,3,66.67%,3,INTERIOR
Ciclo 12 - 2026,10258 - CP ALCINA MARIA,24303,Regional NE-S,AL,LOJA,87797,MAKE B BASE LIQ HYALURONIC 220Q 30ml,BOT,MAQUIAGEM,MAQUIAGEM ROSTO,LANÇAMENTO MAKE B,MAKE B.,Não,3,3,33.33%,3,INTERIOR
Ciclo 12 - 2026,10258 - CP ALCINA MARIA,24669,Regional NE-S,AL,LOJA,87797,MAKE B BASE LIQ HYALURONIC 220Q 30ml,BOT,MAQUIAGEM,MAQUIAGEM ROSTO,LANÇAMENTO MAKE B,MAKE B.,Não,3,3,33.33%,3,INTERIOR
Ciclo 12 - 2026,10258 - CP ALCINA MARIA,24670,Regional NE-S,AL,LOJA,87797,MAKE B BASE LIQ HYALURONIC 220Q 30ml,BOT,MAQUIAGEM,MAQUIAGEM ROSTO,LANÇAMENTO MAKE B,MAKE B.,Não,3,3,66.67%,3,INTERIOR
Ciclo 12 - 2026,10258 - CP ALCINA MARIA,24617,Regional NE-S,AL,LOJA,87797,MAKE B BASE LIQ HYALURONIC 220Q 30ml,BOT,MAQUIAGEM,MAQUIAGEM ROSTO,LANÇAMENTO MAKE B,MAKE B.,Não,3,2,0.00%,2,INTERIOR
Ciclo 12 - 2026,10258 - CP ALCINA MARIA,24668,Regional NE-S,AL,LOJA,87797,MAKE B BASE LIQ HYALURONIC 220Q 30ml,BOT,MAQUIAGEM,MAQUIAGEM ROSTO,LANÇAMENTO MAKE B,MAKE B.,Não,3,3,0.00%,3,INTERIOR
Ciclo 12 - 2026,10258 - CP ALCINA MARIA,24671,Regional NE-S,AL,LOJA,87797,MAKE B BASE LIQ HYALURONIC 220Q 30ml,BOT,MAQUIAGEM,MAQUIAGEM ROSTO,LANÇAMENTO MAKE B,MAKE B.,Não,3,3,0.00%,3,INTERIOR
Ciclo 12 - 2026,10258 - CP ALCINA MARIA,24671,Regional NE-S,AL,LOJA,87799,MAKE B BASE LIQ HYALURONIC 225N 30ml,BOT,MAQUIAGEM,MAQUIAGEM ROSTO,LANÇAMENTO MAKE B,MAKE B.,Não,2,2,0.00%,2,INTERIOR
Ciclo 12 - 2026,10258 - CP ALCINA MARIA,24617,Regional NE-S,AL,LOJA,87799,MAKE B BASE LIQ HYALURONIC 225N 30ml,BOT,MAQUIAGEM,MAQUIAGEM ROSTO,LANÇAMENTO MAKE B,MAKE B.,Não,2,2,50.00%,2,INTERIOR
Ciclo 12 - 2026,10258 - CP ALCINA MARIA,24670,Regional NE-S,AL,LOJA,87799,MAKE B BASE LIQ HYALURONIC 225N 30ml,BOT,MAQUIAGEM,MAQUIAGEM ROSTO,LANÇAMENTO MAKE B,MAKE B.,Não,2,2,0.00%,2,INTERIOR
Ciclo 12 - 2026,10258 - CP ALCINA MARIA,24303,Regional NE-S,AL,LOJA,87799,MAKE B BASE LIQ HYALURONIC 225N 30ml,BOT,MAQUIAGEM,MAQUIAGEM ROSTO,LANÇAMENTO MAKE B,MAKE B.,Não,2,2,50.00%,2,INTERIOR
Ciclo 12 - 2026,10258 - CP ALCINA MARIA,24668,Regional NE-S,AL,LOJA,87799,MAKE B BASE LIQ HYALURONIC 225N 30ml,BOT,MAQUIAGEM,MAQUIAGEM ROSTO,LANÇAMENTO MAKE B,MAKE B.,Não,2,2,0.00%,2,INTERIOR
Ciclo 12 - 2026,10258 - CP ALCINA MARIA,24669,Regional NE-S,AL,LOJA,87799,MAKE B BASE LIQ HYALURONIC 225N 30ml,BOT,MAQUIAGEM,MAQUIAGEM ROSTO,LANÇAMENTO MAKE B,MAKE B.,Não,2,2,0.00%,2,INTERIOR
Ciclo 12 - 2026,10258 - CP ALCINA MARIA,24617,Regional NE-S,AL,LOJA,87801,MAKE B BATOM PREENCH HYAL ROSA ROSE 4g,BOT,MAQUIAGEM,MAQUIAGEM BOCA,LANÇAMENTO MAKE B,MAKE B.,Não,2,2,0.00%,2,INTERIOR
Ciclo 12 - 2026,10258 - CP ALCINA MARIA,24670,Regional NE-S,AL,LOJA,87801,MAKE B BATOM PREENCH HYAL ROSA ROSE 4g,BOT,MAQUIAGEM,MAQUIAGEM BOCA,LANÇAMENTO MAKE B,MAKE B.,Não,2,2,100.00%,2,INTERIOR
Ciclo 12 - 2026,10258 - CP ALCINA MARIA,24668,Regional NE-S,AL,LOJA,87801,MAKE B BATOM PREENCH HYAL ROSA ROSE 4g,BOT,MAQUIAGEM,MAQUIAGEM BOCA,LANÇAMENTO MAKE B,MAKE B.,Não,2,2,100.00%,2,INTERIOR
Ciclo 12 - 2026,10258 - CP ALCINA MARIA,24303,Regional NE-S,AL,LOJA,87801,MAKE B BATOM PREENCH HYAL ROSA ROSE 4g,BOT,MAQUIAGEM,MAQUIAGEM BOCA,LANÇAMENTO MAKE B,MAKE B.,Não,2,2,50.00%,2,INTERIOR
Ciclo 12 - 2026,10258 - CP ALCINA MARIA,24671,Regional NE-S,AL,LOJA,87801,MAKE B BATOM PREENCH HYAL ROSA ROSE 4g,BOT,MAQUIAGEM,MAQUIAGEM BOCA,LANÇAMENTO MAKE B,MAKE B.,Não,2,2,50.00%,2,INTERIOR
Ciclo 12 - 2026,10258 - CP ALCINA MARIA,24669,Regional NE-S,AL,LOJA,87801,MAKE B BATOM PREENCH HYAL ROSA ROSE 4g,BOT,MAQUIAGEM,MAQUIAGEM BOCA,LANÇAMENTO MAKE B,MAKE B.,Não,2,2,50.00%,2,INTERIOR
Ciclo 12 - 2026,10258 - CP ALCINA MARIA,24617,Regional NE-S,AL,LOJA,87802,MAKE B BATOM PREENCH HYAL NUDE CHIC 4g,BOT,MAQUIAGEM,MAQUIAGEM BOCA,LANÇAMENTO MAKE B,MAKE B.,Não,3,2,0.00%,2,INTERIOR
Ciclo 12 - 2026,10258 - CP ALCINA MARIA,24668,Regional NE-S,AL,LOJA,87802,MAKE B BATOM PREENCH HYAL NUDE CHIC 4g,BOT,MAQUIAGEM,MAQUIAGEM BOCA,LANÇAMENTO MAKE B,MAKE B.,Não,6,6,33.33%,6,INTERIOR
Ciclo 12 - 2026,10258 - CP ALCINA MARIA,24303,Regional NE-S,AL,LOJA,87802,MAKE B BATOM PREENCH HYAL NUDE CHIC 4g,BOT,MAQUIAGEM,MAQUIAGEM BOCA,LANÇAMENTO MAKE B,MAKE B.,Não,3,3,66.67%,3,INTERIOR
Ciclo 12 - 2026,10258 - CP ALCINA MARIA,24669,Regional NE-S,AL,LOJA,87802,MAKE B BATOM PREENCH HYAL NUDE CHIC 4g,BOT,MAQUIAGEM,MAQUIAGEM BOCA,LANÇAMENTO MAKE B,MAKE B.,Não,6,6,83.33%,6,INTERIOR
Ciclo 12 - 2026,10258 - CP ALCINA MARIA,24670,Regional NE-S,AL,LOJA,87802,MAKE B BATOM PREENCH HYAL NUDE CHIC 4g,BOT,MAQUIAGEM,MAQUIAGEM BOCA,LANÇAMENTO MAKE B,MAKE B.,Não,4,4,50.00%,4,INTERIOR
Ciclo 12 - 2026,10258 - CP ALCINA MARIA,24671,Regional NE-S,AL,LOJA,87802,MAKE B BATOM PREENCH HYAL NUDE CHIC 4g,BOT,MAQUIAGEM,MAQUIAGEM BOCA,LANÇAMENTO MAKE B,MAKE B.,Não,3,3,66.67%,3,INTERIOR
Ciclo 12 - 2026,10258 - CP ALCINA MARIA,24617,Regional NE-S,AL,LOJA,87803,MAKE B BATOM PREENCH HYAL CINNAMON 4g,BOT,MAQUIAGEM,MAQUIAGEM BOCA,LANÇAMENTO MAKE B,MAKE B.,Não,3,2,0.00%,2,INTERIOR
Ciclo 12 - 2026,10258 - CP ALCINA MARIA,24669,Regional NE-S,AL,LOJA,87803,MAKE B BATOM PREENCH HYAL CINNAMON 4g,BOT,MAQUIAGEM,MAQUIAGEM BOCA,LANÇAMENTO MAKE B,MAKE B.,Não,4,4,0.00%,4,INTERIOR
Ciclo 12 - 2026,10258 - CP ALCINA MARIA,24671,Regional NE-S,AL,LOJA,87803,MAKE B BATOM PREENCH HYAL CINNAMON 4g,BOT,MAQUIAGEM,MAQUIAGEM BOCA,LANÇAMENTO MAKE B,MAKE B.,Não,3,3,66.67%,3,INTERIOR
Ciclo 12 - 2026,10258 - CP ALCINA MARIA,24303,Regional NE-S,AL,LOJA,87803,MAKE B BATOM PREENCH HYAL CINNAMON 4g,BOT,MAQUIAGEM,MAQUIAGEM BOCA,LANÇAMENTO MAKE B,MAKE B.,Não,3,3,66.67%,3,INTERIOR
Ciclo 12 - 2026,10258 - CP ALCINA MARIA,24668,Regional NE-S,AL,LOJA,87803,MAKE B BATOM PREENCH HYAL CINNAMON 4g,BOT,MAQUIAGEM,MAQUIAGEM BOCA,LANÇAMENTO MAKE B,MAKE B.,Não,5,5,20.00%,5,INTERIOR
Ciclo 12 - 2026,10258 - CP ALCINA MARIA,24670,Regional NE-S,AL,LOJA,87803,MAKE B BATOM PREENCH HYAL CINNAMON 4g,BOT,MAQUIAGEM,MAQUIAGEM BOCA,LANÇAMENTO MAKE B,MAKE B.,Não,3,3,0.00%,3,INTERIOR
Ciclo 12 - 2026,10258 - CP ALCINA MARIA,24670,Regional NE-S,AL,LOJA,87804,MAKE B BATOM PREENCH HYAL RICH BROWN 4g,BOT,MAQUIAGEM,MAQUIAGEM BOCA,LANÇAMENTO MAKE B,MAKE B.,Não,2,2,0.00%,2,INTERIOR
Ciclo 12 - 2026,10258 - CP ALCINA MARIA,24669,Regional NE-S,AL,LOJA,87804,MAKE B BATOM PREENCH HYAL RICH BROWN 4g,BOT,MAQUIAGEM,MAQUIAGEM BOCA,LANÇAMENTO MAKE B,MAKE B.,Não,2,2,0.00%,2,INTERIOR
Ciclo 12 - 2026,10258 - CP ALCINA MARIA,24668,Regional NE-S,AL,LOJA,87804,MAKE B BATOM PREENCH HYAL RICH BROWN 4g,BOT,MAQUIAGEM,MAQUIAGEM BOCA,LANÇAMENTO MAKE B,MAKE B.,Não,2,2,100.00%,2,INTERIOR
Ciclo 12 - 2026,10258 - CP ALCINA MARIA,24671,Regional NE-S,AL,LOJA,87804,MAKE B BATOM PREENCH HYAL RICH BROWN 4g,BOT,MAQUIAGEM,MAQUIAGEM BOCA,LANÇAMENTO MAKE B,MAKE B.,Não,2,2,0.00%,2,INTERIOR
Ciclo 12 - 2026,10258 - CP ALCINA MARIA,24303,Regional NE-S,AL,LOJA,87804,MAKE B BATOM PREENCH HYAL RICH BROWN 4g,BOT,MAQUIAGEM,MAQUIAGEM BOCA,LANÇAMENTO MAKE B,MAKE B.,Não,2,2,0.00%,1,INTERIOR
Ciclo 12 - 2026,10258 - CP ALCINA MARIA,24617,Regional NE-S,AL,LOJA,87804,MAKE B BATOM PREENCH HYAL RICH BROWN 4g,BOT,MAQUIAGEM,MAQUIAGEM BOCA,LANÇAMENTO MAKE B,MAKE B.,Não,2,2,0.00%,1,INTERIOR
Ciclo 12 - 2026,10258 - CP ALCINA MARIA,24669,Regional NE-S,AL,LOJA,87805,MAKE B PRIMER ROLLON HYALURONIC 45ml,BOT,MAQUIAGEM,MAQUIAGEM ROSTO,LANÇAMENTO MAKE B,MAKE B.,Não,3,3,100.00%,1,INTERIOR
Ciclo 12 - 2026,10258 - CP ALCINA MARIA,24668,Regional NE-S,AL,LOJA,87805,MAKE B PRIMER ROLLON HYALURONIC 45ml,BOT,MAQUIAGEM,MAQUIAGEM ROSTO,LANÇAMENTO MAKE B,MAKE B.,Não,3,3,0.00%,2,INTERIOR
Ciclo 12 - 2026,10258 - CP ALCINA MARIA,24671,Regional NE-S,AL,LOJA,87805,MAKE B PRIMER ROLLON HYALURONIC 45ml,BOT,MAQUIAGEM,MAQUIAGEM ROSTO,LANÇAMENTO MAKE B,MAKE B.,Não,3,3,0.00%,2,INTERIOR
Ciclo 12 - 2026,10258 - CP ALCINA MARIA,24670,Regional NE-S,AL,LOJA,87805,MAKE B PRIMER ROLLON HYALURONIC 45ml,BOT,MAQUIAGEM,MAQUIAGEM ROSTO,LANÇAMENTO MAKE B,MAKE B.,Não,3,3,100.00%,1,INTERIOR
Ciclo 12 - 2026,10258 - CP ALCINA MARIA,24617,Regional NE-S,AL,LOJA,87805,MAKE B PRIMER ROLLON HYALURONIC 45ml,BOT,MAQUIAGEM,MAQUIAGEM ROSTO,LANÇAMENTO MAKE B,MAKE B.,Não,3,2,0.00%,2,INTERIOR
Ciclo 12 - 2026,10258 - CP ALCINA MARIA,24303,Regional NE-S,AL,LOJA,87805,MAKE B PRIMER ROLLON HYALURONIC 45ml,BOT,MAQUIAGEM,MAQUIAGEM ROSTO,LANÇAMENTO MAKE B,MAKE B.,Não,3,3,0.00%,1,INTERIOR
Ciclo 12 - 2026,10258 - CP ALCINA MARIA,24670,Regional NE-S,AL,LOJA,87896,FLORATTA EDP RED PASSION V2 75ml,BOT,PERFUMARIA,PERFUMARIA FEMININA,OMNICHANNEL C202612,FLORATTA,Não,3,0,0.00%,0,INTERIOR
Ciclo 12 - 2026,10258 - CP ALCINA MARIA,24669,Regional NE-S,AL,LOJA,87896,FLORATTA EDP RED PASSION V2 75ml,BOT,PERFUMARIA,PERFUMARIA FEMININA,OMNICHANNEL C202612,FLORATTA,Não,3,13,0.00%,13,INTERIOR
Ciclo 12 - 2026,10258 - CP ALCINA MARIA,24668,Regional NE-S,AL,LOJA,87896,FLORATTA EDP RED PASSION V2 75ml,BOT,PERFUMARIA,PERFUMARIA FEMININA,OMNICHANNEL C202612,FLORATTA,Não,3,11,57.14%,7,INTERIOR
Ciclo 12 - 2026,10258 - CP ALCINA MARIA,24303,Regional NE-S,AL,LOJA,87896,FLORATTA EDP RED PASSION V2 75ml,BOT,PERFUMARIA,PERFUMARIA FEMININA,OMNICHANNEL C202612,FLORATTA,Não,3,0,0.00%,0,INTERIOR
Ciclo 12 - 2026,10258 - CP ALCINA MARIA,24671,Regional NE-S,AL,LOJA,87896,FLORATTA EDP RED PASSION V2 75ml,BOT,PERFUMARIA,PERFUMARIA FEMININA,OMNICHANNEL C202612,FLORATTA,Não,3,0,0.00%,0,INTERIOR
Ciclo 12 - 2026,10258 - CP ALCINA MARIA,24670,Regional NE-S,AL,LOJA,87982,ACCORDES DES BDY SPR V7 100ml,BOT,DESODORANTES,DESODORANTE FEMININO,OMNICHANNEL C202612,ACCORDES,Não,3,0,0.00%,0,INTERIOR
Ciclo 12 - 2026,10258 - CP ALCINA MARIA,24303,Regional NE-S,AL,LOJA,87982,ACCORDES DES BDY SPR V7 100ml,BOT,DESODORANTES,DESODORANTE FEMININO,OMNICHANNEL C202612,ACCORDES,Não,3,0,0.00%,0,INTERIOR
Ciclo 12 - 2026,10258 - CP ALCINA MARIA,24668,Regional NE-S,AL,LOJA,87982,ACCORDES DES BDY SPR V7 100ml,BOT,DESODORANTES,DESODORANTE FEMININO,OMNICHANNEL C202612,ACCORDES,Não,3,0,0.00%,0,INTERIOR
Ciclo 12 - 2026,10258 - CP ALCINA MARIA,24669,Regional NE-S,AL,LOJA,87982,ACCORDES DES BDY SPR V7 100ml,BOT,DESODORANTES,DESODORANTE FEMININO,OMNICHANNEL C202612,ACCORDES,Não,3,0,0.00%,0,INTERIOR
Ciclo 12 - 2026,10258 - CP ALCINA MARIA,24671,Regional NE-S,AL,LOJA,87982,ACCORDES DES BDY SPR V7 100ml,BOT,DESODORANTES,DESODORANTE FEMININO,OMNICHANNEL C202612,ACCORDES,Não,3,0,0.00%,0,INTERIOR
Ciclo 12 - 2026,10258 - CP ALCINA MARIA,24668,Regional NE-S,AL,LOJA,88006,MATCH COND LOIRO REPARADO V2 280ml,BOT,CABELOS,CONDICIONADOR,OMNICHANNEL C202612,MATCH,Não,3,0,0.00%,0,INTERIOR
Ciclo 12 - 2026,10258 - CP ALCINA MARIA,24671,Regional NE-S,AL,LOJA,88006,MATCH COND LOIRO REPARADO V2 280ml,BOT,CABELOS,CONDICIONADOR,OMNICHANNEL C202612,MATCH,Não,3,0,0.00%,0,INTERIOR
Ciclo 12 - 2026,10258 - CP ALCINA MARIA,24670,Regional NE-S,AL,LOJA,88006,MATCH COND LOIRO REPARADO V2 280ml,BOT,CABELOS,CONDICIONADOR,OMNICHANNEL C202612,MATCH,Não,3,0,0.00%,0,INTERIOR
Ciclo 12 - 2026,10258 - CP ALCINA MARIA,24303,Regional NE-S,AL,LOJA,88006,MATCH COND LOIRO REPARADO V2 280ml,BOT,CABELOS,CONDICIONADOR,OMNICHANNEL C202612,MATCH,Não,3,0,0.00%,0,INTERIOR
Ciclo 12 - 2026,10258 - CP ALCINA MARIA,24669,Regional NE-S,AL,LOJA,88006,MATCH COND LOIRO REPARADO V2 280ml,BOT,CABELOS,CONDICIONADOR,OMNICHANNEL C202612,MATCH,Não,3,0,0.00%,0,INTERIOR
Ciclo 12 - 2026,10258 - CP ALCINA MARIA,24671,Regional NE-S,AL,LOJA,88019,BOTICA 214 EDP DARK MINT V3 90ml,BOT,PERFUMARIA,PERFUMARIA MASCULINA,OMNICHANNEL C202612,BOTICA 214,Não,3,4,0.00%,4,INTERIOR
Ciclo 12 - 2026,10258 - CP ALCINA MARIA,24670,Regional NE-S,AL,LOJA,88019,BOTICA 214 EDP DARK MINT V3 90ml,BOT,PERFUMARIA,PERFUMARIA MASCULINA,OMNICHANNEL C202612,BOTICA 214,Não,3,3,133.33%,3,INTERIOR
Ciclo 12 - 2026,10258 - CP ALCINA MARIA,24303,Regional NE-S,AL,LOJA,88019,BOTICA 214 EDP DARK MINT V3 90ml,BOT,PERFUMARIA,PERFUMARIA MASCULINA,OMNICHANNEL C202612,BOTICA 214,Não,3,6,33.33%,6,INTERIOR
Ciclo 12 - 2026,10258 - CP ALCINA MARIA,24668,Regional NE-S,AL,LOJA,88019,BOTICA 214 EDP DARK MINT V3 90ml,BOT,PERFUMARIA,PERFUMARIA MASCULINA,OMNICHANNEL C202612,BOTICA 214,Não,3,8,75.00%,8,INTERIOR
Ciclo 12 - 2026,10258 - CP ALCINA MARIA,24669,Regional NE-S,AL,LOJA,88019,BOTICA 214 EDP DARK MINT V3 90ml,BOT,PERFUMARIA,PERFUMARIA MASCULINA,OMNICHANNEL C202612,BOTICA 214,Não,3,0,0.00%,0,INTERIOR
Ciclo 12 - 2026,10258 - CP ALCINA MARIA,24668,Regional NE-S,AL,LOJA,88023,LILY CR D H CP BNH LEAU/LILY BLANC 200ml,BOT,CUIDADOS COM A PELE,CUIDADOS COM O CORPO,OMNICHANNEL C202612,ESSENCE,Não,3,0,0.00%,0,INTERIOR
Ciclo 12 - 2026,10258 - CP ALCINA MARIA,24669,Regional NE-S,AL,LOJA,88023,LILY CR D H CP BNH LEAU/LILY BLANC 200ml,BOT,CUIDADOS COM A PELE,CUIDADOS COM O CORPO,OMNICHANNEL C202612,ESSENCE,Não,3,0,0.00%,0,INTERIOR
Ciclo 12 - 2026,10258 - CP ALCINA MARIA,24303,Regional NE-S,AL,LOJA,88023,LILY CR D H CP BNH LEAU/LILY BLANC 200ml,BOT,CUIDADOS COM A PELE,CUIDADOS COM O CORPO,OMNICHANNEL C202612,ESSENCE,Não,3,0,0.00%,0,INTERIOR
Ciclo 12 - 2026,10258 - CP ALCINA MARIA,24670,Regional NE-S,AL,LOJA,88023,LILY CR D H CP BNH LEAU/LILY BLANC 200ml,BOT,CUIDADOS COM A PELE,CUIDADOS COM O CORPO,OMNICHANNEL C202612,ESSENCE,Não,3,0,0.00%,0,INTERIOR
Ciclo 12 - 2026,10258 - CP ALCINA MARIA,24671,Regional NE-S,AL,LOJA,88023,LILY CR D H CP BNH LEAU/LILY BLANC 200ml,BOT,CUIDADOS COM A PELE,CUIDADOS COM O CORPO,OMNICHANNEL C202612,ESSENCE,Não,3,0,0.00%,0,INTERIOR
Ciclo 12 - 2026,10258 - CP ALCINA MARIA,24670,Regional NE-S,AL,LOJA,88129,BOTIK SRUM FAC A/P PREENCH AC/H PRM 10ml,BOT,SUPORTE À VENDA,PRM,OMNICHANNEL C202612,BOTIK,Não,3,0,0.00%,0,INTERIOR
Ciclo 12 - 2026,10258 - CP ALCINA MARIA,24303,Regional NE-S,AL,LOJA,88129,BOTIK SRUM FAC A/P PREENCH AC/H PRM 10ml,BOT,SUPORTE À VENDA,PRM,OMNICHANNEL C202612,BOTIK,Não,3,0,0.00%,0,INTERIOR
Ciclo 12 - 2026,10258 - CP ALCINA MARIA,24668,Regional NE-S,AL,LOJA,88129,BOTIK SRUM FAC A/P PREENCH AC/H PRM 10ml,BOT,SUPORTE À VENDA,PRM,OMNICHANNEL C202612,BOTIK,Não,3,0,0.00%,0,INTERIOR
Ciclo 12 - 2026,10258 - CP ALCINA MARIA,24669,Regional NE-S,AL,LOJA,88129,BOTIK SRUM FAC A/P PREENCH AC/H PRM 10ml,BOT,SUPORTE À VENDA,PRM,OMNICHANNEL C202612,BOTIK,Não,3,0,0.00%,0,INTERIOR
Ciclo 12 - 2026,10258 - CP ALCINA MARIA,24671,Regional NE-S,AL,LOJA,88129,BOTIK SRUM FAC A/P PREENCH AC/H PRM 10ml,BOT,SUPORTE À VENDA,PRM,OMNICHANNEL C202612,BOTIK,Não,3,0,0.00%,0,INTERIOR
Ciclo 12 - 2026,10258 - CP ALCINA MARIA,24669,Regional NE-S,AL,LOJA,88135,FLORATTA EDP ROSE SUCREE 75ml,BOT,PERFUMARIA,PERFUMARIA FEMININA,OMNICHANNEL C202612,FLORATTA,Não,3,6,50.00%,6,INTERIOR
Ciclo 12 - 2026,10258 - CP ALCINA MARIA,24670,Regional NE-S,AL,LOJA,88135,FLORATTA EDP ROSE SUCREE 75ml,BOT,PERFUMARIA,PERFUMARIA FEMININA,OMNICHANNEL C202612,FLORATTA,Não,3,10,30.00%,10,INTERIOR
Ciclo 12 - 2026,10258 - CP ALCINA MARIA,24671,Regional NE-S,AL,LOJA,88135,FLORATTA EDP ROSE SUCREE 75ml,BOT,PERFUMARIA,PERFUMARIA FEMININA,OMNICHANNEL C202612,FLORATTA,Não,3,7,28.57%,7,INTERIOR
Ciclo 12 - 2026,10258 - CP ALCINA MARIA,24668,Regional NE-S,AL,LOJA,88135,FLORATTA EDP ROSE SUCREE 75ml,BOT,PERFUMARIA,PERFUMARIA FEMININA,OMNICHANNEL C202612,FLORATTA,Não,3,3,33.33%,3,INTERIOR
Ciclo 12 - 2026,10258 - CP ALCINA MARIA,24303,Regional NE-S,AL,LOJA,88135,FLORATTA EDP ROSE SUCREE 75ml,BOT,PERFUMARIA,PERFUMARIA FEMININA,OMNICHANNEL C202612,FLORATTA,Não,3,8,50.00%,8,INTERIOR
Ciclo 12 - 2026,10258 - CP ALCINA MARIA,24617,Regional NE-S,AL,LOJA,88137,FLORATTA EDP ROSE SUCREE PRM 10ml,BOT,SUPORTE À VENDA,PRM,BOLETO PROMOCIONAL BOT C12'26,FLORATTA,Não,16,0,0.00%,0,INTERIOR
Ciclo 12 - 2026,10258 - CP ALCINA MARIA,24668,Regional NE-S,AL,LOJA,88137,FLORATTA EDP ROSE SUCREE PRM 10ml,BOT,SUPORTE À VENDA,PRM,BOLETO PROMOCIONAL BOT C12'26,FLORATTA,Não,45,0,0.00%,0,INTERIOR
Ciclo 12 - 2026,10258 - CP ALCINA MARIA,24669,Regional NE-S,AL,LOJA,88137,FLORATTA EDP ROSE SUCREE PRM 10ml,BOT,SUPORTE À VENDA,PRM,BOLETO PROMOCIONAL BOT C12'26,FLORATTA,Não,37,0,0.00%,0,INTERIOR
Ciclo 12 - 2026,10258 - CP ALCINA MARIA,24670,Regional NE-S,AL,LOJA,88137,FLORATTA EDP ROSE SUCREE PRM 10ml,BOT,SUPORTE À VENDA,PRM,BOLETO PROMOCIONAL BOT C12'26,FLORATTA,Não,49,0,0.00%,0,INTERIOR
Ciclo 12 - 2026,10258 - CP ALCINA MARIA,24303,Regional NE-S,AL,LOJA,88137,FLORATTA EDP ROSE SUCREE PRM 10ml,BOT,SUPORTE À VENDA,PRM,BOLETO PROMOCIONAL BOT C12'26,FLORATTA,Não,38,0,0.00%,0,INTERIOR
Ciclo 12 - 2026,10258 - CP ALCINA MARIA,24671,Regional NE-S,AL,LOJA,88137,FLORATTA EDP ROSE SUCREE PRM 10ml,BOT,SUPORTE À VENDA,PRM,BOLETO PROMOCIONAL BOT C12'26,FLORATTA,Não,31,0,0.00%,0,INTERIOR
Ciclo 12 - 2026,10258 - CP ALCINA MARIA,24671,Regional NE-S,AL,LOJA,88201,REF LILY CR ACET DES HID CPO V3 250g,BOT,CUIDADOS COM A PELE,CUIDADOS COM O CORPO,OMNICHANNEL C202612,ESSENCE,Não,3,0,0.00%,0,INTERIOR
Ciclo 12 - 2026,10258 - CP ALCINA MARIA,24668,Regional NE-S,AL,LOJA,88201,REF LILY CR ACET DES HID CPO V3 250g,BOT,CUIDADOS COM A PELE,CUIDADOS COM O CORPO,OMNICHANNEL C202612,ESSENCE,Não,3,0,0.00%,0,INTERIOR
Ciclo 12 - 2026,10258 - CP ALCINA MARIA,24669,Regional NE-S,AL,LOJA,88201,REF LILY CR ACET DES HID CPO V3 250g,BOT,CUIDADOS COM A PELE,CUIDADOS COM O CORPO,OMNICHANNEL C202612,ESSENCE,Não,3,0,0.00%,0,INTERIOR
Ciclo 12 - 2026,10258 - CP ALCINA MARIA,24303,Regional NE-S,AL,LOJA,88201,REF LILY CR ACET DES HID CPO V3 250g,BOT,CUIDADOS COM A PELE,CUIDADOS COM O CORPO,OMNICHANNEL C202612,ESSENCE,Não,3,0,0.00%,0,INTERIOR
Ciclo 12 - 2026,10258 - CP ALCINA MARIA,24670,Regional NE-S,AL,LOJA,88201,REF LILY CR ACET DES HID CPO V3 250g,BOT,CUIDADOS COM A PELE,CUIDADOS COM O CORPO,OMNICHANNEL C202612,ESSENCE,Não,3,0,0.00%,0,INTERIOR
Ciclo 12 - 2026,10258 - CP ALCINA MARIA,24670,Regional NE-S,AL,LOJA,88396,CBEM DES COL BDY SPLSH CER/FASES 200ml,BOT,PERFUMARIA,PERFUMARIA FEMININA,OMNICHANNEL C202612,CUIDE-SE BEM,Não,3,0,0.00%,0,INTERIOR
Ciclo 12 - 2026,10258 - CP ALCINA MARIA,24303,Regional NE-S,AL,LOJA,88396,CBEM DES COL BDY SPLSH CER/FASES 200ml,BOT,PERFUMARIA,PERFUMARIA FEMININA,OMNICHANNEL C202612,CUIDE-SE BEM,Não,3,0,0.00%,0,INTERIOR
Ciclo 12 - 2026,10258 - CP ALCINA MARIA,24671,Regional NE-S,AL,LOJA,88396,CBEM DES COL BDY SPLSH CER/FASES 200ml,BOT,PERFUMARIA,PERFUMARIA FEMININA,OMNICHANNEL C202612,CUIDE-SE BEM,Não,3,0,0.00%,0,INTERIOR
Ciclo 12 - 2026,10258 - CP ALCINA MARIA,24668,Regional NE-S,AL,LOJA,88396,CBEM DES COL BDY SPLSH CER/FASES 200ml,BOT,PERFUMARIA,PERFUMARIA FEMININA,OMNICHANNEL C202612,CUIDE-SE BEM,Não,3,0,0.00%,0,INTERIOR
Ciclo 12 - 2026,10258 - CP ALCINA MARIA,24669,Regional NE-S,AL,LOJA,88396,CBEM DES COL BDY SPLSH CER/FASES 200ml,BOT,PERFUMARIA,PERFUMARIA FEMININA,OMNICHANNEL C202612,CUIDE-SE BEM,Não,3,0,0.00%,0,INTERIOR
Ciclo 12 - 2026,10258 - CP ALCINA MARIA,24668,Regional NE-S,AL,LOJA,88911,LILY SAB BARRA V2 2x90g,BOT,SABONETE CORPO,CORPO,OMNICHANNEL C202612,ESSENCE,Não,3,6,33.33%,6,INTERIOR
Ciclo 12 - 2026,10258 - CP ALCINA MARIA,24669,Regional NE-S,AL,LOJA,88911,LILY SAB BARRA V2 2x90g,BOT,SABONETE CORPO,CORPO,OMNICHANNEL C202612,ESSENCE,Não,3,10,10.00%,10,INTERIOR
Ciclo 12 - 2026,10258 - CP ALCINA MARIA,24303,Regional NE-S,AL,LOJA,88911,LILY SAB BARRA V2 2x90g,BOT,SABONETE CORPO,CORPO,OMNICHANNEL C202612,ESSENCE,Não,3,0,0.00%,0,INTERIOR
Ciclo 12 - 2026,10258 - CP ALCINA MARIA,24671,Regional NE-S,AL,LOJA,88911,LILY SAB BARRA V2 2x90g,BOT,SABONETE CORPO,CORPO,OMNICHANNEL C202612,ESSENCE,Não,3,4,50.00%,4,INTERIOR
Ciclo 12 - 2026,10258 - CP ALCINA MARIA,24670,Regional NE-S,AL,LOJA,88911,LILY SAB BARRA V2 2x90g,BOT,SABONETE CORPO,CORPO,OMNICHANNEL C202612,ESSENCE,Não,3,2,100.00%,2,INTERIOR
Ciclo 12 - 2026,10258 - CP ALCINA MARIA,24669,Regional NE-S,AL,LOJA,88913,CBEM SPR INTIMO CER/FASES 75ml,BOT,DESODORANTES,DESODORANTE FEMININO,OMNICHANNEL C202612,CUIDE-SE BEM,Não,3,0,0.00%,0,INTERIOR
Ciclo 12 - 2026,10258 - CP ALCINA MARIA,24303,Regional NE-S,AL,LOJA,88913,CBEM SPR INTIMO CER/FASES 75ml,BOT,DESODORANTES,DESODORANTE FEMININO,OMNICHANNEL C202612,CUIDE-SE BEM,Não,3,3,133.33%,3,INTERIOR
Ciclo 12 - 2026,10258 - CP ALCINA MARIA,24668,Regional NE-S,AL,LOJA,88913,CBEM SPR INTIMO CER/FASES 75ml,BOT,DESODORANTES,DESODORANTE FEMININO,OMNICHANNEL C202612,CUIDE-SE BEM,Não,3,0,0.00%,0,INTERIOR
Ciclo 12 - 2026,10258 - CP ALCINA MARIA,24671,Regional NE-S,AL,LOJA,88913,CBEM SPR INTIMO CER/FASES 75ml,BOT,DESODORANTES,DESODORANTE FEMININO,OMNICHANNEL C202612,CUIDE-SE BEM,Não,3,0,0.00%,0,INTERIOR
Ciclo 12 - 2026,10258 - CP ALCINA MARIA,24670,Regional NE-S,AL,LOJA,88913,CBEM SPR INTIMO CER/FASES 75ml,BOT,DESODORANTES,DESODORANTE FEMININO,OMNICHANNEL C202612,CUIDE-SE BEM,Não,3,0,0.00%,0,INTERIOR
Ciclo 12 - 2026,10258 - CP ALCINA MARIA,24671,Regional NE-S,AL,LOJA,88947,"MAKE B CORRET LIQ HYAL 100F 6,8ml",BOT,MAQUIAGEM,MAQUIAGEM ROSTO,LANÇAMENTO MAKE B,MAKE B.,Não,2,2,0.00%,2,INTERIOR
Ciclo 12 - 2026,10258 - CP ALCINA MARIA,24303,Regional NE-S,AL,LOJA,88947,"MAKE B CORRET LIQ HYAL 100F 6,8ml",BOT,MAQUIAGEM,MAQUIAGEM ROSTO,LANÇAMENTO MAKE B,MAKE B.,Não,2,2,0.00%,2,INTERIOR
Ciclo 12 - 2026,10258 - CP ALCINA MARIA,24669,Regional NE-S,AL,LOJA,88947,"MAKE B CORRET LIQ HYAL 100F 6,8ml",BOT,MAQUIAGEM,MAQUIAGEM ROSTO,LANÇAMENTO MAKE B,MAKE B.,Não,2,2,0.00%,2,INTERIOR
Ciclo 12 - 2026,10258 - CP ALCINA MARIA,24670,Regional NE-S,AL,LOJA,88947,"MAKE B CORRET LIQ HYAL 100F 6,8ml",BOT,MAQUIAGEM,MAQUIAGEM ROSTO,LANÇAMENTO MAKE B,MAKE B.,Não,2,2,0.00%,2,INTERIOR
Ciclo 12 - 2026,10258 - CP ALCINA MARIA,24668,Regional NE-S,AL,LOJA,88947,"MAKE B CORRET LIQ HYAL 100F 6,8ml",BOT,MAQUIAGEM,MAQUIAGEM ROSTO,LANÇAMENTO MAKE B,MAKE B.,Não,2,2,0.00%,2,INTERIOR
Ciclo 12 - 2026,10258 - CP ALCINA MARIA,24617,Regional NE-S,AL,LOJA,88947,"MAKE B CORRET LIQ HYAL 100F 6,8ml",BOT,MAQUIAGEM,MAQUIAGEM ROSTO,LANÇAMENTO MAKE B,MAKE B.,Não,2,2,0.00%,2,INTERIOR
Ciclo 12 - 2026,10258 - CP ALCINA MARIA,24670,Regional NE-S,AL,LOJA,88971,LIZ DES COL D ESSENCE PRM 10ml,BOT,SUPORTE À VENDA,PRM,OMNICHANNEL C202612,LIZ,Não,3,0,0.00%,0,INTERIOR
Ciclo 12 - 2026,10258 - CP ALCINA MARIA,24668,Regional NE-S,AL,LOJA,88971,LIZ DES COL D ESSENCE PRM 10ml,BOT,SUPORTE À VENDA,PRM,OMNICHANNEL C202612,LIZ,Não,3,0,0.00%,0,INTERIOR
Ciclo 12 - 2026,10258 - CP ALCINA MARIA,24671,Regional NE-S,AL,LOJA,88971,LIZ DES COL D ESSENCE PRM 10ml,BOT,SUPORTE À VENDA,PRM,OMNICHANNEL C202612,LIZ,Não,3,0,0.00%,0,INTERIOR
Ciclo 12 - 2026,10258 - CP ALCINA MARIA,24669,Regional NE-S,AL,LOJA,88971,LIZ DES COL D ESSENCE PRM 10ml,BOT,SUPORTE À VENDA,PRM,OMNICHANNEL C202612,LIZ,Não,3,0,0.00%,0,INTERIOR
Ciclo 12 - 2026,10258 - CP ALCINA MARIA,24303,Regional NE-S,AL,LOJA,88971,LIZ DES COL D ESSENCE PRM 10ml,BOT,SUPORTE À VENDA,PRM,OMNICHANNEL C202612,LIZ,Não,3,0,0.00%,0,INTERIOR
Ciclo 12 - 2026,10258 - CP ALCINA MARIA,24668,Regional NE-S,AL,LOJA,89026,"MAKE B CORRET LIQ HYAL 120N 6,8ml",BOT,MAQUIAGEM,MAQUIAGEM ROSTO,LANÇAMENTO MAKE B,MAKE B.,Não,3,3,33.33%,3,INTERIOR
Ciclo 12 - 2026,10258 - CP ALCINA MARIA,24669,Regional NE-S,AL,LOJA,89026,"MAKE B CORRET LIQ HYAL 120N 6,8ml",BOT,MAQUIAGEM,MAQUIAGEM ROSTO,LANÇAMENTO MAKE B,MAKE B.,Não,3,3,33.33%,3,INTERIOR
Ciclo 12 - 2026,10258 - CP ALCINA MARIA,24671,Regional NE-S,AL,LOJA,89026,"MAKE B CORRET LIQ HYAL 120N 6,8ml",BOT,MAQUIAGEM,MAQUIAGEM ROSTO,LANÇAMENTO MAKE B,MAKE B.,Não,3,3,0.00%,3,INTERIOR
Ciclo 12 - 2026,10258 - CP ALCINA MARIA,24617,Regional NE-S,AL,LOJA,89026,"MAKE B CORRET LIQ HYAL 120N 6,8ml",BOT,MAQUIAGEM,MAQUIAGEM ROSTO,LANÇAMENTO MAKE B,MAKE B.,Não,3,2,100.00%,2,INTERIOR
Ciclo 12 - 2026,10258 - CP ALCINA MARIA,24303,Regional NE-S,AL,LOJA,89026,"MAKE B CORRET LIQ HYAL 120N 6,8ml",BOT,MAQUIAGEM,MAQUIAGEM ROSTO,LANÇAMENTO MAKE B,MAKE B.,Não,3,3,0.00%,3,INTERIOR
Ciclo 12 - 2026,10258 - CP ALCINA MARIA,24670,Regional NE-S,AL,LOJA,89026,"MAKE B CORRET LIQ HYAL 120N 6,8ml",BOT,MAQUIAGEM,MAQUIAGEM ROSTO,LANÇAMENTO MAKE B,MAKE B.,Não,3,3,0.00%,3,INTERIOR
Ciclo 12 - 2026,10258 - CP ALCINA MARIA,24669,Regional NE-S,AL,LOJA,89027,"MAKE B CORRET LIQ HYAL 140Q 6,8ml",BOT,MAQUIAGEM,MAQUIAGEM ROSTO,LANÇAMENTO MAKE B,MAKE B.,Não,2,2,50.00%,2,INTERIOR
Ciclo 12 - 2026,10258 - CP ALCINA MARIA,24303,Regional NE-S,AL,LOJA,89027,"MAKE B CORRET LIQ HYAL 140Q 6,8ml",BOT,MAQUIAGEM,MAQUIAGEM ROSTO,LANÇAMENTO MAKE B,MAKE B.,Não,2,2,0.00%,2,INTERIOR
Ciclo 12 - 2026,10258 - CP ALCINA MARIA,24617,Regional NE-S,AL,LOJA,89027,"MAKE B CORRET LIQ HYAL 140Q 6,8ml",BOT,MAQUIAGEM,MAQUIAGEM ROSTO,LANÇAMENTO MAKE B,MAKE B.,Não,2,2,100.00%,2,INTERIOR
Ciclo 12 - 2026,10258 - CP ALCINA MARIA,24668,Regional NE-S,AL,LOJA,89027,"MAKE B CORRET LIQ HYAL 140Q 6,8ml",BOT,MAQUIAGEM,MAQUIAGEM ROSTO,LANÇAMENTO MAKE B,MAKE B.,Não,2,2,0.00%,2,INTERIOR
Ciclo 12 - 2026,10258 - CP ALCINA MARIA,24671,Regional NE-S,AL,LOJA,89027,"MAKE B CORRET LIQ HYAL 140Q 6,8ml",BOT,MAQUIAGEM,MAQUIAGEM ROSTO,LANÇAMENTO MAKE B,MAKE B.,Não,2,2,50.00%,2,INTERIOR
Ciclo 12 - 2026,10258 - CP ALCINA MARIA,24670,Regional NE-S,AL,LOJA,89027,"MAKE B CORRET LIQ HYAL 140Q 6,8ml",BOT,MAQUIAGEM,MAQUIAGEM ROSTO,LANÇAMENTO MAKE B,MAKE B.,Não,2,2,0.00%,2,INTERIOR
Ciclo 12 - 2026,10258 - CP ALCINA MARIA,24669,Regional NE-S,AL,LOJA,89028,"MAKE B CORRET LIQ HYAL 170Q 6,8ml",BOT,MAQUIAGEM,MAQUIAGEM ROSTO,LANÇAMENTO MAKE B,MAKE B.,Não,4,4,50.00%,4,INTERIOR
Ciclo 12 - 2026,10258 - CP ALCINA MARIA,24670,Regional NE-S,AL,LOJA,89028,"MAKE B CORRET LIQ HYAL 170Q 6,8ml",BOT,MAQUIAGEM,MAQUIAGEM ROSTO,LANÇAMENTO MAKE B,MAKE B.,Não,3,3,0.00%,3,INTERIOR
Ciclo 12 - 2026,10258 - CP ALCINA MARIA,24617,Regional NE-S,AL,LOJA,89028,"MAKE B CORRET LIQ HYAL 170Q 6,8ml",BOT,MAQUIAGEM,MAQUIAGEM ROSTO,LANÇAMENTO MAKE B,MAKE B.,Não,3,2,50.00%,2,INTERIOR
Ciclo 12 - 2026,10258 - CP ALCINA MARIA,24671,Regional NE-S,AL,LOJA,89028,"MAKE B CORRET LIQ HYAL 170Q 6,8ml",BOT,MAQUIAGEM,MAQUIAGEM ROSTO,LANÇAMENTO MAKE B,MAKE B.,Não,3,3,0.00%,3,INTERIOR
Ciclo 12 - 2026,10258 - CP ALCINA MARIA,24668,Regional NE-S,AL,LOJA,89028,"MAKE B CORRET LIQ HYAL 170Q 6,8ml",BOT,MAQUIAGEM,MAQUIAGEM ROSTO,LANÇAMENTO MAKE B,MAKE B.,Não,4,4,75.00%,4,INTERIOR
Ciclo 12 - 2026,10258 - CP ALCINA MARIA,24303,Regional NE-S,AL,LOJA,89028,"MAKE B CORRET LIQ HYAL 170Q 6,8ml",BOT,MAQUIAGEM,MAQUIAGEM ROSTO,LANÇAMENTO MAKE B,MAKE B.,Não,3,3,0.00%,3,INTERIOR
Ciclo 12 - 2026,10258 - CP ALCINA MARIA,24617,Regional NE-S,AL,LOJA,89029,"MAKE B CORRET LIQ HYAL 210Q 6,8ml",BOT,MAQUIAGEM,MAQUIAGEM ROSTO,LANÇAMENTO MAKE B,MAKE B.,Não,3,2,50.00%,2,INTERIOR
Ciclo 12 - 2026,10258 - CP ALCINA MARIA,24669,Regional NE-S,AL,LOJA,89029,"MAKE B CORRET LIQ HYAL 210Q 6,8ml",BOT,MAQUIAGEM,MAQUIAGEM ROSTO,LANÇAMENTO MAKE B,MAKE B.,Não,3,3,33.33%,3,INTERIOR
Ciclo 12 - 2026,10258 - CP ALCINA MARIA,24670,Regional NE-S,AL,LOJA,89029,"MAKE B CORRET LIQ HYAL 210Q 6,8ml",BOT,MAQUIAGEM,MAQUIAGEM ROSTO,LANÇAMENTO MAKE B,MAKE B.,Não,3,3,33.33%,3,INTERIOR
Ciclo 12 - 2026,10258 - CP ALCINA MARIA,24668,Regional NE-S,AL,LOJA,89029,"MAKE B CORRET LIQ HYAL 210Q 6,8ml",BOT,MAQUIAGEM,MAQUIAGEM ROSTO,LANÇAMENTO MAKE B,MAKE B.,Não,3,3,66.67%,3,INTERIOR
Ciclo 12 - 2026,10258 - CP ALCINA MARIA,24303,Regional NE-S,AL,LOJA,89029,"MAKE B CORRET LIQ HYAL 210Q 6,8ml",BOT,MAQUIAGEM,MAQUIAGEM ROSTO,LANÇAMENTO MAKE B,MAKE B.,Não,3,3,0.00%,3,INTERIOR
Ciclo 12 - 2026,10258 - CP ALCINA MARIA,24671,Regional NE-S,AL,LOJA,89029,"MAKE B CORRET LIQ HYAL 210Q 6,8ml",BOT,MAQUIAGEM,MAQUIAGEM ROSTO,LANÇAMENTO MAKE B,MAKE B.,Não,3,3,0.00%,3,INTERIOR
Ciclo 12 - 2026,10258 - CP ALCINA MARIA,24617,Regional NE-S,AL,LOJA,89030,"MAKE B CORRET LIQ HYAL 225N 6,8ml",BOT,MAQUIAGEM,MAQUIAGEM ROSTO,LANÇAMENTO MAKE B,MAKE B.,Não,2,2,0.00%,2,INTERIOR
Ciclo 12 - 2026,10258 - CP ALCINA MARIA,24670,Regional NE-S,AL,LOJA,89030,"MAKE B CORRET LIQ HYAL 225N 6,8ml",BOT,MAQUIAGEM,MAQUIAGEM ROSTO,LANÇAMENTO MAKE B,MAKE B.,Não,2,2,0.00%,2,INTERIOR
Ciclo 12 - 2026,10258 - CP ALCINA MARIA,24668,Regional NE-S,AL,LOJA,89030,"MAKE B CORRET LIQ HYAL 225N 6,8ml",BOT,MAQUIAGEM,MAQUIAGEM ROSTO,LANÇAMENTO MAKE B,MAKE B.,Não,2,2,0.00%,2,INTERIOR
Ciclo 12 - 2026,10258 - CP ALCINA MARIA,24671,Regional NE-S,AL,LOJA,89030,"MAKE B CORRET LIQ HYAL 225N 6,8ml",BOT,MAQUIAGEM,MAQUIAGEM ROSTO,LANÇAMENTO MAKE B,MAKE B.,Não,2,2,50.00%,2,INTERIOR
Ciclo 12 - 2026,10258 - CP ALCINA MARIA,24669,Regional NE-S,AL,LOJA,89030,"MAKE B CORRET LIQ HYAL 225N 6,8ml",BOT,MAQUIAGEM,MAQUIAGEM ROSTO,LANÇAMENTO MAKE B,MAKE B.,Não,2,2,0.00%,2,INTERIOR
Ciclo 12 - 2026,10258 - CP ALCINA MARIA,24303,Regional NE-S,AL,LOJA,89030,"MAKE B CORRET LIQ HYAL 225N 6,8ml",BOT,MAQUIAGEM,MAQUIAGEM ROSTO,LANÇAMENTO MAKE B,MAKE B.,Não,2,2,0.00%,2,INTERIOR
Ciclo 12 - 2026,10258 - CP ALCINA MARIA,24670,Regional NE-S,AL,LOJA,89031,"MAKE B CORRET LIQ HYAL 260N 6,8ml",BOT,MAQUIAGEM,MAQUIAGEM ROSTO,LANÇAMENTO MAKE B,MAKE B.,Não,2,2,0.00%,2,INTERIOR
Ciclo 12 - 2026,10258 - CP ALCINA MARIA,24668,Regional NE-S,AL,LOJA,89031,"MAKE B CORRET LIQ HYAL 260N 6,8ml",BOT,MAQUIAGEM,MAQUIAGEM ROSTO,LANÇAMENTO MAKE B,MAKE B.,Não,2,2,0.00%,2,INTERIOR
Ciclo 12 - 2026,10258 - CP ALCINA MARIA,24669,Regional NE-S,AL,LOJA,89031,"MAKE B CORRET LIQ HYAL 260N 6,8ml",BOT,MAQUIAGEM,MAQUIAGEM ROSTO,LANÇAMENTO MAKE B,MAKE B.,Não,2,2,0.00%,2,INTERIOR
Ciclo 12 - 2026,10258 - CP ALCINA MARIA,24671,Regional NE-S,AL,LOJA,89031,"MAKE B CORRET LIQ HYAL 260N 6,8ml",BOT,MAQUIAGEM,MAQUIAGEM ROSTO,LANÇAMENTO MAKE B,MAKE B.,Não,2,2,0.00%,2,INTERIOR
Ciclo 12 - 2026,10258 - CP ALCINA MARIA,24303,Regional NE-S,AL,LOJA,89031,"MAKE B CORRET LIQ HYAL 260N 6,8ml",BOT,MAQUIAGEM,MAQUIAGEM ROSTO,LANÇAMENTO MAKE B,MAKE B.,Não,2,2,0.00%,2,INTERIOR
Ciclo 12 - 2026,10258 - CP ALCINA MARIA,24617,Regional NE-S,AL,LOJA,89031,"MAKE B CORRET LIQ HYAL 260N 6,8ml",BOT,MAQUIAGEM,MAQUIAGEM ROSTO,LANÇAMENTO MAKE B,MAKE B.,Não,2,2,0.00%,2,INTERIOR
Ciclo 12 - 2026,10258 - CP ALCINA MARIA,24670,Regional NE-S,AL,LOJA,89032,"MAKE B CORRET LIQ HYAL 275N 6,8ml",BOT,MAQUIAGEM,MAQUIAGEM ROSTO,LANÇAMENTO MAKE B,MAKE B.,Não,2,2,0.00%,2,INTERIOR
Ciclo 12 - 2026,10258 - CP ALCINA MARIA,24671,Regional NE-S,AL,LOJA,89032,"MAKE B CORRET LIQ HYAL 275N 6,8ml",BOT,MAQUIAGEM,MAQUIAGEM ROSTO,LANÇAMENTO MAKE B,MAKE B.,Não,2,2,0.00%,2,INTERIOR
Ciclo 12 - 2026,10258 - CP ALCINA MARIA,24617,Regional NE-S,AL,LOJA,89032,"MAKE B CORRET LIQ HYAL 275N 6,8ml",BOT,MAQUIAGEM,MAQUIAGEM ROSTO,LANÇAMENTO MAKE B,MAKE B.,Não,2,2,0.00%,2,INTERIOR
Ciclo 12 - 2026,10258 - CP ALCINA MARIA,24669,Regional NE-S,AL,LOJA,89032,"MAKE B CORRET LIQ HYAL 275N 6,8ml",BOT,MAQUIAGEM,MAQUIAGEM ROSTO,LANÇAMENTO MAKE B,MAKE B.,Não,2,2,0.00%,2,INTERIOR
Ciclo 12 - 2026,10258 - CP ALCINA MARIA,24303,Regional NE-S,AL,LOJA,89032,"MAKE B CORRET LIQ HYAL 275N 6,8ml",BOT,MAQUIAGEM,MAQUIAGEM ROSTO,LANÇAMENTO MAKE B,MAKE B.,Não,2,2,0.00%,2,INTERIOR
Ciclo 12 - 2026,10258 - CP ALCINA MARIA,24668,Regional NE-S,AL,LOJA,89032,"MAKE B CORRET LIQ HYAL 275N 6,8ml",BOT,MAQUIAGEM,MAQUIAGEM ROSTO,LANÇAMENTO MAKE B,MAKE B.,Não,2,2,0.00%,2,INTERIOR
Ciclo 12 - 2026,10258 - CP ALCINA MARIA,24669,Regional NE-S,AL,LOJA,89033,"MAKE B CORRET LIQ HYAL 290N 6,8ml",BOT,MAQUIAGEM,MAQUIAGEM ROSTO,LANÇAMENTO MAKE B,MAKE B.,Não,2,2,0.00%,2,INTERIOR
Ciclo 12 - 2026,10258 - CP ALCINA MARIA,24670,Regional NE-S,AL,LOJA,89033,"MAKE B CORRET LIQ HYAL 290N 6,8ml",BOT,MAQUIAGEM,MAQUIAGEM ROSTO,LANÇAMENTO MAKE B,MAKE B.,Não,2,2,0.00%,2,INTERIOR
Ciclo 12 - 2026,10258 - CP ALCINA MARIA,24303,Regional NE-S,AL,LOJA,89033,"MAKE B CORRET LIQ HYAL 290N 6,8ml",BOT,MAQUIAGEM,MAQUIAGEM ROSTO,LANÇAMENTO MAKE B,MAKE B.,Não,2,2,0.00%,2,INTERIOR
Ciclo 12 - 2026,10258 - CP ALCINA MARIA,24617,Regional NE-S,AL,LOJA,89033,"MAKE B CORRET LIQ HYAL 290N 6,8ml",BOT,MAQUIAGEM,MAQUIAGEM ROSTO,LANÇAMENTO MAKE B,MAKE B.,Não,2,2,0.00%,2,INTERIOR
Ciclo 12 - 2026,10258 - CP ALCINA MARIA,24671,Regional NE-S,AL,LOJA,89033,"MAKE B CORRET LIQ HYAL 290N 6,8ml",BOT,MAQUIAGEM,MAQUIAGEM ROSTO,LANÇAMENTO MAKE B,MAKE B.,Não,2,2,0.00%,2,INTERIOR
Ciclo 12 - 2026,10258 - CP ALCINA MARIA,24668,Regional NE-S,AL,LOJA,89033,"MAKE B CORRET LIQ HYAL 290N 6,8ml",BOT,MAQUIAGEM,MAQUIAGEM ROSTO,LANÇAMENTO MAKE B,MAKE B.,Não,2,2,0.00%,2,INTERIOR
Ciclo 12 - 2026,10258 - CP ALCINA MARIA,24617,Regional NE-S,AL,LOJA,89067,MAKE B BASE LIQ HYALURONIC 250Q 30ml,BOT,MAQUIAGEM,MAQUIAGEM ROSTO,LANÇAMENTO MAKE B,MAKE B.,Não,2,2,0.00%,2,INTERIOR
Ciclo 12 - 2026,10258 - CP ALCINA MARIA,24670,Regional NE-S,AL,LOJA,89067,MAKE B BASE LIQ HYALURONIC 250Q 30ml,BOT,MAQUIAGEM,MAQUIAGEM ROSTO,LANÇAMENTO MAKE B,MAKE B.,Não,2,2,0.00%,2,INTERIOR
Ciclo 12 - 2026,10258 - CP ALCINA MARIA,24669,Regional NE-S,AL,LOJA,89067,MAKE B BASE LIQ HYALURONIC 250Q 30ml,BOT,MAQUIAGEM,MAQUIAGEM ROSTO,LANÇAMENTO MAKE B,MAKE B.,Não,2,2,0.00%,2,INTERIOR
Ciclo 12 - 2026,10258 - CP ALCINA MARIA,24671,Regional NE-S,AL,LOJA,89067,MAKE B BASE LIQ HYALURONIC 250Q 30ml,BOT,MAQUIAGEM,MAQUIAGEM ROSTO,LANÇAMENTO MAKE B,MAKE B.,Não,2,2,50.00%,2,INTERIOR
Ciclo 12 - 2026,10258 - CP ALCINA MARIA,24303,Regional NE-S,AL,LOJA,89067,MAKE B BASE LIQ HYALURONIC 250Q 30ml,BOT,MAQUIAGEM,MAQUIAGEM ROSTO,LANÇAMENTO MAKE B,MAKE B.,Não,2,2,0.00%,2,INTERIOR
Ciclo 12 - 2026,10258 - CP ALCINA MARIA,24668,Regional NE-S,AL,LOJA,89067,MAKE B BASE LIQ HYALURONIC 250Q 30ml,BOT,MAQUIAGEM,MAQUIAGEM ROSTO,LANÇAMENTO MAKE B,MAKE B.,Não,2,2,0.00%,2,INTERIOR
Ciclo 12 - 2026,10258 - CP ALCINA MARIA,24670,Regional NE-S,AL,LOJA,89068,MAKE B BASE LIQ HYALURONIC 260N 30ml,BOT,MAQUIAGEM,MAQUIAGEM ROSTO,LANÇAMENTO MAKE B,MAKE B.,Não,2,2,0.00%,2,INTERIOR
Ciclo 12 - 2026,10258 - CP ALCINA MARIA,24668,Regional NE-S,AL,LOJA,89068,MAKE B BASE LIQ HYALURONIC 260N 30ml,BOT,MAQUIAGEM,MAQUIAGEM ROSTO,LANÇAMENTO MAKE B,MAKE B.,Não,2,2,0.00%,2,INTERIOR
Ciclo 12 - 2026,10258 - CP ALCINA MARIA,24303,Regional NE-S,AL,LOJA,89068,MAKE B BASE LIQ HYALURONIC 260N 30ml,BOT,MAQUIAGEM,MAQUIAGEM ROSTO,LANÇAMENTO MAKE B,MAKE B.,Não,2,2,0.00%,2,INTERIOR
Ciclo 12 - 2026,10258 - CP ALCINA MARIA,24669,Regional NE-S,AL,LOJA,89068,MAKE B BASE LIQ HYALURONIC 260N 30ml,BOT,MAQUIAGEM,MAQUIAGEM ROSTO,LANÇAMENTO MAKE B,MAKE B.,Não,2,2,0.00%,2,INTERIOR
Ciclo 12 - 2026,10258 - CP ALCINA MARIA,24671,Regional NE-S,AL,LOJA,89068,MAKE B BASE LIQ HYALURONIC 260N 30ml,BOT,MAQUIAGEM,MAQUIAGEM ROSTO,LANÇAMENTO MAKE B,MAKE B.,Não,2,2,0.00%,2,INTERIOR
Ciclo 12 - 2026,10258 - CP ALCINA MARIA,24617,Regional NE-S,AL,LOJA,89068,MAKE B BASE LIQ HYALURONIC 260N 30ml,BOT,MAQUIAGEM,MAQUIAGEM ROSTO,LANÇAMENTO MAKE B,MAKE B.,Não,2,2,0.00%,2,INTERIOR
Ciclo 12 - 2026,10258 - CP ALCINA MARIA,24671,Regional NE-S,AL,LOJA,89069,MAKE B BASE LIQ HYALURONIC 270Q 30ml,BOT,MAQUIAGEM,MAQUIAGEM ROSTO,LANÇAMENTO MAKE B,MAKE B.,Não,2,2,0.00%,2,INTERIOR
Ciclo 12 - 2026,10258 - CP ALCINA MARIA,24670,Regional NE-S,AL,LOJA,89069,MAKE B BASE LIQ HYALURONIC 270Q 30ml,BOT,MAQUIAGEM,MAQUIAGEM ROSTO,LANÇAMENTO MAKE B,MAKE B.,Não,2,2,0.00%,2,INTERIOR
Ciclo 12 - 2026,10258 - CP ALCINA MARIA,24617,Regional NE-S,AL,LOJA,89069,MAKE B BASE LIQ HYALURONIC 270Q 30ml,BOT,MAQUIAGEM,MAQUIAGEM ROSTO,LANÇAMENTO MAKE B,MAKE B.,Não,2,2,0.00%,2,INTERIOR
Ciclo 12 - 2026,10258 - CP ALCINA MARIA,24668,Regional NE-S,AL,LOJA,89069,MAKE B BASE LIQ HYALURONIC 270Q 30ml,BOT,MAQUIAGEM,MAQUIAGEM ROSTO,LANÇAMENTO MAKE B,MAKE B.,Não,2,2,0.00%,2,INTERIOR
Ciclo 12 - 2026,10258 - CP ALCINA MARIA,24303,Regional NE-S,AL,LOJA,89069,MAKE B BASE LIQ HYALURONIC 270Q 30ml,BOT,MAQUIAGEM,MAQUIAGEM ROSTO,LANÇAMENTO MAKE B,MAKE B.,Não,2,2,50.00%,2,INTERIOR
Ciclo 12 - 2026,10258 - CP ALCINA MARIA,24669,Regional NE-S,AL,LOJA,89069,MAKE B BASE LIQ HYALURONIC 270Q 30ml,BOT,MAQUIAGEM,MAQUIAGEM ROSTO,LANÇAMENTO MAKE B,MAKE B.,Não,2,2,0.00%,2,INTERIOR
Ciclo 12 - 2026,10258 - CP ALCINA MARIA,24671,Regional NE-S,AL,LOJA,89070,MAKE B BASE LIQ HYALURONIC 275N 30ml,BOT,MAQUIAGEM,MAQUIAGEM ROSTO,LANÇAMENTO MAKE B,MAKE B.,Não,2,2,0.00%,2,INTERIOR
Ciclo 12 - 2026,10258 - CP ALCINA MARIA,24617,Regional NE-S,AL,LOJA,89070,MAKE B BASE LIQ HYALURONIC 275N 30ml,BOT,MAQUIAGEM,MAQUIAGEM ROSTO,LANÇAMENTO MAKE B,MAKE B.,Não,2,2,0.00%,2,INTERIOR
Ciclo 12 - 2026,10258 - CP ALCINA MARIA,24670,Regional NE-S,AL,LOJA,89070,MAKE B BASE LIQ HYALURONIC 275N 30ml,BOT,MAQUIAGEM,MAQUIAGEM ROSTO,LANÇAMENTO MAKE B,MAKE B.,Não,2,2,50.00%,2,INTERIOR
Ciclo 12 - 2026,10258 - CP ALCINA MARIA,24303,Regional NE-S,AL,LOJA,89070,MAKE B BASE LIQ HYALURONIC 275N 30ml,BOT,MAQUIAGEM,MAQUIAGEM ROSTO,LANÇAMENTO MAKE B,MAKE B.,Não,2,2,0.00%,2,INTERIOR
Ciclo 12 - 2026,10258 - CP ALCINA MARIA,24669,Regional NE-S,AL,LOJA,89070,MAKE B BASE LIQ HYALURONIC 275N 30ml,BOT,MAQUIAGEM,MAQUIAGEM ROSTO,LANÇAMENTO MAKE B,MAKE B.,Não,2,2,0.00%,2,INTERIOR
Ciclo 12 - 2026,10258 - CP ALCINA MARIA,24668,Regional NE-S,AL,LOJA,89070,MAKE B BASE LIQ HYALURONIC 275N 30ml,BOT,MAQUIAGEM,MAQUIAGEM ROSTO,LANÇAMENTO MAKE B,MAKE B.,Não,2,2,0.00%,2,INTERIOR
Ciclo 12 - 2026,10258 - CP ALCINA MARIA,24617,Regional NE-S,AL,LOJA,89071,MAKE B BASE LIQ HYALURONIC 285N 30ml,BOT,MAQUIAGEM,MAQUIAGEM ROSTO,LANÇAMENTO MAKE B,MAKE B.,Não,2,2,0.00%,2,INTERIOR
Ciclo 12 - 2026,10258 - CP ALCINA MARIA,24671,Regional NE-S,AL,LOJA,89071,MAKE B BASE LIQ HYALURONIC 285N 30ml,BOT,MAQUIAGEM,MAQUIAGEM ROSTO,LANÇAMENTO MAKE B,MAKE B.,Não,2,2,0.00%,2,INTERIOR
Ciclo 12 - 2026,10258 - CP ALCINA MARIA,24303,Regional NE-S,AL,LOJA,89071,MAKE B BASE LIQ HYALURONIC 285N 30ml,BOT,MAQUIAGEM,MAQUIAGEM ROSTO,LANÇAMENTO MAKE B,MAKE B.,Não,2,2,0.00%,2,INTERIOR
Ciclo 12 - 2026,10258 - CP ALCINA MARIA,24669,Regional NE-S,AL,LOJA,89071,MAKE B BASE LIQ HYALURONIC 285N 30ml,BOT,MAQUIAGEM,MAQUIAGEM ROSTO,LANÇAMENTO MAKE B,MAKE B.,Não,2,2,0.00%,2,INTERIOR
Ciclo 12 - 2026,10258 - CP ALCINA MARIA,24668,Regional NE-S,AL,LOJA,89071,MAKE B BASE LIQ HYALURONIC 285N 30ml,BOT,MAQUIAGEM,MAQUIAGEM ROSTO,LANÇAMENTO MAKE B,MAKE B.,Não,2,2,50.00%,2,INTERIOR
Ciclo 12 - 2026,10258 - CP ALCINA MARIA,24670,Regional NE-S,AL,LOJA,89071,MAKE B BASE LIQ HYALURONIC 285N 30ml,BOT,MAQUIAGEM,MAQUIAGEM ROSTO,LANÇAMENTO MAKE B,MAKE B.,Não,2,2,0.00%,2,INTERIOR
Ciclo 12 - 2026,10258 - CP ALCINA MARIA,24303,Regional NE-S,AL,LOJA,89073,MAKE B BASE LIQ HYALURONIC 290N 30ml,BOT,MAQUIAGEM,MAQUIAGEM ROSTO,LANÇAMENTO MAKE B,MAKE B.,Não,2,2,0.00%,2,INTERIOR
Ciclo 12 - 2026,10258 - CP ALCINA MARIA,24671,Regional NE-S,AL,LOJA,89073,MAKE B BASE LIQ HYALURONIC 290N 30ml,BOT,MAQUIAGEM,MAQUIAGEM ROSTO,LANÇAMENTO MAKE B,MAKE B.,Não,2,2,50.00%,2,INTERIOR
Ciclo 12 - 2026,10258 - CP ALCINA MARIA,24668,Regional NE-S,AL,LOJA,89073,MAKE B BASE LIQ HYALURONIC 290N 30ml,BOT,MAQUIAGEM,MAQUIAGEM ROSTO,LANÇAMENTO MAKE B,MAKE B.,Não,2,2,0.00%,2,INTERIOR
Ciclo 12 - 2026,10258 - CP ALCINA MARIA,24669,Regional NE-S,AL,LOJA,89073,MAKE B BASE LIQ HYALURONIC 290N 30ml,BOT,MAQUIAGEM,MAQUIAGEM ROSTO,LANÇAMENTO MAKE B,MAKE B.,Não,2,2,50.00%,2,INTERIOR
Ciclo 12 - 2026,10258 - CP ALCINA MARIA,24670,Regional NE-S,AL,LOJA,89073,MAKE B BASE LIQ HYALURONIC 290N 30ml,BOT,MAQUIAGEM,MAQUIAGEM ROSTO,LANÇAMENTO MAKE B,MAKE B.,Não,2,2,0.00%,2,INTERIOR
Ciclo 12 - 2026,10258 - CP ALCINA MARIA,24617,Regional NE-S,AL,LOJA,89073,MAKE B BASE LIQ HYALURONIC 290N 30ml,BOT,MAQUIAGEM,MAQUIAGEM ROSTO,LANÇAMENTO MAKE B,MAKE B.,Não,2,2,50.00%,2,INTERIOR
Ciclo 12 - 2026,10258 - CP ALCINA MARIA,24668,Regional NE-S,AL,LOJA,89074,MAKE B BASE LIQ HYALURONIC 300Q 30ml,BOT,MAQUIAGEM,MAQUIAGEM ROSTO,LANÇAMENTO MAKE B,MAKE B.,Não,2,2,0.00%,2,INTERIOR
Ciclo 12 - 2026,10258 - CP ALCINA MARIA,24671,Regional NE-S,AL,LOJA,89074,MAKE B BASE LIQ HYALURONIC 300Q 30ml,BOT,MAQUIAGEM,MAQUIAGEM ROSTO,LANÇAMENTO MAKE B,MAKE B.,Não,2,2,0.00%,2,INTERIOR
Ciclo 12 - 2026,10258 - CP ALCINA MARIA,24303,Regional NE-S,AL,LOJA,89074,MAKE B BASE LIQ HYALURONIC 300Q 30ml,BOT,MAQUIAGEM,MAQUIAGEM ROSTO,LANÇAMENTO MAKE B,MAKE B.,Não,2,1,0.00%,1,INTERIOR
Ciclo 12 - 2026,10258 - CP ALCINA MARIA,24669,Regional NE-S,AL,LOJA,89074,MAKE B BASE LIQ HYALURONIC 300Q 30ml,BOT,MAQUIAGEM,MAQUIAGEM ROSTO,LANÇAMENTO MAKE B,MAKE B.,Não,2,2,0.00%,2,INTERIOR
Ciclo 12 - 2026,10258 - CP ALCINA MARIA,24670,Regional NE-S,AL,LOJA,89074,MAKE B BASE LIQ HYALURONIC 300Q 30ml,BOT,MAQUIAGEM,MAQUIAGEM ROSTO,LANÇAMENTO MAKE B,MAKE B.,Não,2,2,0.00%,2,INTERIOR
Ciclo 12 - 2026,10258 - CP ALCINA MARIA,24617,Regional NE-S,AL,LOJA,89074,MAKE B BASE LIQ HYALURONIC 300Q 30ml,BOT,MAQUIAGEM,MAQUIAGEM ROSTO,LANÇAMENTO MAKE B,MAKE B.,Não,2,2,0.00%,2,INTERIOR
Ciclo 12 - 2026,10258 - CP ALCINA MARIA,24670,Regional NE-S,AL,LOJA,89075,MAKE B BASE LIQ HYALURONIC 330Q 30ml,BOT,MAQUIAGEM,MAQUIAGEM ROSTO,LANÇAMENTO MAKE B,MAKE B.,Não,2,2,0.00%,2,INTERIOR
Ciclo 12 - 2026,10258 - CP ALCINA MARIA,24303,Regional NE-S,AL,LOJA,89075,MAKE B BASE LIQ HYALURONIC 330Q 30ml,BOT,MAQUIAGEM,MAQUIAGEM ROSTO,LANÇAMENTO MAKE B,MAKE B.,Não,2,1,0.00%,1,INTERIOR
Ciclo 12 - 2026,10258 - CP ALCINA MARIA,24671,Regional NE-S,AL,LOJA,89075,MAKE B BASE LIQ HYALURONIC 330Q 30ml,BOT,MAQUIAGEM,MAQUIAGEM ROSTO,LANÇAMENTO MAKE B,MAKE B.,Não,2,2,0.00%,2,INTERIOR
Ciclo 12 - 2026,10258 - CP ALCINA MARIA,24617,Regional NE-S,AL,LOJA,89075,MAKE B BASE LIQ HYALURONIC 330Q 30ml,BOT,MAQUIAGEM,MAQUIAGEM ROSTO,LANÇAMENTO MAKE B,MAKE B.,Não,2,2,0.00%,2,INTERIOR
Ciclo 12 - 2026,10258 - CP ALCINA MARIA,24668,Regional NE-S,AL,LOJA,89075,MAKE B BASE LIQ HYALURONIC 330Q 30ml,BOT,MAQUIAGEM,MAQUIAGEM ROSTO,LANÇAMENTO MAKE B,MAKE B.,Não,2,2,0.00%,2,INTERIOR
Ciclo 12 - 2026,10258 - CP ALCINA MARIA,24669,Regional NE-S,AL,LOJA,89075,MAKE B BASE LIQ HYALURONIC 330Q 30ml,BOT,MAQUIAGEM,MAQUIAGEM ROSTO,LANÇAMENTO MAKE B,MAKE B.,Não,2,2,0.00%,2,INTERIOR
Ciclo 12 - 2026,10258 - CP ALCINA MARIA,24303,Regional NE-S,AL,LOJA,89076,MAKE B BASE LIQ HYALURONIC 340Q 30ml,BOT,MAQUIAGEM,MAQUIAGEM ROSTO,LANÇAMENTO MAKE B,MAKE B.,Não,2,1,0.00%,1,INTERIOR
Ciclo 12 - 2026,10258 - CP ALCINA MARIA,24668,Regional NE-S,AL,LOJA,89076,MAKE B BASE LIQ HYALURONIC 340Q 30ml,BOT,MAQUIAGEM,MAQUIAGEM ROSTO,LANÇAMENTO MAKE B,MAKE B.,Não,2,2,0.00%,2,INTERIOR
Ciclo 12 - 2026,10258 - CP ALCINA MARIA,24670,Regional NE-S,AL,LOJA,89076,MAKE B BASE LIQ HYALURONIC 340Q 30ml,BOT,MAQUIAGEM,MAQUIAGEM ROSTO,LANÇAMENTO MAKE B,MAKE B.,Não,2,2,0.00%,2,INTERIOR
Ciclo 12 - 2026,10258 - CP ALCINA MARIA,24669,Regional NE-S,AL,LOJA,89076,MAKE B BASE LIQ HYALURONIC 340Q 30ml,BOT,MAQUIAGEM,MAQUIAGEM ROSTO,LANÇAMENTO MAKE B,MAKE B.,Não,2,2,0.00%,2,INTERIOR
Ciclo 12 - 2026,10258 - CP ALCINA MARIA,24671,Regional NE-S,AL,LOJA,89076,MAKE B BASE LIQ HYALURONIC 340Q 30ml,BOT,MAQUIAGEM,MAQUIAGEM ROSTO,LANÇAMENTO MAKE B,MAKE B.,Não,2,2,0.00%,2,INTERIOR
Ciclo 12 - 2026,10258 - CP ALCINA MARIA,24617,Regional NE-S,AL,LOJA,89076,MAKE B BASE LIQ HYALURONIC 340Q 30ml,BOT,MAQUIAGEM,MAQUIAGEM ROSTO,LANÇAMENTO MAKE B,MAKE B.,Não,2,2,0.00%,2,INTERIOR
Ciclo 12 - 2026,10258 - CP ALCINA MARIA,24669,Regional NE-S,AL,LOJA,89077,MAKE B BASE LIQ HYALURONIC 345N 30ml,BOT,MAQUIAGEM,MAQUIAGEM ROSTO,LANÇAMENTO MAKE B,MAKE B.,Não,2,2,0.00%,2,INTERIOR
Ciclo 12 - 2026,10258 - CP ALCINA MARIA,24670,Regional NE-S,AL,LOJA,89077,MAKE B BASE LIQ HYALURONIC 345N 30ml,BOT,MAQUIAGEM,MAQUIAGEM ROSTO,LANÇAMENTO MAKE B,MAKE B.,Não,2,2,0.00%,2,INTERIOR
Ciclo 12 - 2026,10258 - CP ALCINA MARIA,24671,Regional NE-S,AL,LOJA,89077,MAKE B BASE LIQ HYALURONIC 345N 30ml,BOT,MAQUIAGEM,MAQUIAGEM ROSTO,LANÇAMENTO MAKE B,MAKE B.,Não,2,2,0.00%,2,INTERIOR
Ciclo 12 - 2026,10258 - CP ALCINA MARIA,24303,Regional NE-S,AL,LOJA,89077,MAKE B BASE LIQ HYALURONIC 345N 30ml,BOT,MAQUIAGEM,MAQUIAGEM ROSTO,LANÇAMENTO MAKE B,MAKE B.,Não,2,1,0.00%,1,INTERIOR
Ciclo 12 - 2026,10258 - CP ALCINA MARIA,24668,Regional NE-S,AL,LOJA,89077,MAKE B BASE LIQ HYALURONIC 345N 30ml,BOT,MAQUIAGEM,MAQUIAGEM ROSTO,LANÇAMENTO MAKE B,MAKE B.,Não,2,2,0.00%,2,INTERIOR
Ciclo 12 - 2026,10258 - CP ALCINA MARIA,24617,Regional NE-S,AL,LOJA,89077,MAKE B BASE LIQ HYALURONIC 345N 30ml,BOT,MAQUIAGEM,MAQUIAGEM ROSTO,LANÇAMENTO MAKE B,MAKE B.,Não,2,2,0.00%,2,INTERIOR
Ciclo 12 - 2026,10258 - CP ALCINA MARIA,24670,Regional NE-S,AL,LOJA,89153,"MAKE B CORRET LIQ HYAL 340Q 6,8ml",BOT,MAQUIAGEM,MAQUIAGEM ROSTO,LANÇAMENTO MAKE B,MAKE B.,Não,2,2,0.00%,2,INTERIOR
Ciclo 12 - 2026,10258 - CP ALCINA MARIA,24668,Regional NE-S,AL,LOJA,89153,"MAKE B CORRET LIQ HYAL 340Q 6,8ml",BOT,MAQUIAGEM,MAQUIAGEM ROSTO,LANÇAMENTO MAKE B,MAKE B.,Não,2,2,0.00%,2,INTERIOR
Ciclo 12 - 2026,10258 - CP ALCINA MARIA,24671,Regional NE-S,AL,LOJA,89153,"MAKE B CORRET LIQ HYAL 340Q 6,8ml",BOT,MAQUIAGEM,MAQUIAGEM ROSTO,LANÇAMENTO MAKE B,MAKE B.,Não,2,2,0.00%,2,INTERIOR
Ciclo 12 - 2026,10258 - CP ALCINA MARIA,24669,Regional NE-S,AL,LOJA,89153,"MAKE B CORRET LIQ HYAL 340Q 6,8ml",BOT,MAQUIAGEM,MAQUIAGEM ROSTO,LANÇAMENTO MAKE B,MAKE B.,Não,2,2,0.00%,2,INTERIOR
Ciclo 12 - 2026,10258 - CP ALCINA MARIA,24617,Regional NE-S,AL,LOJA,89153,"MAKE B CORRET LIQ HYAL 340Q 6,8ml",BOT,MAQUIAGEM,MAQUIAGEM ROSTO,LANÇAMENTO MAKE B,MAKE B.,Não,2,2,0.00%,2,INTERIOR
Ciclo 12 - 2026,10258 - CP ALCINA MARIA,24303,Regional NE-S,AL,LOJA,89153,"MAKE B CORRET LIQ HYAL 340Q 6,8ml",BOT,MAQUIAGEM,MAQUIAGEM ROSTO,LANÇAMENTO MAKE B,MAKE B.,Não,2,2,0.00%,2,INTERIOR
Ciclo 12 - 2026,10258 - CP ALCINA MARIA,24671,Regional NE-S,AL,LOJA,89421,NSPA LOC DES HID CPO ORQ/NOIRE V2 200ml,BOT,CUIDADOS COM A PELE,CUIDADOS COM O CORPO,BOLETO TURBINADO BOT C12'26,NATIVA SPA,Não,4,0,0.00%,0,INTERIOR
Ciclo 12 - 2026,10258 - CP ALCINA MARIA,24670,Regional NE-S,AL,LOJA,89421,NSPA LOC DES HID CPO ORQ/NOIRE V2 200ml,BOT,CUIDADOS COM A PELE,CUIDADOS COM O CORPO,BOLETO TURBINADO BOT C12'26,NATIVA SPA,Não,6,0,0.00%,0,INTERIOR
Ciclo 12 - 2026,10258 - CP ALCINA MARIA,24669,Regional NE-S,AL,LOJA,89421,NSPA LOC DES HID CPO ORQ/NOIRE V2 200ml,BOT,CUIDADOS COM A PELE,CUIDADOS COM O CORPO,BOLETO TURBINADO BOT C12'26,NATIVA SPA,Não,5,0,0.00%,0,INTERIOR
Ciclo 12 - 2026,10258 - CP ALCINA MARIA,24668,Regional NE-S,AL,LOJA,89421,NSPA LOC DES HID CPO ORQ/NOIRE V2 200ml,BOT,CUIDADOS COM A PELE,CUIDADOS COM O CORPO,BOLETO TURBINADO BOT C12'26,NATIVA SPA,Não,7,0,0.00%,0,INTERIOR
Ciclo 12 - 2026,10258 - CP ALCINA MARIA,24617,Regional NE-S,AL,LOJA,89421,NSPA LOC DES HID CPO ORQ/NOIRE V2 200ml,BOT,CUIDADOS COM A PELE,CUIDADOS COM O CORPO,BOLETO TURBINADO BOT C12'26,NATIVA SPA,Não,3,0,0.00%,0,INTERIOR
Ciclo 12 - 2026,10258 - CP ALCINA MARIA,24303,Regional NE-S,AL,LOJA,89421,NSPA LOC DES HID CPO ORQ/NOIRE V2 200ml,BOT,CUIDADOS COM A PELE,CUIDADOS COM O CORPO,BOLETO TURBINADO BOT C12'26,NATIVA SPA,Não,3,0,0.00%,0,INTERIOR
Ciclo 12 - 2026,10258 - CP ALCINA MARIA,24671,Regional NE-S,AL,LOJA,89469,BOTIK SRUM FAC ALT/POT AC/HIAL PRM 10ml,BOT,SUPORTE À VENDA,PRM,BOLETO PROMOCIONAL BOT C12'26,BOTIK,Não,42,20,15.00%,20,INTERIOR
Ciclo 12 - 2026,10258 - CP ALCINA MARIA,24669,Regional NE-S,AL,LOJA,89469,BOTIK SRUM FAC ALT/POT AC/HIAL PRM 10ml,BOT,SUPORTE À VENDA,PRM,BOLETO PROMOCIONAL BOT C12'26,BOTIK,Não,56,20,65.00%,20,INTERIOR
Ciclo 12 - 2026,10258 - CP ALCINA MARIA,24668,Regional NE-S,AL,LOJA,89469,BOTIK SRUM FAC ALT/POT AC/HIAL PRM 10ml,BOT,SUPORTE À VENDA,PRM,BOLETO PROMOCIONAL BOT C12'26,BOTIK,Não,50,20,5.00%,20,INTERIOR
Ciclo 12 - 2026,10258 - CP ALCINA MARIA,24617,Regional NE-S,AL,LOJA,89469,BOTIK SRUM FAC ALT/POT AC/HIAL PRM 10ml,BOT,SUPORTE À VENDA,PRM,BOLETO PROMOCIONAL BOT C12'26,BOTIK,Não,17,10,10.00%,10,INTERIOR
Ciclo 12 - 2026,10258 - CP ALCINA MARIA,24303,Regional NE-S,AL,LOJA,89469,BOTIK SRUM FAC ALT/POT AC/HIAL PRM 10ml,BOT,SUPORTE À VENDA,PRM,BOLETO PROMOCIONAL BOT C12'26,BOTIK,Não,137,15,40.00%,15,INTERIOR
Ciclo 12 - 2026,10258 - CP ALCINA MARIA,24670,Regional NE-S,AL,LOJA,89469,BOTIK SRUM FAC ALT/POT AC/HIAL PRM 10ml,BOT,SUPORTE À VENDA,PRM,BOLETO PROMOCIONAL BOT C12'26,BOTIK,Não,54,20,5.00%,20,INTERIOR
Ciclo 12 - 2026,10258 - CP ALCINA MARIA,24303,Regional NE-S,AL,LOJA,89552,MAKE B BASE LIQ HYALURONIC 120N 30ml,BOT,MAQUIAGEM,MAQUIAGEM ROSTO,LANÇAMENTO MAKE B,MAKE B.,Não,2,2,50.00%,2,INTERIOR
Ciclo 12 - 2026,10258 - CP ALCINA MARIA,24617,Regional NE-S,AL,LOJA,89552,MAKE B BASE LIQ HYALURONIC 120N 30ml,BOT,MAQUIAGEM,MAQUIAGEM ROSTO,LANÇAMENTO MAKE B,MAKE B.,Não,2,2,0.00%,2,INTERIOR
Ciclo 12 - 2026,10258 - CP ALCINA MARIA,24669,Regional NE-S,AL,LOJA,89552,MAKE B BASE LIQ HYALURONIC 120N 30ml,BOT,MAQUIAGEM,MAQUIAGEM ROSTO,LANÇAMENTO MAKE B,MAKE B.,Não,2,2,0.00%,2,INTERIOR
Ciclo 12 - 2026,10258 - CP ALCINA MARIA,24671,Regional NE-S,AL,LOJA,89552,MAKE B BASE LIQ HYALURONIC 120N 30ml,BOT,MAQUIAGEM,MAQUIAGEM ROSTO,LANÇAMENTO MAKE B,MAKE B.,Não,2,2,50.00%,2,INTERIOR
Ciclo 12 - 2026,10258 - CP ALCINA MARIA,24668,Regional NE-S,AL,LOJA,89552,MAKE B BASE LIQ HYALURONIC 120N 30ml,BOT,MAQUIAGEM,MAQUIAGEM ROSTO,LANÇAMENTO MAKE B,MAKE B.,Não,2,2,0.00%,2,INTERIOR
Ciclo 12 - 2026,10258 - CP ALCINA MARIA,24670,Regional NE-S,AL,LOJA,89552,MAKE B BASE LIQ HYALURONIC 120N 30ml,BOT,MAQUIAGEM,MAQUIAGEM ROSTO,LANÇAMENTO MAKE B,MAKE B.,Não,2,2,0.00%,2,INTERIOR
Ciclo 12 - 2026,10258 - CP ALCINA MARIA,24670,Regional NE-S,AL,LOJA,89576,MAKE B PINCEL MULTIF,BOT,ACESSÓRIOS,PINCÉIS,LANÇAMENTO MAKE B,MAKE B.,Não,2,2,0.00%,2,INTERIOR
Ciclo 12 - 2026,10258 - CP ALCINA MARIA,24669,Regional NE-S,AL,LOJA,89576,MAKE B PINCEL MULTIF,BOT,ACESSÓRIOS,PINCÉIS,LANÇAMENTO MAKE B,MAKE B.,Não,2,2,0.00%,2,INTERIOR
Ciclo 12 - 2026,10258 - CP ALCINA MARIA,24303,Regional NE-S,AL,LOJA,89576,MAKE B PINCEL MULTIF,BOT,ACESSÓRIOS,PINCÉIS,LANÇAMENTO MAKE B,MAKE B.,Não,2,2,0.00%,2,INTERIOR
Ciclo 12 - 2026,10258 - CP ALCINA MARIA,24617,Regional NE-S,AL,LOJA,89576,MAKE B PINCEL MULTIF,BOT,ACESSÓRIOS,PINCÉIS,LANÇAMENTO MAKE B,MAKE B.,Não,2,2,0.00%,2,INTERIOR
Ciclo 12 - 2026,10258 - CP ALCINA MARIA,24668,Regional NE-S,AL,LOJA,89576,MAKE B PINCEL MULTIF,BOT,ACESSÓRIOS,PINCÉIS,LANÇAMENTO MAKE B,MAKE B.,Não,2,2,50.00%,2,INTERIOR
Ciclo 12 - 2026,10258 - CP ALCINA MARIA,24671,Regional NE-S,AL,LOJA,89576,MAKE B PINCEL MULTIF,BOT,ACESSÓRIOS,PINCÉIS,LANÇAMENTO MAKE B,MAKE B.,Não,2,2,0.00%,2,INTERIOR
Ciclo 12 - 2026,10258 - CP ALCINA MARIA,24303,Regional NE-S,AL,LOJA,89653,EGEO DES COL VANILLA UBESESSION 90ml,BOT,PERFUMARIA,PERFUMARIA FEMININA,LANÇAMENTO EGEO,EGEO,Não,9,9,33.33%,6,INTERIOR
Ciclo 12 - 2026,10258 - CP ALCINA MARIA,24617,Regional NE-S,AL,LOJA,89653,EGEO DES COL VANILLA UBESESSION 90ml,BOT,PERFUMARIA,PERFUMARIA FEMININA,LANÇAMENTO EGEO,EGEO,Não,3,10,25.00%,8,INTERIOR
Ciclo 12 - 2026,10258 - CP ALCINA MARIA,24668,Regional NE-S,AL,LOJA,89653,EGEO DES COL VANILLA UBESESSION 90ml,BOT,PERFUMARIA,PERFUMARIA FEMININA,LANÇAMENTO EGEO,EGEO,Não,41,30,60.00%,30,INTERIOR
Ciclo 12 - 2026,10258 - CP ALCINA MARIA,24669,Regional NE-S,AL,LOJA,89653,EGEO DES COL VANILLA UBESESSION 90ml,BOT,PERFUMARIA,PERFUMARIA FEMININA,LANÇAMENTO EGEO,EGEO,Não,41,30,6.67%,30,INTERIOR
Ciclo 12 - 2026,10258 - CP ALCINA MARIA,24670,Regional NE-S,AL,LOJA,89653,EGEO DES COL VANILLA UBESESSION 90ml,BOT,PERFUMARIA,PERFUMARIA FEMININA,LANÇAMENTO EGEO,EGEO,Não,28,20,40.00%,20,INTERIOR
Ciclo 12 - 2026,10258 - CP ALCINA MARIA,24671,Regional NE-S,AL,LOJA,89653,EGEO DES COL VANILLA UBESESSION 90ml,BOT,PERFUMARIA,PERFUMARIA FEMININA,LANÇAMENTO EGEO,EGEO,Não,22,22,46.15%,13,INTERIOR
Ciclo 12 - 2026,10258 - CP ALCINA MARIA,24668,Regional NE-S,AL,LOJA,89661,EGEO DES COL VANILLA UBESESSION PRM 10ml,BOT,SUPORTE À VENDA,PRM,BOLETO PROMOCIONAL BOT C12'26,EGEO,Não,65,0,0.00%,0,INTERIOR
Ciclo 12 - 2026,10258 - CP ALCINA MARIA,24303,Regional NE-S,AL,LOJA,89661,EGEO DES COL VANILLA UBESESSION PRM 10ml,BOT,SUPORTE À VENDA,PRM,BOLETO PROMOCIONAL BOT C12'26,EGEO,Não,89,0,0.00%,0,INTERIOR
Ciclo 12 - 2026,10258 - CP ALCINA MARIA,24669,Regional NE-S,AL,LOJA,89661,EGEO DES COL VANILLA UBESESSION PRM 10ml,BOT,SUPORTE À VENDA,PRM,BOLETO PROMOCIONAL BOT C12'26,EGEO,Não,56,0,0.00%,0,INTERIOR
Ciclo 12 - 2026,10258 - CP ALCINA MARIA,24670,Regional NE-S,AL,LOJA,89661,EGEO DES COL VANILLA UBESESSION PRM 10ml,BOT,SUPORTE À VENDA,PRM,BOLETO PROMOCIONAL BOT C12'26,EGEO,Não,70,0,0.00%,0,INTERIOR
Ciclo 12 - 2026,10258 - CP ALCINA MARIA,24671,Regional NE-S,AL,LOJA,89661,EGEO DES COL VANILLA UBESESSION PRM 10ml,BOT,SUPORTE À VENDA,PRM,BOLETO PROMOCIONAL BOT C12'26,EGEO,Não,49,0,0.00%,0,INTERIOR
Ciclo 12 - 2026,10258 - CP ALCINA MARIA,24617,Regional NE-S,AL,LOJA,89661,EGEO DES COL VANILLA UBESESSION PRM 10ml,BOT,SUPORTE À VENDA,PRM,BOLETO PROMOCIONAL BOT C12'26,EGEO,Não,14,0,0.00%,0,INTERIOR
Ciclo 12 - 2026,10258 - CP ALCINA MARIA,24669,Regional NE-S,AL,LOJA,89693,MATCH SHAMP ESC/HID 300ml,BOT,CABELOS,SHAMPOO/PRÉ-SHAMPOO,OMNICHANNEL C202612,MATCH,Não,3,0,0.00%,0,INTERIOR
Ciclo 12 - 2026,10258 - CP ALCINA MARIA,24670,Regional NE-S,AL,LOJA,89693,MATCH SHAMP ESC/HID 300ml,BOT,CABELOS,SHAMPOO/PRÉ-SHAMPOO,OMNICHANNEL C202612,MATCH,Não,3,0,0.00%,0,INTERIOR
Ciclo 12 - 2026,10258 - CP ALCINA MARIA,24303,Regional NE-S,AL,LOJA,89693,MATCH SHAMP ESC/HID 300ml,BOT,CABELOS,SHAMPOO/PRÉ-SHAMPOO,OMNICHANNEL C202612,MATCH,Não,3,0,0.00%,0,INTERIOR
Ciclo 12 - 2026,10258 - CP ALCINA MARIA,24668,Regional NE-S,AL,LOJA,89693,MATCH SHAMP ESC/HID 300ml,BOT,CABELOS,SHAMPOO/PRÉ-SHAMPOO,OMNICHANNEL C202612,MATCH,Não,3,0,0.00%,0,INTERIOR
Ciclo 12 - 2026,10258 - CP ALCINA MARIA,24671,Regional NE-S,AL,LOJA,89693,MATCH SHAMP ESC/HID 300ml,BOT,CABELOS,SHAMPOO/PRÉ-SHAMPOO,OMNICHANNEL C202612,MATCH,Não,3,0,0.00%,0,INTERIOR
Ciclo 12 - 2026,10258 - CP ALCINA MARIA,24668,Regional NE-S,AL,LOJA,90219,CBEM DES COL BDY SPLSH DEL/CARAM 200ml,BOT,PERFUMARIA,PERFUMARIA FEMININA,BOLETO TURBINADO BOT C12'26,CUIDE-SE BEM,Não,12,0,0.00%,0,INTERIOR
Ciclo 12 - 2026,10258 - CP ALCINA MARIA,24671,Regional NE-S,AL,LOJA,90219,CBEM DES COL BDY SPLSH DEL/CARAM 200ml,BOT,PERFUMARIA,PERFUMARIA FEMININA,BOLETO TURBINADO BOT C12'26,CUIDE-SE BEM,Não,8,0,0.00%,0,INTERIOR
Ciclo 12 - 2026,10258 - CP ALCINA MARIA,24670,Regional NE-S,AL,LOJA,90219,CBEM DES COL BDY SPLSH DEL/CARAM 200ml,BOT,PERFUMARIA,PERFUMARIA FEMININA,BOLETO TURBINADO BOT C12'26,CUIDE-SE BEM,Não,10,0,0.00%,0,INTERIOR
Ciclo 12 - 2026,10258 - CP ALCINA MARIA,24669,Regional NE-S,AL,LOJA,90219,CBEM DES COL BDY SPLSH DEL/CARAM 200ml,BOT,PERFUMARIA,PERFUMARIA FEMININA,BOLETO TURBINADO BOT C12'26,CUIDE-SE BEM,Não,9,0,0.00%,0,INTERIOR
Ciclo 12 - 2026,10258 - CP ALCINA MARIA,24303,Regional NE-S,AL,LOJA,90219,CBEM DES COL BDY SPLSH DEL/CARAM 200ml,BOT,PERFUMARIA,PERFUMARIA FEMININA,BOLETO TURBINADO BOT C12'26,CUIDE-SE BEM,Não,3,0,0.00%,0,INTERIOR
Ciclo 12 - 2026,10258 - CP ALCINA MARIA,24617,Regional NE-S,AL,LOJA,90219,CBEM DES COL BDY SPLSH DEL/CARAM 200ml,BOT,PERFUMARIA,PERFUMARIA FEMININA,BOLETO TURBINADO BOT C12'26,CUIDE-SE BEM,Não,3,0,0.00%,0,INTERIOR
Ciclo 12 - 2026,10258 - CP ALCINA MARIA,24303,Regional NE-S,AL,LOJA,90378,PMPCK FLORATTA DES BODY SPRAY RED,BOT,DESODORANTES,DESODORANTE FEMININO,OMNICHANNEL C202612,FLORATTA,Não,3,0,0.00%,0,INTERIOR
Ciclo 12 - 2026,10258 - CP ALCINA MARIA,24668,Regional NE-S,AL,LOJA,90378,PMPCK FLORATTA DES BODY SPRAY RED,BOT,DESODORANTES,DESODORANTE FEMININO,OMNICHANNEL C202612,FLORATTA,Não,3,0,0.00%,0,INTERIOR
Ciclo 12 - 2026,10258 - CP ALCINA MARIA,24669,Regional NE-S,AL,LOJA,90378,PMPCK FLORATTA DES BODY SPRAY RED,BOT,DESODORANTES,DESODORANTE FEMININO,OMNICHANNEL C202612,FLORATTA,Não,3,0,0.00%,0,INTERIOR
Ciclo 12 - 2026,10258 - CP ALCINA MARIA,24671,Regional NE-S,AL,LOJA,90378,PMPCK FLORATTA DES BODY SPRAY RED,BOT,DESODORANTES,DESODORANTE FEMININO,OMNICHANNEL C202612,FLORATTA,Não,3,0,0.00%,0,INTERIOR
Ciclo 12 - 2026,10258 - CP ALCINA MARIA,24670,Regional NE-S,AL,LOJA,90378,PMPCK FLORATTA DES BODY SPRAY RED,BOT,DESODORANTES,DESODORANTE FEMININO,OMNICHANNEL C202612,FLORATTA,Não,3,0,0.00%,0,INTERIOR
Ciclo 12 - 2026,10258 - CP ALCINA MARIA,24670,Regional NE-S,AL,LOJA,90805,ESTJ EGEO BOMB BLACK REG/26,BOT,GIFTS,ESTOJO REGULAR,LANÇAMENTO KIT REGULAR,EGEO,Não,4,4,50.00%,4,INTERIOR
Ciclo 12 - 2026,10258 - CP ALCINA MARIA,24668,Regional NE-S,AL,LOJA,90805,ESTJ EGEO BOMB BLACK REG/26,BOT,GIFTS,ESTOJO REGULAR,LANÇAMENTO KIT REGULAR,EGEO,Não,6,6,33.33%,6,INTERIOR
Ciclo 12 - 2026,10258 - CP ALCINA MARIA,24671,Regional NE-S,AL,LOJA,90805,ESTJ EGEO BOMB BLACK REG/26,BOT,GIFTS,ESTOJO REGULAR,LANÇAMENTO KIT REGULAR,EGEO,Não,4,4,0.00%,4,INTERIOR
Ciclo 12 - 2026,10258 - CP ALCINA MARIA,24303,Regional NE-S,AL,LOJA,90805,ESTJ EGEO BOMB BLACK REG/26,BOT,GIFTS,ESTOJO REGULAR,LANÇAMENTO KIT REGULAR,EGEO,Não,3,3,0.00%,3,INTERIOR
Ciclo 12 - 2026,10258 - CP ALCINA MARIA,24669,Regional NE-S,AL,LOJA,90805,ESTJ EGEO BOMB BLACK REG/26,BOT,GIFTS,ESTOJO REGULAR,LANÇAMENTO KIT REGULAR,EGEO,Não,4,4,25.00%,4,INTERIOR
Ciclo 12 - 2026,10258 - CP ALCINA MARIA,24617,Regional NE-S,AL,LOJA,90805,ESTJ EGEO BOMB BLACK REG/26,BOT,GIFTS,ESTOJO REGULAR,LANÇAMENTO KIT REGULAR,EGEO,Não,3,3,33.33%,3,INTERIOR
Ciclo 12 - 2026,10258 - CP ALCINA MARIA,24671,Regional NE-S,AL,LOJA,90812,ESTJ CBEM NUVEM REG/26,BOT,GIFTS,ESTOJO REGULAR,LANÇAMENTO KIT REGULAR,CUIDE-SE BEM,Não,10,6,0.00%,6,INTERIOR
Ciclo 12 - 2026,10258 - CP ALCINA MARIA,24670,Regional NE-S,AL,LOJA,90812,ESTJ CBEM NUVEM REG/26,BOT,GIFTS,ESTOJO REGULAR,LANÇAMENTO KIT REGULAR,CUIDE-SE BEM,Não,10,6,33.33%,6,INTERIOR
Ciclo 12 - 2026,10258 - CP ALCINA MARIA,24669,Regional NE-S,AL,LOJA,90812,ESTJ CBEM NUVEM REG/26,BOT,GIFTS,ESTOJO REGULAR,LANÇAMENTO KIT REGULAR,CUIDE-SE BEM,Não,9,9,22.22%,9,INTERIOR
Ciclo 12 - 2026,10258 - CP ALCINA MARIA,24303,Regional NE-S,AL,LOJA,90812,ESTJ CBEM NUVEM REG/26,BOT,GIFTS,ESTOJO REGULAR,LANÇAMENTO KIT REGULAR,CUIDE-SE BEM,Não,3,3,0.00%,3,INTERIOR
Ciclo 12 - 2026,10258 - CP ALCINA MARIA,24617,Regional NE-S,AL,LOJA,90812,ESTJ CBEM NUVEM REG/26,BOT,GIFTS,ESTOJO REGULAR,LANÇAMENTO KIT REGULAR,CUIDE-SE BEM,Não,3,3,0.00%,3,INTERIOR
Ciclo 12 - 2026,10258 - CP ALCINA MARIA,24668,Regional NE-S,AL,LOJA,90812,ESTJ CBEM NUVEM REG/26,BOT,GIFTS,ESTOJO REGULAR,LANÇAMENTO KIT REGULAR,CUIDE-SE BEM,Não,14,10,0.00%,10,INTERIOR
Ciclo 12 - 2026,10258 - CP ALCINA MARIA,24670,Regional NE-S,AL,LOJA,90953,GLAMOUR DES COL INTENSE 75ml,BOT,PERFUMARIA,PERFUMARIA FEMININA,LANÇAMENTO GLAMOUR,GLAMOUR,Não,20,13,69.23%,13,INTERIOR
Ciclo 12 - 2026,10258 - CP ALCINA MARIA,24617,Regional NE-S,AL,LOJA,90953,GLAMOUR DES COL INTENSE 75ml,BOT,PERFUMARIA,PERFUMARIA FEMININA,LANÇAMENTO GLAMOUR,GLAMOUR,Não,3,9,33.33%,9,INTERIOR
Ciclo 12 - 2026,10258 - CP ALCINA MARIA,24669,Regional NE-S,AL,LOJA,90953,GLAMOUR DES COL INTENSE 75ml,BOT,PERFUMARIA,PERFUMARIA FEMININA,LANÇAMENTO GLAMOUR,GLAMOUR,Não,21,19,36.84%,19,INTERIOR
Ciclo 12 - 2026,10258 - CP ALCINA MARIA,24303,Regional NE-S,AL,LOJA,90953,GLAMOUR DES COL INTENSE 75ml,BOT,PERFUMARIA,PERFUMARIA FEMININA,LANÇAMENTO GLAMOUR,GLAMOUR,Não,9,9,77.78%,9,INTERIOR
Ciclo 12 - 2026,10258 - CP ALCINA MARIA,24668,Regional NE-S,AL,LOJA,90953,GLAMOUR DES COL INTENSE 75ml,BOT,PERFUMARIA,PERFUMARIA FEMININA,LANÇAMENTO GLAMOUR,GLAMOUR,Não,32,20,85.00%,20,INTERIOR
Ciclo 12 - 2026,10258 - CP ALCINA MARIA,24671,Regional NE-S,AL,LOJA,90953,GLAMOUR DES COL INTENSE 75ml,BOT,PERFUMARIA,PERFUMARIA FEMININA,LANÇAMENTO GLAMOUR,GLAMOUR,Não,23,10,90.00%,10,INTERIOR
Ciclo 12 - 2026,10258 - CP ALCINA MARIA,24303,Regional NE-S,AL,LOJA,90954,GLAMOUR DES COL INTENSE PRM 10ml,BOT,SUPORTE À VENDA,PRM,BOLETO PROMOCIONAL BOT C12'26,GLAMOUR,Não,58,30,0.00%,30,INTERIOR
Ciclo 12 - 2026,10258 - CP ALCINA MARIA,24671,Regional NE-S,AL,LOJA,90954,GLAMOUR DES COL INTENSE PRM 10ml,BOT,SUPORTE À VENDA,PRM,BOLETO PROMOCIONAL BOT C12'26,GLAMOUR,Não,82,50,0.00%,50,INTERIOR
Ciclo 12 - 2026,10258 - CP ALCINA MARIA,24617,Regional NE-S,AL,LOJA,90954,GLAMOUR DES COL INTENSE PRM 10ml,BOT,SUPORTE À VENDA,PRM,BOLETO PROMOCIONAL BOT C12'26,GLAMOUR,Não,10,10,0.00%,10,INTERIOR
Ciclo 12 - 2026,10258 - CP ALCINA MARIA,24668,Regional NE-S,AL,LOJA,90954,GLAMOUR DES COL INTENSE PRM 10ml,BOT,SUPORTE À VENDA,PRM,BOLETO PROMOCIONAL BOT C12'26,GLAMOUR,Não,88,50,4.00%,50,INTERIOR
Ciclo 12 - 2026,10258 - CP ALCINA MARIA,24669,Regional NE-S,AL,LOJA,90954,GLAMOUR DES COL INTENSE PRM 10ml,BOT,SUPORTE À VENDA,PRM,BOLETO PROMOCIONAL BOT C12'26,GLAMOUR,Não,88,50,28.00%,50,INTERIOR
Ciclo 12 - 2026,10258 - CP ALCINA MARIA,24670,Regional NE-S,AL,LOJA,90954,GLAMOUR DES COL INTENSE PRM 10ml,BOT,SUPORTE À VENDA,PRM,BOLETO PROMOCIONAL BOT C12'26,GLAMOUR,Não,94,50,12.00%,50,INTERIOR
Ciclo 12 - 2026,10258 - CP ALCINA MARIA,24669,Regional NE-S,AL,LOJA,94536,BOTIK GEL CONC LIMP FAC AC/GLIC V3 150g,BOT,CUIDADOS FACIAIS,LIMPEZA,BOLETO TURBINADO BOT C12'26,BOTIK,Não,7,3,100.00%,3,INTERIOR
Ciclo 12 - 2026,10258 - CP ALCINA MARIA,24668,Regional NE-S,AL,LOJA,94536,BOTIK GEL CONC LIMP FAC AC/GLIC V3 150g,BOT,CUIDADOS FACIAIS,LIMPEZA,BOLETO TURBINADO BOT C12'26,BOTIK,Não,7,0,0.00%,0,INTERIOR
Ciclo 12 - 2026,10258 - CP ALCINA MARIA,24671,Regional NE-S,AL,LOJA,94536,BOTIK GEL CONC LIMP FAC AC/GLIC V3 150g,BOT,CUIDADOS FACIAIS,LIMPEZA,BOLETO TURBINADO BOT C12'26,BOTIK,Não,6,0,0.00%,0,INTERIOR
Ciclo 12 - 2026,10258 - CP ALCINA MARIA,24617,Regional NE-S,AL,LOJA,94536,BOTIK GEL CONC LIMP FAC AC/GLIC V3 150g,BOT,CUIDADOS FACIAIS,LIMPEZA,BOLETO TURBINADO BOT C12'26,BOTIK,Não,3,3,0.00%,0,INTERIOR
Ciclo 12 - 2026,10258 - CP ALCINA MARIA,24670,Regional NE-S,AL,LOJA,94536,BOTIK GEL CONC LIMP FAC AC/GLIC V3 150g,BOT,CUIDADOS FACIAIS,LIMPEZA,BOLETO TURBINADO BOT C12'26,BOTIK,Não,7,2,100.00%,2,INTERIOR
Ciclo 12 - 2026,10258 - CP ALCINA MARIA,24303,Regional NE-S,AL,LOJA,94536,BOTIK GEL CONC LIMP FAC AC/GLIC V3 150g,BOT,CUIDADOS FACIAIS,LIMPEZA,BOLETO TURBINADO BOT C12'26,BOTIK,Não,5,5,0.00%,5,INTERIOR
Ciclo 12 - 2026,10258 - CP ALCINA MARIA,24617,Regional NE-S,AL,LOJA,94538,NSPA SAB BARRA CORP AMEI/NEG V4 2x90g,BOT,SABONETE CORPO,CORPO,BOLETO PROMOCIONAL BOT C12'26,NATIVA SPA,Não,11,16,40.00%,10,INTERIOR
Ciclo 12 - 2026,10258 - CP ALCINA MARIA,24670,Regional NE-S,AL,LOJA,94538,NSPA SAB BARRA CORP AMEI/NEG V4 2x90g,BOT,SABONETE CORPO,CORPO,BOLETO PROMOCIONAL BOT C12'26,NATIVA SPA,Não,50,60,0.00%,43,INTERIOR
Ciclo 12 - 2026,10258 - CP ALCINA MARIA,24303,Regional NE-S,AL,LOJA,94538,NSPA SAB BARRA CORP AMEI/NEG V4 2x90g,BOT,SABONETE CORPO,CORPO,BOLETO PROMOCIONAL BOT C12'26,NATIVA SPA,Não,23,33,40.00%,20,INTERIOR
Ciclo 12 - 2026,10258 - CP ALCINA MARIA,24668,Regional NE-S,AL,LOJA,94538,NSPA SAB BARRA CORP AMEI/NEG V4 2x90g,BOT,SABONETE CORPO,CORPO,BOLETO PROMOCIONAL BOT C12'26,NATIVA SPA,Não,51,75,9.09%,44,INTERIOR
Ciclo 12 - 2026,10258 - CP ALCINA MARIA,24669,Regional NE-S,AL,LOJA,94538,NSPA SAB BARRA CORP AMEI/NEG V4 2x90g,BOT,SABONETE CORPO,CORPO,BOLETO PROMOCIONAL BOT C12'26,NATIVA SPA,Não,45,75,0.00%,39,INTERIOR
Ciclo 12 - 2026,10258 - CP ALCINA MARIA,24671,Regional NE-S,AL,LOJA,94538,NSPA SAB BARRA CORP AMEI/NEG V4 2x90g,BOT,SABONETE CORPO,CORPO,BOLETO PROMOCIONAL BOT C12'26,NATIVA SPA,Não,31,63,0.00%,27,INTERIOR
Ciclo 12 - 2026,10258 - CP ALCINA MARIA,24670,Regional NE-S,AL,LOJA,94899,CBEM GEL LIMP FAC FEIR TANGERINA PRM 50g,BOT,SUPORTE À VENDA,PRM,BOLETO PROMOCIONAL BOT C12'26,CUIDE-SE BEM,Não,37,0,0.00%,0,INTERIOR
Ciclo 12 - 2026,10258 - CP ALCINA MARIA,24617,Regional NE-S,AL,LOJA,94899,CBEM GEL LIMP FAC FEIR TANGERINA PRM 50g,BOT,SUPORTE À VENDA,PRM,BOLETO PROMOCIONAL BOT C12'26,CUIDE-SE BEM,Não,8,0,0.00%,0,INTERIOR
Ciclo 12 - 2026,10258 - CP ALCINA MARIA,24671,Regional NE-S,AL,LOJA,94899,CBEM GEL LIMP FAC FEIR TANGERINA PRM 50g,BOT,SUPORTE À VENDA,PRM,BOLETO PROMOCIONAL BOT C12'26,CUIDE-SE BEM,Não,25,0,0.00%,0,INTERIOR
Ciclo 12 - 2026,10258 - CP ALCINA MARIA,24669,Regional NE-S,AL,LOJA,94899,CBEM GEL LIMP FAC FEIR TANGERINA PRM 50g,BOT,SUPORTE À VENDA,PRM,BOLETO PROMOCIONAL BOT C12'26,CUIDE-SE BEM,Não,36,0,0.00%,0,INTERIOR
Ciclo 12 - 2026,10258 - CP ALCINA MARIA,24668,Regional NE-S,AL,LOJA,94899,CBEM GEL LIMP FAC FEIR TANGERINA PRM 50g,BOT,SUPORTE À VENDA,PRM,BOLETO PROMOCIONAL BOT C12'26,CUIDE-SE BEM,Não,39,0,0.00%,0,INTERIOR
Ciclo 12 - 2026,10258 - CP ALCINA MARIA,24303,Regional NE-S,AL,LOJA,94899,CBEM GEL LIMP FAC FEIR TANGERINA PRM 50g,BOT,SUPORTE À VENDA,PRM,BOLETO PROMOCIONAL BOT C12'26,CUIDE-SE BEM,Não,22,0,0.00%,0,INTERIOR
Ciclo 12 - 2026,10258 - CP ALCINA MARIA,24670,Regional NE-S,AL,LOJA,94908,MAKE B PRIMER FAC ANTIOL SALIC PRM 5ml,BOT,SUPORTE À VENDA,PRM,BOLETO PROMOCIONAL BOT C12'26,MAKE B.,Não,35,35,80.00%,35,INTERIOR
Ciclo 12 - 2026,10258 - CP ALCINA MARIA,24671,Regional NE-S,AL,LOJA,94908,MAKE B PRIMER FAC ANTIOL SALIC PRM 5ml,BOT,SUPORTE À VENDA,PRM,BOLETO PROMOCIONAL BOT C12'26,MAKE B.,Não,24,15,33.33%,15,INTERIOR
Ciclo 12 - 2026,10258 - CP ALCINA MARIA,24669,Regional NE-S,AL,LOJA,94908,MAKE B PRIMER FAC ANTIOL SALIC PRM 5ml,BOT,SUPORTE À VENDA,PRM,BOLETO PROMOCIONAL BOT C12'26,MAKE B.,Não,51,51,0.00%,51,INTERIOR
Ciclo 12 - 2026,10258 - CP ALCINA MARIA,24617,Regional NE-S,AL,LOJA,94908,MAKE B PRIMER FAC ANTIOL SALIC PRM 5ml,BOT,SUPORTE À VENDA,PRM,BOLETO PROMOCIONAL BOT C12'26,MAKE B.,Não,7,7,28.57%,7,INTERIOR
Ciclo 12 - 2026,10258 - CP ALCINA MARIA,24303,Regional NE-S,AL,LOJA,94908,MAKE B PRIMER FAC ANTIOL SALIC PRM 5ml,BOT,SUPORTE À VENDA,PRM,BOLETO PROMOCIONAL BOT C12'26,MAKE B.,Não,20,20,155.00%,20,INTERIOR
Ciclo 12 - 2026,10258 - CP ALCINA MARIA,24668,Regional NE-S,AL,LOJA,94908,MAKE B PRIMER FAC ANTIOL SALIC PRM 5ml,BOT,SUPORTE À VENDA,PRM,BOLETO PROMOCIONAL BOT C12'26,MAKE B.,Não,43,43,6.98%,43,INTERIOR
Ciclo 12 - 2026,10258 - CP ALCINA MARIA,24669,Regional NE-S,AL,LOJA,94983,EGEO LOC DES HID CPO VAN/UBSSION 150ml,BOT,CUIDADOS COM A PELE,CUIDADOS COM O CORPO,LANÇAMENTO EGEO,EGEO,Não,9,9,16.67%,6,INTERIOR
Ciclo 12 - 2026,10258 - CP ALCINA MARIA,24670,Regional NE-S,AL,LOJA,94983,EGEO LOC DES HID CPO VAN/UBSSION 150ml,BOT,CUIDADOS COM A PELE,CUIDADOS COM O CORPO,LANÇAMENTO EGEO,EGEO,Não,6,6,40.00%,5,INTERIOR
Ciclo 12 - 2026,10258 - CP ALCINA MARIA,24668,Regional NE-S,AL,LOJA,94983,EGEO LOC DES HID CPO VAN/UBSSION 150ml,BOT,CUIDADOS COM A PELE,CUIDADOS COM O CORPO,LANÇAMENTO EGEO,EGEO,Não,9,9,66.67%,6,INTERIOR
Ciclo 12 - 2026,10258 - CP ALCINA MARIA,24617,Regional NE-S,AL,LOJA,94983,EGEO LOC DES HID CPO VAN/UBSSION 150ml,BOT,CUIDADOS COM A PELE,CUIDADOS COM O CORPO,LANÇAMENTO EGEO,EGEO,Não,3,5,0.00%,3,INTERIOR
Ciclo 12 - 2026,10258 - CP ALCINA MARIA,24671,Regional NE-S,AL,LOJA,94983,EGEO LOC DES HID CPO VAN/UBSSION 150ml,BOT,CUIDADOS COM A PELE,CUIDADOS COM O CORPO,LANÇAMENTO EGEO,EGEO,Não,5,5,0.00%,3,INTERIOR
Ciclo 12 - 2026,10258 - CP ALCINA MARIA,24303,Regional NE-S,AL,LOJA,94983,EGEO LOC DES HID CPO VAN/UBSSION 150ml,BOT,CUIDADOS COM A PELE,CUIDADOS COM O CORPO,LANÇAMENTO EGEO,EGEO,Não,3,3,0.00%,2,INTERIOR
Ciclo 12 - 2026,10258 - CP ALCINA MARIA,24670,Regional NE-S,AL,LOJA,95454,PMPCK QUASAR DES BODY SPRAY DEEP BLUE,BOT,DESODORANTES,DESODORANTE MASCULINO,OMNICHANNEL C202612,QUASAR,Não,3,6,40.00%,5,INTERIOR
Ciclo 12 - 2026,10258 - CP ALCINA MARIA,24668,Regional NE-S,AL,LOJA,95454,PMPCK QUASAR DES BODY SPRAY DEEP BLUE,BOT,DESODORANTES,DESODORANTE MASCULINO,OMNICHANNEL C202612,QUASAR,Não,3,3,100.00%,2,INTERIOR
Ciclo 12 - 2026,10258 - CP ALCINA MARIA,24303,Regional NE-S,AL,LOJA,95454,PMPCK QUASAR DES BODY SPRAY DEEP BLUE,BOT,DESODORANTES,DESODORANTE MASCULINO,OMNICHANNEL C202612,QUASAR,Não,3,6,0.00%,0,INTERIOR
Ciclo 12 - 2026,10258 - CP ALCINA MARIA,24671,Regional NE-S,AL,LOJA,95454,PMPCK QUASAR DES BODY SPRAY DEEP BLUE,BOT,DESODORANTES,DESODORANTE MASCULINO,OMNICHANNEL C202612,QUASAR,Não,3,11,28.57%,7,INTERIOR
Ciclo 12 - 2026,10258 - CP ALCINA MARIA,24669,Regional NE-S,AL,LOJA,95454,PMPCK QUASAR DES BODY SPRAY DEEP BLUE,BOT,DESODORANTES,DESODORANTE MASCULINO,OMNICHANNEL C202612,QUASAR,Não,3,7,0.00%,0,INTERIOR
Ciclo 12 - 2026,10258 - CP ALCINA MARIA,24303,Regional NE-S,AL,LOJA,95799,NSPA CR PERF DES HID CP AMX/INT PRM 50ml,BOT,SUPORTE À VENDA,PRM,AÇÃO DE FLUXO C202612,NATIVA SPA,Não,280,150,7.33%,150,INTERIOR
Ciclo 12 - 2026,10258 - CP ALCINA MARIA,24668,Regional NE-S,AL,LOJA,95799,NSPA CR PERF DES HID CP AMX/INT PRM 50ml,BOT,SUPORTE À VENDA,PRM,AÇÃO DE FLUXO C202612,NATIVA SPA,Não,345,160,42.50%,160,INTERIOR
Ciclo 12 - 2026,10258 - CP ALCINA MARIA,24671,Regional NE-S,AL,LOJA,95799,NSPA CR PERF DES HID CP AMX/INT PRM 50ml,BOT,SUPORTE À VENDA,PRM,AÇÃO DE FLUXO C202612,NATIVA SPA,Não,280,160,21.88%,160,INTERIOR
Ciclo 12 - 2026,10258 - CP ALCINA MARIA,24670,Regional NE-S,AL,LOJA,95799,NSPA CR PERF DES HID CP AMX/INT PRM 50ml,BOT,SUPORTE À VENDA,PRM,AÇÃO DE FLUXO C202612,NATIVA SPA,Não,344,160,37.50%,160,INTERIOR
Ciclo 12 - 2026,10258 - CP ALCINA MARIA,24669,Regional NE-S,AL,LOJA,95799,NSPA CR PERF DES HID CP AMX/INT PRM 50ml,BOT,SUPORTE À VENDA,PRM,AÇÃO DE FLUXO C202612,NATIVA SPA,Não,329,160,26.88%,160,INTERIOR
Ciclo 12 - 2026,10258 - CP ALCINA MARIA,24617,Regional NE-S,AL,LOJA,95799,NSPA CR PERF DES HID CP AMX/INT PRM 50ml,BOT,SUPORTE À VENDA,PRM,AÇÃO DE FLUXO C202612,NATIVA SPA,Não,140,90,0.00%,90,INTERIOR
Ciclo 12 - 2026,10258 - CP ALCINA MARIA,24668,Regional NE-S,AL,LOJA,95920,NSPA OL GLOR DES HID CPO BAUN EXCL 200ml,BOT,CUIDADOS COM A PELE,CUIDADOS COM O CORPO,OMNICHANNEL C202612,NATIVA SPA,Não,3,0,0.00%,0,INTERIOR
Ciclo 12 - 2026,10258 - CP ALCINA MARIA,24671,Regional NE-S,AL,LOJA,95920,NSPA OL GLOR DES HID CPO BAUN EXCL 200ml,BOT,CUIDADOS COM A PELE,CUIDADOS COM O CORPO,OMNICHANNEL C202612,NATIVA SPA,Não,3,0,0.00%,0,INTERIOR
Ciclo 12 - 2026,10258 - CP ALCINA MARIA,24669,Regional NE-S,AL,LOJA,95920,NSPA OL GLOR DES HID CPO BAUN EXCL 200ml,BOT,CUIDADOS COM A PELE,CUIDADOS COM O CORPO,OMNICHANNEL C202612,NATIVA SPA,Não,3,0,0.00%,0,INTERIOR
Ciclo 12 - 2026,10258 - CP ALCINA MARIA,24303,Regional NE-S,AL,LOJA,95920,NSPA OL GLOR DES HID CPO BAUN EXCL 200ml,BOT,CUIDADOS COM A PELE,CUIDADOS COM O CORPO,OMNICHANNEL C202612,NATIVA SPA,Não,3,0,0.00%,0,INTERIOR
Ciclo 12 - 2026,10258 - CP ALCINA MARIA,24670,Regional NE-S,AL,LOJA,95920,NSPA OL GLOR DES HID CPO BAUN EXCL 200ml,BOT,CUIDADOS COM A PELE,CUIDADOS COM O CORPO,OMNICHANNEL C202612,NATIVA SPA,Não,3,0,0.00%,0,INTERIOR
Ciclo 12 - 2026,10258 - CP ALCINA MARIA,24671,Regional NE-S,AL,LOJA,96293,GLAMOUR LOC DES HID CPO INTENSE 200ml,BOT,CUIDADOS COM A PELE,CUIDADOS COM O CORPO,LANÇAMENTO GLAMOUR,GLAMOUR,Não,9,9,44.44%,9,INTERIOR
Ciclo 12 - 2026,10258 - CP ALCINA MARIA,24670,Regional NE-S,AL,LOJA,96293,GLAMOUR LOC DES HID CPO INTENSE 200ml,BOT,CUIDADOS COM A PELE,CUIDADOS COM O CORPO,LANÇAMENTO GLAMOUR,GLAMOUR,Não,8,11,9.09%,11,INTERIOR
Ciclo 12 - 2026,10258 - CP ALCINA MARIA,24669,Regional NE-S,AL,LOJA,96293,GLAMOUR LOC DES HID CPO INTENSE 200ml,BOT,CUIDADOS COM A PELE,CUIDADOS COM O CORPO,LANÇAMENTO GLAMOUR,GLAMOUR,Não,8,16,31.25%,16,INTERIOR
Ciclo 12 - 2026,10258 - CP ALCINA MARIA,24617,Regional NE-S,AL,LOJA,96293,GLAMOUR LOC DES HID CPO INTENSE 200ml,BOT,CUIDADOS COM A PELE,CUIDADOS COM O CORPO,LANÇAMENTO GLAMOUR,GLAMOUR,Não,3,9,22.22%,9,INTERIOR
Ciclo 12 - 2026,10258 - CP ALCINA MARIA,24303,Regional NE-S,AL,LOJA,96293,GLAMOUR LOC DES HID CPO INTENSE 200ml,BOT,CUIDADOS COM A PELE,CUIDADOS COM O CORPO,LANÇAMENTO GLAMOUR,GLAMOUR,Não,3,9,55.56%,9,INTERIOR
Ciclo 12 - 2026,10258 - CP ALCINA MARIA,24668,Regional NE-S,AL,LOJA,96293,GLAMOUR LOC DES HID CPO INTENSE 200ml,BOT,CUIDADOS COM A PELE,CUIDADOS COM O CORPO,LANÇAMENTO GLAMOUR,GLAMOUR,Não,12,17,81.25%,16,INTERIOR
Ciclo 12 - 2026,10258 - CP ALCINA MARIA,24617,Regional NE-S,AL,LOJA,96419,MAKE B MASC/CILIOS SCANDAL FULL 10g,BOT,MAQUIAGEM,MAQUIAGEM OLHOS,LANÇAMENTO MAKE B,MAKE B.,Não,3,2,0.00%,2,INTERIOR
Ciclo 12 - 2026,10258 - CP ALCINA MARIA,24671,Regional NE-S,AL,LOJA,96419,MAKE B MASC/CILIOS SCANDAL FULL 10g,BOT,MAQUIAGEM,MAQUIAGEM OLHOS,LANÇAMENTO MAKE B,MAKE B.,Não,5,5,60.00%,5,INTERIOR
Ciclo 12 - 2026,10258 - CP ALCINA MARIA,24668,Regional NE-S,AL,LOJA,96419,MAKE B MASC/CILIOS SCANDAL FULL 10g,BOT,MAQUIAGEM,MAQUIAGEM OLHOS,LANÇAMENTO MAKE B,MAKE B.,Não,10,10,30.00%,10,INTERIOR
Ciclo 12 - 2026,10258 - CP ALCINA MARIA,24670,Regional NE-S,AL,LOJA,96419,MAKE B MASC/CILIOS SCANDAL FULL 10g,BOT,MAQUIAGEM,MAQUIAGEM OLHOS,LANÇAMENTO MAKE B,MAKE B.,Não,7,7,0.00%,7,INTERIOR
Ciclo 12 - 2026,10258 - CP ALCINA MARIA,24303,Regional NE-S,AL,LOJA,96419,MAKE B MASC/CILIOS SCANDAL FULL 10g,BOT,MAQUIAGEM,MAQUIAGEM OLHOS,LANÇAMENTO MAKE B,MAKE B.,Não,3,3,0.00%,3,INTERIOR
Ciclo 12 - 2026,10258 - CP ALCINA MARIA,24669,Regional NE-S,AL,LOJA,96419,MAKE B MASC/CILIOS SCANDAL FULL 10g,BOT,MAQUIAGEM,MAQUIAGEM OLHOS,LANÇAMENTO MAKE B,MAKE B.,Não,10,10,10.00%,10,INTERIOR