Quebra;Quebra2;Código;Descrição;Quantidade;Faturamento;Preço médio;Custo Total;Imposto Estadual;Imposto Federal;Lucro;Margem;Markup;Participação;Acumulado;Classificação;ICMS ST;Fecop ST
31/08/2026;024303 - 24303 ACQUA DISTRIBUIDORA DE PERFUMES E;07891033775248;LILY EDP 75ML V2;1,000;293,17;293,17;121,74;0,00;0,00;171,43;58,47;140,82;11,15;11,15;A;;
31/08/2026;024303 - 24303 ACQUA DISTRIBUIDORA DE PERFUMES E;07891033899609;ESTJ LILY L EAU AMOR/26;2,000;377,85;188,92;211,22;0,00;0,00;166,63;44,10;78,89;10,84;21,99;A;;
31/08/2026;024303 - 24303 ACQUA DISTRIBUIDORA DE PERFUMES E;07891033909810;NSPA DES COL BDY SPLSH AMEIX/INT 200ml;2,000;182,92;91,46;41,14;0,00;0,00;141,78;77,51;344,63;9,22;31,21;A;;
31/08/2026;024303 - 24303 ACQUA DISTRIBUIDORA DE PERFUMES E;07891033909537;GLAMOUR DES COL INTENSE 75ml;1,000;179,91;179,91;38,83;0,00;0,00;141,08;78,42;363,33;9,18;40,39;A;;
31/08/2026;024303 - 24303 ACQUA DISTRIBUIDORA DE PERFUMES E;07891033878963;FLORATTA EDP RED PASSION V2 75ml;1,000;210,69;210,69;99,82;0,00;0,00;110,87;52,62;111,07;7,21;47,60;A;;
31/08/2026;024303 - 24303 ACQUA DISTRIBUIDORA DE PERFUMES E;07891033894840;NSPA TRIO SAB BARR BES SEL COLL 3x100g;2,000;129,80;64,90;34,12;0,00;0,00;95,68;73,71;280,42;6,22;53,82;A;;
31/08/2026;024303 - 24303 ACQUA DISTRIBUIDORA DE PERFUMES E;07891033826865;EGEO DES COL BLUE C/CAR 90ml;1,000;111,25;111,25;32,86;0,00;0,00;78,39;70,46;238,56;5,10;58,92;A;;
31/08/2026;024303 - 24303 ACQUA DISTRIBUIDORA DE PERFUMES E;07891033479085;DREAM DES COL SPLSH VIAG/ENC 200ml V2;1,000;118,99;118,99;46,74;0,00;0,00;72,25;60,72;154,58;4,70;63,62;A;;
31/08/2026;024303 - 24303 ACQUA DISTRIBUIDORA DE PERFUMES E;07891033958016;NSPA OL GLOR DES HID CPO AMEIX/INT 200ml;2,000;155,85;77,92;88,34;0,00;0,00;67,51;43,32;76,42;4,39;68,01;A;;
31/08/2026;024303 - 24303 ACQUA DISTRIBUIDORA DE PERFUMES E;07891033905133;MALBEC DES COL V7 100ml;1,000;149,99;149,99;87,42;0,00;0,00;62,57;41,72;71,57;4,07;72,08;A;;
31/08/2026;024303 - 24303 ACQUA DISTRIBUIDORA DE PERFUMES E;07891033718771;BOTICOLL CRAZY DES COL FEELINGS 100ml;1,000;96,14;96,14;40,32;0,00;0,00;55,82;58,06;138,44;3,63;75,71;A;;
31/08/2026;024303 - 24303 ACQUA DISTRIBUIDORA DE PERFUMES E;07891033903818;PMPCK MALBEC DES BODY SPRAY;1,000;74,91;74,91;19,32;0,00;0,00;55,59;74,21;287,73;3,62;79,32;A;;
31/08/2026;024303 - 24303 ACQUA DISTRIBUIDORA DE PERFUMES E;07891033826889;EGEO DES COL DOLCE C/CAR 90ml;1,000;113,03;113,03;57,47;0,00;0,00;55,56;49,16;96,68;3,61;82,94;B;;
31/08/2026;024303 - 24303 ACQUA DISTRIBUIDORA DE PERFUMES E;07891033511631;CBEM DES COL BDY SPLSH R/ALG V3 200ml;1,000;73,33;73,33;18,31;0,00;0,00;55,02;75,03;300,49;3,58;86,52;B;;
31/08/2026;024303 - 24303 ACQUA DISTRIBUIDORA DE PERFUMES E;07891033524686;BOTIK GEL LIM FAC MIC AC MAN/SAL 50g PRM;3,000;46,18;15,39;0,00;0,00;0,00;46,18;100,00;0,00;3,00;89,52;B;;
31/08/2026;024303 - 24303 ACQUA DISTRIBUIDORA DE PERFUMES E;07891033890309;MAKE B CORRET LIQ HYAL 225N 68ml;1,000;65,00;65,00;23,31;0,00;0,00;41,69;64,14;178,85;2,71;92,23;B;;
31/08/2026;024303 - 24303 ACQUA DISTRIBUIDORA DE PERFUMES E;07891033962938;GLAMOUR LOC DES HID CPO INTENSE 200ml;1,000;62,91;62,91;24,42;0,00;0,00;38,49;61,18;157,62;2,50;94,74;B;;
31/08/2026;024303 - 24303 ACQUA DISTRIBUIDORA DE PERFUMES E;07891033957989;NSPA CR PERF DES HID CP AMEIX/INT 180ml;1,000;50,39;50,39;25,82;0,00;0,00;24,57;48,76;95,16;1,60;96,33;C;;
31/08/2026;024303 - 24303 ACQUA DISTRIBUIDORA DE PERFUMES E;07891033511655;CBEM SAB BARRA ROSA/ALGODAO 4x80g;1,000;35,71;35,71;13,90;0,00;0,00;21,81;61,08;156,91;1,42;97,75;C;;
31/08/2026;024303 - 24303 ACQUA DISTRIBUIDORA DE PERFUMES E;07891033578337;NSPA SAB LIQ PERF CPO CER/ROUGE 250ml;1,000;39,90;39,90;21,22;0,00;0,00;18,68;46,82;88,03;1,21;98,97;C;;
31/08/2026;024303 - 24303 ACQUA DISTRIBUIDORA DE PERFUMES E;07891033945382;NSPA SAB BARRA CORP AMEI/NEG V4 2x90g;1,000;27,44;27,44;8,93;0,00;0,00;18,51;67,46;207,28;1,20;100,17;C;;
31/08/2026;024303 - 24303 ACQUA DISTRIBUIDORA DE PERFUMES E;07891033512294;CBEM DES ANTIT ROLL ON R/ALG V3 55ml;1,000;29,90;29,90;13,85;0,00;0,00;16,05;53,68;115,88;1,04;101,21;C;;
31/08/2026;024303 - 24303 ACQUA DISTRIBUIDORA DE PERFUMES E;07891033511662;CBEM SAB BARRA ROSA/ALGODAO V8 2x80g;1,000;18,26;18,26;7,27;0,00;0,00;10,99;60,19;151,17;0,71;101,93;C;;
31/08/2026;024303 - 24303 ACQUA DISTRIBUIDORA DE PERFUMES E;07891033946310;BOTIK CR NUTR FIR ROS/PESC R/SIL PRM 10g;1,000;17,48;17,48;7,62;0,00;0,00;9,86;56,41;129,40;0,64;102,57;C;;
31/08/2026;024303 - 24303 ACQUA DISTRIBUIDORA DE PERFUMES E;07891033504497;INTENSE HID LAB BY CUID CER/L CER/V 62g;1,000;25,61;25,61;15,89;0,00;0,00;9,72;37,95;61,17;0,63;103,20;C;;
31/08/2026;024303 - 24303 ACQUA DISTRIBUIDORA DE PERFUMES E;07891033908219;SACOLA P BOTICARIO INST/25;1,000;0,01;0,01;1,31;0,00;0,00;-1,30;-13000,00;-99,24;-0,08;103,12;C;;
31/08/2026;024303 - 24303 ACQUA DISTRIBUIDORA DE PERFUMES E;07891033908226;SACOLA M BOTICARIO INST/25;4,000;0,04;0,01;6,24;0,00;0,00;-6,20;-15500,00;-99,36;-0,40;102,72;C;;
31/08/2026;024303 - 24303 ACQUA DISTRIBUIDORA DE PERFUMES E;07891033508822;CBEM SAB BARRA BOA NOITE V2 4x80g;1,000;0,01;0,01;13,91;0,00;0,00;-13,90;-139000,00;-99,93;-0,90;101,81;C;;
31/08/2026;024303 - 24303 ACQUA DISTRIBUIDORA DE PERFUMES E;07891033486724;NSPA LOC DES HID CPO AMEI/NEG 200ml V4;1,000;0,01;0,01;27,86;0,00;0,00;-27,85;-278500,00;-99,96;-1,81;100,00;C;;
31/08/2026;024617 - ACQUA DISTRIBUIDORA DE PERFUMES E COSMETICOS LTDA;07891033856060;INSENSATEZ DES COL V4 100ml;3,000;251,07;83,69;99,09;0,00;0,00;151,98;60,53;153,38;24,24;24,24;A;;
31/08/2026;024617 - ACQUA DISTRIBUIDORA DE PERFUMES E COSMETICOS LTDA;07891033843879;MALBEC DES COL V6 100ml;1,000;160,32;160,32;83,50;0,00;0,00;76,82;47,92;92,00;12,25;36,49;A;;
31/08/2026;024617 - ACQUA DISTRIBUIDORA DE PERFUMES E COSMETICOS LTDA;07891033945399;LILY HAIR MIST ACETINADO 50ml;1,000;123,46;123,46;54,65;0,00;0,00;68,81;55,73;125,91;10,97;47,46;A;;
31/08/2026;024617 - ACQUA DISTRIBUIDORA DE PERFUMES E COSMETICOS LTDA;07891033878222;MAKE B PLT BL/FUS/CLIP BRWN/BL MINI 25g;1,000;87,14;87,14;19,84;0,00;0,00;67,30;77,23;339,21;10,73;58,20;A;;
31/08/2026;024617 - ACQUA DISTRIBUIDORA DE PERFUMES E COSMETICOS LTDA;07891033820528;NSPA DES COL BODY SPLASH JAS/SAMB 200ml;1,000;83,54;83,54;20,15;0,00;0,00;63,39;75,88;314,59;10,11;68,31;A;;
31/08/2026;024617 - ACQUA DISTRIBUIDORA DE PERFUMES E COSMETICOS LTDA;07891033524686;BOTIK GEL LIM FAC MIC AC MAN/SAL 50g PRM;4,000;60,03;15,01;0,00;0,00;0,00;60,03;100,00;0,00;9,57;77,88;A;;
31/08/2026;024617 - ACQUA DISTRIBUIDORA DE PERFUMES E COSMETICOS LTDA;07891033720521;EGEO MOUS CREM HID DES CPO D MER 250g V6;1,000;79,90;79,90;30,81;0,00;0,00;49,09;61,44;159,33;7,83;85,71;B;;
31/08/2026;024617 - ACQUA DISTRIBUIDORA DE PERFUMES E COSMETICOS LTDA;07891033585663;MAKE B CORRET LIQ FAC EFFECT 10 V2 57ml;1,000;65,64;65,64;22,35;0,00;0,00;43,29;65,95;193,69;6,90;92,61;B;;
31/08/2026;024617 - ACQUA DISTRIBUIDORA DE PERFUMES E COSMETICOS LTDA;07891033897827;MALBEC ESPUM P/BARB SENSIT CUID V4 200ml;1,000;70,33;70,33;33,60;0,00;0,00;36,73;52,23;109,32;5,86;98,47;C;;
31/08/2026;024617 - ACQUA DISTRIBUIDORA DE PERFUMES E COSMETICOS LTDA;07891033706938;SOPHIE LOC HID CPO 200ml;1,000;46,17;46,17;17,95;0,00;0,00;28,22;61,12;157,21;4,50;102,97;C;;
31/08/2026;024617 - ACQUA DISTRIBUIDORA DE PERFUMES E COSMETICOS LTDA;07891033486571;EGEO DES ANTIT AEROSSOL DOLCE 75g V9;1,000;27,90;27,90;17,75;0,00;0,00;10,15;36,38;57,18;1,62;104,59;C;;
31/08/2026;024617 - ACQUA DISTRIBUIDORA DE PERFUMES E COSMETICOS LTDA;07891033974368;CAIXA LACO M BOTI PAIS 2026 UNIT;1,000;10,04;10,04;0,00;0,00;0,00;10,04;100,00;0,00;1,60;106,19;C;;
31/08/2026;024617 - ACQUA DISTRIBUIDORA DE PERFUMES E COSMETICOS LTDA;07891033908219;SACOLA P BOTICARIO INST/25;2,000;0,02;0,01;2,62;0,00;0,00;-2,60;-13000,00;-99,24;-0,41;105,78;C;;
31/08/2026;024617 - ACQUA DISTRIBUIDORA DE PERFUMES E COSMETICOS LTDA;07891033908226;SACOLA M BOTICARIO INST/25;2,000;0,02;0,01;3,12;0,00;0,00;-3,10;-15500,00;-99,36;-0,49;105,28;C;;
31/08/2026;024617 - ACQUA DISTRIBUIDORA DE PERFUMES E COSMETICOS LTDA;07891033889716;LIZ DES COL D ESSENCE PRM 10ml;1,000;0,01;0,01;7,11;0,00;0,00;-7,10;-71000,00;-99,86;-1,13;104,15;C;;
31/08/2026;024617 - ACQUA DISTRIBUIDORA DE PERFUMES E COSMETICOS LTDA;07891033486724;NSPA LOC DES HID CPO AMEI/NEG 200ml V4;1,000;0,01;0,01;26,03;0,00;0,00;-26,02;-260200,00;-99,96;-4,15;100,00;C;;
31/08/2026;024668 - ACQUA DISTRIBUIDORA DE PERFUMES E COSMETICOS LTDA;07891033483075;FLORATTA DES COL F/SECRET V3 75ml;2,000;315,20;157,60;136,96;0,00;0,00;178,24;56,55;130,14;5,08;5,08;A;;
31/08/2026;024668 - ACQUA DISTRIBUIDORA DE PERFUMES E COSMETICOS LTDA;07891033197347;THATY DES COL BOTICOLL 100ML;1,000;157,76;157,76;25,65;0,00;0,00;132,11;83,74;515,05;3,77;8,85;A;;
31/08/2026;024668 - ACQUA DISTRIBUIDORA DE PERFUMES E COSMETICOS LTDA;07891033843879;MALBEC DES COL V6 100ml;1,000;169,98;169,98;41,40;0,00;0,00;128,58;75,64;310,58;3,67;12,52;A;;
31/08/2026;024668 - ACQUA DISTRIBUIDORA DE PERFUMES E COSMETICOS LTDA;07891033740963;GLAMOUR DES COL 75ml V6;1,000;199,90;199,90;77,18;0,00;0,00;122,72;61,39;159,00;3,50;16,02;A;;
31/08/2026;024668 - ACQUA DISTRIBUIDORA DE PERFUMES E COSMETICOS LTDA;07891033905133;MALBEC DES COL V7 100ml;1,000;166,89;166,89;44,54;0,00;0,00;122,35;73,31;274,70;3,49;19,51;A;;
31/08/2026;024668 - ACQUA DISTRIBUIDORA DE PERFUMES E COSMETICOS LTDA;07891033861941;ESTJ CBEM DELEITE NAT/25;2,000;204,00;102,00;84,10;0,00;0,00;119,90;58,77;142,57;3,42;22,93;A;;
31/08/2026;024668 - ACQUA DISTRIBUIDORA DE PERFUMES E COSMETICOS LTDA;07891033481415;ACCORDES DES COL 80ml V5;2,000;297,68;148,84;186,74;0,00;0,00;110,94;37,27;59,41;3,16;26,09;A;;
31/08/2026;024668 - ACQUA DISTRIBUIDORA DE PERFUMES E COSMETICOS LTDA;07891033894710;BOTIK GEL/LIMP FAC CIC/PANT/CER PRM 50g;6,000;109,55;18,26;0,00;0,00;0,00;109,55;100,00;0,00;3,12;29,21;A;;
31/08/2026;024668 - ACQUA DISTRIBUIDORA DE PERFUMES E COSMETICOS LTDA;07891033882014;REF LILY CR ACET DES HID CPO V3 250g;2,000;181,68;90,84;78,62;0,00;0,00;103,06;56,73;131,09;2,94;32,15;A;;
31/08/2026;024668 - ACQUA DISTRIBUIDORA DE PERFUMES E COSMETICOS LTDA;07891033826902;EGEO DES COL RED C/CART 90ml;1,000;164,90;164,90;62,88;0,00;0,00;102,02;61,87;162,25;2,91;35,06;A;;
31/08/2026;024668 - ACQUA DISTRIBUIDORA DE PERFUMES E COSMETICOS LTDA;07891033826858;EGEO DES COL BOMB BLACK C/CAR 90ml;1,000;129,90;129,90;28,79;0,00;0,00;101,11;77,84;351,20;2,88;37,95;A;;
31/08/2026;024668 - ACQUA DISTRIBUIDORA DE PERFUMES E COSMETICOS LTDA;07891033485086;LILY OL PRODIG ACET MULTIF 50ml;1,000;131,99;131,99;32,53;0,00;0,00;99,46;75,35;305,75;2,84;40,78;A;;
31/08/2026;024668 - ACQUA DISTRIBUIDORA DE PERFUMES E COSMETICOS LTDA;07891033757428;MAKE B BAS PO MINERAL 10 55G;1,000;129,83;129,83;30,68;0,00;0,00;99,15;76,37;323,17;2,83;43,61;A;;
31/08/2026;024668 - ACQUA DISTRIBUIDORA DE PERFUMES E COSMETICOS LTDA;07891033506774;CLASH DES COL 100ml;1,000;141,73;141,73;49,68;0,00;0,00;92,05;64,95;185,29;2,63;46,24;A;;
31/08/2026;024668 - ACQUA DISTRIBUIDORA DE PERFUMES E COSMETICOS LTDA;07891033539215;DR BOTICA COL POC/CORAC V2 120ml;1,000;98,90;98,90;17,15;0,00;0,00;81,75;82,66;476,68;2,33;48,57;A;;
31/08/2026;024668 - ACQUA DISTRIBUIDORA DE PERFUMES E COSMETICOS LTDA;07891033482801;NSPA DES COL BDY SPLSH AMEI/NEG 200ml V2;1,000;99,75;99,75;19,86;0,00;0,00;79,89;80,09;402,27;2,28;50,85;A;;
31/08/2026;024668 - ACQUA DISTRIBUIDORA DE PERFUMES E COSMETICOS LTDA;07891033511297;CBEM DES ANTIT AER NUVEM V3 75g;3,000;114,53;38,18;35,82;0,00;0,00;78,71;68,72;219,74;2,24;53,09;A;;
31/08/2026;024668 - ACQUA DISTRIBUIDORA DE PERFUMES E COSMETICOS LTDA;07891033479085;DREAM DES COL SPLSH VIAG/ENC 200ml V2;1,000;101,89;101,89;28,20;0,00;0,00;73,69;72,32;261,31;2,10;55,19;A;;
31/08/2026;024668 - ACQUA DISTRIBUIDORA DE PERFUMES E COSMETICOS LTDA;07891033766215;DREAM DES COL CEU/BAUN 200ml;1,000;115,79;115,79;46,25;0,00;0,00;69,54;60,06;150,36;1,98;57,18;A;;
31/08/2026;024668 - ACQUA DISTRIBUIDORA DE PERFUMES E COSMETICOS LTDA;07891033841820;LILY DES COL BDY SPLSH 200ml;1,000;90,68;90,68;21,18;0,00;0,00;69,50;76,64;328,14;1,98;59,16;A;;
31/08/2026;024668 - ACQUA DISTRIBUIDORA DE PERFUMES E COSMETICOS LTDA;07891033902422;ESTJ UOMINI PAIS/26;1,000;154,77;154,77;87,14;0,00;0,00;67,63;43,70;77,61;1,93;61,09;A;;
31/08/2026;024668 - ACQUA DISTRIBUIDORA DE PERFUMES E COSMETICOS LTDA;07891033013173;PMPCK MALBEC DES ANTIT AER 2x75g;2,000;118,25;59,12;53,78;0,00;0,00;64,47;54,52;119,88;1,84;62,93;A;;
31/08/2026;024668 - ACQUA DISTRIBUIDORA DE PERFUMES E COSMETICOS LTDA;07891033907199;MAKE B BAS LIQ MATE SALICYLIC 180Q 30g;1,000;96,15;96,15;36,15;0,00;0,00;60,00;62,40;165,98;1,71;64,64;A;;
31/08/2026;024668 - ACQUA DISTRIBUIDORA DE PERFUMES E COSMETICOS LTDA;07891033909810;NSPA DES COL BDY SPLSH AMEIX/INT 200ml;1,000;78,67;78,67;20,36;0,00;0,00;58,31;74,12;286,39;1,66;66,30;A;;
31/08/2026;024668 - ACQUA DISTRIBUIDORA DE PERFUMES E COSMETICOS LTDA;07891033879823;ACCORDES DES BDY SPR V7 100ml;2,000;90,56;45,28;33,22;0,00;0,00;57,34;63,32;172,61;1,64;67,93;A;;
31/08/2026;024668 - ACQUA DISTRIBUIDORA DE PERFUMES E COSMETICOS LTDA;07891033893669;NSPA DES COL BDY SPLSH ROSAS/SCRT 200ml;1,000;99,76;99,76;42,45;0,00;0,00;57,31;57,45;135,01;1,63;69,57;A;;
31/08/2026;024668 - ACQUA DISTRIBUIDORA DE PERFUMES E COSMETICOS LTDA;07891033055463;MAKE B PRIMER FAC ANTIOL SALICYLIC 30g;1,000;86,52;86,52;31,41;0,00;0,00;55,11;63,70;175,45;1,57;71,14;A;;
31/08/2026;024668 - ACQUA DISTRIBUIDORA DE PERFUMES E COSMETICOS LTDA;07891033595167;REF NSPA LOC DES HID CPO AMEI/NEG 350ml;1,000;67,27;67,27;12,17;0,00;0,00;55,10;81,91;452,75;1,57;72,71;A;;
31/08/2026;024668 - ACQUA DISTRIBUIDORA DE PERFUMES E COSMETICOS LTDA;07891033820528;NSPA DES COL BODY SPLASH JAS/SAMB 200ml;1,000;74,72;74,72;19,95;0,00;0,00;54,77;73,30;274,54;1,56;74,27;A;;
31/08/2026;024668 - ACQUA DISTRIBUIDORA DE PERFUMES E COSMETICOS LTDA;07891033856060;INSENSATEZ DES COL V4 100ml;1,000;86,90;86,90;32,69;0,00;0,00;54,21;62,38;165,83;1,55;75,82;A;;
31/08/2026;024668 - ACQUA DISTRIBUIDORA DE PERFUMES E COSMETICOS LTDA;07891033850525;REF NSPA OL GLOR D H CPO AMEIX/NEG 150ml;1,000;73,30;73,30;20,67;0,00;0,00;52,63;71,80;254,62;1,50;77,32;A;;
31/08/2026;024668 - ACQUA DISTRIBUIDORA DE PERFUMES E COSMETICOS LTDA;07891033826865;EGEO DES COL BLUE C/CAR 90ml;1,000;96,82;96,82;45,58;0,00;0,00;51,24;52,92;112,42;1,46;78,78;A;;
31/08/2026;024668 - ACQUA DISTRIBUIDORA DE PERFUMES E COSMETICOS LTDA;07891033486809;REF NSPA LOC FIRM D H CPO QUIN 400ml V2;1,000;67,93;67,93;17,51;0,00;0,00;50,42;74,22;287,95;1,44;80,22;B;;
31/08/2026;024668 - ACQUA DISTRIBUIDORA DE PERFUMES E COSMETICOS LTDA;07891033498789;CBEM LOC DES HID CPO BOA NOITE V2 400ml;1,000;65,22;65,22;15,32;0,00;0,00;49,90;76,51;325,72;1,42;81,64;B;;
31/08/2026;024668 - ACQUA DISTRIBUIDORA DE PERFUMES E COSMETICOS LTDA;07891033957958;NSPA CR PERF DES HID CPO AMEIX/INT 400ml;1,000;65,11;65,11;16,95;0,00;0,00;48,16;73,97;284,13;1,37;83,02;B;;
31/08/2026;024668 - ACQUA DISTRIBUIDORA DE PERFUMES E COSMETICOS LTDA;07891033035304;CAIXA M INST 2021 VERDE ECONOMICA;13,000;44,32;3,41;0,00;0,00;0,00;44,32;100,00;0,00;1,26;84,28;B;;
31/08/2026;024668 - ACQUA DISTRIBUIDORA DE PERFUMES E COSMETICOS LTDA;07891033851201;CBEM SAB BARRA DELEITE V4 2x80g;3,000;71,48;23,83;27,51;0,00;0,00;43,97;61,51;159,83;1,25;85,53;B;;
31/08/2026;024668 - ACQUA DISTRIBUIDORA DE PERFUMES E COSMETICOS LTDA;07891033826889;EGEO DES COL DOLCE C/CAR 90ml;1,000;103,39;103,39;61,24;0,00;0,00;42,15;40,77;68,83;1,20;86,74;B;;
31/08/2026;024668 - ACQUA DISTRIBUIDORA DE PERFUMES E COSMETICOS LTDA;07891033825288;MAKE B CORRET LIQ FAC EFFECT 10 57ml;1,000;67,27;67,27;26,07;0,00;0,00;41,20;61,25;158,04;1,17;87,91;B;;
31/08/2026;024668 - ACQUA DISTRIBUIDORA DE PERFUMES E COSMETICOS LTDA;07891033854820;FLORATTA DES BDY SPR F/SECRET V2 100ml;1,000;47,32;47,32;8,24;0,00;0,00;39,08;82,59;474,27;1,11;89,03;B;;
31/08/2026;024668 - ACQUA DISTRIBUIDORA DE PERFUMES E COSMETICOS LTDA;07891033908127;ESTJ CBEM NUVEM REG/26;1,000;54,11;54,11;15,28;0,00;0,00;38,83;71,76;254,12;1,11;90,13;B;;
31/08/2026;024668 - ACQUA DISTRIBUIDORA DE PERFUMES E COSMETICOS LTDA;07891033886951;CBEM LOC DES HID CP R/ALG N/FORM 200ml;1,000;46,68;46,68;8,83;0,00;0,00;37,85;81,08;428,65;1,08;91,21;B;;
31/08/2026;024668 - ACQUA DISTRIBUIDORA DE PERFUMES E COSMETICOS LTDA;07891033842285;GLAMOUR DES BDY SPR 100ml V6 PCK;1,000;51,74;51,74;18,85;0,00;0,00;32,89;63,57;174,48;0,94;92,15;B;;
31/08/2026;024668 - ACQUA DISTRIBUIDORA DE PERFUMES E COSMETICOS LTDA;07891033749652;MALBEC LOC DES HID CPO RPCK 200ml;1,000;45,86;45,86;14,00;0,00;0,00;31,86;69,47;227,57;0,91;93,06;B;;
31/08/2026;024668 - ACQUA DISTRIBUIDORA DE PERFUMES E COSMETICOS LTDA;07891033706839;DR BOTICA SAB BARRA TRIO BNH CORAC 3x80g;1,000;44,90;44,90;13,89;0,00;0,00;31,01;69,06;223,25;0,88;93,94;B;;
31/08/2026;024668 - ACQUA DISTRIBUIDORA DE PERFUMES E COSMETICOS LTDA;07891033894208;REF NSPA LOC DES H CP ORQ/NOIRE V2 350ml;1,000;57,78;57,78;27,57;0,00;0,00;30,21;52,28;109,58;0,86;94,81;B;;
31/08/2026;024668 - ACQUA DISTRIBUIDORA DE PERFUMES E COSMETICOS LTDA;07891033886883;CBEM LOC DES HID CPO NUVEM N/FORM 400ml;1,000;58,90;58,90;28,87;0,00;0,00;30,03;50,98;104,02;0,86;95,66;C;;
31/08/2026;024668 - ACQUA DISTRIBUIDORA DE PERFUMES E COSMETICOS LTDA;07891033552535;NEXT DESODORANTE CREME 80g;1,000;33,59;33,59;7,02;0,00;0,00;26,57;79,10;378,49;0,76;96,42;C;;
31/08/2026;024668 - ACQUA DISTRIBUIDORA DE PERFUMES E COSMETICOS LTDA;07891033887026;REF CBEM LOC D H CP PESSEG N/FORM 350ml;1,000;35,31;35,31;9,73;0,00;0,00;25,58;72,44;262,90;0,73;97,15;C;;
31/08/2026;024668 - ACQUA DISTRIBUIDORA DE PERFUMES E COSMETICOS LTDA;07891033511648;CBEM DES ANTIT CR R/ALG V3 80g;2,000;46,71;23,35;21,40;0,00;0,00;25,31;54,19;118,27;0,72;97,87;C;;
31/08/2026;024668 - ACQUA DISTRIBUIDORA DE PERFUMES E COSMETICOS LTDA;07891033512270;CBEM SAB BARRA NUVEM 4x80g;1,000;38,90;38,90;14,25;0,00;0,00;24,65;63,37;172,98;0,70;98,57;C;;
31/08/2026;024668 - ACQUA DISTRIBUIDORA DE PERFUMES E COSMETICOS LTDA;07891033885602;MALBEC DES ANTIT ROLL V10 55ml;1,000;27,24;27,24;5,16;0,00;0,00;22,08;81,06;427,91;0,63;99,20;C;;
31/08/2026;024668 - ACQUA DISTRIBUIDORA DE PERFUMES E COSMETICOS LTDA;07891033856725;CBEM LOC DES HID CPO CER/FAS 200ml;1,000;33,91;33,91;21,01;0,00;0,00;12,90;38,04;61,40;0,37;99,57;C;;
31/08/2026;024668 - ACQUA DISTRIBUIDORA DE PERFUMES E COSMETICOS LTDA;07891033756551;INTENSE MASC CILIO TOO LONG 11g;1,000;31,66;31,66;22,19;0,00;0,00;9,47;29,91;42,68;0,27;99,84;C;;
31/08/2026;024668 - ACQUA DISTRIBUIDORA DE PERFUMES E COSMETICOS LTDA;07891033511662;CBEM SAB BARRA ROSA/ALGODAO V8 2x80g;1,000;16,33;16,33;7,21;0,00;0,00;9,12;55,85;126,49;0,26;100,10;C;;
31/08/2026;024668 - ACQUA DISTRIBUIDORA DE PERFUMES E COSMETICOS LTDA;07891033958030;NSPA SAB BARRA CP AMEIX/INT 90g;1,000;12,44;12,44;4,92;0,00;0,00;7,52;60,45;152,85;0,21;100,32;C;;
31/08/2026;024668 - ACQUA DISTRIBUIDORA DE PERFUMES E COSMETICOS LTDA;07891033957996;NSPA CR PERF DES HID CP AMX/INT PRM 50ml;5,000;0,05;0,01;11,15;0,00;0,00;-11,10;-22200,00;-99,55;-0,32;100,00;C;;
31/08/2026;024669 - 24669 ACQUA DISTRIBUIDORA DE PERFUMES E;07891033479498;THE BLEND EDP 100ml V2;1,000;325,69;325,69;98,91;0,00;0,00;226,78;69,63;229,28;13,97;13,97;A;;
31/08/2026;024669 - 24669 ACQUA DISTRIBUIDORA DE PERFUMES E;07891033869909;LIZ DES COL AURA 100ml;1,000;162,62;162,62;31,64;0,00;0,00;130,98;80,54;413,97;8,07;22,05;A;;
31/08/2026;024669 - 24669 ACQUA DISTRIBUIDORA DE PERFUMES E;07891033303632;EGEO DES COL CHERRY BLAST 90ml;1,000;148,41;148,41;25,09;0,00;0,00;123,32;83,09;491,51;7,60;29,65;A;;
31/08/2026;024669 - 24669 ACQUA DISTRIBUIDORA DE PERFUMES E;07891033497652;UOMINI DES COL V6 100ml;2,000;191,69;95,84;71,04;0,00;0,00;120,65;62,94;169,83;7,43;37,08;A;;
31/08/2026;024669 - 24669 ACQUA DISTRIBUIDORA DE PERFUMES E;07891033894697;BOTIK SRUM FAC ALT/POT AC/HIAL PRM 10ml;2,000;123,03;61,51;14,38;0,00;0,00;108,65;88,31;755,56;6,70;43,78;A;;
31/08/2026;024669 - 24669 ACQUA DISTRIBUIDORA DE PERFUMES E;07891033483594;ZAAD EDP 50ml V2;1,000;156,03;156,03;51,10;0,00;0,00;104,93;67,25;205,34;6,47;50,24;A;;
31/08/2026;024669 - 24669 ACQUA DISTRIBUIDORA DE PERFUMES E;07891033861965;ESTJ CELEBRE AGORA FEM NAT/25;2,000;176,99;88,49;75,90;0,00;0,00;101,09;57,12;133,19;6,23;56,47;A;;
31/08/2026;024669 - 24669 ACQUA DISTRIBUIDORA DE PERFUMES E;07891033830596;CELEBRE DES COL FOUG AROM FORC 100ml;1,000;119,90;119,90;20,02;0,00;0,00;99,88;83,30;498,90;6,15;62,63;A;;
31/08/2026;024669 - 24669 ACQUA DISTRIBUIDORA DE PERFUMES E;07891033512430;QUASAR DES COL CLASSIC 100ml;1,000;163,38;163,38;64,18;0,00;0,00;99,20;60,72;154,57;6,11;68,74;A;;
31/08/2026;024669 - 24669 ACQUA DISTRIBUIDORA DE PERFUMES E;07891033902385;ESTJ MALBEC PAIS/26;1,000;196,23;196,23;117,67;0,00;0,00;78,56;40,03;66,76;4,84;73,58;A;;
31/08/2026;024669 - 24669 ACQUA DISTRIBUIDORA DE PERFUMES E;07891033907144;MAKE B BAS LIQ MATE SALICYLIC 210Q 30g;1,000;84,61;84,61;19,31;0,00;0,00;65,30;77,18;338,17;4,02;77,60;A;;
31/08/2026;024669 - 24669 ACQUA DISTRIBUIDORA DE PERFUMES E;07891033485086;LILY OL PRODIG ACET MULTIF 50ml;1,000;117,37;117,37;58,42;0,00;0,00;58,95;50,23;100,91;3,63;81,24;B;;
31/08/2026;024669 - 24669 ACQUA DISTRIBUIDORA DE PERFUMES E;07891033741038;GLAMOUR DES COL SEC BL 75ml V4;1,000;127,77;127,77;71,44;0,00;0,00;56,33;44,09;78,85;3,47;84,71;B;;
31/08/2026;024669 - 24669 ACQUA DISTRIBUIDORA DE PERFUMES E;07891033524686;BOTIK GEL LIM FAC MIC AC MAN/SAL 50g PRM;3,000;50,51;16,84;0,00;0,00;0,00;50,51;100,00;0,00;3,11;87,82;B;;
31/08/2026;024669 - 24669 ACQUA DISTRIBUIDORA DE PERFUMES E;07891033881376;FLORATTA EDP ROSE SUCREE PRM 10ml;1,000;45,58;45,58;6,96;0,00;0,00;38,62;84,73;554,89;2,38;90,20;B;;
31/08/2026;024669 - 24669 ACQUA DISTRIBUIDORA DE PERFUMES E;07891033859474;HER CODE LOC DES HID CPO CLIMAX 200ml;1,000;51,00;51,00;12,65;0,00;0,00;38,35;75,20;303,16;2,36;92,56;B;;
31/08/2026;024669 - 24669 ACQUA DISTRIBUIDORA DE PERFUMES E;07891033894604;BOTIK SR FAC LIFT FIR PEP PR/EL PRM 10ml;1,000;36,44;36,44;1,08;0,00;0,00;35,36;97,04;3274,07;2,18;94,74;B;;
31/08/2026;024669 - 24669 ACQUA DISTRIBUIDORA DE PERFUMES E;07891033945368;BOTIK GEL CONC LIMP FAC AC/GLIC V3 150g;1,000;48,00;48,00;15,67;0,00;0,00;32,33;67,35;206,32;1,99;96,73;C;;
31/08/2026;024669 - 24669 ACQUA DISTRIBUIDORA DE PERFUMES E;07891033886982;CBEM LOC DES HID CP CER/LIV N/FORM 200ml;1,000;34,11;34,11;8,90;0,00;0,00;25,21;73,91;283,26;1,55;98,29;C;;
31/08/2026;024669 - 24669 ACQUA DISTRIBUIDORA DE PERFUMES E;07891033879632;CBEM OL CPO TERMICO CER/FASES 110ml;2,000;45,75;22,87;22,92;0,00;0,00;22,83;49,90;99,61;1,41;99,69;C;;
31/08/2026;024669 - 24669 ACQUA DISTRIBUIDORA DE PERFUMES E;07891033856718;CBEM LOC DES HID CPO CER/FAS 400ml;1,000;44,25;44,25;27,39;0,00;0,00;16,86;38,10;61,56;1,04;100,73;C;;
31/08/2026;024669 - 24669 ACQUA DISTRIBUIDORA DE PERFUMES E;07891033957996;NSPA CR PERF DES HID CP AMX/INT PRM 50ml;2,000;0,02;0,01;4,46;0,00;0,00;-4,44;-22200,00;-99,55;-0,27;100,46;C;;
31/08/2026;024669 - 24669 ACQUA DISTRIBUIDORA DE PERFUMES E;07891033950133;COFFEE D/COL MAN/ADD OR/AROM PRM V2 10ml;1,000;0,01;0,01;7,47;0,00;0,00;-7,46;-74600,00;-99,87;-0,46;100,00;C;;
31/08/2026;024670 - ACQUA DISTRIBUIDORA DE PERFUMES E COSMETICOS LTDA;07891033854592;MALBEC DES COL BLACK LEGEND 100ml;1,000;241,30;241,30;55,47;0,00;0,00;185,83;77,01;335,01;6,48;6,48;A;;
31/08/2026;024670 - ACQUA DISTRIBUIDORA DE PERFUMES E COSMETICOS LTDA;07891033861699;ESTJ MALBEC JUMBO REG/25;1,000;247,90;247,90;95,89;0,00;0,00;152,01;61,32;158,53;5,30;11,78;A;;
31/08/2026;024670 - ACQUA DISTRIBUIDORA DE PERFUMES E COSMETICOS LTDA;07891033878963;FLORATTA EDP RED PASSION V2 75ml;1,000;184,33;184,33;49,10;0,00;0,00;135,23;73,36;275,42;4,71;16,49;A;;
31/08/2026;024670 - ACQUA DISTRIBUIDORA DE PERFUMES E COSMETICOS LTDA;07891033905133;MALBEC DES COL V7 100ml;1,000;174,90;174,90;44,72;0,00;0,00;130,18;74,43;291,10;4,54;21,03;A;;
31/08/2026;024670 - ACQUA DISTRIBUIDORA DE PERFUMES E COSMETICOS LTDA;07891033479054;BOTICOLL ACQUA FRESCA DES COL 100ml V2;1,000;153,64;153,64;24,23;0,00;0,00;129,41;84,23;534,09;4,51;25,54;A;;
31/08/2026;024670 - ACQUA DISTRIBUIDORA DE PERFUMES E COSMETICOS LTDA;07891033909810;NSPA DES COL BDY SPLSH AMEIX/INT 200ml;2,000;166,59;83,29;40,72;0,00;0,00;125,87;75,56;309,11;4,39;29,93;A;;
31/08/2026;024670 - ACQUA DISTRIBUIDORA DE PERFUMES E COSMETICOS LTDA;07891033197347;THATY DES COL BOTICOLL 100ML;2,000;174,90;87,45;51,30;0,00;0,00;123,60;70,67;240,94;4,31;34,24;A;;
31/08/2026;024670 - ACQUA DISTRIBUIDORA DE PERFUMES E COSMETICOS LTDA;07891033483150;FLORATTA DES COL GOLD V3 75ml;1,000;144,33;144,33;28,64;0,00;0,00;115,69;80,16;403,95;4,03;38,27;A;;
31/08/2026;024670 - ACQUA DISTRIBUIDORA DE PERFUMES E COSMETICOS LTDA;07891033045204;BOTIK GEL CR FAC FIRM AC/HIALUR 40g;1,000;158,40;158,40;44,27;0,00;0,00;114,13;72,05;257,80;3,98;42,25;A;;
31/08/2026;024670 - ACQUA DISTRIBUIDORA DE PERFUMES E COSMETICOS LTDA;07891033882038;LILY CREM ACET DES HID CPO V9 250g;1,000;130,19;130,19;17,61;0,00;0,00;112,58;86,47;639,30;3,92;46,18;A;;
31/08/2026;024670 - ACQUA DISTRIBUIDORA DE PERFUMES E COSMETICOS LTDA;07891033893317;LILY EDP V3 75ml;1,000;238,88;238,88;126,65;0,00;0,00;112,23;46,98;88,61;3,91;50,09;A;;
31/08/2026;024670 - ACQUA DISTRIBUIDORA DE PERFUMES E COSMETICOS LTDA;07891033527526;GLAMOUR DES COL SCRT BLACK INTENSE 75ml;1,000;151,33;151,33;43,87;0,00;0,00;107,46;71,01;244,95;3,75;53,84;A;;
31/08/2026;024670 - ACQUA DISTRIBUIDORA DE PERFUMES E COSMETICOS LTDA;07891033483105;FLORATTA DES COL BLUE V2 75ml;1,000;164,15;164,15;62,32;0,00;0,00;101,83;62,03;163,40;3,55;57,39;A;;
31/08/2026;024670 - ACQUA DISTRIBUIDORA DE PERFUMES E COSMETICOS LTDA;07891033499601;NSPA DES COL BDY SPLSH ORQ NOIRE 200ml;1,000;109,90;109,90;17,65;0,00;0,00;92,25;83,94;522,66;3,22;60,60;A;;
31/08/2026;024670 - ACQUA DISTRIBUIDORA DE PERFUMES E COSMETICOS LTDA;07891033497652;UOMINI DES COL V6 100ml;4,000;386,70;96,67;304,72;0,00;0,00;81,98;21,20;26,90;2,86;63,46;A;;
31/08/2026;024670 - ACQUA DISTRIBUIDORA DE PERFUMES E COSMETICOS LTDA;07891033539222;ESTJ DR BOTICA CORACAO V2;1,000;117,37;117,37;39,92;0,00;0,00;77,45;65,99;194,01;2,70;66,16;A;;
31/08/2026;024670 - ACQUA DISTRIBUIDORA DE PERFUMES E COSMETICOS LTDA;07891033740314;COFFEE DES COL WOMAN 100ml V3;1,000;158,85;158,85;81,76;0,00;0,00;77,09;48,53;94,29;2,69;68,85;A;;
31/08/2026;024670 - ACQUA DISTRIBUIDORA DE PERFUMES E COSMETICOS LTDA;07891033534609;DR BOTICA COL POC/AMIZ V2 120ml;1,000;90,00;90,00;18,03;0,00;0,00;71,97;79,97;399,17;2,51;71,36;A;;
31/08/2026;024670 - ACQUA DISTRIBUIDORA DE PERFUMES E COSMETICOS LTDA;07891033747221;LILY EDP 30ML V2;1,000;152,25;152,25;81,74;0,00;0,00;70,51;46,31;86,26;2,46;73,82;A;;
31/08/2026;024670 - ACQUA DISTRIBUIDORA DE PERFUMES E COSMETICOS LTDA;07891033880829;NSPA LOC DES HID CPO AMEIX/NEG V4 400ml;1,000;84,38;84,38;16,85;0,00;0,00;67,53;80,03;400,77;2,35;76,17;A;;
31/08/2026;024670 - ACQUA DISTRIBUIDORA DE PERFUMES E COSMETICOS LTDA;07891033589302;ESTJ MA CHERIE 24;1,000;137,83;137,83;71,54;0,00;0,00;66,29;48,10;92,66;2,31;78,48;A;;
31/08/2026;024670 - ACQUA DISTRIBUIDORA DE PERFUMES E COSMETICOS LTDA;07891033843879;MALBEC DES COL V6 100ml;1,000;144,34;144,34;82,58;0,00;0,00;61,76;42,79;74,79;2,15;80,64;B;;
31/08/2026;024670 - ACQUA DISTRIBUIDORA DE PERFUMES E COSMETICOS LTDA;07891033947584;REF LILY CR ACET DES HID CPO 200g;1,000;99,90;99,90;39,31;0,00;0,00;60,59;60,65;154,13;2,11;82,75;B;;
31/08/2026;024670 - ACQUA DISTRIBUIDORA DE PERFUMES E COSMETICOS LTDA;07891033842131;EGEO DES COL VAN VIBE 90ml;1,000;112,82;112,82;56,88;0,00;0,00;55,94;49,58;98,35;1,95;84,70;B;;
31/08/2026;024670 - ACQUA DISTRIBUIDORA DE PERFUMES E COSMETICOS LTDA;07891033595174;REF NSPA LOC DES HID CPO AMEIXA 350ml;1,000;66,43;66,43;10,51;0,00;0,00;55,92;84,18;532,06;1,95;86,65;B;;
31/08/2026;024670 - ACQUA DISTRIBUIDORA DE PERFUMES E COSMETICOS LTDA;07891033957958;NSPA CR PERF DES HID CPO AMEIX/INT 400ml;1,000;63,01;63,01;16,95;0,00;0,00;46,06;73,10;271,74;1,61;88,25;B;;
31/08/2026;024670 - ACQUA DISTRIBUIDORA DE PERFUMES E COSMETICOS LTDA;07891033833573;FLORATTA DES COL SPLASH BLUE 200ml;1,000;78,49;78,49;36,34;0,00;0,00;42,15;53,70;115,99;1,47;89,72;B;;
31/08/2026;024670 - ACQUA DISTRIBUIDORA DE PERFUMES E COSMETICOS LTDA;07891033480623;REF LILY CR ACET DES HID CPO 250g V2;1,000;80,08;80,08;38,23;0,00;0,00;41,85;52,26;109,47;1,46;91,18;B;;
31/08/2026;024670 - ACQUA DISTRIBUIDORA DE PERFUMES E COSMETICOS LTDA;07891033490363;MEN LOC DES HID CPO 200g V2;1,000;49,90;49,90;9,32;0,00;0,00;40,58;81,32;435,41;1,41;92,60;B;;
31/08/2026;024670 - ACQUA DISTRIBUIDORA DE PERFUMES E COSMETICOS LTDA;07891033873647;NSPA NECESS PREMIUM PES;1,000;59,65;59,65;18,95;0,00;2,18;38,52;64,58;214,78;1,34;93,94;B;;
31/08/2026;024670 - ACQUA DISTRIBUIDORA DE PERFUMES E COSMETICOS LTDA;07891033475988;BOTI SUN PR FAC ANTIOL ACQ FL FPS30 40ml;1,000;53,00;53,00;22,69;0,00;0,00;30,31;57,19;133,58;1,06;95,00;B;;
31/08/2026;024670 - ACQUA DISTRIBUIDORA DE PERFUMES E COSMETICOS LTDA;07891033562176;CBEM SPRAY INTIMO REFRESC CER/LIV 75ml;1,000;43,10;43,10;12,96;0,00;1,57;28,57;66,28;232,56;1,00;95,99;C;;
31/08/2026;024670 - ACQUA DISTRIBUIDORA DE PERFUMES E COSMETICOS LTDA;07891033894222;NSPA LOC DES HID CPO ORQ/NOIRE V2 400ml;1,000;60,90;60,90;36,28;0,00;0,00;24,62;40,43;67,86;0,86;96,85;C;;
31/08/2026;024670 - ACQUA DISTRIBUIDORA DE PERFUMES E COSMETICOS LTDA;07891033013173;PMPCK MALBEC DES ANTIT AER 2x75g;1,000;49,40;49,40;26,89;0,00;0,00;22,51;45,57;83,71;0,78;97,64;C;;
31/08/2026;024670 - ACQUA DISTRIBUIDORA DE PERFUMES E COSMETICOS LTDA;07891033885602;MALBEC DES ANTIT ROLL V10 55ml;1,000;26,90;26,90;5,18;0,00;0,00;21,72;80,74;419,31;0,76;98,39;C;;
31/08/2026;024670 - ACQUA DISTRIBUIDORA DE PERFUMES E COSMETICOS LTDA;07891033492428;COFFEE DES ANTIT AER WOM/SEDUC V5 75g;1,000;27,46;27,46;10,61;0,00;0,00;16,85;61,36;158,81;0,59;98,98;C;;
31/08/2026;024670 - ACQUA DISTRIBUIDORA DE PERFUMES E COSMETICOS LTDA;07891033504497;INTENSE HID LAB BY CUID CER/L CER/V 62g;1,000;24,23;24,23;9,88;0,00;0,00;14,35;59,22;145,24;0,50;99,48;C;;
31/08/2026;024670 - ACQUA DISTRIBUIDORA DE PERFUMES E COSMETICOS LTDA;07891033486571;EGEO DES ANTIT AEROSSOL DOLCE 75g V9;1,000;24,02;24,02;10,88;0,00;0,00;13,14;54,70;120,77;0,46;99,94;C;;
31/08/2026;024670 - ACQUA DISTRIBUIDORA DE PERFUMES E COSMETICOS LTDA;07891033487615;EGEO DES ANTIT AER RED 75g V3;1,000;24,02;24,02;11,66;0,00;0,00;12,36;51,46;106,00;0,43;100,37;C;;
31/08/2026;024670 - ACQUA DISTRIBUIDORA DE PERFUMES E COSMETICOS LTDA;07891033882984;ZAAD EDP INFINITY PRM 10ml;1,000;15,55;15,55;6,44;0,00;0,00;9,11;58,59;141,46;0,32;100,69;C;;
31/08/2026;024670 - ACQUA DISTRIBUIDORA DE PERFUMES E COSMETICOS LTDA;07891033883431;CAIXA LAÇO P  MAES 25 BOTI;1,000;8,67;8,67;0,00;0,00;0,00;8,67;100,00;0,00;0,30;100,99;C;;
31/08/2026;024670 - ACQUA DISTRIBUIDORA DE PERFUMES E COSMETICOS LTDA;07891033504480;INTENSE HID LAB BY CUID DEL ROS/NUD 62g;1,000;24,23;24,23;16,05;0,00;0,00;8,18;33,76;50,97;0,29;101,28;C;;
31/08/2026;024670 - ACQUA DISTRIBUIDORA DE PERFUMES E COSMETICOS LTDA;07891033958030;NSPA SAB BARRA CP AMEIX/INT 90g;1,000;12,90;12,90;4,92;0,00;0,00;7,98;61,86;162,20;0,28;101,55;C;;
31/08/2026;024670 - ACQUA DISTRIBUIDORA DE PERFUMES E COSMETICOS LTDA;07891033035298;CAIXA M INST 2021 ROSA ECONOMICA;1,000;3,47;3,47;0,00;0,00;0,00;3,47;100,00;0,00;0,12;101,67;C;;
31/08/2026;024670 - ACQUA DISTRIBUIDORA DE PERFUMES E COSMETICOS LTDA;07891033888528;CARTAO PRESENTE BOTICARIO MAES 25 UNIT;3,000;1,47;0,49;0,00;0,00;0,00;1,47;100,00;0,00;0,05;101,73;C;;
31/08/2026;024670 - ACQUA DISTRIBUIDORA DE PERFUMES E COSMETICOS LTDA;07891033965847;SACOLA M AMOR 2026 2025 BOTI UNIT;1,000;0,01;0,01;0,00;0,00;0,00;0,01;100,00;0,00;0,00;101,73;C;;
31/08/2026;024670 - ACQUA DISTRIBUIDORA DE PERFUMES E COSMETICOS LTDA;07891033908233;SACOLA G O BOTICARIO INST/25;1,000;0,01;0,01;2,50;0,00;0,00;-2,49;-24919,00;-99,60;-0,09;101,64;C;;
31/08/2026;024670 - ACQUA DISTRIBUIDORA DE PERFUMES E COSMETICOS LTDA;07891033957996;NSPA CR PERF DES HID CP AMX/INT PRM 50ml;4,000;0,04;0,01;8,92;0,00;0,00;-8,88;-22200,00;-99,55;-0,31;101,33;C;;
31/08/2026;024670 - ACQUA DISTRIBUIDORA DE PERFUMES E COSMETICOS LTDA;07891033520084;NSPA LOC RAD DES HID CPO AMEI DOUR 200ml;1,000;0,01;0,01;10,65;0,00;0,00;-10,64;-106400,00;-99,91;-0,37;100,96;C;;
31/08/2026;024670 - ACQUA DISTRIBUIDORA DE PERFUMES E COSMETICOS LTDA;07891033499595;NSPA LOC DES HID CPO ORQ NOIRE 200ml;1,000;0,01;0,01;27,52;0,00;0,00;-27,51;-275100,00;-99,96;-0,96;100,00;C;;
31/08/2026;024671 - 24671 ACQUA DISTRIBUIDORA DE PERFUMES E;07891033898169;THE BLEND EDP BOURBON V2 100ml;1,000;379,90;379,90;91,35;0,00;0,00;288,55;75,95;315,87;23,84;23,84;A;;
31/08/2026;024671 - 24671 ACQUA DISTRIBUIDORA DE PERFUMES E;07891033483617;BOTICOLL ANNI DES COL 200ml V2;1,000;190,63;190,63;44,18;0,00;0,00;146,45;76,82;331,48;12,10;35,94;A;;
31/08/2026;024671 - 24671 ACQUA DISTRIBUIDORA DE PERFUMES E;07891033878987;BOTICOLL CONNEXION DES COL V3 100ml;1,000;174,90;174,90;29,03;0,00;0,00;145,87;83,40;502,48;12,05;48,00;A;;
31/08/2026;024671 - 24671 ACQUA DISTRIBUIDORA DE PERFUMES E;07891033843879;MALBEC DES COL V6 100ml;2,000;291,21;145,60;165,28;0,00;0,00;125,93;43,24;76,19;10,41;58,40;A;;
31/08/2026;024671 - 24671 ACQUA DISTRIBUIDORA DE PERFUMES E;07891033830596;CELEBRE DES COL FOUG AROM FORC 100ml;1,000;119,90;119,90;21,31;0,00;0,00;98,59;82,23;462,65;8,15;66,55;A;;
31/08/2026;024671 - 24671 ACQUA DISTRIBUIDORA DE PERFUMES E;07891033856060;INSENSATEZ DES COL V4 100ml;4,000;324,65;81,16;245,92;0,00;0,00;78,73;24,25;32,01;6,51;73,05;A;;
31/08/2026;024671 - 24671 ACQUA DISTRIBUIDORA DE PERFUMES E;07891033497652;UOMINI DES COL V6 100ml;4,000;370,78;92,69;304,52;0,00;0,00;66,26;17,87;21,76;5,47;78,53;A;;
31/08/2026;024671 - 24671 ACQUA DISTRIBUIDORA DE PERFUMES E;07891033909810;NSPA DES COL BDY SPLSH AMEIX/INT 200ml;1,000;81,99;81,99;20,36;0,00;0,00;61,63;75,17;302,70;5,09;83,62;B;;
31/08/2026;024671 - 24671 ACQUA DISTRIBUIDORA DE PERFUMES E;07891033954056;PMPCK LILY DES B/SPR LEAU/LILY BLANC;1,000;79,35;79,35;18,76;0,00;0,00;60,59;76,36;322,97;5,01;88,63;B;;
31/08/2026;024671 - 24671 ACQUA DISTRIBUIDORA DE PERFUMES E;07891033957958;NSPA CR PERF DES HID CPO AMEIX/INT 400ml;1,000;67,86;67,86;16,96;0,00;0,00;50,90;75,01;300,12;4,21;92,83;B;;
31/08/2026;024671 - 24671 ACQUA DISTRIBUIDORA DE PERFUMES E;07891033290468;BOTICOLL CONNEX DES BDY SPR 100ml V6 PCK;1,000;48,18;48,18;9,59;0,00;0,00;38,59;80,10;402,40;3,19;96,02;C;;
31/08/2026;024671 - 24671 ACQUA DISTRIBUIDORA DE PERFUMES E;07891033536283;BOTIK GEL LIMP FAC VITAM C PRM 50g;2,000;28,83;14,41;0,00;0,00;0,00;28,83;100,00;0,00;2,38;98,40;C;;
31/08/2026;024671 - 24671 ACQUA DISTRIBUIDORA DE PERFUMES E;07891033839605;ARBO DES ANTIT AER 75ml V9;1,000;25,08;25,08;11,73;0,00;0,00;13,35;53,23;113,81;1,10;99,51;C;;
31/08/2026;024671 - 24671 ACQUA DISTRIBUIDORA DE PERFUMES E;07891033882984;ZAAD EDP INFINITY PRM 10ml;1,000;15,52;15,52;6,44;0,00;0,00;9,08;58,51;140,99;0,75;100,26;C;;
31/08/2026;024671 - 24671 ACQUA DISTRIBUIDORA DE PERFUMES E;07891033021000;INTENSE BAT CREM POP ROSA 36g;1,000;14,65;14,65;8,25;0,00;0,00;6,40;43,69;77,58;0,53;100,79;C;;
31/08/2026;024671 - 24671 ACQUA DISTRIBUIDORA DE PERFUMES E;07891033908219;SACOLA P BOTICARIO INST/25;1,000;0,01;0,01;1,31;0,00;0,00;-1,30;-13000,00;-99,24;-0,11;100,68;C;;
31/08/2026;024671 - 24671 ACQUA DISTRIBUIDORA DE PERFUMES E;07891033908226;SACOLA M BOTICARIO INST/25;1,000;0,01;0,01;1,56;0,00;0,00;-1,55;-15500,00;-99,36;-0,13;100,55;C;;
31/08/2026;024671 - 24671 ACQUA DISTRIBUIDORA DE PERFUMES E;07891033957996;NSPA CR PERF DES HID CP AMX/INT PRM 50ml;3,000;0,03;0,01;6,69;0,00;0,00;-6,66;-22200,00;-99,55;-0,55;100,00;C;;
01/09/2026;024303 - 24303 ACQUA DISTRIBUIDORA DE PERFUMES E;07891033481439;ELYSEE EDP BLANC 50ml V2;1,000;271,39;271,39;61,74;0,00;0,00;209,65;77,25;339,57;8,09;8,09;A;;
01/09/2026;024303 - 24303 ACQUA DISTRIBUIDORA DE PERFUMES E;07891033905133;MALBEC DES COL V7 100ml;2,000;325,81;162,90;174,84;0,00;0,00;150,97;46,34;86,35;5,82;13,91;A;;
01/09/2026;024303 - 24303 ACQUA DISTRIBUIDORA DE PERFUMES E;07891033841820;LILY DES COL BDY SPLSH 200ml;2,000;184,74;92,37;42,80;0,00;0,00;141,94;76,83;331,64;5,47;19,38;A;;
01/09/2026;024303 - 24303 ACQUA DISTRIBUIDORA DE PERFUMES E;07891033878963;FLORATTA EDP RED PASSION V2 75ml;1,000;229,90;229,90;99,82;0,00;0,00;130,08;56,58;130,31;5,02;24,40;A;;
01/09/2026;024303 - 24303 ACQUA DISTRIBUIDORA DE PERFUMES E;07891033492459;COFFEE D/COL DUO MAN FOUG/AMB V2 100ml;1,000;163,70;163,70;44,98;0,00;0,00;118,72;72,52;263,94;4,58;28,98;A;;
01/09/2026;024303 - 24303 ACQUA DISTRIBUIDORA DE PERFUMES E;07891033553662;ARBO DES COL ATLANTICA 100ml;1,000;139,90;139,90;39,14;0,00;0,00;100,76;72,02;257,43;3,89;32,87;A;;
01/09/2026;024303 - 24303 ACQUA DISTRIBUIDORA DE PERFUMES E;07891033482962;FLORATTA DES COL ROSE BOUQUET 75ml;1,000;129,90;129,90;33,50;0,00;0,00;96,40;74,21;287,76;3,72;36,58;A;;
01/09/2026;024303 - 24303 ACQUA DISTRIBUIDORA DE PERFUMES E;07891033890682;MAKE B BASE LIQ HYALURONIC 260N 30ml;1,000;126,06;126,06;34,20;0,00;0,00;91,86;72,87;268,60;3,54;40,13;A;;
01/09/2026;024303 - 24303 ACQUA DISTRIBUIDORA DE PERFUMES E;07891033899609;ESTJ LILY L EAU AMOR/26;1,000;193,40;193,40;105,61;0,00;0,00;87,79;45,39;83,13;3,39;43,51;A;;
01/09/2026;024303 - 24303 ACQUA DISTRIBUIDORA DE PERFUMES E;07891033757923;FLORATTA DES COL RED 75ml;1,000;148,67;148,67;62,72;0,00;0,00;85,95;57,81;137,04;3,31;46,83;A;;
01/09/2026;024303 - 24303 ACQUA DISTRIBUIDORA DE PERFUMES E;07891033535187;ELYSEE EDP V2 50ml;1,000;220,11;220,11;140,09;0,00;0,00;80,02;36,35;57,12;3,09;49,91;A;;
01/09/2026;024303 - 24303 ACQUA DISTRIBUIDORA DE PERFUMES E;07891033945726;DR BOTICA COL POC/CRIATIV V2 120ml;1,000;96,33;96,33;17,48;0,00;0,00;78,85;81,85;451,09;3,04;52,95;A;;
01/09/2026;024303 - 24303 ACQUA DISTRIBUIDORA DE PERFUMES E;07891033826865;EGEO DES COL BLUE C/CAR 90ml;1,000;109,79;109,79;32,86;0,00;0,00;76,93;70,07;234,11;2,97;55,92;A;;
01/09/2026;024303 - 24303 ACQUA DISTRIBUIDORA DE PERFUMES E;07891033483754;ELYSEE CR DES HID ACET CPO BLANC 250g V2;1,000;112,31;112,31;37,33;0,00;0,00;74,98;66,76;200,86;2,89;58,81;A;;
01/09/2026;024303 - 24303 ACQUA DISTRIBUIDORA DE PERFUMES E;07891033506774;CLASH DES COL 100ml;1,000;144,90;144,90;71,51;0,00;0,00;73,39;50,65;102,63;2,83;61,64;A;;
01/09/2026;024303 - 24303 ACQUA DISTRIBUIDORA DE PERFUMES E;07891033741038;GLAMOUR DES COL SEC BL 75ml V4;1,000;139,90;139,90;71,43;0,00;0,00;68,47;48,94;95,86;2,64;64,28;A;;
01/09/2026;024303 - 24303 ACQUA DISTRIBUIDORA DE PERFUMES E;07891033842148;EGEO DES COL SPCY VIBE C/CAR 90ml;1,000;124,90;124,90;56,89;0,00;0,00;68,01;54,45;119,55;2,62;66,91;A;;
01/09/2026;024303 - 24303 ACQUA DISTRIBUIDORA DE PERFUMES E;07891033483037;FLORATTA DES COL RED V2 75ml;1,000;134,90;134,90;69,19;0,00;0,00;65,71;48,71;94,97;2,53;69,44;A;;
01/09/2026;024303 - 24303 ACQUA DISTRIBUIDORA DE PERFUMES E;07891033511471;CBEM DES COL BDY SPLSH NUVEM V3 200ml;1,000;79,90;79,90;18,86;0,00;0,00;61,04;76,40;323,65;2,35;71,80;A;;
01/09/2026;024303 - 24303 ACQUA DISTRIBUIDORA DE PERFUMES E;07891033941995;DR BOTICA COL POCAO/CORAG V3 120ml;1,000;96,33;96,33;40,98;0,00;0,00;55,35;57,46;135,07;2,13;73,93;A;;
01/09/2026;024303 - 24303 ACQUA DISTRIBUIDORA DE PERFUMES E;07891033749652;MALBEC LOC DES HID CPO RPCK 200ml;2,000;83,63;41,81;28,30;0,00;0,00;55,33;66,16;195,51;2,13;76,07;A;;
01/09/2026;024303 - 24303 ACQUA DISTRIBUIDORA DE PERFUMES E;07891033826896;EGEO DES COL CHOC C/CAR 90ml;1,000;107,77;107,77;59,86;0,00;0,00;47,91;44,46;80,04;1,85;77,91;A;;
01/09/2026;024303 - 24303 ACQUA DISTRIBUIDORA DE PERFUMES E;07891033954056;PMPCK LILY DES B/SPR LEAU/LILY BLANC;1,000;68,46;68,46;21,40;0,00;0,00;47,06;68,74;219,91;1,82;79,73;A;;
01/09/2026;024303 - 24303 ACQUA DISTRIBUIDORA DE PERFUMES E;07891033524686;BOTIK GEL LIM FAC MIC AC MAN/SAL 50g PRM;3,000;45,52;15,17;0,00;0,00;0,00;45,52;100,00;0,00;1,76;81,48;B;;
01/09/2026;024303 - 24303 ACQUA DISTRIBUIDORA DE PERFUMES E;07891033962938;GLAMOUR LOC DES HID CPO INTENSE 200ml;1,000;69,90;69,90;24,42;0,00;0,00;45,48;65,06;186,24;1,75;83,24;B;;
01/09/2026;024303 - 24303 ACQUA DISTRIBUIDORA DE PERFUMES E;07891033894017;CX PRESENTE M BOTI INST/25 VDA;4,000;44,95;11,24;0,00;0,00;0,00;44,95;100,00;0,00;1,73;84,97;B;;
01/09/2026;024303 - 24303 ACQUA DISTRIBUIDORA DE PERFUMES E;07891033816231;MAKE B BAT MATE C/AC POLIGL VIOLET 4g;1,000;64,90;64,90;26,70;0,00;0,00;38,20;58,86;143,07;1,47;86,44;B;;
01/09/2026;024303 - 24303 ACQUA DISTRIBUIDORA DE PERFUMES E;07891033854837;FLORATTA DES BDY SPRAY RED V2 100ml;1,000;44,97;44,97;8,28;0,00;0,00;36,69;81,59;443,12;1,42;87,86;B;;
01/09/2026;024303 - 24303 ACQUA DISTRIBUIDORA DE PERFUMES E;07891033958016;NSPA OL GLOR DES HID CPO AMEIX/INT 200ml;1,000;80,53;80,53;44,17;0,00;0,00;36,36;45,15;82,32;1,40;89,26;B;;
01/09/2026;024303 - 24303 ACQUA DISTRIBUIDORA DE PERFUMES E;07891033487851;MALBEC DES BDY SPR 100ml V4 PCK;1,000;52,90;52,90;22,91;0,00;0,00;29,99;56,69;130,90;1,16;90,42;B;;
01/09/2026;024303 - 24303 ACQUA DISTRIBUIDORA DE PERFUMES E;07891033013029;PMPCK LILY DES ANTIT AER 2x75g;1,000;54,46;54,46;26,42;0,00;0,00;28,04;51,49;106,13;1,08;91,50;B;;
01/09/2026;024303 - 24303 ACQUA DISTRIBUIDORA DE PERFUMES E;07891033509560;CLASH DES BDY SPR 100ml;1,000;50,99;50,99;24,32;0,00;0,00;26,67;52,30;109,66;1,03;92,53;B;;
01/09/2026;024303 - 24303 ACQUA DISTRIBUIDORA DE PERFUMES E;07891033583577;CBEM SAB BARRA PESSEGUR/GOST 4x80g;1,000;38,90;38,90;13,91;0,00;0,00;24,99;64,24;179,65;0,96;93,49;B;;
01/09/2026;024303 - 24303 ACQUA DISTRIBUIDORA DE PERFUMES E;07891033765973;INTENSE LAP BAT NUDE ROSADO 12g;1,000;29,90;29,90;6,32;0,00;0,00;23,58;78,86;373,10;0,91;94,40;B;;
01/09/2026;024303 - 24303 ACQUA DISTRIBUIDORA DE PERFUMES E;07891033511662;CBEM SAB BARRA ROSA/ALGODAO V8 2x80g;2,000;38,01;19,00;14,54;0,00;0,00;23,47;61,75;161,42;0,91;95,31;C;;
01/09/2026;024303 - 24303 ACQUA DISTRIBUIDORA DE PERFUMES E;07891033906727;MAKE B BAS LIQ MATE SALICYLIC 250N 30g;1,000;59,94;59,94;36,55;0,00;0,00;23,39;39,02;63,99;0,90;96,21;C;;
01/09/2026;024303 - 24303 ACQUA DISTRIBUIDORA DE PERFUMES E;07891033578306;REF NSPA LOC DES AVEL CP CER/ROUGE 350ml;1,000;48,90;48,90;27,86;0,00;0,00;21,04;43,03;75,52;0,81;97,02;C;;
01/09/2026;024303 - 24303 ACQUA DISTRIBUIDORA DE PERFUMES E;07891033825332;MAKE B CORRET LIQ FAC EFFECT 40 57ml;1,000;41,94;41,94;21,09;0,00;0,00;20,85;49,71;98,86;0,80;97,83;C;;
01/09/2026;024303 - 24303 ACQUA DISTRIBUIDORA DE PERFUMES E;07891033828876;MATCH SHAMP HIDRATACAO E BRLH 300ml;1,000;41,33;41,33;20,54;0,00;0,00;20,79;50,30;101,22;0,80;98,63;C;;
01/09/2026;024303 - 24303 ACQUA DISTRIBUIDORA DE PERFUMES E;07891033512317;CBEM SAB BARRA CEREJA LIVRE V2 2x80g;2,000;34,31;17,15;14,90;0,00;0,00;19,41;56,57;130,27;0,75;99,38;C;;
01/09/2026;024303 - 24303 ACQUA DISTRIBUIDORA DE PERFUMES E;07891033860777;COFFEE DES ANTIT AER ORIENT/AMB 125ml;1,000;36,31;36,31;18,47;0,00;0,00;17,84;49,13;96,59;0,69;100,06;C;;
01/09/2026;024303 - 24303 ACQUA DISTRIBUIDORA DE PERFUMES E;07891033828883;MATCH COND HIDRATACAO E BRLH 280ml;1,000;36,60;36,60;20,56;0,00;0,00;16,04;43,83;78,02;0,62;100,68;C;;
01/09/2026;024303 - 24303 ACQUA DISTRIBUIDORA DE PERFUMES E;07891033877713;MAKE B BLUSH COMP BERRY MINI PRM 15g;1,000;19,90;19,90;5,27;0,00;0,00;14,63;73,52;277,61;0,56;101,25;C;;
01/09/2026;024303 - 24303 ACQUA DISTRIBUIDORA DE PERFUMES E;07891033908219;SACOLA P BOTICARIO INST/25;6,000;0,06;0,01;7,86;0,00;0,00;-7,80;-13000,00;-99,24;-0,30;100,95;C;;
01/09/2026;024303 - 24303 ACQUA DISTRIBUIDORA DE PERFUMES E;07891033908226;SACOLA M BOTICARIO INST/25;7,000;0,07;0,01;10,92;0,00;0,00;-10,85;-15500,00;-99,36;-0,42;100,53;C;;
01/09/2026;024303 - 24303 ACQUA DISTRIBUIDORA DE PERFUMES E;07891033856770;CBEM LOC DES HID CPO CER/FASES PRM 50ml;2,000;0,02;0,01;13,70;0,00;0,00;-13,68;-68400,00;-99,85;-0,53;100,00;C;;
01/09/2026;024617 - ACQUA DISTRIBUIDORA DE PERFUMES E COSMETICOS LTDA;07891033508815;CBEM DES COL BDY SPLSH DELEITE V3 200ml;1,000;94,90;94,90;19,06;0,00;0,00;75,84;79,92;397,90;15,54;15,54;A;;
01/09/2026;024617 - ACQUA DISTRIBUIDORA DE PERFUMES E COSMETICOS LTDA;07891033851249;CBEM LOC DES HID CPO DELEITE V3 400ml;1,000;78,90;78,90;29,15;0,00;0,00;49,75;63,05;170,67;10,20;25,74;A;;
01/09/2026;024617 - ACQUA DISTRIBUIDORA DE PERFUMES E COSMETICOS LTDA;07891033894840;NSPA TRIO SAB BARR BES SEL COLL 3x100g;1,000;62,77;62,77;23,02;0,00;0,00;39,75;63,33;172,68;8,15;33,89;A;;
01/09/2026;024617 - ACQUA DISTRIBUIDORA DE PERFUMES E COSMETICOS LTDA;07891033909810;NSPA DES COL BDY SPLSH AMEIX/INT 200ml;1,000;81,99;81,99;42,73;0,00;0,00;39,26;47,88;91,88;8,05;41,93;A;;
01/09/2026;024617 - ACQUA DISTRIBUIDORA DE PERFUMES E COSMETICOS LTDA;07891033511839;MAKE B GLOS LAB C/AC POL SOFT SILK 5ml;1,000;65,87;65,87;29,31;0,00;0,00;36,56;55,50;124,74;7,49;49,43;A;;
01/09/2026;024617 - ACQUA DISTRIBUIDORA DE PERFUMES E COSMETICOS LTDA;07891033958023;NSPA ACUC ESF CPO AMEIX/INT 180g;1,000;65,87;65,87;31,11;0,00;0,00;34,76;52,77;111,73;7,12;56,55;A;;
01/09/2026;024617 - ACQUA DISTRIBUIDORA DE PERFUMES E COSMETICOS LTDA;07891033511471;CBEM DES COL BDY SPLSH NUVEM V3 200ml;1,000;70,19;70,19;36,88;0,00;0,00;33,31;47,46;90,32;6,83;63,38;A;;
01/09/2026;024617 - ACQUA DISTRIBUIDORA DE PERFUMES E COSMETICOS LTDA;07891033539215;DR BOTICA COL POC/CORAC V2 120ml;1,000;73,85;73,85;40,97;0,00;0,00;32,88;44,52;80,25;6,74;70,12;A;;
01/09/2026;024617 - ACQUA DISTRIBUIDORA DE PERFUMES E COSMETICOS LTDA;07891033957958;NSPA CR PERF DES HID CPO AMEIX/INT 400ml;1,000;67,86;67,86;35,75;0,00;0,00;32,11;47,32;89,82;6,58;76,70;A;;
01/09/2026;024617 - ACQUA DISTRIBUIDORA DE PERFUMES E COSMETICOS LTDA;07891033524686;BOTIK GEL LIM FAC MIC AC MAN/SAL 50g PRM;2,000;29,86;14,93;0,00;0,00;0,00;29,86;100,00;0,00;6,12;82,82;B;;
01/09/2026;024617 - ACQUA DISTRIBUIDORA DE PERFUMES E COSMETICOS LTDA;07891033957972;REF NSPA CR PERF DES HID CP AM/INT 350ml;1,000;56,96;56,96;28,64;0,00;0,00;28,32;49,72;98,88;5,80;88,62;B;;
01/09/2026;024617 - ACQUA DISTRIBUIDORA DE PERFUMES E COSMETICOS LTDA;07891033957989;NSPA CR PERF DES HID CP AMEIX/INT 180ml;1,000;53,10;53,10;25,81;0,00;0,00;27,29;51,39;105,73;5,59;94,21;B;;
01/09/2026;024617 - ACQUA DISTRIBUIDORA DE PERFUMES E COSMETICOS LTDA;07891033958030;NSPA SAB BARRA CP AMEIX/INT 90g;2,000;26,54;13,27;11,98;0,00;0,00;14,56;54,86;121,54;2,98;97,20;C;;
01/09/2026;024617 - ACQUA DISTRIBUIDORA DE PERFUMES E COSMETICOS LTDA;07891033521500;INTENSE BAT LIQ TINT 16H SUPF 535 V2 5ml;1,000;39,48;39,48;28,14;0,00;0,00;11,34;28,72;40,30;2,32;99,52;C;;
01/09/2026;024617 - ACQUA DISTRIBUIDORA DE PERFUMES E COSMETICOS LTDA;07891033522828;INTENSE GLOS LAB 215 V2 5ml;1,000;21,58;21,58;19,25;0,00;0,00;2,33;10,80;12,10;0,48;100,00;C;;
01/09/2026;024668 - ACQUA DISTRIBUIDORA DE PERFUMES E COSMETICOS LTDA;07891033497652;UOMINI DES COL V6 100ml;4,000;377,37;94,34;142,12;0,00;0,00;235,25;62,34;165,53;5,75;5,75;A;;
01/09/2026;024668 - ACQUA DISTRIBUIDORA DE PERFUMES E COSMETICOS LTDA;07891033905133;MALBEC DES COL V7 100ml;2,000;320,44;160,22;89,08;0,00;0,00;231,36;72,20;259,72;5,65;11,40;A;;
01/09/2026;024668 - ACQUA DISTRIBUIDORA DE PERFUMES E COSMETICOS LTDA;07891033843886;MALBEC DES COL NOIR V3 100ml;1,000;259,90;259,90;104,43;0,00;0,00;155,47;59,82;148,87;3,80;15,20;A;;
01/09/2026;024668 - ACQUA DISTRIBUIDORA DE PERFUMES E COSMETICOS LTDA;07891033483150;FLORATTA DES COL GOLD V3 75ml;1,000;173,90;173,90;28,65;0,00;0,00;145,25;83,53;506,98;3,55;18,75;A;;
01/09/2026;024668 - ACQUA DISTRIBUIDORA DE PERFUMES E COSMETICOS LTDA;07891033483525;BOTICOLL ACQUA FRESCA DES COL 200ml V2;1,000;219,90;219,90;74,86;0,00;0,00;145,04;65,96;193,75;3,54;22,30;A;;
01/09/2026;024668 - ACQUA DISTRIBUIDORA DE PERFUMES E COSMETICOS LTDA;07891033197347;THATY DES COL BOTICOLL 100ML;1,000;168,28;168,28;25,65;0,00;0,00;142,63;84,76;556,06;3,49;25,78;A;;
01/09/2026;024668 - ACQUA DISTRIBUIDORA DE PERFUMES E COSMETICOS LTDA;07891033514670;BOTIK SRUM FAC ALT POT VITAM C 30ml;1,000;179,29;179,29;42,28;0,00;0,00;137,01;76,42;324,05;3,35;29,13;A;;
01/09/2026;024668 - ACQUA DISTRIBUIDORA DE PERFUMES E COSMETICOS LTDA;07891033894710;BOTIK GEL/LIMP FAC CIC/PANT/CER PRM 50g;8,000;136,55;17,07;0,00;0,00;0,00;136,55;100,00;0,00;3,34;32,47;A;;
01/09/2026;024668 - ACQUA DISTRIBUIDORA DE PERFUMES E COSMETICOS LTDA;07891033767007;LIZ DES COL 100ml;1,000;173,90;173,90;45,84;0,00;0,00;128,06;73,64;279,36;3,13;35,60;A;;
01/09/2026;024668 - ACQUA DISTRIBUIDORA DE PERFUMES E COSMETICOS LTDA;07891033492459;COFFEE D/COL DUO MAN FOUG/AMB V2 100ml;1,000;171,81;171,81;44,51;0,00;0,00;127,30;74,09;286,00;3,11;38,71;A;;
01/09/2026;024668 - ACQUA DISTRIBUIDORA DE PERFUMES E COSMETICOS LTDA;07891033864317;ESTJ ZAAD REG/25;1,000;204,02;204,02;88,53;0,00;0,00;115,49;56,61;130,45;2,82;41,53;A;;
01/09/2026;024668 - ACQUA DISTRIBUIDORA DE PERFUMES E COSMETICOS LTDA;07891033222490;FREE DES COL BOTICOLL 100ml V4;1,000;174,90;174,90;59,49;0,00;0,00;115,41;65,99;194,00;2,82;44,35;A;;
01/09/2026;024668 - ACQUA DISTRIBUIDORA DE PERFUMES E COSMETICOS LTDA;07891033483037;FLORATTA DES COL RED V2 75ml;1,000;164,27;164,27;59,82;0,00;0,00;104,45;63,58;174,61;2,55;46,90;A;;
01/09/2026;024668 - ACQUA DISTRIBUIDORA DE PERFUMES E COSMETICOS LTDA;07891033811083;GLAMOUR DES COL DIVA 75ml V2;1,000;175,91;175,91;76,44;0,00;0,00;99,47;56,55;130,13;2,43;49,33;A;;
01/09/2026;024668 - ACQUA DISTRIBUIDORA DE PERFUMES E COSMETICOS LTDA;07891033526406;ESTJ LILY REG/21 V2;1,000;140,54;140,54;41,23;0,00;0,00;99,31;70,66;240,87;2,43;51,76;A;;
01/09/2026;024668 - ACQUA DISTRIBUIDORA DE PERFUMES E COSMETICOS LTDA;07891033757657;MAKE B BAS PO MINERAL 40 55G;1,000;122,78;122,78;25,56;0,00;0,00;97,22;79,18;380,36;2,38;54,14;A;;
01/09/2026;024668 - ACQUA DISTRIBUIDORA DE PERFUMES E COSMETICOS LTDA;07891033527526;GLAMOUR DES COL SCRT BLACK INTENSE 75ml;1,000;139,51;139,51;43,87;0,00;0,00;95,64;68,55;218,01;2,34;56,47;A;;
01/09/2026;024668 - ACQUA DISTRIBUIDORA DE PERFUMES E COSMETICOS LTDA;07891033890699;MAKE B BASE LIQ HYALURONIC 270Q 30ml;1,000;120,94;120,94;33,87;0,00;0,00;87,07;71,99;257,07;2,13;58,60;A;;
01/09/2026;024668 - ACQUA DISTRIBUIDORA DE PERFUMES E COSMETICOS LTDA;07891033766666;MEN DES COL GALBE 100ml V2;1,000;154,90;154,90;68,59;0,00;0,00;86,31;55,72;125,83;2,11;60,71;A;;
01/09/2026;024668 - ACQUA DISTRIBUIDORA DE PERFUMES E COSMETICOS LTDA;07891033877928;MAKE B BASE LIQ HYALURONIC 170Q 30ml;1,000;115,94;115,94;32,00;0,00;0,00;83,94;72,40;262,31;2,05;62,76;A;;
01/09/2026;024668 - ACQUA DISTRIBUIDORA DE PERFUMES E COSMETICOS LTDA;07891033533862;BOTIK PROT SOL FAC FPS 80 AC/HIAL 40ml;1,000;109,90;109,90;26,86;0,00;0,00;83,04;75,56;309,16;2,03;64,79;A;;
01/09/2026;024668 - ACQUA DISTRIBUIDORA DE PERFUMES E COSMETICOS LTDA;07891033539215;DR BOTICA COL POC/CORAC V2 120ml;1,000;97,80;97,80;17,15;0,00;0,00;80,65;82,46;470,26;1,97;66,76;A;;
01/09/2026;024668 - ACQUA DISTRIBUIDORA DE PERFUMES E COSMETICOS LTDA;07891033514410;DR BOTICA COL POCAO FORCA 120ml V2;1,000;97,80;97,80;17,98;0,00;0,00;79,82;81,62;443,94;1,95;68,71;A;;
01/09/2026;024668 - ACQUA DISTRIBUIDORA DE PERFUMES E COSMETICOS LTDA;07891033589876;NSPA OL BIF DES HID CPO UVA MERL 200ml;1,000;96,12;96,12;22,81;0,00;0,00;73,31;76,27;321,39;1,79;70,51;A;;
01/09/2026;024668 - ACQUA DISTRIBUIDORA DE PERFUMES E COSMETICOS LTDA;07891033814237;ELYSEE CREM DES HID ACET CPO SUCCES 250g;1,000;101,98;101,98;32,51;0,00;0,00;69,47;68,12;213,69;1,70;72,20;A;;
01/09/2026;024668 - ACQUA DISTRIBUIDORA DE PERFUMES E COSMETICOS LTDA;07891033826865;EGEO DES COL BLUE C/CAR 90ml;1,000;113,90;113,90;45,58;0,00;0,00;68,32;59,98;149,89;1,67;73,87;A;;
01/09/2026;024668 - ACQUA DISTRIBUIDORA DE PERFUMES E COSMETICOS LTDA;07891033475995;BOTI SUN PROT FAC ANTIOL A/FL FPS70 40ml;2,000;99,66;49,83;31,82;0,00;0,00;67,84;68,07;213,20;1,66;75,53;A;;
01/09/2026;024668 - ACQUA DISTRIBUIDORA DE PERFUMES E COSMETICOS LTDA;07891033869909;LIZ DES COL AURA 100ml;1,000;132,33;132,33;65,13;0,00;0,00;67,20;50,78;103,18;1,64;77,17;A;;
01/09/2026;024668 - ACQUA DISTRIBUIDORA DE PERFUMES E COSMETICOS LTDA;07891033826902;EGEO DES COL RED C/CART 90ml;1,000;124,94;124,94;62,88;0,00;0,00;62,06;49,67;98,70;1,52;78,69;A;;
01/09/2026;024668 - ACQUA DISTRIBUIDORA DE PERFUMES E COSMETICOS LTDA;07891033552214;DR BOTICA COL POC/CRIATIV 120ml;1,000;97,79;97,79;38,59;0,00;0,00;59,20;60,54;153,41;1,45;80,14;B;;
01/09/2026;024668 - ACQUA DISTRIBUIDORA DE PERFUMES E COSMETICOS LTDA;07891033877713;MAKE B BLUSH COMP BERRY MINI PRM 15g;2,000;75,00;37,50;18,32;0,00;0,00;56,68;75,57;309,39;1,39;81,52;B;;
01/09/2026;024668 - ACQUA DISTRIBUIDORA DE PERFUMES E COSMETICOS LTDA;07891033909810;NSPA DES COL BDY SPLSH AMEIX/INT 200ml;1,000;75,20;75,20;20,36;0,00;0,00;54,84;72,93;269,35;1,34;82,86;B;;
01/09/2026;024668 - ACQUA DISTRIBUIDORA DE PERFUMES E COSMETICOS LTDA;07891033548873;ESTJ BOTI BABY CASCA V2;1,000;103,73;103,73;50,29;0,00;0,00;53,44;51,52;106,26;1,31;84,17;B;;
01/09/2026;024668 - ACQUA DISTRIBUIDORA DE PERFUMES E COSMETICOS LTDA;07891033035304;CAIXA M INST 2021 VERDE ECONOMICA;15,000;52,16;3,48;0,00;0,00;0,00;52,16;100,00;0,00;1,27;85,44;B;;
01/09/2026;024668 - ACQUA DISTRIBUIDORA DE PERFUMES E COSMETICOS LTDA;07891033718771;BOTICOLL CRAZY DES COL FEELINGS 100ml;1,000;93,37;93,37;41,41;0,00;0,00;51,96;55,65;125,48;1,27;86,71;B;;
01/09/2026;024668 - ACQUA DISTRIBUIDORA DE PERFUMES E COSMETICOS LTDA;07891033706693;SOPHIE COL LIKE 100ml;1,000;98,06;98,06;49,00;0,00;0,00;49,06;50,03;100,12;1,20;87,91;B;;
01/09/2026;024668 - ACQUA DISTRIBUIDORA DE PERFUMES E COSMETICOS LTDA;07891033874781;BOTIK GEL LIMP FAC VITAM C V2 200g;1,000;76,36;76,36;30,92;0,00;0,00;45,44;59,51;146,96;1,11;89,02;B;;
01/09/2026;024668 - ACQUA DISTRIBUIDORA DE PERFUMES E COSMETICOS LTDA;07891033957958;NSPA CR PERF DES HID CPO AMEIX/INT 400ml;1,000;62,24;62,24;16,95;0,00;0,00;45,29;72,77;267,20;1,11;90,13;B;;
01/09/2026;024668 - ACQUA DISTRIBUIDORA DE PERFUMES E COSMETICOS LTDA;07891033514021;BOTICA 214 DES ANT AER FIJ P/FG/ES 125ml;2,000;69,02;34,51;23,84;0,00;0,00;45,18;65,46;189,51;1,10;91,23;B;;
01/09/2026;024668 - ACQUA DISTRIBUIDORA DE PERFUMES E COSMETICOS LTDA;07891033044825;BOTIK LOC HID ANTIOL ACI POL FAC 110ml;1,000;60,83;60,83;19,44;0,00;0,00;41,39;68,04;212,91;1,01;92,24;B;;
01/09/2026;024668 - ACQUA DISTRIBUIDORA DE PERFUMES E COSMETICOS LTDA;07891033511303;CBEM DES COL BDY SPLSH BEIJINHO V2 200ml;1,000;75,90;75,90;36,50;0,00;0,00;39,40;51,91;107,95;0,96;93,21;B;;
01/09/2026;024668 - ACQUA DISTRIBUIDORA DE PERFUMES E COSMETICOS LTDA;07891033502219;MALBEC SHW GEL CAB/CPO CLUB 250g;1,000;56,92;56,92;18,11;0,00;0,00;38,81;68,18;214,30;0,95;94,16;B;;
01/09/2026;024668 - ACQUA DISTRIBUIDORA DE PERFUMES E COSMETICOS LTDA;07891033885183;MAKE B BAT CR C/AC POL SOFT NUDE V2 36g;1,000;64,90;64,90;26,30;0,00;0,00;38,60;59,48;146,77;0,94;95,10;C;;
01/09/2026;024668 - ACQUA DISTRIBUIDORA DE PERFUMES E COSMETICOS LTDA;07891033524686;BOTIK GEL LIM FAC MIC AC MAN/SAL 50g PRM;2,000;37,40;18,70;0,00;0,00;0,00;37,40;100,00;0,00;0,91;96,01;C;;
01/09/2026;024668 - ACQUA DISTRIBUIDORA DE PERFUMES E COSMETICOS LTDA;07891033874521;MALBEC SAB BARRA CUIDADOS 4x80g;1,000;48,79;48,79;19,64;0,00;0,00;29,15;59,75;148,42;0,71;96,73;C;;
01/09/2026;024668 - ACQUA DISTRIBUIDORA DE PERFUMES E COSMETICOS LTDA;07891033511808;MAKE B GLOS LAB C/AC POLIG CRYST/ICO 5ml;1,000;53,78;53,78;29,10;0,00;0,00;24,68;45,89;84,81;0,60;97,33;C;;
01/09/2026;024668 - ACQUA DISTRIBUIDORA DE PERFUMES E COSMETICOS LTDA;07891033570881;EGEO SHW GEL CAB/CPO BLUE V2 100g;1,000;34,90;34,90;11,06;0,00;0,00;23,84;68,31;215,55;0,58;97,91;C;;
01/09/2026;024668 - ACQUA DISTRIBUIDORA DE PERFUMES E COSMETICOS LTDA;07891033855476;CBEM SAB BARRA SORTIDO V2 4x80g;1,000;35,21;35,21;14,05;0,00;0,00;21,16;60,10;150,60;0,52;98,43;C;;
01/09/2026;024668 - ACQUA DISTRIBUIDORA DE PERFUMES E COSMETICOS LTDA;07891033856725;CBEM LOC DES HID CPO CER/FAS 200ml;1,000;39,90;39,90;21,01;0,00;0,00;18,89;47,34;89,91;0,46;98,89;C;;
01/09/2026;024668 - ACQUA DISTRIBUIDORA DE PERFUMES E COSMETICOS LTDA;07891033851201;CBEM SAB BARRA DELEITE V4 2x80g;1,000;24,90;24,90;9,17;0,00;0,00;15,73;63,17;171,54;0,38;99,27;C;;
01/09/2026;024668 - ACQUA DISTRIBUIDORA DE PERFUMES E COSMETICOS LTDA;07891033529483;NSPA CREM ESF CPO AMEI DOUR 200g;1,000;39,95;39,95;25,34;0,00;0,00;14,61;36,57;57,66;0,36;99,63;C;;
01/09/2026;024668 - ACQUA DISTRIBUIDORA DE PERFUMES E COSMETICOS LTDA;07891033882984;ZAAD EDP INFINITY PRM 10ml;1,000;15,68;15,68;6,42;0,00;0,00;9,26;59,06;144,24;0,23;99,86;C;;
01/09/2026;024668 - ACQUA DISTRIBUIDORA DE PERFUMES E COSMETICOS LTDA;07891033854813;MALBEC DES COL BLACK LEGEND PRM 10ml;1,000;15,69;15,69;7,64;0,00;0,00;8,05;51,31;105,37;0,20;100,05;C;;
01/09/2026;024668 - ACQUA DISTRIBUIDORA DE PERFUMES E COSMETICOS LTDA;07891033957996;NSPA CR PERF DES HID CP AMX/INT PRM 50ml;1,000;0,01;0,01;2,23;0,00;0,00;-2,22;-22200,00;-99,55;-0,05;100,00;C;;
01/09/2026;024669 - 24669 ACQUA DISTRIBUIDORA DE PERFUMES E;07891033497652;UOMINI DES COL V6 100ml;4,000;416,67;104,17;142,08;0,00;0,00;274,59;65,90;193,26;12,21;12,21;A;;
01/09/2026;024669 - 24669 ACQUA DISTRIBUIDORA DE PERFUMES E;07891033897902;CBEM DES COL BDY SPLSH LAVANDINHA 200ml;3,000;237,00;79,00;58,50;0,00;0,00;178,50;75,32;305,13;7,94;20,14;A;;
01/09/2026;024669 - 24669 ACQUA DISTRIBUIDORA DE PERFUMES E;07891033843909;MALBEC DES COL MAGNETIC V3 100ml;1,000;259,90;259,90;81,55;0,00;0,00;178,35;68,62;218,70;7,93;28,07;A;;
01/09/2026;024669 - 24669 ACQUA DISTRIBUIDORA DE PERFUMES E;07891033497669;UOMINI DES COL BLACK V6 100ml;1,000;192,81;192,81;37,47;0,00;0,00;155,34;80,57;414,57;6,91;34,98;A;;
01/09/2026;024669 - 24669 ACQUA DISTRIBUIDORA DE PERFUMES E;07891033479054;BOTICOLL ACQUA FRESCA DES COL 100ml V2;1,000;156,75;156,75;24,23;0,00;0,00;132,52;84,54;546,93;5,89;40,87;A;;
01/09/2026;024669 - 24669 ACQUA DISTRIBUIDORA DE PERFUMES E;07891033878963;FLORATTA EDP RED PASSION V2 75ml;1,000;160,93;160,93;49,10;0,00;0,00;111,83;69,49;227,76;4,97;45,84;A;;
01/09/2026;024669 - 24669 ACQUA DISTRIBUIDORA DE PERFUMES E;07891033480609;LILY CREM DES HID ACET CPO 250g V8;2,000;223,33;111,66;117,92;0,00;0,00;105,41;47,20;89,39;4,69;50,52;A;;
01/09/2026;024669 - 24669 ACQUA DISTRIBUIDORA DE PERFUMES E;07891033883950;CBEM DES COL BDY SPLSH ROS/ALG V4 200ml;2,000;138,98;69,49;35,42;0,00;0,00;103,56;74,51;292,38;4,60;55,13;A;;
01/09/2026;024669 - 24669 ACQUA DISTRIBUIDORA DE PERFUMES E;07891033520527;CELEBRE DES COL MASC AGORA 100ml;1,000;111,99;111,99;19,97;0,00;0,00;92,02;82,17;460,79;4,09;59,22;A;;
01/09/2026;024669 - 24669 ACQUA DISTRIBUIDORA DE PERFUMES E;07891033018086;MAKE B BAS LIQ MATE SALICYLIC 200 30g;1,000;95,88;95,88;18,10;0,00;0,00;77,78;81,12;429,72;3,46;62,68;A;;
01/09/2026;024669 - 24669 ACQUA DISTRIBUIDORA DE PERFUMES E;07891033512362;CBEM DES COL BDY SPLSH PESSEGUR V2 200ml;1,000;94,00;94,00;18,06;0,00;0,00;75,94;80,79;420,49;3,38;66,05;A;;
01/09/2026;024669 - 24669 ACQUA DISTRIBUIDORA DE PERFUMES E;07891033508815;CBEM DES COL BDY SPLSH DELEITE V3 200ml;1,000;89,47;89,47;18,86;0,00;0,00;70,61;78,92;374,39;3,14;69,19;A;;
01/09/2026;024669 - 24669 ACQUA DISTRIBUIDORA DE PERFUMES E;07891033894697;BOTIK SRUM FAC ALT/POT AC/HIAL PRM 10ml;1,000;65,28;65,28;7,19;0,00;0,00;58,09;88,99;807,93;2,58;71,77;A;;
01/09/2026;024669 - 24669 ACQUA DISTRIBUIDORA DE PERFUMES E;07891033958016;NSPA OL GLOR DES HID CPO AMEIX/INT 200ml;1,000;79,29;79,29;22,63;0,00;0,00;56,66;71,46;250,38;2,52;74,29;A;;
01/09/2026;024669 - 24669 ACQUA DISTRIBUIDORA DE PERFUMES E;07891033044818;BOTIK CREM HID FAC FIRM AC/POLIGL 50g;1,000;70,93;70,93;16,85;0,00;0,00;54,08;76,24;320,95;2,40;76,70;A;;
01/09/2026;024669 - 24669 ACQUA DISTRIBUIDORA DE PERFUMES E;07891033555055;MAKE B LAP/OLH ULTRABLACK PRETO V2 12g;1,000;65,28;65,28;13,40;0,00;0,00;51,88;79,47;387,16;2,31;79,00;A;;
01/09/2026;024669 - 24669 ACQUA DISTRIBUIDORA DE PERFUMES E;07891033873159;CBEM LOC DES HID CPO AMORUDA 200ml;1,000;56,90;56,90;8,34;0,00;0,00;48,56;85,34;582,25;2,16;81,16;B;;
01/09/2026;024669 - 24669 ACQUA DISTRIBUIDORA DE PERFUMES E;07891033507047;MAKE B BLUSH PO C/A POLIG BERRY 55g;1,000;83,97;83,97;41,47;0,00;0,00;42,50;50,61;102,48;1,89;83,05;B;;
01/09/2026;024669 - 24669 ACQUA DISTRIBUIDORA DE PERFUMES E;07891033957705;BOTIK GEL/LIMP FAC CIC/PANT/CER 200g;1,000;55,69;55,69;13,80;0,00;0,00;41,89;75,22;303,55;1,86;84,91;B;;
01/09/2026;024669 - 24669 ACQUA DISTRIBUIDORA DE PERFUMES E;07891033524686;BOTIK GEL LIM FAC MIC AC MAN/SAL 50g PRM;3,000;40,71;13,57;0,00;0,00;0,00;40,71;100,00;0,00;1,81;86,72;B;;
01/09/2026;024669 - 24669 ACQUA DISTRIBUIDORA DE PERFUMES E;07891033881376;FLORATTA EDP ROSE SUCREE PRM 10ml;1,000;46,61;46,61;6,96;0,00;0,00;39,65;85,07;569,68;1,76;88,48;B;;
01/09/2026;024669 - 24669 ACQUA DISTRIBUIDORA DE PERFUMES E;07891033044825;BOTIK LOC HID ANTIOL ACI POL FAC 110ml;1,000;57,28;57,28;19,44;0,00;0,00;37,84;66,06;194,65;1,68;90,17;B;;
01/09/2026;024669 - 24669 ACQUA DISTRIBUIDORA DE PERFUMES E;07891033874910;BOTIK GEL LIMP F MCL AC MAND/SAL V2 150g;1,000;47,89;47,89;10,75;0,00;0,00;37,14;77,55;345,49;1,65;91,82;B;;
01/09/2026;024669 - 24669 ACQUA DISTRIBUIDORA DE PERFUMES E;07891033894604;BOTIK SR FAC LIFT FIR PEP PR/EL PRM 10ml;1,000;37,26;37,26;1,08;0,00;0,00;36,18;97,10;3350,00;1,61;93,43;B;;
01/09/2026;024669 - 24669 ACQUA DISTRIBUIDORA DE PERFUMES E;07891033521548;INTENSE BAT LIQ TINT 16H SUPF 345 V3 5ml;1,000;39,13;39,13;7,60;0,00;0,00;31,53;80,58;414,87;1,40;94,83;B;;
01/09/2026;024669 - 24669 ACQUA DISTRIBUIDORA DE PERFUMES E;07891033756278;INTENSE PO COMPACTO FACIAL 20 5g;1,000;48,47;48,47;17,17;0,00;0,00;31,30;64,58;182,29;1,39;96,22;C;;
01/09/2026;024669 - 24669 ACQUA DISTRIBUIDORA DE PERFUMES E;07891033846825;MALBEC SAB BARRA CUIDADOS 2x80g;1,000;31,43;31,43;7,43;0,00;0,00;24,00;76,36;323,01;1,07;97,29;C;;
01/09/2026;024669 - 24669 ACQUA DISTRIBUIDORA DE PERFUMES E;07891033570881;EGEO SHW GEL CAB/CPO BLUE V2 100g;2,000;33,10;16,55;11,68;0,00;0,00;21,42;64,71;183,39;0,95;98,24;C;;
01/09/2026;024669 - 24669 ACQUA DISTRIBUIDORA DE PERFUMES E;07891033799985;GLAMOUR DES BDY SPR SEC BL 100ml V3 PCK;1,000;26,27;26,27;9,42;0,00;0,00;16,85;64,14;178,87;0,75;98,99;C;;
01/09/2026;024669 - 24669 ACQUA DISTRIBUIDORA DE PERFUMES E;07891033867684;FLORATTA SAB LIQ CPO RED 150ml;1,000;31,43;31,43;15,79;0,00;0,00;15,64;49,76;99,05;0,70;99,68;C;;
01/09/2026;024669 - 24669 ACQUA DISTRIBUIDORA DE PERFUMES E;07891033538386;BOTIK PROT SOL FAC FPS 50 AC/HIAL 40ml;1,000;46,92;46,92;34,88;0,00;0,00;12,04;25,66;34,52;0,54;100,22;C;;
01/09/2026;024669 - 24669 ACQUA DISTRIBUIDORA DE PERFUMES E;07891033035304;CAIXA M INST 2021 VERDE ECONOMICA;1,000;2,55;2,55;0,00;0,00;0,00;2,55;100,00;0,00;0,11;100,33;C;;
01/09/2026;024669 - 24669 ACQUA DISTRIBUIDORA DE PERFUMES E;07891033950133;COFFEE D/COL MAN/ADD OR/AROM PRM V2 10ml;1,000;0,01;0,01;7,47;0,00;0,00;-7,46;-74600,00;-99,87;-0,33;100,00;C;;
01/09/2026;024670 - ACQUA DISTRIBUIDORA DE PERFUMES E COSMETICOS LTDA;07891033856060;INSENSATEZ DES COL V4 100ml;14,000;1102,30;78,74;860,72;0,00;0,00;241,58;21,92;28,07;7,36;7,36;A;;
01/09/2026;024670 - ACQUA DISTRIBUIDORA DE PERFUMES E COSMETICOS LTDA;07891033956494;ESTJ ZAAD INTENSE PAIS/26;2,000;525,34;262,67;284,40;0,00;0,00;240,94;45,86;84,72;7,34;14,70;A;;
01/09/2026;024670 - ACQUA DISTRIBUIDORA DE PERFUMES E COSMETICOS LTDA;07891033903108;ZAAD EDP V7 95ml;1,000;304,51;304,51;80,54;0,00;0,00;223,97;73,55;278,09;6,82;21,52;A;;
01/09/2026;024670 - ACQUA DISTRIBUIDORA DE PERFUMES E COSMETICOS LTDA;07891033909810;NSPA DES COL BDY SPLSH AMEIX/INT 200ml;3,000;251,56;83,85;61,08;0,00;0,00;190,48;75,72;311,85;5,80;27,32;A;;
01/09/2026;024670 - ACQUA DISTRIBUIDORA DE PERFUMES E COSMETICOS LTDA;07891033882953;ZAAD EDP INFINITY 95ml;1,000;270,44;270,44;80,24;0,00;0,00;190,20;70,33;237,04;5,79;33,12;A;;
01/09/2026;024670 - ACQUA DISTRIBUIDORA DE PERFUMES E COSMETICOS LTDA;07891033301928;MALBEC DES COL X 100ml;1,000;233,89;233,89;49,43;0,00;0,00;184,46;78,87;373,17;5,62;38,74;A;;
01/09/2026;024670 - ACQUA DISTRIBUIDORA DE PERFUMES E COSMETICOS LTDA;07891033905133;MALBEC DES COL V7 100ml;1,000;168,36;168,36;44,72;0,00;0,00;123,64;73,44;276,48;3,77;42,50;A;;
01/09/2026;024670 - ACQUA DISTRIBUIDORA DE PERFUMES E COSMETICOS LTDA;07891033903818;PMPCK MALBEC DES BODY SPRAY;2,000;156,52;78,26;38,22;0,00;0,00;118,30;75,58;309,52;3,60;46,11;A;;
01/09/2026;024670 - ACQUA DISTRIBUIDORA DE PERFUMES E COSMETICOS LTDA;07891033744381;ARBO DES COL 100ml V4;2,000;266,88;133,44;150,74;0,00;0,00;116,14;43,52;77,05;3,54;49,65;A;;
01/09/2026;024670 - ACQUA DISTRIBUIDORA DE PERFUMES E COSMETICOS LTDA;07891033497652;UOMINI DES COL V6 100ml;4,000;419,80;104,95;304,72;0,00;0,00;115,08;27,41;37,77;3,51;53,15;A;;
01/09/2026;024670 - ACQUA DISTRIBUIDORA DE PERFUMES E COSMETICOS LTDA;07891033826858;EGEO DES COL BOMB BLACK C/CAR 90ml;1,000;129,90;129,90;28,81;0,00;0,00;101,09;77,82;350,89;3,08;56,23;A;;
01/09/2026;024670 - ACQUA DISTRIBUIDORA DE PERFUMES E COSMETICOS LTDA;07891033957958;NSPA CR PERF DES HID CPO AMEIX/INT 400ml;2,000;133,66;66,83;33,90;0,00;0,00;99,76;74,64;294,28;3,04;59,27;A;;
01/09/2026;024670 - ACQUA DISTRIBUIDORA DE PERFUMES E COSMETICOS LTDA;07891033843879;MALBEC DES COL V6 100ml;1,000;170,08;170,08;82,58;0,00;0,00;87,50;51,45;105,96;2,67;61,94;A;;
01/09/2026;024670 - ACQUA DISTRIBUIDORA DE PERFUMES E COSMETICOS LTDA;07891033856459;BOTICA 214 EDP ARAB/OASIS FOUG/AMB 90ml;1,000;183,51;183,51;97,06;0,00;0,00;86,45;47,11;89,07;2,63;64,57;A;;
01/09/2026;024670 - ACQUA DISTRIBUIDORA DE PERFUMES E COSMETICOS LTDA;07891033589302;ESTJ MA CHERIE 24;1,000;156,90;156,90;71,54;0,00;0,00;85,36;54,40;119,32;2,60;67,17;A;;
01/09/2026;024670 - ACQUA DISTRIBUIDORA DE PERFUMES E COSMETICOS LTDA;07891033890712;MAKE B BASE LIQ HYALURONIC 285N 30ml;1,000;119,00;119,00;33,87;0,00;0,00;85,13;71,54;251,34;2,59;69,76;A;;
01/09/2026;024670 - ACQUA DISTRIBUIDORA DE PERFUMES E COSMETICOS LTDA;07891033534609;DR BOTICA COL POC/AMIZ V2 120ml;1,000;98,90;98,90;18,03;0,00;0,00;80,87;81,77;448,53;2,46;72,23;A;;
01/09/2026;024670 - ACQUA DISTRIBUIDORA DE PERFUMES E COSMETICOS LTDA;07891033826865;EGEO DES COL BLUE C/CAR 90ml;1,000;104,45;104,45;31,04;0,00;0,00;73,41;70,28;236,50;2,24;74,46;A;;
01/09/2026;024670 - ACQUA DISTRIBUIDORA DE PERFUMES E COSMETICOS LTDA;07891033509560;CLASH DES BDY SPR 100ml;2,000;89,93;44,96;17,24;0,00;0,00;72,69;80,83;421,64;2,21;76,68;A;;
01/09/2026;024670 - ACQUA DISTRIBUIDORA DE PERFUMES E COSMETICOS LTDA;07891033485086;LILY OL PRODIG ACET MULTIF 50ml;1,000;101,88;101,88;31,58;0,00;0,00;70,30;69,00;222,61;2,14;78,82;A;;
01/09/2026;024670 - ACQUA DISTRIBUIDORA DE PERFUMES E COSMETICOS LTDA;07891033533862;BOTIK PROT SOL FAC FPS 80 AC/HIAL 40ml;1,000;93,16;93,16;26,85;0,00;0,00;66,31;71,18;246,96;2,02;80,84;B;;
01/09/2026;024670 - ACQUA DISTRIBUIDORA DE PERFUMES E COSMETICOS LTDA;07891033013173;PMPCK MALBEC DES ANTIT AER 2x75g;2,000;111,47;55,73;53,78;0,00;0,00;57,69;51,75;107,27;1,76;82,60;B;;
01/09/2026;024670 - ACQUA DISTRIBUIDORA DE PERFUMES E COSMETICOS LTDA;07891033577590;BOT SUN PR FAC C/C FPS70 A/F COR 04 40ml;1,000;73,34;73,34;16,09;0,00;0,00;57,25;78,06;355,81;1,74;84,34;B;;
01/09/2026;024670 - ACQUA DISTRIBUIDORA DE PERFUMES E COSMETICOS LTDA;07891033590247;MALBEC BALM POS BARB SENSIT CUID V3 100g;1,000;68,57;68,57;13,19;0,00;0,00;55,38;80,76;419,86;1,69;86,03;B;;
01/09/2026;024670 - ACQUA DISTRIBUIDORA DE PERFUMES E COSMETICOS LTDA;07891033941995;DR BOTICA COL POCAO/CORAG V3 120ml;1,000;91,59;91,59;40,54;0,00;0,00;51,05;55,74;125,93;1,56;87,58;B;;
01/09/2026;024670 - ACQUA DISTRIBUIDORA DE PERFUMES E COSMETICOS LTDA;07891033882014;REF LILY CR ACET DES HID CPO V3 250g;1,000;90,00;90,00;39,29;0,00;0,00;50,71;56,34;129,07;1,54;89,13;B;;
01/09/2026;024670 - ACQUA DISTRIBUIDORA DE PERFUMES E COSMETICOS LTDA;07891033947584;REF LILY CR ACET DES HID CPO 200g;1,000;89,90;89,90;39,31;0,00;0,00;50,59;56,27;128,69;1,54;90,67;B;;
01/09/2026;024670 - ACQUA DISTRIBUIDORA DE PERFUMES E COSMETICOS LTDA;07891033897827;MALBEC ESPUM P/BARB SENSIT CUID V4 200ml;1,000;61,95;61,95;15,10;0,00;0,00;46,85;75,63;310,26;1,43;92,10;B;;
01/09/2026;024670 - ACQUA DISTRIBUIDORA DE PERFUMES E COSMETICOS LTDA;07891033880157;MAKE B BAT LIQ MAT AC/POL DEEP/RO V2 5ml;1,000;59,26;59,26;13,95;0,00;0,00;45,31;76,46;324,80;1,38;93,48;B;;
01/09/2026;024670 - ACQUA DISTRIBUIDORA DE PERFUMES E COSMETICOS LTDA;07891033945399;LILY HAIR MIST ACETINADO 50ml;1,000;91,33;91,33;53,69;0,00;0,00;37,64;41,21;70,11;1,15;94,62;B;;
01/09/2026;024670 - ACQUA DISTRIBUIDORA DE PERFUMES E COSMETICOS LTDA;07891033511686;CBEM SAB LIQ INT CER LIVRE V2 200ml;1,000;49,90;49,90;14,52;0,00;0,00;35,38;70,90;243,66;1,08;95,70;C;;
01/09/2026;024670 - ACQUA DISTRIBUIDORA DE PERFUMES E COSMETICOS LTDA;07891033883011;AU MIGOS PETS COL ADULT CHAMEGO 60ml;1,000;59,26;59,26;27,53;0,00;0,00;31,73;53,54;115,26;0,97;96,67;C;;
01/09/2026;024670 - ACQUA DISTRIBUIDORA DE PERFUMES E COSMETICOS LTDA;07891033889136;CBEM SPR INTIMO CER/FASES 75ml;1,000;44,90;44,90;12,62;0,00;1,64;30,64;68,24;255,78;0,93;97,60;C;;
01/09/2026;024670 - ACQUA DISTRIBUIDORA DE PERFUMES E COSMETICOS LTDA;07891033572106;AU MIGOS PETS BANHO SECO ADULTOS 240ml;1,000;50,78;50,78;23,65;0,00;0,00;27,13;53,43;114,71;0,83;98,43;C;;
01/09/2026;024670 - ACQUA DISTRIBUIDORA DE PERFUMES E COSMETICOS LTDA;07891033882984;ZAAD EDP INFINITY PRM 10ml;2,000;34,06;17,03;12,88;0,00;0,00;21,18;62,18;164,44;0,65;99,07;C;;
01/09/2026;024670 - ACQUA DISTRIBUIDORA DE PERFUMES E COSMETICOS LTDA;07891033856718;CBEM LOC DES HID CPO CER/FAS 400ml;1,000;47,51;47,51;27,12;0,00;0,00;20,39;42,92;75,18;0,62;99,69;C;;
01/09/2026;024670 - ACQUA DISTRIBUIDORA DE PERFUMES E COSMETICOS LTDA;07891033035298;CAIXA M INST 2021 ROSA ECONOMICA;2,000;7,14;3,57;0,00;0,00;0,00;7,14;100,00;0,00;0,22;99,91;C;;
01/09/2026;024670 - ACQUA DISTRIBUIDORA DE PERFUMES E COSMETICOS LTDA;07891033888528;CARTAO PRESENTE BOTICARIO MAES 25 UNIT;9,000;4,44;0,49;0,00;0,00;0,00;4,44;100,00;0,00;0,14;100,05;C;;
01/09/2026;024670 - ACQUA DISTRIBUIDORA DE PERFUMES E COSMETICOS LTDA;07891033908226;SACOLA M BOTICARIO INST/25;1,000;0,01;0,01;1,56;0,00;0,00;-1,55;-15500,00;-99,36;-0,05;100,00;C;;
01/09/2026;024671 - 24671 ACQUA DISTRIBUIDORA DE PERFUMES E;07891033497652;UOMINI DES COL V6 100ml;6,000;723,23;120,54;456,78;0,00;0,00;266,45;36,84;58,33;11,46;11,46;A;;
01/09/2026;024671 - 24671 ACQUA DISTRIBUIDORA DE PERFUMES E;07891033553570;MALBEC EDP 90ml;1,000;279,90;279,90;57,25;0,00;0,00;222,65;79,55;388,91;9,58;21,04;A;;
01/09/2026;024671 - 24671 ACQUA DISTRIBUIDORA DE PERFUMES E;07891033843923;MALBEC DES COL BLACK V2 100ml;1,000;259,90;259,90;53,57;0,00;0,00;206,33;79,39;385,16;8,88;29,91;A;;
01/09/2026;024671 - 24671 ACQUA DISTRIBUIDORA DE PERFUMES E;07891033841820;LILY DES COL BDY SPLSH 200ml;3,000;255,93;85,31;63,54;0,00;0,00;192,39;75,17;302,79;8,28;38,19;A;;
01/09/2026;024671 - 24671 ACQUA DISTRIBUIDORA DE PERFUMES E;07891033882014;REF LILY CR ACET DES HID CPO V3 250g;2,000;183,62;91,81;27,82;0,00;0,00;155,80;84,85;560,03;6,70;44,89;A;;
01/09/2026;024671 - 24671 ACQUA DISTRIBUIDORA DE PERFUMES E;07891033909810;NSPA DES COL BDY SPLSH AMEIX/INT 200ml;2,000;169,07;84,53;40,72;0,00;0,00;128,35;75,92;315,20;5,52;50,41;A;;
01/09/2026;024671 - 24671 ACQUA DISTRIBUIDORA DE PERFUMES E;07891033766642;MEN DES COL NEW 100ml;1,000;169,90;169,90;56,40;0,00;0,00;113,50;66,80;201,24;4,88;55,29;A;;
01/09/2026;024671 - 24671 ACQUA DISTRIBUIDORA DE PERFUMES E;07891033482962;FLORATTA DES COL ROSE BOUQUET 75ml;1,000;129,90;129,90;29,48;0,00;0,00;100,42;77,31;340,64;4,32;59,61;A;;
01/09/2026;024671 - 24671 ACQUA DISTRIBUIDORA DE PERFUMES E;07891033856060;INSENSATEZ DES COL V4 100ml;4,000;337,65;84,41;245,92;0,00;0,00;91,73;27,17;37,30;3,95;63,56;A;;
01/09/2026;024671 - 24671 ACQUA DISTRIBUIDORA DE PERFUMES E;07891033842148;EGEO DES COL SPCY VIBE C/CAR 90ml;1,000;150,90;150,90;61,23;0,00;0,00;89,67;59,42;146,45;3,86;67,42;A;;
01/09/2026;024671 - 24671 ACQUA DISTRIBUIDORA DE PERFUMES E;07891033741038;GLAMOUR DES COL SEC BL 75ml V4;1,000;139,90;139,90;54,32;0,00;0,00;85,58;61,17;157,55;3,68;71,10;A;;
01/09/2026;024671 - 24671 ACQUA DISTRIBUIDORA DE PERFUMES E;07891033589302;ESTJ MA CHERIE 24;1,000;145,78;145,78;71,54;0,00;0,00;74,24;50,93;103,77;3,19;74,29;A;;
01/09/2026;024671 - 24671 ACQUA DISTRIBUIDORA DE PERFUMES E;07891033830602;CELEBRE DES COL FLOR FRUT FORC 100ml;1,000;119,90;119,90;45,91;0,00;0,00;73,99;61,71;161,16;3,18;77,47;A;;
01/09/2026;024671 - 24671 ACQUA DISTRIBUIDORA DE PERFUMES E;07891033197347;THATY DES COL BOTICOLL 100ML;1,000;96,69;96,69;24,04;0,00;0,00;72,65;75,14;302,20;3,12;80,60;B;;
01/09/2026;024671 - 24671 ACQUA DISTRIBUIDORA DE PERFUMES E;07891033826889;EGEO DES COL DOLCE C/CAR 90ml;1,000;97,26;97,26;30,23;0,00;0,00;67,03;68,92;221,73;2,88;83,48;B;;
01/09/2026;024671 - 24671 ACQUA DISTRIBUIDORA DE PERFUMES E;07891033514533;REF FLORATTA DES BDY SPR S/LOVE 100ml V2;2,000;68,78;34,39;12,80;0,00;0,00;55,98;81,39;437,34;2,41;85,89;B;;
01/09/2026;024671 - 24671 ACQUA DISTRIBUIDORA DE PERFUMES E;07891033903818;PMPCK MALBEC DES BODY SPRAY;1,000;74,92;74,92;19,13;0,00;0,00;55,79;74,47;291,64;2,40;88,29;B;;
01/09/2026;024671 - 24671 ACQUA DISTRIBUIDORA DE PERFUMES E;07891033957972;REF NSPA CR PERF DES HID CP AM/INT 350ml;1,000;58,90;58,90;12,73;0,00;0,00;46,17;78,39;362,69;1,99;90,27;B;;
01/09/2026;024671 - 24671 ACQUA DISTRIBUIDORA DE PERFUMES E;07891033957958;NSPA CR PERF DES HID CPO AMEIX/INT 400ml;1,000;63,05;63,05;16,96;0,00;0,00;46,09;73,10;271,76;1,98;92,26;B;;
01/09/2026;024671 - 24671 ACQUA DISTRIBUIDORA DE PERFUMES E;07891033744381;ARBO DES COL 100ml V4;1,000;119,44;119,44;75,42;0,00;0,00;44,02;36,86;58,37;1,89;94,15;B;;
01/09/2026;024671 - 24671 ACQUA DISTRIBUIDORA DE PERFUMES E;07891033486960;LILY DES ANTIT AEROSSOL 75g V9;2,000;57,90;28,95;22,54;0,00;0,00;35,36;61,07;156,88;1,52;95,67;C;;
01/09/2026;024671 - 24671 ACQUA DISTRIBUIDORA DE PERFUMES E;07891033874781;BOTIK GEL LIMP FAC VITAM C V2 200g;1,000;63,92;63,92;30,91;0,00;0,00;33,01;51,64;106,79;1,42;97,09;C;;
01/09/2026;024671 - 24671 ACQUA DISTRIBUIDORA DE PERFUMES E;07891033909544;GLAMOUR DES COL INTENSE PRM 10ml;1,000;34,07;34,07;6,19;0,00;0,00;27,88;81,83;450,40;1,20;98,29;C;;
01/09/2026;024671 - 24671 ACQUA DISTRIBUIDORA DE PERFUMES E;07891033827015;MATCH COND HIDRATACAO ANTIF 280ml;2,000;67,84;33,92;40,66;0,00;0,00;27,18;40,06;66,85;1,17;99,46;C;;
01/09/2026;024671 - 24671 ACQUA DISTRIBUIDORA DE PERFUMES E;07891033958030;NSPA SAB BARRA CP AMEIX/INT 90g;2,000;27,80;13,90;9,84;0,00;0,00;17,96;64,60;182,52;0,77;100,23;C;;
01/09/2026;024671 - 24671 ACQUA DISTRIBUIDORA DE PERFUMES E;07891033536283;BOTIK GEL LIMP FAC VITAM C PRM 50g;2,000;15,34;7,67;0,00;0,00;0,00;15,34;100,00;0,00;0,66;100,89;C;;
01/09/2026;024671 - 24671 ACQUA DISTRIBUIDORA DE PERFUMES E;07891033839605;ARBO DES ANTIT AER 75ml V9;1,000;24,67;24,67;11,73;0,00;0,00;12,94;52,45;110,32;0,56;101,45;C;;
01/09/2026;024671 - 24671 ACQUA DISTRIBUIDORA DE PERFUMES E;07891033894017;CX PRESENTE M BOTI INST/25 VDA;1,000;10,46;10,46;7,37;0,00;0,00;3,09;29,54;41,93;0,13;101,58;C;;
01/09/2026;024671 - 24671 ACQUA DISTRIBUIDORA DE PERFUMES E;07891033824502;MAKE B BAT LIQ RETIN H WINE BLOSSOM 11ml;1,000;31,27;31,27;31,86;0,00;0,00;-0,59;-1,89;-1,85;-0,03;101,56;C;;
01/09/2026;024671 - 24671 ACQUA DISTRIBUIDORA DE PERFUMES E;07891033553587;MALBEC EDP PRM 10ml;2,000;0,50;0,25;4,68;0,00;0,00;-4,18;-836,00;-89,32;-0,18;101,38;C;;
01/09/2026;024671 - 24671 ACQUA DISTRIBUIDORA DE PERFUMES E;07891033908219;SACOLA P BOTICARIO INST/25;5,000;0,05;0,01;6,55;0,00;0,00;-6,50;-13000,00;-99,24;-0,28;101,10;C;;
01/09/2026;024671 - 24671 ACQUA DISTRIBUIDORA DE PERFUMES E;07891033820467;NSPA LOC DES CPO A/STRES JAS/SAMB 200ml;1,000;0,01;0,01;25,51;0,00;0,00;-25,50;-255000,00;-99,96;-1,10;100,00;C;;
02/09/2026;024303 - 24303 ACQUA DISTRIBUIDORA DE PERFUMES E;07891033898169;THE BLEND EDP BOURBON V2 100ml;1,000;366,93;366,93;92,33;0,00;0,00;274,60;74,84;297,41;37,87;37,87;A;;
02/09/2026;024303 - 24303 ACQUA DISTRIBUIDORA DE PERFUMES E;07891033841820;LILY DES COL BDY SPLSH 200ml;2,000;167,89;83,94;42,80;0,00;0,00;125,09;74,51;292,27;17,25;55,12;A;;
02/09/2026;024303 - 24303 ACQUA DISTRIBUIDORA DE PERFUMES E;07891033497652;UOMINI DES COL V6 100ml;2,000;169,04;84,52;67,50;0,00;0,00;101,54;60,07;150,43;14,00;69,12;A;;
02/09/2026;024303 - 24303 ACQUA DISTRIBUIDORA DE PERFUMES E;07891033880119;MAKE B BAT LIQ MAT AC/POL EXO/ROS V2 5ml;1,000;64,96;64,96;29,41;0,00;0,00;35,55;54,73;120,88;4,90;74,02;A;;
02/09/2026;024303 - 24303 ACQUA DISTRIBUIDORA DE PERFUMES E;07891033958016;NSPA OL GLOR DES HID CPO AMEIX/INT 200ml;1,000;78,89;78,89;44,17;0,00;0,00;34,72;44,01;78,61;4,79;78,81;A;;
02/09/2026;024303 - 24303 ACQUA DISTRIBUIDORA DE PERFUMES E;07891033882984;ZAAD EDP INFINITY PRM 10ml;1,000;40,19;40,19;6,49;0,00;0,00;33,70;83,85;519,26;4,65;83,46;B;;
02/09/2026;024303 - 24303 ACQUA DISTRIBUIDORA DE PERFUMES E;07891033511655;CBEM SAB BARRA ROSA/ALGODAO 4x80g;2,000;60,23;30,11;27,80;0,00;0,00;32,43;53,84;116,65;4,47;87,93;B;;
02/09/2026;024303 - 24303 ACQUA DISTRIBUIDORA DE PERFUMES E;07891033740437;LINDA DES COL V4 100ml;1,000;106,22;106,22;79,93;0,00;0,00;26,29;24,75;32,89;3,63;91,56;B;;
02/09/2026;024303 - 24303 ACQUA DISTRIBUIDORA DE PERFUMES E;07891033906727;MAKE B BAS LIQ MATE SALICYLIC 250N 30g;1,000;59,94;59,94;36,55;0,00;0,00;23,39;39,02;63,99;3,23;94,78;B;;
02/09/2026;024303 - 24303 ACQUA DISTRIBUIDORA DE PERFUMES E;07891033825332;MAKE B CORRET LIQ FAC EFFECT 40 57ml;1,000;41,94;41,94;21,09;0,00;0,00;20,85;49,71;98,86;2,88;97,66;C;;
02/09/2026;024303 - 24303 ACQUA DISTRIBUIDORA DE PERFUMES E;07891033524686;BOTIK GEL LIM FAC MIC AC MAN/SAL 50g PRM;1,000;15,36;15,36;0,00;0,00;0,00;15,36;100,00;0,00;2,12;99,78;C;;
02/09/2026;024303 - 24303 ACQUA DISTRIBUIDORA DE PERFUMES E;07891033856794;CBEM SAB BARRA CER/FASES 4x80g;1,000;24,99;24,99;13,92;0,00;0,00;11,07;44,30;79,53;1,53;101,30;C;;
02/09/2026;024303 - 24303 ACQUA DISTRIBUIDORA DE PERFUMES E;07891033908219;SACOLA P BOTICARIO INST/25;2,000;0,02;0,01;2,62;0,00;0,00;-2,60;-13000,00;-99,24;-0,36;100,94;C;;
02/09/2026;024303 - 24303 ACQUA DISTRIBUIDORA DE PERFUMES E;07891033856770;CBEM LOC DES HID CPO CER/FASES PRM 50ml;1,000;0,01;0,01;6,85;0,00;0,00;-6,84;-68400,00;-99,85;-0,94;100,00;C;;
02/09/2026;024617 - ACQUA DISTRIBUIDORA DE PERFUMES E COSMETICOS LTDA;07891033882953;ZAAD EDP INFINITY 95ml;1,000;278,00;278,00;81,09;0,00;0,00;196,91;70,83;242,83;34,08;34,08;A;;
02/09/2026;024617 - ACQUA DISTRIBUIDORA DE PERFUMES E COSMETICOS LTDA;07891033830596;CELEBRE DES COL FOUG AROM FORC 100ml;1,000;110,00;110,00;21,14;0,00;0,00;88,86;80,78;420,34;15,38;49,45;A;;
02/09/2026;024617 - ACQUA DISTRIBUIDORA DE PERFUMES E COSMETICOS LTDA;07891033826858;EGEO DES COL BOMB BLACK C/CAR 90ml;1,000;129,90;129,90;61,82;0,00;0,00;68,08;52,41;110,13;11,78;61,24;A;;
02/09/2026;024617 - ACQUA DISTRIBUIDORA DE PERFUMES E COSMETICOS LTDA;07891033826865;EGEO DES COL BLUE C/CAR 90ml;1,000;113,90;113,90;61,86;0,00;0,00;52,04;45,69;84,13;9,01;70,24;A;;
02/09/2026;024617 - ACQUA DISTRIBUIDORA DE PERFUMES E COSMETICOS LTDA;07891033756292;INTENSE PO COMPACTO FACIAL 40 5g;2,000;100,00;50,00;58,62;0,00;0,00;41,38;41,38;70,59;7,16;77,40;A;;
02/09/2026;024617 - ACQUA DISTRIBUIDORA DE PERFUMES E COSMETICOS LTDA;07891033889716;LIZ DES COL D ESSENCE PRM 10ml;1,000;42,04;42,04;7,11;0,00;0,00;34,93;83,09;491,28;6,04;83,45;B;;
02/09/2026;024617 - ACQUA DISTRIBUIDORA DE PERFUMES E COSMETICOS LTDA;07891033842285;GLAMOUR DES BDY SPR 100ml V6 PCK;1,000;52,90;52,90;18,85;0,00;0,00;34,05;64,37;180,64;5,89;89,34;B;;
02/09/2026;024617 - ACQUA DISTRIBUIDORA DE PERFUMES E COSMETICOS LTDA;07891033854271;NSPA CR PERF DES CPO ROSAS/SCRT PRM 50ml;1,000;29,96;29,96;7,53;0,00;0,00;22,43;74,87;297,88;3,88;93,22;B;;
02/09/2026;024617 - ACQUA DISTRIBUIDORA DE PERFUMES E COSMETICOS LTDA;07891033848089;BOTIK REPAR LAB CIC/PANT/CER 75ml;1,000;33,90;33,90;16,64;0,00;0,00;17,26;50,91;103,73;2,99;96,21;C;;
02/09/2026;024617 - ACQUA DISTRIBUIDORA DE PERFUMES E COSMETICOS LTDA;07891033529346;INTENSE BAT CREM 227 V2 38g;1,000;24,90;24,90;11,96;0,00;0,00;12,94;51,97;108,19;2,24;98,45;C;;
02/09/2026;024617 - ACQUA DISTRIBUIDORA DE PERFUMES E COSMETICOS LTDA;07891033521463;INTENSE BAT CREM 260 V2 38g;1,000;24,90;24,90;15,93;0,00;0,00;8,97;36,02;56,31;1,55;100,00;C;;
02/09/2026;024668 - ACQUA DISTRIBUIDORA DE PERFUMES E COSMETICOS LTDA;07891033903108;ZAAD EDP V7 95ml;2,000;588,28;294,14;161,07;0,00;0,00;427,21;72,62;265,23;8,58;8,58;A;;
02/09/2026;024668 - ACQUA DISTRIBUIDORA DE PERFUMES E COSMETICOS LTDA;07891033843879;MALBEC DES COL V6 100ml;2,000;337,23;168,61;82,80;0,00;0,00;254,43;75,45;307,28;5,11;13,69;A;;
02/09/2026;024668 - ACQUA DISTRIBUIDORA DE PERFUMES E COSMETICOS LTDA;07891033905133;MALBEC DES COL V7 100ml;2,000;337,82;168,91;89,44;0,00;0,00;248,38;73,52;277,71;4,99;18,68;A;;
02/09/2026;024668 - ACQUA DISTRIBUIDORA DE PERFUMES E COSMETICOS LTDA;07891033553570;MALBEC EDP 90ml;1,000;279,90;279,90;57,29;0,00;0,00;222,61;79,53;388,57;4,47;23,16;A;;
02/09/2026;024668 - ACQUA DISTRIBUIDORA DE PERFUMES E COSMETICOS LTDA;07891033826858;EGEO DES COL BOMB BLACK C/CAR 90ml;2,000;252,88;126,44;57,58;0,00;0,00;195,30;77,23;339,18;3,92;27,08;A;;
02/09/2026;024668 - ACQUA DISTRIBUIDORA DE PERFUMES E COSMETICOS LTDA;07891033882953;ZAAD EDP INFINITY 95ml;1,000;274,70;274,70;80,24;0,00;0,00;194,46;70,79;242,35;3,91;30,99;A;;
02/09/2026;024668 - ACQUA DISTRIBUIDORA DE PERFUMES E COSMETICOS LTDA;07891033482962;FLORATTA DES COL ROSE BOUQUET 75ml;2,000;247,58;123,79;66,34;0,00;0,00;181,24;73,20;273,20;3,64;34,63;A;;
02/09/2026;024668 - ACQUA DISTRIBUIDORA DE PERFUMES E COSMETICOS LTDA;07891033954056;PMPCK LILY DES B/SPR LEAU/LILY BLANC;3,000;223,60;74,53;56,22;0,00;0,00;167,38;74,86;297,72;3,36;37,99;A;;
02/09/2026;024668 - ACQUA DISTRIBUIDORA DE PERFUMES E COSMETICOS LTDA;07891033535187;ELYSEE EDP V2 50ml;1,000;227,75;227,75;60,49;0,00;0,00;167,26;73,44;276,51;3,36;41,35;A;;
02/09/2026;024668 - ACQUA DISTRIBUIDORA DE PERFUMES E COSMETICOS LTDA;07891033878963;FLORATTA EDP RED PASSION V2 75ml;1,000;215,72;215,72;49,11;0,00;0,00;166,61;77,23;339,26;3,35;44,70;A;;
02/09/2026;024668 - ACQUA DISTRIBUIDORA DE PERFUMES E COSMETICOS LTDA;07891033909810;NSPA DES COL BDY SPLSH AMEIX/INT 200ml;2,000;170,70;85,35;40,72;0,00;0,00;129,98;76,15;319,20;2,61;47,31;A;;
02/09/2026;024668 - ACQUA DISTRIBUIDORA DE PERFUMES E COSMETICOS LTDA;07891033479054;BOTICOLL ACQUA FRESCA DES COL 100ml V2;1,000;155,83;155,83;30,39;0,00;0,00;125,44;80,50;412,77;2,52;49,83;A;;
02/09/2026;024668 - ACQUA DISTRIBUIDORA DE PERFUMES E COSMETICOS LTDA;07891033878987;BOTICOLL CONNEXION DES COL V3 100ml;1,000;149,34;149,34;29,88;0,00;0,00;119,46;79,99;399,80;2,40;52,23;A;;
02/09/2026;024668 - ACQUA DISTRIBUIDORA DE PERFUMES E COSMETICOS LTDA;07891033767007;LIZ DES COL 100ml;1,000;164,10;164,10;45,84;0,00;0,00;118,26;72,07;257,98;2,38;54,60;A;;
02/09/2026;024668 - ACQUA DISTRIBUIDORA DE PERFUMES E COSMETICOS LTDA;07891033500222;HER CODE EDP 50ml;1,000;222,38;222,38;110,62;0,00;0,00;111,76;50,26;101,03;2,25;56,85;A;;
02/09/2026;024668 - ACQUA DISTRIBUIDORA DE PERFUMES E COSMETICOS LTDA;07891033864317;ESTJ ZAAD REG/25;1,000;200,00;200,00;88,53;0,00;0,00;111,47;55,74;125,91;2,24;59,09;A;;
02/09/2026;024668 - ACQUA DISTRIBUIDORA DE PERFUMES E COSMETICOS LTDA;07891033826902;EGEO DES COL RED C/CART 90ml;1,000;164,90;164,90;62,88;0,00;0,00;102,02;61,87;162,25;2,05;61,14;A;;
02/09/2026;024668 - ACQUA DISTRIBUIDORA DE PERFUMES E COSMETICOS LTDA;07891033826896;EGEO DES COL CHOC C/CAR 90ml;1,000;118,24;118,24;28,07;0,00;0,00;90,17;76,26;321,23;1,81;62,95;A;;
02/09/2026;024668 - ACQUA DISTRIBUIDORA DE PERFUMES E COSMETICOS LTDA;07891033862979;ESTJ SOPHIE SPIDER GWEN CRIANC/25;1,000;136,55;136,55;52,50;0,00;0,00;84,05;61,55;160,10;1,69;64,64;A;;
02/09/2026;024668 - ACQUA DISTRIBUIDORA DE PERFUMES E COSMETICOS LTDA;07891033941995;DR BOTICA COL POCAO/CORAG V3 120ml;1,000;98,90;98,90;17,82;0,00;0,00;81,08;81,98;454,99;1,63;66,27;A;;
02/09/2026;024668 - ACQUA DISTRIBUIDORA DE PERFUMES E COSMETICOS LTDA;07891033826889;EGEO DES COL DOLCE C/CAR 90ml;2,000;202,29;101,14;122,48;0,00;0,00;79,81;39,45;65,16;1,60;67,87;A;;
02/09/2026;024668 - ACQUA DISTRIBUIDORA DE PERFUMES E COSMETICOS LTDA;07891033539215;DR BOTICA COL POC/CORAC V2 120ml;1,000;92,19;92,19;17,15;0,00;0,00;75,04;81,40;437,55;1,51;69,38;A;;
02/09/2026;024668 - ACQUA DISTRIBUIDORA DE PERFUMES E COSMETICOS LTDA;07891033497669;UOMINI DES COL BLACK V6 100ml;1,000;146,90;146,90;76,14;0,00;0,00;70,76;48,17;92,93;1,42;70,80;A;;
02/09/2026;024668 - ACQUA DISTRIBUIDORA DE PERFUMES E COSMETICOS LTDA;07891033035304;CAIXA M INST 2021 VERDE ECONOMICA;21,000;70,19;3,34;0,00;0,00;0,00;70,19;100,00;0,00;1,41;72,21;A;;
02/09/2026;024668 - ACQUA DISTRIBUIDORA DE PERFUMES E COSMETICOS LTDA;07891033826865;EGEO DES COL BLUE C/CAR 90ml;1,000;107,84;107,84;45,58;0,00;0,00;62,26;57,73;136,59;1,25;73,46;A;;
02/09/2026;024668 - ACQUA DISTRIBUIDORA DE PERFUMES E COSMETICOS LTDA;07891033481415;ACCORDES DES COL 80ml V5;1,000;155,61;155,61;93,37;0,00;0,00;62,24;40,00;66,66;1,25;74,71;A;;
02/09/2026;024668 - ACQUA DISTRIBUIDORA DE PERFUMES E COSMETICOS LTDA;07891033963997;HER CODE CR AVELD DES HID CP TOUCH 200g;1,000;93,93;93,93;31,95;0,00;0,00;61,98;65,99;193,99;1,25;75,96;A;;
02/09/2026;024668 - ACQUA DISTRIBUIDORA DE PERFUMES E COSMETICOS LTDA;07891033903818;PMPCK MALBEC DES BODY SPRAY;1,000;79,35;79,35;19,11;0,00;0,00;60,24;75,92;315,23;1,21;77,17;A;;
02/09/2026;024668 - ACQUA DISTRIBUIDORA DE PERFUMES E COSMETICOS LTDA;07891033578290;NSPA LOC DES AVELUD CPO CER/ROUGE 400ml;1,000;74,55;74,55;17,56;0,00;0,00;56,99;76,45;324,54;1,14;78,31;A;;
02/09/2026;024668 - ACQUA DISTRIBUIDORA DE PERFUMES E COSMETICOS LTDA;07891033511471;CBEM DES COL BDY SPLSH NUVEM V3 200ml;1,000;75,64;75,64;18,68;0,00;0,00;56,96;75,30;304,93;1,14;79,46;A;;
02/09/2026;024668 - ACQUA DISTRIBUIDORA DE PERFUMES E COSMETICOS LTDA;07891033958016;NSPA OL GLOR DES HID CPO AMEIX/INT 200ml;1,000;78,46;78,46;22,63;0,00;0,00;55,83;71,16;246,71;1,12;80,58;B;;
02/09/2026;024668 - ACQUA DISTRIBUIDORA DE PERFUMES E COSMETICOS LTDA;07891033595556;HER CODE EDP TOUCH 50ml;1,000;158,67;158,67;103,65;0,00;0,00;55,02;34,68;53,08;1,11;81,68;B;;
02/09/2026;024668 - ACQUA DISTRIBUIDORA DE PERFUMES E COSMETICOS LTDA;07891033598236;NSPA CR PERF DES CPO ORQ/LUMIER 400ml;1,000;89,90;89,90;35,36;0,00;0,00;54,54;60,67;154,24;1,10;82,78;B;;
02/09/2026;024668 - ACQUA DISTRIBUIDORA DE PERFUMES E COSMETICOS LTDA;07891033595167;REF NSPA LOC DES HID CPO AMEI/NEG 350ml;1,000;64,59;64,59;12,17;0,00;0,00;52,42;81,16;430,73;1,05;83,83;B;;
02/09/2026;024668 - ACQUA DISTRIBUIDORA DE PERFUMES E COSMETICOS LTDA;07891033959204;NSPA OL GLOR DES HID CPO BAUN EXCL 200ml;1,000;89,39;89,39;41,49;0,00;0,00;47,90;53,59;115,45;0,96;84,79;B;;
02/09/2026;024668 - ACQUA DISTRIBUIDORA DE PERFUMES E COSMETICOS LTDA;07891033857968;ELYSEE CREM DES HID CPO ACET V2 250g;1,000;105,00;105,00;57,16;0,00;0,00;47,84;45,56;83,69;0,96;85,75;B;;
02/09/2026;024668 - ACQUA DISTRIBUIDORA DE PERFUMES E COSMETICOS LTDA;07891033957958;NSPA CR PERF DES HID CPO AMEIX/INT 400ml;1,000;64,39;64,39;16,95;0,00;0,00;47,44;73,68;279,88;0,95;86,71;B;;
02/09/2026;024668 - ACQUA DISTRIBUIDORA DE PERFUMES E COSMETICOS LTDA;07891033894710;BOTIK GEL/LIMP FAC CIC/PANT/CER PRM 50g;3,000;45,45;15,15;0,00;0,00;0,00;45,45;100,00;0,00;0,91;87,62;B;;
02/09/2026;024668 - ACQUA DISTRIBUIDORA DE PERFUMES E COSMETICOS LTDA;07891033830602;CELEBRE DES COL FLOR FRUT FORC 100ml;1,000;68,85;68,85;24,06;0,00;0,00;44,79;65,05;186,16;0,90;88,52;B;;
02/09/2026;024668 - ACQUA DISTRIBUIDORA DE PERFUMES E COSMETICOS LTDA;07891033883950;CBEM DES COL BDY SPLSH ROS/ALG V4 200ml;1,000;75,64;75,64;36,52;0,00;0,00;39,12;51,72;107,12;0,79;89,31;B;;
02/09/2026;024668 - ACQUA DISTRIBUIDORA DE PERFUMES E COSMETICOS LTDA;07891033574889;LIZ CREM DES HID CPO FLORA 250g;1,000;67,41;67,41;28,55;0,00;0,00;38,86;57,65;136,11;0,78;90,09;B;;
02/09/2026;024668 - ACQUA DISTRIBUIDORA DE PERFUMES E COSMETICOS LTDA;07891033831241;REF MATCH MASC CAP NUTR/PROF 250ml;1,000;62,90;62,90;24,93;0,00;0,00;37,97;60,37;152,31;0,76;90,85;B;;
02/09/2026;024668 - ACQUA DISTRIBUIDORA DE PERFUMES E COSMETICOS LTDA;07891033511303;CBEM DES COL BDY SPLSH BEIJINHO V2 200ml;1,000;71,86;71,86;36,50;0,00;0,00;35,36;49,21;96,88;0,71;91,56;B;;
02/09/2026;024668 - ACQUA DISTRIBUIDORA DE PERFUMES E COSMETICOS LTDA;07891033014286;NSPA LOC ANTIOX DES HID CPO M/RUBY 400ml;1,000;67,90;67,90;34,31;0,00;0,00;33,59;49,47;97,90;0,67;92,23;B;;
02/09/2026;024668 - ACQUA DISTRIBUIDORA DE PERFUMES E COSMETICOS LTDA;07891033485444;LILY BRUMA DES HID CPO LOVE 200ml V3;2,000;97,90;48,95;65,34;0,00;0,00;32,56;33,26;49,83;0,65;92,89;B;;
02/09/2026;024668 - ACQUA DISTRIBUIDORA DE PERFUMES E COSMETICOS LTDA;07891033562176;CBEM SPRAY INTIMO REFRESC CER/LIV 75ml;1,000;46,45;46,45;12,97;0,00;1,70;31,78;68,43;258,13;0,64;93,53;B;;
02/09/2026;024668 - ACQUA DISTRIBUIDORA DE PERFUMES E COSMETICOS LTDA;07891033958030;NSPA SAB BARRA CP AMEIX/INT 90g;4,000;49,97;12,49;19,68;0,00;0,00;30,29;60,62;153,91;0,61;94,14;B;;
02/09/2026;024668 - ACQUA DISTRIBUIDORA DE PERFUMES E COSMETICOS LTDA;07891033476022;BOTI SUN PR FAC ANTIS ACQ FLD FPS70 40ml;1,000;58,90;58,90;29,12;0,00;0,00;29,78;50,56;102,27;0,60;94,73;B;;
02/09/2026;024668 - ACQUA DISTRIBUIDORA DE PERFUMES E COSMETICOS LTDA;07891033957989;NSPA CR PERF DES HID CP AMEIX/INT 180ml;1,000;50,74;50,74;21,23;0,00;0,00;29,51;58,16;139,00;0,59;95,33;C;;
02/09/2026;024668 - ACQUA DISTRIBUIDORA DE PERFUMES E COSMETICOS LTDA;07891033512256;BOTICOLL SAB BARR CPO PERF 5x80g V2;1,000;48,91;48,91;19,48;0,00;0,00;29,43;60,17;151,08;0,59;95,92;C;;
02/09/2026;024668 - ACQUA DISTRIBUIDORA DE PERFUMES E COSMETICOS LTDA;07891033889136;CBEM SPR INTIMO CER/FASES 75ml;1,000;43,55;43,55;12,62;0,00;1,59;29,34;67,37;245,09;0,59;96,51;C;;
02/09/2026;024668 - ACQUA DISTRIBUIDORA DE PERFUMES E COSMETICOS LTDA;07891033896936;MATCH SHAMP ESC/HID 300ml;1,000;47,90;47,90;21,32;0,00;0,00;26,58;55,49;124,67;0,53;97,04;C;;
02/09/2026;024668 - ACQUA DISTRIBUIDORA DE PERFUMES E COSMETICOS LTDA;07891033706839;DR BOTICA SAB BARRA TRIO BNH CORAC 3x80g;1,000;37,44;37,44;13,89;0,00;0,00;23,55;62,90;169,55;0,47;97,51;C;;
02/09/2026;024668 - ACQUA DISTRIBUIDORA DE PERFUMES E COSMETICOS LTDA;07891033514366;DR BOTICA SAB BARRA POC/CORAG 3x80g V2;1,000;37,43;37,43;14,51;0,00;0,00;22,92;61,23;157,96;0,46;97,98;C;;
02/09/2026;024668 - ACQUA DISTRIBUIDORA DE PERFUMES E COSMETICOS LTDA;07891033830596;CELEBRE DES COL FOUG AROM FORC 100ml;1,000;68,73;68,73;45,91;0,00;0,00;22,82;33,20;49,71;0,46;98,43;C;;
02/09/2026;024668 - ACQUA DISTRIBUIDORA DE PERFUMES E COSMETICOS LTDA;07891033870196;REF MATCH COND NUTR/REGEN 250ml;1,000;30,90;30,90;8,72;0,00;0,00;22,18;71,78;254,36;0,45;98,88;C;;
02/09/2026;024668 - ACQUA DISTRIBUIDORA DE PERFUMES E COSMETICOS LTDA;07891033487844;ZAAD DES ANTIT AER 75g V7;1,000;31,57;31,57;11,62;0,00;0,00;19,95;63,19;171,69;0,40;99,28;C;;
02/09/2026;024668 - ACQUA DISTRIBUIDORA DE PERFUMES E COSMETICOS LTDA;07891033493623;MALBEC DES ANTIT AER 75g/125ml V10;1,000;31,15;31,15;11,68;0,00;0,00;19,47;62,50;166,70;0,39;99,67;C;;
02/09/2026;024668 - ACQUA DISTRIBUIDORA DE PERFUMES E COSMETICOS LTDA;07891033883615;NSPA SAB BARRA AMEIXA V3 2x90g;1,000;28,98;28,98;10,52;0,00;0,00;18,46;63,70;175,48;0,37;100,04;C;;
02/09/2026;024668 - ACQUA DISTRIBUIDORA DE PERFUMES E COSMETICOS LTDA;07891033553587;MALBEC EDP PRM 10ml;1,000;0,25;0,25;2,34;0,00;0,00;-2,09;-836,00;-89,32;-0,04;100,00;C;;
02/09/2026;024669 - 24669 ACQUA DISTRIBUIDORA DE PERFUMES E;07891033497652;UOMINI DES COL V6 100ml;5,000;544,55;108,91;177,60;0,00;0,00;366,95;67,39;206,62;11,14;11,14;A;;
02/09/2026;024669 - 24669 ACQUA DISTRIBUIDORA DE PERFUMES E;07891033843879;MALBEC DES COL V6 100ml;2,000;330,12;165,06;82,80;0,00;0,00;247,32;74,92;298,70;7,51;18,64;A;;
02/09/2026;024669 - 24669 ACQUA DISTRIBUIDORA DE PERFUMES E;07891033197347;THATY DES COL BOTICOLL 100ML;4,000;305,47;76,37;102,56;0,00;0,00;202,91;66,43;197,85;6,16;24,80;A;;
02/09/2026;024669 - 24669 ACQUA DISTRIBUIDORA DE PERFUMES E;07891033487905;REFIL MALBEC DES BDY SPR REG 100ml PK V5;7,000;240,43;34,35;42,42;0,00;0,00;198,01;82,36;466,78;6,01;30,81;A;;
02/09/2026;024669 - 24669 ACQUA DISTRIBUIDORA DE PERFUMES E;07891033740437;LINDA DES COL V4 100ml;3,000;357,73;119,24;167,07;0,00;0,00;190,66;53,30;114,12;5,79;36,59;A;;
02/09/2026;024669 - 24669 ACQUA DISTRIBUIDORA DE PERFUMES E;07891033902378;ESTJ ZAAD PAIS/26;1,000;294,30;294,30;119,71;0,00;0,00;174,59;59,32;145,84;5,30;41,89;A;;
02/09/2026;024669 - 24669 ACQUA DISTRIBUIDORA DE PERFUMES E;07891033967247;BOTIK SRM FAC PREENCH/RUG 30ml;1,000;201,07;201,07;34,60;0,00;0,00;166,47;82,79;481,13;5,05;46,95;A;;
02/09/2026;024669 - 24669 ACQUA DISTRIBUIDORA DE PERFUMES E;07891033277070;BOTICOLL CONNEXION DES COL 100ml V2;1,000;171,63;171,63;32,31;0,00;0,00;139,32;81,17;431,20;4,23;51,17;A;;
02/09/2026;024669 - 24669 ACQUA DISTRIBUIDORA DE PERFUMES E;07891033222483;CECITA DES COL BOTICOLL 100ML;1,000;144,09;144,09;24,59;0,00;0,00;119,50;82,93;485,97;3,63;54,80;A;;
02/09/2026;024669 - 24669 ACQUA DISTRIBUIDORA DE PERFUMES E;07891033706686;SOPHIE COL HELLO 100ml;1,000;119,90;119,90;22,98;0,00;0,00;96,92;80,83;421,76;2,94;57,74;A;;
02/09/2026;024669 - 24669 ACQUA DISTRIBUIDORA DE PERFUMES E;07891033498123;EGEO DES COL ORIGNL 90ml V2;1,000;157,56;157,56;61,18;0,00;0,00;96,38;61,17;157,54;2,92;60,67;A;;
02/09/2026;024669 - 24669 ACQUA DISTRIBUIDORA DE PERFUMES E;07891033524686;BOTIK GEL LIM FAC MIC AC MAN/SAL 50g PRM;6,000;93,91;15,65;0,00;0,00;0,00;93,91;100,00;0,00;2,85;63,52;A;;
02/09/2026;024669 - 24669 ACQUA DISTRIBUIDORA DE PERFUMES E;07891033826896;EGEO DES COL CHOC C/CAR 90ml;1,000;116,17;116,17;30,86;0,00;0,00;85,31;73,44;276,44;2,59;66,10;A;;
02/09/2026;024669 - 24669 ACQUA DISTRIBUIDORA DE PERFUMES E;07891033854820;FLORATTA DES BDY SPR F/SECRET V2 100ml;2,000;100,84;50,42;16,46;0,00;0,00;84,38;83,68;512,64;2,56;68,67;A;;
02/09/2026;024669 - 24669 ACQUA DISTRIBUIDORA DE PERFUMES E;07891033533862;BOTIK PROT SOL FAC FPS 80 AC/HIAL 40ml;1,000;107,85;107,85;26,86;0,00;0,00;80,99;75,10;301,53;2,46;71,12;A;;
02/09/2026;024669 - 24669 ACQUA DISTRIBUIDORA DE PERFUMES E;07891033548873;ESTJ BOTI BABY CASCA V2;1,000;116,35;116,35;36,09;0,00;0,00;80,26;68,98;222,39;2,44;73,56;A;;
02/09/2026;024669 - 24669 ACQUA DISTRIBUIDORA DE PERFUMES E;07891033841820;LILY DES COL BDY SPLSH 200ml;1,000;99,90;99,90;21,18;0,00;0,00;78,72;78,80;371,67;2,39;75,95;A;;
02/09/2026;024669 - 24669 ACQUA DISTRIBUIDORA DE PERFUMES E;07891033883967;CBEM DES COL BDY SPLSH CER/FASES 200ml;1,000;93,65;93,65;18,75;0,00;0,00;74,90;79,98;399,47;2,27;78,22;A;;
02/09/2026;024669 - 24669 ACQUA DISTRIBUIDORA DE PERFUMES E;07891033957613;BOTIK GEL LIMP FAC ANTIOX 200g;1,000;86,26;86,26;13,80;0,00;0,00;72,46;84,00;525,07;2,20;80,42;B;;
02/09/2026;024669 - 24669 ACQUA DISTRIBUIDORA DE PERFUMES E;07891033826889;EGEO DES COL DOLCE C/CAR 90ml;1,000;100,45;100,45;30,45;0,00;0,00;70,00;69,69;229,89;2,12;82,54;B;;
02/09/2026;024669 - 24669 ACQUA DISTRIBUIDORA DE PERFUMES E;07891033479085;DREAM DES COL SPLSH VIAG/ENC 200ml V2;1,000;96,92;96,92;28,20;0,00;0,00;68,72;70,90;243,69;2,09;84,63;B;;
02/09/2026;024669 - 24669 ACQUA DISTRIBUIDORA DE PERFUMES E;07891033718153;EGEO CREM DES HID CPO SUFLE CHOC 250g;1,000;74,32;74,32;15,59;0,00;0,00;58,73;79,02;376,72;1,78;86,41;B;;
02/09/2026;024669 - 24669 ACQUA DISTRIBUIDORA DE PERFUMES E;07891033954056;PMPCK LILY DES B/SPR LEAU/LILY BLANC;1,000;68,85;68,85;18,74;0,00;0,00;50,11;72,78;267,40;1,52;87,93;B;;
02/09/2026;024669 - 24669 ACQUA DISTRIBUIDORA DE PERFUMES E;07891033741038;GLAMOUR DES COL SEC BL 75ml V4;1,000;113,09;113,09;71,44;0,00;0,00;41,65;36,83;58,30;1,26;89,20;B;;
02/09/2026;024669 - 24669 ACQUA DISTRIBUIDORA DE PERFUMES E;07891033957958;NSPA CR PERF DES HID CPO AMEIX/INT 400ml;1,000;76,90;76,90;35,37;0,00;0,00;41,53;54,01;117,42;1,26;90,46;B;;
02/09/2026;024669 - 24669 ACQUA DISTRIBUIDORA DE PERFUMES E;07891033864652;ESTJ CBEM DELEITE REG/25;1,000;72,00;72,00;31,76;0,00;0,00;40,24;55,89;126,70;1,22;91,68;B;;
02/09/2026;024669 - 24669 ACQUA DISTRIBUIDORA DE PERFUMES E;07891033583638;CBEM D/COL BDY SPLSH NUV/ALEG 200ml;1,000;74,31;74,31;35,76;0,00;0,00;38,55;51,88;107,80;1,17;92,85;B;;
02/09/2026;024669 - 24669 ACQUA DISTRIBUIDORA DE PERFUMES E;07891033957989;NSPA CR PERF DES HID CP AMEIX/INT 180ml;1,000;48,42;48,42;11,41;0,00;0,00;37,01;76,44;324,36;1,12;93,97;B;;
02/09/2026;024669 - 24669 ACQUA DISTRIBUIDORA DE PERFUMES E;07891033945108;BOTIK BALM LAB HID AC/HIALUR V2 32g;2,000;56,86;28,43;22,22;0,00;0,00;34,64;60,92;155,90;1,05;95,02;C;;
02/09/2026;024669 - 24669 ACQUA DISTRIBUIDORA DE PERFUMES E;07891033539710;CBEM MASC CAP SCH FEIRA PASTA ABAC 30ml;3,000;45,79;15,26;14,71;0,00;0,00;31,08;67,88;211,28;0,94;95,97;C;;
02/09/2026;024669 - 24669 ACQUA DISTRIBUIDORA DE PERFUMES E;07891033013029;PMPCK LILY DES ANTIT AER 2x75g;1,000;57,19;57,19;26,15;0,00;0,00;31,04;54,28;118,70;0,94;96,91;C;;
02/09/2026;024669 - 24669 ACQUA DISTRIBUIDORA DE PERFUMES E;07891033512256;BOTICOLL SAB BARR CPO PERF 5x80g V2;1,000;45,23;45,23;19,48;0,00;0,00;25,75;56,93;132,19;0,78;97,69;C;;
02/09/2026;024669 - 24669 ACQUA DISTRIBUIDORA DE PERFUMES E;07891033883653;NSPA SAB BARRA AMEIXA V5 3x90g;1,000;38,79;38,79;14,54;0,00;0,00;24,25;62,52;166,78;0,74;98,43;C;;
02/09/2026;024669 - 24669 ACQUA DISTRIBUIDORA DE PERFUMES E;07891033511679;CBEM DES ANTIT CREM S/PERF V2 80g;1,000;29,67;29,67;10,45;0,00;0,00;19,22;64,78;183,92;0,58;99,01;C;;
02/09/2026;024669 - 24669 ACQUA DISTRIBUIDORA DE PERFUMES E;07891033538386;BOTIK PROT SOL FAC FPS 50 AC/HIAL 40ml;1,000;53,38;53,38;34,88;0,00;0,00;18,50;34,66;53,04;0,56;99,57;C;;
02/09/2026;024669 - 24669 ACQUA DISTRIBUIDORA DE PERFUMES E;07891033598779;BOTIK CR MULTR FAC CIC/PANT/CER PRM 10g;1,000;17,57;17,57;4,90;0,00;0,00;12,67;72,11;258,57;0,38;99,95;C;;
02/09/2026;024669 - 24669 ACQUA DISTRIBUIDORA DE PERFUMES E;07891033958030;NSPA SAB BARRA CP AMEIX/INT 90g;1,000;13,90;13,90;4,94;0,00;0,00;8,96;64,46;181,38;0,27;100,23;C;;
02/09/2026;024669 - 24669 ACQUA DISTRIBUIDORA DE PERFUMES E;07891033950133;COFFEE D/COL MAN/ADD OR/AROM PRM V2 10ml;1,000;0,01;0,01;7,47;0,00;0,00;-7,46;-74600,00;-99,87;-0,23;100,00;C;;
02/09/2026;024670 - ACQUA DISTRIBUIDORA DE PERFUMES E COSMETICOS LTDA;07891033905133;MALBEC DES COL V7 100ml;2,000;337,66;168,83;89,44;0,00;0,00;248,22;73,51;277,53;8,53;8,53;A;;
02/09/2026;024670 - ACQUA DISTRIBUIDORA DE PERFUMES E COSMETICOS LTDA;07891033856060;INSENSATEZ DES COL V4 100ml;7,000;579,82;82,83;430,36;0,00;0,00;149,46;25,78;34,73;5,14;13,67;A;;
02/09/2026;024670 - ACQUA DISTRIBUIDORA DE PERFUMES E COSMETICOS LTDA;07891033534159;LIZ DES COL INTENSO 100ml;1,000;174,90;174,90;34,65;0,00;0,00;140,25;80,19;404,76;4,82;18,49;A;;
02/09/2026;024670 - ACQUA DISTRIBUIDORA DE PERFUMES E COSMETICOS LTDA;07891033909810;NSPA DES COL BDY SPLSH AMEIX/INT 200ml;2,000;151,10;75,55;40,72;0,00;0,00;110,38;73,05;271,07;3,79;22,28;A;;
02/09/2026;024670 - ACQUA DISTRIBUIDORA DE PERFUMES E COSMETICOS LTDA;07891033757558;MAKE B BAS PO MINERAL 30 55G;1,000;131,92;131,92;25,28;0,00;0,00;106,64;80,84;421,84;3,66;25,94;A;;
02/09/2026;024670 - ACQUA DISTRIBUIDORA DE PERFUMES E COSMETICOS LTDA;07891033197347;THATY DES COL BOTICOLL 100ML;2,000;153,72;76,86;51,30;0,00;0,00;102,42;66,63;199,65;3,52;29,46;A;;
02/09/2026;024670 - ACQUA DISTRIBUIDORA DE PERFUMES E COSMETICOS LTDA;07891033744381;ARBO DES COL 100ml V4;2,000;251,87;125,93;150,74;0,00;0,00;101,13;40,15;67,09;3,48;32,94;A;;
02/09/2026;024670 - ACQUA DISTRIBUIDORA DE PERFUMES E COSMETICOS LTDA;07891033583720;FLORATTA DES COL ROM/VER V2 75ml;1,000;132,15;132,15;31,52;0,00;0,00;100,63;76,15;319,26;3,46;36,40;A;;
02/09/2026;024670 - ACQUA DISTRIBUIDORA DE PERFUMES E COSMETICOS LTDA;07891033877959;MAKE B BASE LIQ HYALURONIC 210Q 30ml;1,000;129,97;129,97;32,09;0,00;0,00;97,88;75,31;305,02;3,36;39,76;A;;
02/09/2026;024670 - ACQUA DISTRIBUIDORA DE PERFUMES E COSMETICOS LTDA;07891033888955;LIZ DES COL D ESSENCE 100ml;1,000;139,99;139,99;42,97;0,00;0,00;97,02;69,30;225,79;3,33;43,09;A;;
02/09/2026;024670 - ACQUA DISTRIBUIDORA DE PERFUMES E COSMETICOS LTDA;07891033553662;ARBO DES COL ATLANTICA 100ml;1,000;135,06;135,06;40,15;0,00;0,00;94,91;70,27;236,39;3,26;46,36;A;;
02/09/2026;024670 - ACQUA DISTRIBUIDORA DE PERFUMES E COSMETICOS LTDA;07891033826896;EGEO DES COL CHOC C/CAR 90ml;1,000;120,57;120,57;28,09;0,00;0,00;92,48;76,70;329,23;3,18;49,53;A;;
02/09/2026;024670 - ACQUA DISTRIBUIDORA DE PERFUMES E COSMETICOS LTDA;07891033862979;ESTJ SOPHIE SPIDER GWEN CRIANC/25;1,000;143,90;143,90;52,50;0,00;0,00;91,40;63,52;174,10;3,14;52,67;A;;
02/09/2026;024670 - ACQUA DISTRIBUIDORA DE PERFUMES E COSMETICOS LTDA;07891033583737;FLORATTA DES COL RED BLOSSOM V2 75ml;1,000;117,67;117,67;26,66;0,00;0,00;91,01;77,34;341,37;3,13;55,80;A;;
02/09/2026;024670 - ACQUA DISTRIBUIDORA DE PERFUMES E COSMETICOS LTDA;07891033826858;EGEO DES COL BOMB BLACK C/CAR 90ml;1,000;115,60;115,60;28,81;0,00;0,00;86,79;75,08;301,25;2,98;58,78;A;;
02/09/2026;024670 - ACQUA DISTRIBUIDORA DE PERFUMES E COSMETICOS LTDA;07891033856459;BOTICA 214 EDP ARAB/OASIS FOUG/AMB 90ml;1,000;180,90;180,90;97,06;0,00;0,00;83,84;46,35;86,38;2,88;61,67;A;;
02/09/2026;024670 - ACQUA DISTRIBUIDORA DE PERFUMES E COSMETICOS LTDA;07891033843879;MALBEC DES COL V6 100ml;1,000;155,68;155,68;82,58;0,00;0,00;73,10;46,96;88,52;2,51;64,18;A;;
02/09/2026;024670 - ACQUA DISTRIBUIDORA DE PERFUMES E COSMETICOS LTDA;07891033512362;CBEM DES COL BDY SPLSH PESSEGUR V2 200ml;1,000;88,74;88,74;18,07;0,00;0,00;70,67;79,64;391,09;2,43;66,61;A;;
02/09/2026;024670 - ACQUA DISTRIBUIDORA DE PERFUMES E COSMETICOS LTDA;07891033513871;BOTICA 214 EDP FIJI PAR FL ESPEC 75ml;1,000;159,32;159,32;94,00;0,00;0,00;65,32;41,00;69,49;2,24;68,85;A;;
02/09/2026;024670 - ACQUA DISTRIBUIDORA DE PERFUMES E COSMETICOS LTDA;07891033526185;MAKE B MASC CIL VOL EXTRM PRETA V2 10g;1,000;76,44;76,44;13,86;0,00;0,00;62,58;81,87;451,52;2,15;71,00;A;;
02/09/2026;024670 - ACQUA DISTRIBUIDORA DE PERFUMES E COSMETICOS LTDA;07891033825462;MAKE B BAS LIQ MATE SALICYLIC 230 30g;1,000;96,44;96,44;36,86;0,00;0,00;59,58;61,78;161,64;2,05;73,05;A;;
02/09/2026;024670 - ACQUA DISTRIBUIDORA DE PERFUMES E COSMETICOS LTDA;07891033880102;MAKE B BAT LIQ MAT AC/POL DARK/RG V2 5ml;1,000;69,90;69,90;13,76;0,00;0,00;56,14;80,31;407,99;1,93;74,98;A;;
02/09/2026;024670 - ACQUA DISTRIBUIDORA DE PERFUMES E COSMETICOS LTDA;07891033511730;MAKE B GLOS LAB C/AC POLIG ROS/LOVER 5ml;1,000;69,90;69,90;16,02;0,00;0,00;53,88;77,08;336,33;1,85;76,83;A;;
02/09/2026;024670 - ACQUA DISTRIBUIDORA DE PERFUMES E COSMETICOS LTDA;07891033903818;PMPCK MALBEC DES BODY SPRAY;1,000;70,63;70,63;19,11;0,00;0,00;51,52;72,94;269,60;1,77;78,60;A;;
02/09/2026;024670 - ACQUA DISTRIBUIDORA DE PERFUMES E COSMETICOS LTDA;07891033958016;NSPA OL GLOR DES HID CPO AMEIX/INT 200ml;1,000;70,86;70,86;22,63;0,00;0,00;48,23;68,06;213,12;1,66;80,26;B;;
02/09/2026;024670 - ACQUA DISTRIBUIDORA DE PERFUMES E COSMETICOS LTDA;07891033497652;UOMINI DES COL V6 100ml;2,000;199,67;99,83;152,36;0,00;0,00;47,31;23,69;31,05;1,63;81,88;B;;
02/09/2026;024670 - ACQUA DISTRIBUIDORA DE PERFUMES E COSMETICOS LTDA;07891033878031;MAKE B BATOM PREENCH HYAL CINNAMON 4g;1,000;62,65;62,65;17,70;0,00;0,00;44,95;71,75;253,95;1,54;83,43;B;;
02/09/2026;024670 - ACQUA DISTRIBUIDORA DE PERFUMES E COSMETICOS LTDA;07891033840557;MALBEC DES BDY SPR VERT 100ml;1,000;52,90;52,90;8,04;0,00;0,00;44,86;84,80;557,96;1,54;84,97;B;;
02/09/2026;024670 - ACQUA DISTRIBUIDORA DE PERFUMES E COSMETICOS LTDA;07891033954056;PMPCK LILY DES B/SPR LEAU/LILY BLANC;1,000;63,52;63,52;18,74;0,00;0,00;44,78;70,50;238,95;1,54;86,51;B;;
02/09/2026;024670 - ACQUA DISTRIBUIDORA DE PERFUMES E COSMETICOS LTDA;07891033534166;LIZ CR DES HID CPO INTENSO 250g;1,000;74,90;74,90;30,25;0,00;0,00;44,65;59,61;147,60;1,53;88,04;B;;
02/09/2026;024670 - ACQUA DISTRIBUIDORA DE PERFUMES E COSMETICOS LTDA;07891033482962;FLORATTA DES COL ROSE BOUQUET 75ml;1,000;108,42;108,42;68,43;0,00;0,00;39,99;36,88;58,44;1,37;89,42;B;;
02/09/2026;024670 - ACQUA DISTRIBUIDORA DE PERFUMES E COSMETICOS LTDA;07891033957958;NSPA CR PERF DES HID CPO AMEIX/INT 400ml;1,000;56,64;56,64;16,95;0,00;0,00;39,69;70,07;234,16;1,36;90,78;B;;
02/09/2026;024670 - ACQUA DISTRIBUIDORA DE PERFUMES E COSMETICOS LTDA;07891033859191;CBEM MOUS BNH DOC/DELIRIOS 150ml;1,000;47,90;47,90;10,23;0,00;0,00;37,67;78,64;368,23;1,29;92,08;B;;
02/09/2026;024670 - ACQUA DISTRIBUIDORA DE PERFUMES E COSMETICOS LTDA;07891033958023;NSPA ACUC ESF CPO AMEIX/INT 180g;1,000;58,34;58,34;26,13;0,00;0,00;32,21;55,21;123,27;1,11;93,18;B;;
02/09/2026;024670 - ACQUA DISTRIBUIDORA DE PERFUMES E COSMETICOS LTDA;07891033902989;LIZ CR DES HID CPO D ESSENCE 250g;1,000;59,95;59,95;28,56;0,00;0,00;31,39;52,36;109,91;1,08;94,26;B;;
02/09/2026;024670 - ACQUA DISTRIBUIDORA DE PERFUMES E COSMETICOS LTDA;07891033490257;FLORATTA DES BDY SPR ROSE 100ml V8;1,000;37,90;37,90;8,71;0,00;0,00;29,19;77,02;335,13;1,00;95,26;C;;
02/09/2026;024670 - ACQUA DISTRIBUIDORA DE PERFUMES E COSMETICOS LTDA;07891033909957;CBEM SAB LIQ CPO 2/1 CER/FASES 200ml;1,000;33,36;33,36;8,65;0,00;0,00;24,71;74,07;285,66;0,85;96,11;C;;
02/09/2026;024670 - ACQUA DISTRIBUIDORA DE PERFUMES E COSMETICOS LTDA;07891033512317;CBEM SAB BARRA CEREJA LIVRE V2 2x80g;2,000;36,00;18,00;14,78;0,00;0,00;21,22;58,94;143,57;0,73;96,84;C;;
02/09/2026;024670 - ACQUA DISTRIBUIDORA DE PERFUMES E COSMETICOS LTDA;07891033958030;NSPA SAB BARRA CP AMEIX/INT 90g;2,000;25,50;12,75;9,84;0,00;0,00;15,66;61,41;159,15;0,54;97,38;C;;
02/09/2026;024670 - ACQUA DISTRIBUIDORA DE PERFUMES E COSMETICOS LTDA;07891033839605;ARBO DES ANTIT AER 75ml V9;1,000;25,72;25,72;11,75;0,00;0,00;13,97;54,32;118,89;0,48;97,86;C;;
02/09/2026;024670 - ACQUA DISTRIBUIDORA DE PERFUMES E COSMETICOS LTDA;07891033511655;CBEM SAB BARRA ROSA/ALGODAO 4x80g;1,000;26,28;26,28;13,78;0,00;0,00;12,50;47,56;90,71;0,43;98,29;C;;
02/09/2026;024670 - ACQUA DISTRIBUIDORA DE PERFUMES E COSMETICOS LTDA;07891033022151;INTENSE BAT MAT INTENSE POP ROS/TELH 4g;1,000;18,90;18,90;9,14;0,00;0,00;9,76;51,64;106,78;0,34;98,63;C;;
02/09/2026;024670 - ACQUA DISTRIBUIDORA DE PERFUMES E COSMETICOS LTDA;07891033814817;INTENSE LAPIS P/SOBRANC 2 11g;1,000;25,33;25,33;16,01;0,00;0,00;9,32;36,79;58,21;0,32;98,95;C;;
02/09/2026;024670 - ACQUA DISTRIBUIDORA DE PERFUMES E COSMETICOS LTDA;07891033883431;CAIXA LAÇO P  MAES 25 BOTI;1,000;8,01;8,01;0,00;0,00;0,00;8,01;100,00;0,00;0,28;99,22;C;;
02/09/2026;024670 - ACQUA DISTRIBUIDORA DE PERFUMES E COSMETICOS LTDA;07891033035298;CAIXA M INST 2021 ROSA ECONOMICA;2,000;6,90;3,45;0,00;0,00;0,00;6,90;100,00;0,00;0,24;99,46;C;;
02/09/2026;024670 - ACQUA DISTRIBUIDORA DE PERFUMES E COSMETICOS LTDA;07891033024834;INTENSE LAP P/OLHO POP PRETO 11g;1,000;13,59;13,59;6,85;0,00;0,00;6,74;49,60;98,39;0,23;99,69;C;;
02/09/2026;024670 - ACQUA DISTRIBUIDORA DE PERFUMES E COSMETICOS LTDA;07891033493791;MATCH ACIDIFICANTE 100ml;1,000;30,64;30,64;24,02;0,00;0,00;6,62;21,61;27,56;0,23;99,92;C;;
02/09/2026;024670 - ACQUA DISTRIBUIDORA DE PERFUMES E COSMETICOS LTDA;07891033888528;CARTAO PRESENTE BOTICARIO MAES 25 UNIT;5,000;2,39;0,48;0,00;0,00;0,00;2,39;100,00;0,00;0,08;100,00;C;;
02/09/2026;024671 - 24671 ACQUA DISTRIBUIDORA DE PERFUMES E;07891033902309;ESTJ THE BLEND PAIS/26;2,000;583,60;291,80;260,98;0,00;0,00;322,62;55,28;123,62;7,73;7,73;A;;
02/09/2026;024671 - 24671 ACQUA DISTRIBUIDORA DE PERFUMES E;07891033197347;THATY DES COL BOTICOLL 100ML;4,000;349,80;87,45;96,16;0,00;0,00;253,64;72,51;263,77;6,08;13,81;A;;
02/09/2026;024671 - 24671 ACQUA DISTRIBUIDORA DE PERFUMES E;07891033482962;FLORATTA DES COL ROSE BOUQUET 75ml;2,000;259,80;129,90;58,96;0,00;0,00;200,84;77,31;340,64;4,81;18,62;A;;
02/09/2026;024671 - 24671 ACQUA DISTRIBUIDORA DE PERFUMES E;07891033481439;ELYSEE EDP BLANC 50ml V2;1,000;260,14;260,14;70,20;0,00;0,00;189,94;73,01;270,57;4,55;23,17;A;;
02/09/2026;024671 - 24671 ACQUA DISTRIBUIDORA DE PERFUMES E;07891033585069;MALBEC DES COL PURE GOLD 100ml;1,000;240,81;240,81;53,33;0,00;0,00;187,48;77,85;351,55;4,49;27,66;A;;
02/09/2026;024671 - 24671 ACQUA DISTRIBUIDORA DE PERFUMES E;07891033881352;FLORATTA EDP ROSE SUCREE 75ml;1,000;210,79;210,79;51,58;0,00;0,00;159,21;75,53;308,67;3,81;31,47;A;;
02/09/2026;024671 - 24671 ACQUA DISTRIBUIDORA DE PERFUMES E;07891033843879;MALBEC DES COL V6 100ml;2,000;323,31;161,65;165,28;0,00;0,00;158,03;48,88;95,61;3,79;35,26;A;;
02/09/2026;024671 - 24671 ACQUA DISTRIBUIDORA DE PERFUMES E;07891033483105;FLORATTA DES COL BLUE V2 75ml;1,000;174,90;174,90;28,43;0,00;0,00;146,47;83,74;515,20;3,51;38,77;A;;
02/09/2026;024671 - 24671 ACQUA DISTRIBUIDORA DE PERFUMES E;07891033533862;BOTIK PROT SOL FAC FPS 80 AC/HIAL 40ml;2,000;193,16;96,58;53,70;0,00;0,00;139,46;72,20;259,70;3,34;42,11;A;;
02/09/2026;024671 - 24671 ACQUA DISTRIBUIDORA DE PERFUMES E;07891033899609;ESTJ LILY L EAU AMOR/26;1,000;186,18;186,18;60,33;0,00;0,00;125,85;67,60;208,60;3,02;45,12;A;;
02/09/2026;024671 - 24671 ACQUA DISTRIBUIDORA DE PERFUMES E;07891033855728;ESTJ MALBEC PAIS/25;1,000;186,90;186,90;74,08;0,00;0,00;112,82;60,36;152,29;2,70;47,83;A;;
02/09/2026;024671 - 24671 ACQUA DISTRIBUIDORA DE PERFUMES E;07891033520251;BOTI BABY SAB LIQ GLIC V2 400ml;2,000;132,41;66,20;27,28;0,00;0,00;105,13;79,40;385,37;2,52;50,35;A;;
02/09/2026;024671 - 24671 ACQUA DISTRIBUIDORA DE PERFUMES E;07891033757657;MAKE B BAS PO MINERAL 40 55G;1,000;128,19;128,19;25,56;0,00;0,00;102,63;80,06;401,53;2,46;52,81;A;;
02/09/2026;024671 - 24671 ACQUA DISTRIBUIDORA DE PERFUMES E;07891033856060;INSENSATEZ DES COL V4 100ml;4,000;347,60;86,90;245,92;0,00;0,00;101,68;29,25;41,35;2,44;55,24;A;;
02/09/2026;024671 - 24671 ACQUA DISTRIBUIDORA DE PERFUMES E;07891033483037;FLORATTA DES COL RED V2 75ml;1,000;167,94;167,94;68,43;0,00;0,00;99,51;59,25;145,42;2,38;57,63;A;;
02/09/2026;024671 - 24671 ACQUA DISTRIBUIDORA DE PERFUMES E;07891033552214;DR BOTICA COL POC/CRIATIV 120ml;1,000;94,58;94,58;13,28;0,00;0,00;81,30;85,96;612,20;1,95;59,57;A;;
02/09/2026;024671 - 24671 ACQUA DISTRIBUIDORA DE PERFUMES E;07891033826889;EGEO DES COL DOLCE C/CAR 90ml;1,000;104,00;104,00;30,23;0,00;0,00;73,77;70,93;244,03;1,77;61,34;A;;
02/09/2026;024671 - 24671 ACQUA DISTRIBUIDORA DE PERFUMES E;07891033854196;NSPA CR PERF DES CPO ROS/SECRETAS 400ml;1,000;89,90;89,90;16,84;0,00;0,00;73,06;81,27;433,85;1,75;63,09;A;;
02/09/2026;024671 - 24671 ACQUA DISTRIBUIDORA DE PERFUMES E;07891033550838;NEXT COLONIA 75ml;1,000;103,19;103,19;31,36;0,00;0,00;71,83;69,61;229,05;1,72;64,81;A;;
02/09/2026;024671 - 24671 ACQUA DISTRIBUIDORA DE PERFUMES E;07891033512393;CBEM DES COL BDY SPLSH CER/LIV V2 200ml;1,000;86,65;86,65;19,22;0,00;0,00;67,43;77,82;350,83;1,62;66,43;A;;
02/09/2026;024671 - 24671 ACQUA DISTRIBUIDORA DE PERFUMES E;07891033486458;ELYSEE CR HID DES CPO NUIT 250g V2;1,000;91,66;91,66;25,86;0,00;0,00;65,80;71,79;254,45;1,58;68,00;A;;
02/09/2026;024671 - 24671 ACQUA DISTRIBUIDORA DE PERFUMES E;07891033744381;ARBO DES COL 100ml V4;1,000;139,90;139,90;75,42;0,00;0,00;64,48;46,09;85,49;1,54;69,55;A;;
02/09/2026;024671 - 24671 ACQUA DISTRIBUIDORA DE PERFUMES E;07891033548873;ESTJ BOTI BABY CASCA V2;1,000;98,71;98,71;36,09;0,00;0,00;62,62;63,44;173,51;1,50;71,05;A;;
02/09/2026;024671 - 24671 ACQUA DISTRIBUIDORA DE PERFUMES E;07891033539048;MAKE B PINCEL P/PO ABS;1,000;80,68;80,68;18,75;0,00;0,00;61,93;76,76;330,29;1,48;72,53;A;;
02/09/2026;024671 - 24671 ACQUA DISTRIBUIDORA DE PERFUMES E;07891033909810;NSPA DES COL BDY SPLSH AMEIX/INT 200ml;1,000;81,96;81,96;20,36;0,00;0,00;61,60;75,16;302,55;1,48;74,01;A;;
02/09/2026;024671 - 24671 ACQUA DISTRIBUIDORA DE PERFUMES E;07891033554072;BOTIK CR NUTR FIRM ROS/PESC RESV/SIL 40g;1,000;110,64;110,64;49,52;0,00;0,00;61,12;55,24;123,42;1,46;75,47;A;;
02/09/2026;024671 - 24671 ACQUA DISTRIBUIDORA DE PERFUMES E;07891033521722;DR BOTICA LOC HID CPO POC/NUVENS 400ml;1,000;76,41;76,41;16,18;0,00;0,00;60,23;78,82;372,25;1,44;76,92;A;;
02/09/2026;024671 - 24671 ACQUA DISTRIBUIDORA DE PERFUMES E;07891033836840;DR BOTICA COL POC/AVENTURA 120ml;1,000;92,64;92,64;40,57;0,00;0,00;52,07;56,21;128,35;1,25;78,16;A;;
02/09/2026;024671 - 24671 ACQUA DISTRIBUIDORA DE PERFUMES E;07891033957958;NSPA CR PERF DES HID CPO AMEIX/INT 400ml;1,000;67,84;67,84;16,96;0,00;0,00;50,88;75,00;300,00;1,22;79,38;A;;
02/09/2026;024671 - 24671 ACQUA DISTRIBUIDORA DE PERFUMES E;07891033816231;MAKE B BAT MATE C/AC POLIGL VIOLET 4g;1,000;64,90;64,90;17,61;0,00;0,00;47,29;72,87;268,54;1,13;80,51;B;;
02/09/2026;024671 - 24671 ACQUA DISTRIBUIDORA DE PERFUMES E;07891033497652;UOMINI DES COL V6 100ml;2,000;198,88;99,44;152,26;0,00;0,00;46,62;23,44;30,62;1,12;81,63;B;;
02/09/2026;024671 - 24671 ACQUA DISTRIBUIDORA DE PERFUMES E;07891033536283;BOTIK GEL LIMP FAC VITAM C PRM 50g;4,000;44,62;11,15;0,00;0,00;0,00;44,62;100,00;0,00;1,07;82,70;B;;
02/09/2026;024671 - 24671 ACQUA DISTRIBUIDORA DE PERFUMES E;07891033957972;REF NSPA CR PERF DES HID CP AM/INT 350ml;1,000;54,01;54,01;12,73;0,00;0,00;41,28;76,43;324,27;0,99;83,69;B;;
02/09/2026;024671 - 24671 ACQUA DISTRIBUIDORA DE PERFUMES E;07891033816132;MAKE B BAT CREM C/AC POL WATERMELON 36g;1,000;64,90;64,90;24,08;0,00;0,00;40,82;62,90;169,52;0,98;84,67;B;;
02/09/2026;024671 - 24671 ACQUA DISTRIBUIDORA DE PERFUMES E;07891033448036;CBEM CESTINHO METAL C/A;1,000;62,90;62,90;24,96;0,00;0,00;37,94;60,32;152,00;0,91;85,58;B;;
02/09/2026;024671 - 24671 ACQUA DISTRIBUIDORA DE PERFUMES E;07891033880157;MAKE B BAT LIQ MAT AC/POL DEEP/RO V2 5ml;1,000;66,43;66,43;29,10;0,00;0,00;37,33;56,19;128,28;0,89;86,47;B;;
02/09/2026;024671 - 24671 ACQUA DISTRIBUIDORA DE PERFUMES E;07891033851645;MAK B COLOR U/B LAC WIN 36g;1,000;61,44;61,44;25,70;0,00;0,00;35,74;58,17;139,07;0,86;87,33;B;;
02/09/2026;024671 - 24671 ACQUA DISTRIBUIDORA DE PERFUMES E;07891033518036;BOTI BABY COND V2 400ml;1,000;62,51;62,51;27,08;0,00;0,00;35,43;56,68;130,83;0,85;88,18;B;;
02/09/2026;024671 - 24671 ACQUA DISTRIBUIDORA DE PERFUMES E;07891033513956;BOTICA 214 EDP FIJI PAR FL ESPEC 90ml;1,000;127,95;127,95;92,63;0,00;0,00;35,32;27,60;38,13;0,85;89,02;B;;
02/09/2026;024671 - 24671 ACQUA DISTRIBUIDORA DE PERFUMES E;07891033957989;NSPA CR PERF DES HID CP AMEIX/INT 180ml;1,000;45,96;45,96;11,41;0,00;0,00;34,55;75,17;302,80;0,83;89,85;B;;
02/09/2026;024671 - 24671 ACQUA DISTRIBUIDORA DE PERFUMES E;07891033552238;DR BOTICA SPR CAP DESEMB CHUV/IMAG 100ml;1,000;54,42;54,42;19,95;0,00;0,00;34,47;63,34;172,78;0,83;90,68;B;;
02/09/2026;024671 - 24671 ACQUA DISTRIBUIDORA DE PERFUMES E;07891033479689;MATCH LEAVE IN 150ml;1,000;54,90;54,90;21,12;0,00;0,00;33,78;61,53;159,94;0,81;91,48;B;;
02/09/2026;024671 - 24671 ACQUA DISTRIBUIDORA DE PERFUMES E;07891033483655;COFFEE DES COL MAN SEDUC 100ml V4;1,000;114,95;114,95;82,15;0,00;0,00;32,80;28,53;39,93;0,79;92,27;B;;
02/09/2026;024671 - 24671 ACQUA DISTRIBUIDORA DE PERFUMES E;07891033864652;ESTJ CBEM DELEITE REG/25;1,000;61,97;61,97;29,71;0,00;0,00;32,26;52,06;108,58;0,77;93,04;B;;
02/09/2026;024671 - 24671 ACQUA DISTRIBUIDORA DE PERFUMES E;07891033574933;MAKE B SRUM CIL/SOBRANC EXPL GROW 5g;1,000;59,70;59,70;27,64;0,00;0,00;32,06;53,70;115,99;0,77;93,81;B;;
02/09/2026;024671 - 24671 ACQUA DISTRIBUIDORA DE PERFUMES E;07891033749652;MALBEC LOC DES HID CPO RPCK 200ml;1,000;44,90;44,90;14,00;0,00;0,00;30,90;68,82;220,71;0,74;94,55;B;;
02/09/2026;024671 - 24671 ACQUA DISTRIBUIDORA DE PERFUMES E;07891033756308;INTENSE PO COMPACTO FACIAL 50 5g;1,000;50,90;50,90;21,22;0,00;0,00;29,68;58,31;139,87;0,71;95,26;C;;
02/09/2026;024671 - 24671 ACQUA DISTRIBUIDORA DE PERFUMES E;07891033521227;DR BOTICA SHAMP POC/ESPUM LISOS 400ml;1,000;45,84;45,84;16,36;0,00;0,00;29,48;64,31;180,20;0,71;95,97;C;;
02/09/2026;024671 - 24671 ACQUA DISTRIBUIDORA DE PERFUMES E;07891033499588;NSPA LOC DES HID CPO ORQ NOIRE 400ml;1,000;60,90;60,90;33,91;0,00;0,00;26,99;44,32;79,59;0,65;96,62;C;;
02/09/2026;024671 - 24671 ACQUA DISTRIBUIDORA DE PERFUMES E;07891033538508;INTENSE BAT ARRASO ROSA SOU MAIS EU 36g;1,000;36,90;36,90;13,86;0,00;0,00;23,04;62,44;166,23;0,55;97,17;C;;
02/09/2026;024671 - 24671 ACQUA DISTRIBUIDORA DE PERFUMES E;07891033498888;CBEM LOC DES HID CPO NUVEM V3 400ml;1,000;49,31;49,31;26,39;0,00;0,00;22,92;46,48;86,85;0,55;97,72;C;;
02/09/2026;024671 - 24671 ACQUA DISTRIBUIDORA DE PERFUMES E;07891033520220;BOTI BABY LOC HID CPO 200ml;1,000;47,90;47,90;25,09;0,00;0,00;22,81;47,62;90,91;0,55;98,26;C;;
02/09/2026;024671 - 24671 ACQUA DISTRIBUIDORA DE PERFUMES E;07891033518012;BOTI BABY SAB LIQ GLIC V2 200ml;1,000;33,00;33,00;10,56;0,00;0,00;22,44;68,00;212,50;0,54;98,80;C;;
02/09/2026;024671 - 24671 ACQUA DISTRIBUIDORA DE PERFUMES E;07891033521364;DR BOTICA COND POC/BRILHO LISOS 400ml;1,000;46,55;46,55;24,93;0,00;0,00;21,62;46,44;86,72;0,52;99,32;C;;
02/09/2026;024671 - 24671 ACQUA DISTRIBUIDORA DE PERFUMES E;07891033512294;CBEM DES ANTIT ROLL ON R/ALG V3 55ml;1,000;26,58;26,58;5,89;0,00;0,00;20,69;77,84;351,27;0,50;99,81;C;;
02/09/2026;024671 - 24671 ACQUA DISTRIBUIDORA DE PERFUMES E;07891033756551;INTENSE MASC CILIO TOO LONG 11g;1,000;28,10;28,10;10,71;0,00;0,00;17,39;61,89;162,37;0,42;100,23;C;;
02/09/2026;024671 - 24671 ACQUA DISTRIBUIDORA DE PERFUMES E;07891033946310;BOTIK CR NUTR FIR ROS/PESC R/SIL PRM 10g;1,000;17,12;17,12;7,54;0,00;0,00;9,58;55,96;127,06;0,23;100,46;C;;
02/09/2026;024671 - 24671 ACQUA DISTRIBUIDORA DE PERFUMES E;07891033512317;CBEM SAB BARRA CEREJA LIVRE V2 2x80g;1,000;16,07;16,07;7,39;0,00;0,00;8,68;54,01;117,46;0,21;100,67;C;;
02/09/2026;024671 - 24671 ACQUA DISTRIBUIDORA DE PERFUMES E;07891033894017;CX PRESENTE M BOTI INST/25 VDA;1,000;10,95;10,95;7,37;0,00;0,00;3,58;32,69;48,58;0,09;100,75;C;;
02/09/2026;024671 - 24671 ACQUA DISTRIBUIDORA DE PERFUMES E;07891033553587;MALBEC EDP PRM 10ml;1,000;0,25;0,25;2,34;0,00;0,00;-2,09;-836,00;-89,32;-0,05;100,70;C;;
02/09/2026;024671 - 24671 ACQUA DISTRIBUIDORA DE PERFUMES E;07891033908219;SACOLA P BOTICARIO INST/25;3,000;0,03;0,01;3,93;0,00;0,00;-3,90;-13000,00;-99,24;-0,09;100,61;C;;
02/09/2026;024671 - 24671 ACQUA DISTRIBUIDORA DE PERFUMES E;07891033820467;NSPA LOC DES CPO A/STRES JAS/SAMB 200ml;1,000;0,01;0,01;25,51;0,00;0,00;-25,50;-255000,00;-99,96;-0,61;100,00;C;;
03/09/2026;024303 - 24303 ACQUA DISTRIBUIDORA DE PERFUMES E;07891033497652;UOMINI DES COL V6 100ml;3,000;279,44;93,15;101,25;0,00;0,00;178,19;63,77;175,99;6,81;6,81;A;;
03/09/2026;024303 - 24303 ACQUA DISTRIBUIDORA DE PERFUMES E;07891033902385;ESTJ MALBEC PAIS/26;1,000;228,90;228,90;88,24;0,00;0,00;140,66;61,45;159,41;5,37;12,18;A;;
03/09/2026;024303 - 24303 ACQUA DISTRIBUIDORA DE PERFUMES E;07891033956494;ESTJ ZAAD INTENSE PAIS/26;1,000;261,24;261,24;123,38;0,00;0,00;137,86;52,77;111,74;5,27;17,45;A;;
03/09/2026;024303 - 24303 ACQUA DISTRIBUIDORA DE PERFUMES E;07891033902309;ESTJ THE BLEND PAIS/26;1,000;263,61;263,61;131,78;0,00;0,00;131,83;50,01;100,04;5,04;22,49;A;;
03/09/2026;024303 - 24303 ACQUA DISTRIBUIDORA DE PERFUMES E;07891033492503;COFFEE D/C DUO/WOM/ORIENT/AMAD V2 100ml;1,000;217,69;217,69;91,26;0,00;0,00;126,43;58,08;138,54;4,83;27,32;A;;
03/09/2026;024303 - 24303 ACQUA DISTRIBUIDORA DE PERFUMES E;07891033899579;ESTJ HER COD CLIMAX AMOR/26;1,000;230,48;230,48;113,67;0,00;0,00;116,81;50,68;102,76;4,46;31,78;A;;
03/09/2026;024303 - 24303 ACQUA DISTRIBUIDORA DE PERFUMES E;07891033486342;DREAM DES COL SPLSH AMOR NO AR 200ml V2;2,000;203,84;101,92;93,18;0,00;0,00;110,66;54,29;118,76;4,23;36,01;A;;
03/09/2026;024303 - 24303 ACQUA DISTRIBUIDORA DE PERFUMES E;07891033909810;NSPA DES COL BDY SPLSH AMEIX/INT 200ml;2,000;145,83;72,91;41,14;0,00;0,00;104,69;71,79;254,47;4,00;40,01;A;;
03/09/2026;024303 - 24303 ACQUA DISTRIBUIDORA DE PERFUMES E;07891033566860;KIT DR BOTICA MAGICO TEATRO BONECOS;1,000;159,90;159,90;68,10;0,00;0,00;91,80;57,41;134,80;3,51;43,52;A;;
03/09/2026;024303 - 24303 ACQUA DISTRIBUIDORA DE PERFUMES E;07891033483136;FLORATTA DES COL ROSE V4 75ml;1,000;158,32;158,32;69,52;0,00;0,00;88,80;56,09;127,73;3,39;46,91;A;;
03/09/2026;024303 - 24303 ACQUA DISTRIBUIDORA DE PERFUMES E;07891033818495;LINDA DES COL FELICIDADE V2 100ml;1,000;138,48;138,48;63,97;0,00;0,00;74,51;53,81;116,48;2,85;49,76;A;;
03/09/2026;024303 - 24303 ACQUA DISTRIBUIDORA DE PERFUMES E;07891033197347;THATY DES COL BOTICOLL 100ML;3,000;253,71;84,57;184,38;0,00;0,00;69,33;27,33;37,60;2,65;52,41;A;;
03/09/2026;024303 - 24303 ACQUA DISTRIBUIDORA DE PERFUMES E;07891033766215;DREAM DES COL CEU/BAUN 200ml;1,000;113,54;113,54;46,76;0,00;0,00;66,78;58,82;142,81;2,55;54,96;A;;
03/09/2026;024303 - 24303 ACQUA DISTRIBUIDORA DE PERFUMES E;07891033899609;ESTJ LILY L EAU AMOR/26;1,000;168,65;168,65;105,61;0,00;0,00;63,04;37,38;59,69;2,41;57,37;A;;
03/09/2026;024303 - 24303 ACQUA DISTRIBUIDORA DE PERFUMES E;07891033292264;ELYSEE CREM HID DES CPO ACETINADO 250g;1,000;111,63;111,63;53,35;0,00;0,00;58,28;52,21;109,24;2,23;59,59;A;;
03/09/2026;024303 - 24303 ACQUA DISTRIBUIDORA DE PERFUMES E;07891033954056;PMPCK LILY DES B/SPR LEAU/LILY BLANC;1,000;79,35;79,35;21,40;0,00;0,00;57,95;73,03;270,79;2,21;61,81;A;;
03/09/2026;024303 - 24303 ACQUA DISTRIBUIDORA DE PERFUMES E;07891033826858;EGEO DES COL BOMB BLACK C/CAR 90ml;1,000;117,59;117,59;61,82;0,00;0,00;55,77;47,43;90,21;2,13;63,94;A;;
03/09/2026;024303 - 24303 ACQUA DISTRIBUIDORA DE PERFUMES E;07891033957958;NSPA CR PERF DES HID CPO AMEIX/INT 400ml;2,000;122,21;61,10;71,48;0,00;0,00;50,73;41,51;70,97;1,94;65,88;A;;
03/09/2026;024303 - 24303 ACQUA DISTRIBUIDORA DE PERFUMES E;07891033905133;MALBEC DES COL V7 100ml;1,000;137,44;137,44;87,42;0,00;0,00;50,02;36,39;57,22;1,91;67,79;A;;
03/09/2026;024303 - 24303 ACQUA DISTRIBUIDORA DE PERFUMES E;07891033740437;LINDA DES COL V4 100ml;2,000;207,27;103,63;159,86;0,00;0,00;47,41;22,87;29,66;1,81;69,60;A;;
03/09/2026;024303 - 24303 ACQUA DISTRIBUIDORA DE PERFUMES E;07891033511235;CBEM DES COL BDY SPLSH BOA NOIT V2 200ml;1,000;82,85;82,85;36,88;0,00;0,00;45,97;55,49;124,65;1,76;71,36;A;;
03/09/2026;024303 - 24303 ACQUA DISTRIBUIDORA DE PERFUMES E;07891033826889;EGEO DES COL DOLCE C/CAR 90ml;1,000;103,10;103,10;57,47;0,00;0,00;45,63;44,26;79,40;1,74;73,10;A;;
03/09/2026;024303 - 24303 ACQUA DISTRIBUIDORA DE PERFUMES E;07891033531592;ESTJ DR BOTICA POCAO DA AVENTURA V2;1,000;90,62;90,62;46,40;0,00;0,00;44,22;48,80;95,30;1,69;74,79;A;;
03/09/2026;024303 - 24303 ACQUA DISTRIBUIDORA DE PERFUMES E;07891033512317;CBEM SAB BARRA CEREJA LIVRE V2 2x80g;4,000;73,24;18,31;29,80;0,00;0,00;43,44;59,31;145,77;1,66;76,45;A;;
03/09/2026;024303 - 24303 ACQUA DISTRIBUIDORA DE PERFUMES E;07891033498789;CBEM LOC DES HID CPO BOA NOITE V2 400ml;1,000;68,88;68,88;29,18;0,00;0,00;39,70;57,64;136,05;1,52;77,97;A;;
03/09/2026;024303 - 24303 ACQUA DISTRIBUIDORA DE PERFUMES E;07891033941995;DR BOTICA COL POCAO/CORAG V3 120ml;1,000;77,71;77,71;40,98;0,00;0,00;36,73;47,27;89,63;1,40;79,37;A;;
03/09/2026;024303 - 24303 ACQUA DISTRIBUIDORA DE PERFUMES E;07891033907502;MATCH LEAV IN ESC/HID 150ml;1,000;52,85;52,85;16,26;0,00;0,00;36,59;69,23;225,03;1,40;80,77;B;;
03/09/2026;024303 - 24303 ACQUA DISTRIBUIDORA DE PERFUMES E;07891033874910;BOTIK GEL LIMP F MCL AC MAND/SAL V2 150g;1,000;47,25;47,25;10,83;0,00;0,00;36,42;77,08;336,29;1,39;82,16;B;;
03/09/2026;024303 - 24303 ACQUA DISTRIBUIDORA DE PERFUMES E;07891033507047;MAKE B BLUSH PO C/A POLIG BERRY 55g;1,000;79,03;79,03;42,82;0,00;0,00;36,21;45,82;84,56;1,38;83,54;B;;
03/09/2026;024303 - 24303 ACQUA DISTRIBUIDORA DE PERFUMES E;07891033741038;GLAMOUR DES COL SEC BL 75ml V4;1,000;107,13;107,13;71,43;0,00;0,00;35,70;33,32;49,98;1,36;84,91;B;;
03/09/2026;024303 - 24303 ACQUA DISTRIBUIDORA DE PERFUMES E;07891033880119;MAKE B BAT LIQ MAT AC/POL EXO/ROS V2 5ml;1,000;63,28;63,28;29,41;0,00;0,00;33,87;53,52;115,16;1,29;86,20;B;;
03/09/2026;024303 - 24303 ACQUA DISTRIBUIDORA DE PERFUMES E;07891033880157;MAKE B BAT LIQ MAT AC/POL DEEP/RO V2 5ml;1,000;63,28;63,28;29,43;0,00;0,00;33,85;53,49;115,02;1,29;87,49;B;;
03/09/2026;024303 - 24303 ACQUA DISTRIBUIDORA DE PERFUMES E;07891033511808;MAKE B GLOS LAB C/AC POLIG CRYST/ICO 5ml;1,000;61,45;61,45;29,41;0,00;0,00;32,04;52,14;108,94;1,22;88,72;B;;
03/09/2026;024303 - 24303 ACQUA DISTRIBUIDORA DE PERFUMES E;07891033595778;MATCH MASC CAP NUTR PROFUNDA V2 250g;1,000;57,03;57,03;27,15;0,00;0,00;29,88;52,39;110,06;1,14;89,86;B;;
03/09/2026;024303 - 24303 ACQUA DISTRIBUIDORA DE PERFUMES E;07891033855438;CBEM LOC DES HID CPO DELEITE V3 200ml;1,000;50,02;50,02;21,05;0,00;0,00;28,97;57,92;137,62;1,11;90,97;B;;
03/09/2026;024303 - 24303 ACQUA DISTRIBUIDORA DE PERFUMES E;07891033479627;BOTI SUN PROT SOL FAC ULT FLD FPS70 40ml;1,000;55,77;55,77;28,59;0,00;0,00;27,18;48,74;95,07;1,04;92,01;B;;
03/09/2026;024303 - 24303 ACQUA DISTRIBUIDORA DE PERFUMES E;07891033886883;CBEM LOC DES HID CPO NUVEM N/FORM 400ml;1,000;53,91;53,91;29,15;0,00;0,00;24,76;45,93;84,94;0,95;92,95;B;;
03/09/2026;024303 - 24303 ACQUA DISTRIBUIDORA DE PERFUMES E;07891033578306;REF NSPA LOC DES AVEL CP CER/ROUGE 350ml;1,000;48,90;48,90;27,86;0,00;0,00;21,04;43,03;75,52;0,80;93,76;B;;
03/09/2026;024303 - 24303 ACQUA DISTRIBUIDORA DE PERFUMES E;07891033765973;INTENSE LAP BAT NUDE ROSADO 12g;1,000;26,29;26,29;6,32;0,00;0,00;19,97;75,96;315,98;0,76;94,52;B;;
03/09/2026;024303 - 24303 ACQUA DISTRIBUIDORA DE PERFUMES E;07891033896943;MATCH COND ESC/HID 280ml;1,000;41,27;41,27;21,54;0,00;0,00;19,73;47,81;91,60;0,75;95,27;C;;
03/09/2026;024303 - 24303 ACQUA DISTRIBUIDORA DE PERFUMES E;07891033896936;MATCH SHAMP ESC/HID 300ml;1,000;39,62;39,62;21,53;0,00;0,00;18,09;45,66;84,02;0,69;95,96;C;;
03/09/2026;024303 - 24303 ACQUA DISTRIBUIDORA DE PERFUMES E;07891033521470;DR BOTICA CR PENT POC/TR/NO CACHOS 350ml;1,000;44,77;44,77;26,75;0,00;0,00;18,02;40,25;67,36;0,69;96,65;C;;
03/09/2026;024303 - 24303 ACQUA DISTRIBUIDORA DE PERFUMES E;07891033566013;DR BOTICA SHAMP POC/ESPUM CACHOS 400ml;1,000;42,14;42,14;25,60;0,00;0,00;16,54;39,25;64,61;0,63;97,28;C;;
03/09/2026;024303 - 24303 ACQUA DISTRIBUIDORA DE PERFUMES E;07891033524686;BOTIK GEL LIM FAC MIC AC MAN/SAL 50g PRM;1,000;15,90;15,90;0,00;0,00;0,00;15,90;100,00;0,00;0,61;97,89;C;;
03/09/2026;024303 - 24303 ACQUA DISTRIBUIDORA DE PERFUMES E;07891033578337;NSPA SAB LIQ PERF CPO CER/ROUGE 250ml;1,000;36,12;36,12;21,22;0,00;0,00;14,90;41,25;70,22;0,57;98,46;C;;
03/09/2026;024303 - 24303 ACQUA DISTRIBUIDORA DE PERFUMES E;07891033856794;CBEM SAB BARRA CER/FASES 4x80g;2,000;40,85;20,42;27,84;0,00;0,00;13,01;31,85;46,73;0,50;98,96;C;;
03/09/2026;024303 - 24303 ACQUA DISTRIBUIDORA DE PERFUMES E;07891033511655;CBEM SAB BARRA ROSA/ALGODAO 4x80g;1,000;26,29;26,29;13,90;0,00;0,00;12,39;47,13;89,14;0,47;99,43;C;;
03/09/2026;024303 - 24303 ACQUA DISTRIBUIDORA DE PERFUMES E;07891033958030;NSPA SAB BARRA CP AMEIX/INT 90g;2,000;23,90;11,95;11,98;0,00;0,00;11,92;49,87;99,50;0,46;99,89;C;;
03/09/2026;024303 - 24303 ACQUA DISTRIBUIDORA DE PERFUMES E;07891033836994;MATCH COND OL CONTROLADA 280ml;1,000;30,99;30,99;20,56;0,00;0,00;10,43;33,66;50,73;0,40;100,29;C;;
03/09/2026;024303 - 24303 ACQUA DISTRIBUIDORA DE PERFUMES E;07891033836970;MATCH SHAMP OL CONTROLADA 300ml;1,000;29,31;29,31;20,53;0,00;0,00;8,78;29,96;42,77;0,34;100,62;C;;
03/09/2026;024303 - 24303 ACQUA DISTRIBUIDORA DE PERFUMES E;07891033486533;ELYSEE DES ANTIT AEROSSOL 75g V3;1,000;25,54;25,54;17,60;0,00;0,00;7,94;31,09;45,11;0,30;100,93;C;;
03/09/2026;024303 - 24303 ACQUA DISTRIBUIDORA DE PERFUMES E;07891033486960;LILY DES ANTIT AEROSSOL 75g V9;1,000;25,54;25,54;17,60;0,00;0,00;7,94;31,09;45,11;0,30;101,23;C;;
03/09/2026;024303 - 24303 ACQUA DISTRIBUIDORA DE PERFUMES E;07891033767564;MALBEC SAB BARRA 2x80g;1,000;16,43;16,43;9,49;0,00;0,00;6,94;42,24;73,13;0,27;101,49;C;;
03/09/2026;024303 - 24303 ACQUA DISTRIBUIDORA DE PERFUMES E;07891033519538;INTENSE MASC P/CILIO POP PRETO 10g;1,000;19,83;19,83;13,77;0,00;0,00;6,06;30,56;44,01;0,23;101,73;C;;
03/09/2026;024303 - 24303 ACQUA DISTRIBUIDORA DE PERFUMES E;07891033504466;INTENSE HID LAB BY CUID PESSG CORAL 62g;1,000;21,37;21,37;16,32;0,00;0,00;5,05;23,63;30,94;0,19;101,92;C;;
03/09/2026;024303 - 24303 ACQUA DISTRIBUIDORA DE PERFUMES E;07891033908196;SACOLA PP BOTICARIO INST/25;1,000;0,01;0,01;0,71;0,00;0,00;-0,70;-7019,00;-98,59;-0,03;101,89;C;;
03/09/2026;024303 - 24303 ACQUA DISTRIBUIDORA DE PERFUMES E;07891033908233;SACOLA G O BOTICARIO INST/25;1,000;0,01;0,01;2,50;0,00;0,00;-2,49;-24919,00;-99,60;-0,10;101,80;C;;
03/09/2026;024303 - 24303 ACQUA DISTRIBUIDORA DE PERFUMES E;07891033908219;SACOLA P BOTICARIO INST/25;2,000;0,02;0,01;2,62;0,00;0,00;-2,60;-13000,00;-99,24;-0,10;101,70;C;;
03/09/2026;024303 - 24303 ACQUA DISTRIBUIDORA DE PERFUMES E;07891033908226;SACOLA M BOTICARIO INST/25;11,000;0,11;0,01;17,16;0,00;0,00;-17,05;-15500,00;-99,36;-0,65;101,05;C;;
03/09/2026;024303 - 24303 ACQUA DISTRIBUIDORA DE PERFUMES E;07891033856770;CBEM LOC DES HID CPO CER/FASES PRM 50ml;4,000;0,04;0,01;27,40;0,00;0,00;-27,36;-68400,00;-99,85;-1,05;100,00;C;;
03/09/2026;024617 - ACQUA DISTRIBUIDORA DE PERFUMES E COSMETICOS LTDA;07891033867578;NSPA SAB LIQ PERF AMEIXA NEGRA V2 250ml;1,000;59,90;59,90;21,23;0,00;0,00;38,67;64,56;182,15;23,09;23,09;A;;
03/09/2026;024617 - ACQUA DISTRIBUIDORA DE PERFUMES E COSMETICOS LTDA;07891033562176;CBEM SPRAY INTIMO REFRESC CER/LIV 75ml;1,000;47,90;47,90;13,12;0,00;1,75;33,03;68,96;265,09;19,72;42,81;A;;
03/09/2026;024617 - ACQUA DISTRIBUIDORA DE PERFUMES E COSMETICOS LTDA;07891033290468;BOTICOLL CONNEX DES BDY SPR 100ml V6 PCK;1,000;52,90;52,90;24,32;0,00;0,00;28,58;54,03;117,52;17,06;59,87;A;;
03/09/2026;024617 - ACQUA DISTRIBUIDORA DE PERFUMES E COSMETICOS LTDA;07891033486960;LILY DES ANTIT AEROSSOL 75g V9;1,000;35,91;35,91;11,39;0,00;0,00;24,52;68,28;215,28;14,64;74,51;A;;
03/09/2026;024617 - ACQUA DISTRIBUIDORA DE PERFUMES E COSMETICOS LTDA;07891033493623;MALBEC DES ANTIT AER 75g/125ml V10;1,000;35,91;35,91;11,81;0,00;0,00;24,10;67,11;204,06;14,39;88,90;B;;
03/09/2026;024617 - ACQUA DISTRIBUIDORA DE PERFUMES E COSMETICOS LTDA;07891033524686;BOTIK GEL LIM FAC MIC AC MAN/SAL 50g PRM;1,000;22,41;22,41;0,00;0,00;0,00;22,41;100,00;0,00;13,38;102,27;C;;
03/09/2026;024617 - ACQUA DISTRIBUIDORA DE PERFUMES E COSMETICOS LTDA;07891033885602;MALBEC DES ANTIT ROLL V10 55ml;1,000;29,90;29,90;12,51;0,00;0,00;17,39;58,16;139,01;10,38;112,66;C;;
03/09/2026;024617 - ACQUA DISTRIBUIDORA DE PERFUMES E COSMETICOS LTDA;07891033589852;NSPA SAB LIQ CPO PERF UVA MERLOT 250ml;1,000;0,01;0,01;21,21;0,00;0,00;-21,20;-212000,00;-99,95;-12,66;100,00;C;;
03/09/2026;024668 - ACQUA DISTRIBUIDORA DE PERFUMES E COSMETICOS LTDA;07891033497652;UOMINI DES COL V6 100ml;4,000;374,82;93,70;142,12;0,00;0,00;232,70;62,08;163,73;4,85;4,85;A;;
03/09/2026;024668 - ACQUA DISTRIBUIDORA DE PERFUMES E COSMETICOS LTDA;07891033553570;MALBEC EDP 90ml;1,000;240,57;240,57;57,29;0,00;0,00;183,28;76,19;319,92;3,82;8,68;A;;
03/09/2026;024668 - ACQUA DISTRIBUIDORA DE PERFUMES E COSMETICOS LTDA;07891033482962;FLORATTA DES COL ROSE BOUQUET 75ml;2,000;234,87;117,43;66,34;0,00;0,00;168,53;71,75;254,04;3,51;12,19;A;;
03/09/2026;024668 - ACQUA DISTRIBUIDORA DE PERFUMES E COSMETICOS LTDA;07891033779895;LILY EDP LUMIERE 75ML;1,000;281,39;281,39;121,68;0,00;0,00;159,71;56,76;131,25;3,33;15,52;A;;
03/09/2026;024668 - ACQUA DISTRIBUIDORA DE PERFUMES E COSMETICOS LTDA;07891033835515;BOTIK GEL CREM REDUT RUG RETIN PURO 30g;1,000;192,11;192,11;47,50;0,00;0,00;144,61;75,27;304,44;3,02;18,54;A;;
03/09/2026;024668 - ACQUA DISTRIBUIDORA DE PERFUMES E COSMETICOS LTDA;07891033483037;FLORATTA DES COL RED V2 75ml;1,000;172,16;172,16;59,82;0,00;0,00;112,34;65,25;187,80;2,34;20,88;A;;
03/09/2026;024668 - ACQUA DISTRIBUIDORA DE PERFUMES E COSMETICOS LTDA;07891033903818;PMPCK MALBEC DES BODY SPRAY;2,000;142,84;71,42;38,22;0,00;0,00;104,62;73,24;273,73;2,18;23,06;A;;
03/09/2026;024668 - ACQUA DISTRIBUIDORA DE PERFUMES E COSMETICOS LTDA;07891033548866;ESTJ BOTI BABY CASINHA;1,000;153,00;153,00;48,73;0,00;0,00;104,27;68,15;213,97;2,17;25,24;A;;
03/09/2026;024668 - ACQUA DISTRIBUIDORA DE PERFUMES E COSMETICOS LTDA;07891033905133;MALBEC DES COL V7 100ml;1,000;147,75;147,75;44,72;0,00;0,00;103,03;69,73;230,39;2,15;27,39;A;;
03/09/2026;024668 - ACQUA DISTRIBUIDORA DE PERFUMES E COSMETICOS LTDA;07891033744381;ARBO DES COL 100ml V4;2,000;251,75;125,87;150,74;0,00;0,00;101,01;40,12;67,01;2,11;29,49;A;;
03/09/2026;024668 - ACQUA DISTRIBUIDORA DE PERFUMES E COSMETICOS LTDA;07891033767007;LIZ DES COL 100ml;1,000;144,92;144,92;45,84;0,00;0,00;99,08;68,37;216,14;2,07;31,56;A;;
03/09/2026;024668 - ACQUA DISTRIBUIDORA DE PERFUMES E COSMETICOS LTDA;07891033826858;EGEO DES COL BOMB BLACK C/CAR 90ml;1,000;126,45;126,45;28,79;0,00;0,00;97,66;77,23;339,22;2,04;33,60;A;;
03/09/2026;024668 - ACQUA DISTRIBUIDORA DE PERFUMES E COSMETICOS LTDA;07891033842131;EGEO DES COL VAN VIBE 90ml;1,000;127,59;127,59;32,78;0,00;0,00;94,81;74,31;289,23;1,98;35,57;A;;
03/09/2026;024668 - ACQUA DISTRIBUIDORA DE PERFUMES E COSMETICOS LTDA;07891033843879;MALBEC DES COL V6 100ml;1,000;135,68;135,68;41,40;0,00;0,00;94,28;69,49;227,73;1,97;37,54;A;;
03/09/2026;024668 - ACQUA DISTRIBUIDORA DE PERFUMES E COSMETICOS LTDA;07891033512447;QUASAR DES COL BLUE V4 100ml;1,000;169,10;169,10;74,85;0,00;0,00;94,25;55,74;125,92;1,97;39,51;A;;
03/09/2026;024668 - ACQUA DISTRIBUIDORA DE PERFUMES E COSMETICOS LTDA;07891033757428;MAKE B BAS PO MINERAL 10 55G;1,000;123,81;123,81;30,68;0,00;0,00;93,13;75,22;303,55;1,94;41,45;A;;
03/09/2026;024668 - ACQUA DISTRIBUIDORA DE PERFUMES E COSMETICOS LTDA;07891033537259;BOTI BABY FRASQUEIRA PURO CUIDADO PES;1,000;145,71;145,71;47,58;0,00;5,32;92,81;63,70;206,24;1,94;43,38;A;;
03/09/2026;024668 - ACQUA DISTRIBUIDORA DE PERFUMES E COSMETICOS LTDA;07891033842148;EGEO DES COL SPCY VIBE C/CAR 90ml;1,000;142,84;142,84;50,92;0,00;0,00;91,92;64,35;180,52;1,92;45,30;A;;
03/09/2026;024668 - ACQUA DISTRIBUIDORA DE PERFUMES E COSMETICOS LTDA;07891033035304;CAIXA M INST 2021 VERDE ECONOMICA;28,000;90,39;3,23;0,00;0,00;0,00;90,39;100,00;0,00;1,89;47,19;A;;
03/09/2026;024668 - ACQUA DISTRIBUIDORA DE PERFUMES E COSMETICOS LTDA;07891033877973;MAKE B BASE LIQ HYALURONIC 220Q 30ml;1,000;121,63;121,63;32,09;0,00;0,00;89,54;73,62;279,03;1,87;49,05;A;;
03/09/2026;024668 - ACQUA DISTRIBUIDORA DE PERFUMES E COSMETICOS LTDA;07891033863693;NSPA DES COL BDY SPLSH ORQ/LUMIERE 200ml;1,000;109,90;109,90;20,49;0,00;0,00;89,41;81,36;436,36;1,86;50,92;A;;
03/09/2026;024668 - ACQUA DISTRIBUIDORA DE PERFUMES E COSMETICOS LTDA;07891033877911;MAKE B BASE LIQ HYALURONIC 140Q 30ml;1,000;121,96;121,96;33,25;0,00;0,00;88,71;72,74;266,80;1,85;52,77;A;;
03/09/2026;024668 - ACQUA DISTRIBUIDORA DE PERFUMES E COSMETICOS LTDA;07891033583737;FLORATTA DES COL RED BLOSSOM V2 75ml;1,000;106,00;106,00;26,68;0,00;0,00;79,32;74,83;297,30;1,65;54,42;A;;
03/09/2026;024668 - ACQUA DISTRIBUIDORA DE PERFUMES E COSMETICOS LTDA;07891033963997;HER CODE CR AVELD DES HID CP TOUCH 200g;1,000;110,41;110,41;31,95;0,00;0,00;78,46;71,06;245,57;1,64;56,06;A;;
03/09/2026;024668 - ACQUA DISTRIBUIDORA DE PERFUMES E COSMETICOS LTDA;07891033526192;MAKE B MASC CIL SCANDAL L C/OL COCO 10g;1,000;99,90;99,90;23,82;0,00;0,00;76,08;76,16;319,40;1,59;57,65;A;;
03/09/2026;024668 - ACQUA DISTRIBUIDORA DE PERFUMES E COSMETICOS LTDA;07891033479085;DREAM DES COL SPLSH VIAG/ENC 200ml V2;1,000;103,55;103,55;28,20;0,00;0,00;75,35;72,77;267,20;1,57;59,22;A;;
03/09/2026;024668 - ACQUA DISTRIBUIDORA DE PERFUMES E COSMETICOS LTDA;07891033566877;MALBEC SERUM FAC ANTIOL 30ml;1,000;129,84;129,84;54,89;0,00;0,00;74,95;57,72;136,55;1,56;60,78;A;;
03/09/2026;024668 - ACQUA DISTRIBUIDORA DE PERFUMES E COSMETICOS LTDA;07891033894710;BOTIK GEL/LIMP FAC CIC/PANT/CER PRM 50g;4,000;73,27;18,32;0,00;0,00;0,00;73,27;100,00;0,00;1,53;62,31;A;;
03/09/2026;024668 - ACQUA DISTRIBUIDORA DE PERFUMES E COSMETICOS LTDA;07891033512362;CBEM DES COL BDY SPLSH PESSEGUR V2 200ml;1,000;90,10;90,10;18,06;0,00;0,00;72,04;79,96;398,89;1,50;63,81;A;;
03/09/2026;024668 - ACQUA DISTRIBUIDORA DE PERFUMES E COSMETICOS LTDA;07891033566884;MALBEC CR MULTIPR FAC FPS30 ANTIOL 40ml;1,000;86,24;86,24;15,38;0,00;0,00;70,86;82,17;460,73;1,48;65,29;A;;
03/09/2026;024668 - ACQUA DISTRIBUIDORA DE PERFUMES E COSMETICOS LTDA;07891033766666;MEN DES COL GALBE 100ml V2;1,000;139,41;139,41;68,59;0,00;0,00;70,82;50,80;103,25;1,48;66,77;A;;
03/09/2026;024668 - ACQUA DISTRIBUIDORA DE PERFUMES E COSMETICOS LTDA;07891033841820;LILY DES COL BDY SPLSH 200ml;1,000;90,82;90,82;21,18;0,00;0,00;69,64;76,68;328,80;1,45;68,22;A;;
03/09/2026;024668 - ACQUA DISTRIBUIDORA DE PERFUMES E COSMETICOS LTDA;07891033506774;CLASH DES COL 100ml;1,000;137,57;137,57;70,77;0,00;0,00;66,80;48,56;94,39;1,39;69,61;A;;
03/09/2026;024668 - ACQUA DISTRIBUIDORA DE PERFUMES E COSMETICOS LTDA;07891033533862;BOTIK PROT SOL FAC FPS 80 AC/HIAL 40ml;1,000;90,38;90,38;26,86;0,00;0,00;63,52;70,28;236,49;1,32;70,94;A;;
03/09/2026;024668 - ACQUA DISTRIBUIDORA DE PERFUMES E COSMETICOS LTDA;07891033861804;ESTJ EGEO DOLCE NAT/25;1,000;127,02;127,02;64,21;0,00;0,00;62,81;49,45;97,82;1,31;72,25;A;;
03/09/2026;024668 - ACQUA DISTRIBUIDORA DE PERFUMES E COSMETICOS LTDA;07891033512393;CBEM DES COL BDY SPLSH CER/LIV V2 200ml;1,000;80,26;80,26;19,22;0,00;0,00;61,04;76,05;317,59;1,27;73,52;A;;
03/09/2026;024668 - ACQUA DISTRIBUIDORA DE PERFUMES E COSMETICOS LTDA;07891033906697;MAKE B BAS LIQ MATE SALICYLIC 265Q 30g;1,000;82,15;82,15;22,38;0,00;0,00;59,77;72,76;267,07;1,25;74,77;A;;
03/09/2026;024668 - ACQUA DISTRIBUIDORA DE PERFUMES E COSMETICOS LTDA;07891033859207;CBEM DES COL BDY SPLSH AMORUDA 200ml;1,000;79,44;79,44;19,78;0,00;0,00;59,66;75,10;301,62;1,24;76,01;A;;
03/09/2026;024668 - ACQUA DISTRIBUIDORA DE PERFUMES E COSMETICOS LTDA;07891033524686;BOTIK GEL LIM FAC MIC AC MAN/SAL 50g PRM;3,000;57,83;19,28;0,00;0,00;0,00;57,83;100,00;0,00;1,21;77,22;A;;
03/09/2026;024668 - ACQUA DISTRIBUIDORA DE PERFUMES E COSMETICOS LTDA;07891033595167;REF NSPA LOC DES HID CPO AMEI/NEG 350ml;1,000;67,18;67,18;12,17;0,00;0,00;55,01;81,88;452,01;1,15;78,36;A;;
03/09/2026;024668 - ACQUA DISTRIBUIDORA DE PERFUMES E COSMETICOS LTDA;07891033520190;BOTI BABY SHAMP V2 200ml;2,000;79,68;39,84;26,12;0,00;0,00;53,56;67,22;205,05;1,12;79,48;A;;
03/09/2026;024668 - ACQUA DISTRIBUIDORA DE PERFUMES E COSMETICOS LTDA;07891033856671;MAKE B PALETTE BLUSH CHERRY HIT V2 8g;1,000;109,74;109,74;56,46;0,00;0,00;53,28;48,55;94,37;1,11;80,59;B;;
03/09/2026;024668 - ACQUA DISTRIBUIDORA DE PERFUMES E COSMETICOS LTDA;07891033521470;DR BOTICA CR PENT POC/TR/NO CACHOS 350ml;1,000;67,90;67,90;14,91;0,00;0,00;52,99;78,04;355,40;1,11;81,70;B;;
03/09/2026;024668 - ACQUA DISTRIBUIDORA DE PERFUMES E COSMETICOS LTDA;07891033511471;CBEM DES COL BDY SPLSH NUVEM V3 200ml;1,000;71,47;71,47;18,67;0,00;0,00;52,80;73,88;282,81;1,10;82,80;B;;
03/09/2026;024668 - ACQUA DISTRIBUIDORA DE PERFUMES E COSMETICOS LTDA;07891033595174;REF NSPA LOC DES HID CPO AMEIXA 350ml;1,000;60,08;60,08;10,40;0,00;0,00;49,68;82,69;477,69;1,04;83,83;B;;
03/09/2026;024668 - ACQUA DISTRIBUIDORA DE PERFUMES E COSMETICOS LTDA;07891033826889;EGEO DES COL DOLCE C/CAR 90ml;1,000;110,67;110,67;61,24;0,00;0,00;49,43;44,66;80,72;1,03;84,87;B;;
03/09/2026;024668 - ACQUA DISTRIBUIDORA DE PERFUMES E COSMETICOS LTDA;07891033566907;MALBEC GEL LIMP FAC ANTIOL 150g;1,000;55,72;55,72;8,83;0,00;0,00;46,89;84,15;531,03;0,98;85,84;B;;
03/09/2026;024668 - ACQUA DISTRIBUIDORA DE PERFUMES E COSMETICOS LTDA;07891033499038;CBEM LOC DES HID CPO PESSEGURA V2 200ml;1,000;54,02;54,02;9,02;0,00;0,00;45,00;83,30;498,89;0,94;86,78;B;;
03/09/2026;024668 - ACQUA DISTRIBUIDORA DE PERFUMES E COSMETICOS LTDA;07891033490257;FLORATTA DES BDY SPR ROSE 100ml V8;1,000;52,90;52,90;8,71;0,00;0,00;44,19;83,53;507,35;0,92;87,70;B;;
03/09/2026;024668 - ACQUA DISTRIBUIDORA DE PERFUMES E COSMETICOS LTDA;07891033869541;SOPHIE PLT MULTIF HYDR/LIN SPID/GWEN 17g;1,000;99,90;99,90;55,90;0,00;0,00;44,00;44,04;78,71;0,92;88,62;B;;
03/09/2026;024668 - ACQUA DISTRIBUIDORA DE PERFUMES E COSMETICOS LTDA;07891033957705;BOTIK GEL/LIMP FAC CIC/PANT/CER 200g;1,000;57,47;57,47;13,80;0,00;0,00;43,67;75,99;316,45;0,91;89,53;B;;
03/09/2026;024668 - ACQUA DISTRIBUIDORA DE PERFUMES E COSMETICOS LTDA;07891033885220;MAKE B BAT CR C/AC POL REVOL/RED V2 36g;1,000;60,03;60,03;17,17;0,00;0,00;42,86;71,40;249,62;0,89;90,43;B;;
03/09/2026;024668 - ACQUA DISTRIBUIDORA DE PERFUMES E COSMETICOS LTDA;07891033883950;CBEM DES COL BDY SPLSH ROS/ALG V4 200ml;1,000;77,64;77,64;36,50;0,00;0,00;41,14;52,99;112,71;0,86;91,28;B;;
03/09/2026;024668 - ACQUA DISTRIBUIDORA DE PERFUMES E COSMETICOS LTDA;07891033873159;CBEM LOC DES HID CPO AMORUDA 200ml;1,000;47,63;47,63;8,56;0,00;0,00;39,07;82,03;456,43;0,81;92,10;B;;
03/09/2026;024668 - ACQUA DISTRIBUIDORA DE PERFUMES E COSMETICOS LTDA;07891033854820;FLORATTA DES BDY SPR F/SECRET V2 100ml;1,000;45,68;45,68;8,24;0,00;0,00;37,44;81,96;454,37;0,78;92,88;B;;
03/09/2026;024668 - ACQUA DISTRIBUIDORA DE PERFUMES E COSMETICOS LTDA;07891033520794;MATCH MASC C H 2ABC 3ABC CIEN/CURV 350g;1,000;62,91;62,91;27,55;0,00;0,00;35,36;56,21;128,35;0,74;93,62;B;;
03/09/2026;024668 - ACQUA DISTRIBUIDORA DE PERFUMES E COSMETICOS LTDA;07891033013173;PMPCK MALBEC DES ANTIT AER 2x75g;1,000;59,85;59,85;26,89;0,00;0,00;32,96;55,07;122,57;0,69;94,30;B;;
03/09/2026;024668 - ACQUA DISTRIBUIDORA DE PERFUMES E COSMETICOS LTDA;07891033877713;MAKE B BLUSH COMP BERRY MINI PRM 15g;1,000;36,52;36,52;9,16;0,00;0,00;27,36;74,92;298,69;0,57;94,88;B;;
03/09/2026;024668 - ACQUA DISTRIBUIDORA DE PERFUMES E COSMETICOS LTDA;07891033886982;CBEM LOC DES HID CP CER/LIV N/FORM 200ml;1,000;48,12;48,12;21,01;0,00;0,00;27,11;56,34;129,03;0,57;95,44;C;;
03/09/2026;024668 - ACQUA DISTRIBUIDORA DE PERFUMES E COSMETICOS LTDA;07891033738311;EGEO CREM DES HID CPO DOLCE 100ml;1,000;43,63;43,63;16,65;0,00;0,00;26,98;61,84;162,04;0,56;96,00;C;;
03/09/2026;024668 - ACQUA DISTRIBUIDORA DE PERFUMES E COSMETICOS LTDA;07891033518081;BOTI BABY COND V2 200ml;1,000;40,50;40,50;14,98;0,00;0,00;25,52;63,01;170,36;0,53;96,54;C;;
03/09/2026;024668 - ACQUA DISTRIBUIDORA DE PERFUMES E COSMETICOS LTDA;07891033866687;MATCH COND HID CIEN/CURV V2 300ml;1,000;44,91;44,91;21,38;0,00;0,00;23,53;52,39;110,06;0,49;97,03;C;;
03/09/2026;024668 - ACQUA DISTRIBUIDORA DE PERFUMES E COSMETICOS LTDA;07891033866717;MATCH SHAMP CIEN/CURV V2 300ml;1,000;43,11;43,11;21,32;0,00;0,00;21,79;50,55;102,20;0,45;97,48;C;;
03/09/2026;024668 - ACQUA DISTRIBUIDORA DE PERFUMES E COSMETICOS LTDA;07891033486960;LILY DES ANTIT AEROSSOL 75g V9;1,000;30,95;30,95;11,28;0,00;0,00;19,67;63,55;174,38;0,41;97,89;C;;
03/09/2026;024668 - ACQUA DISTRIBUIDORA DE PERFUMES E COSMETICOS LTDA;07891033486571;EGEO DES ANTIT AEROSSOL DOLCE 75g V9;1,000;27,11;27,11;10,88;0,00;0,00;16,23;59,87;149,17;0,34;98,23;C;;
03/09/2026;024668 - ACQUA DISTRIBUIDORA DE PERFUMES E COSMETICOS LTDA;07891033947645;CBEM SAB BARRA LAVANDINHA 2x80g;1,000;24,90;24,90;8,73;0,00;0,00;16,17;64,94;185,22;0,34;98,57;C;;
03/09/2026;024668 - ACQUA DISTRIBUIDORA DE PERFUMES E COSMETICOS LTDA;07891033883615;NSPA SAB BARRA AMEIXA V3 2x90g;1,000;26,00;26,00;10,52;0,00;0,00;15,48;59,54;147,15;0,32;98,89;C;;
03/09/2026;024668 - ACQUA DISTRIBUIDORA DE PERFUMES E COSMETICOS LTDA;07891033512317;CBEM SAB BARRA CEREJA LIVRE V2 2x80g;1,000;21,06;21,06;7,45;0,00;0,00;13,61;64,62;182,68;0,28;99,17;C;;
03/09/2026;024668 - ACQUA DISTRIBUIDORA DE PERFUMES E COSMETICOS LTDA;07891033856725;CBEM LOC DES HID CPO CER/FAS 200ml;1,000;32,43;32,43;21,01;0,00;0,00;11,42;35,21;54,36;0,24;99,41;C;;
03/09/2026;024668 - ACQUA DISTRIBUIDORA DE PERFUMES E COSMETICOS LTDA;07891033856794;CBEM SAB BARRA CER/FASES 4x80g;1,000;25,15;25,15;13,80;0,00;0,00;11,35;45,13;82,25;0,24;99,65;C;;
03/09/2026;024668 - ACQUA DISTRIBUIDORA DE PERFUMES E COSMETICOS LTDA;07891033504473;INTENSE HID LAB BY CUID L/MEL INC 62g;1,000;26,82;26,82;16,16;0,00;0,00;10,66;39,75;65,97;0,22;99,87;C;;
03/09/2026;024668 - ACQUA DISTRIBUIDORA DE PERFUMES E COSMETICOS LTDA;07891033894017;CX PRESENTE M BOTI INST/25 VDA;2,000;22,16;11,08;14,74;0,00;0,00;7,42;33,48;50,34;0,15;100,03;C;;
03/09/2026;024668 - ACQUA DISTRIBUIDORA DE PERFUMES E COSMETICOS LTDA;07891033879632;CBEM OL CPO TERMICO CER/FASES 110ml;1,000;23,22;23,22;22,78;0,00;0,00;0,44;1,89;1,93;0,01;100,04;C;;
03/09/2026;024668 - ACQUA DISTRIBUIDORA DE PERFUMES E COSMETICOS LTDA;07891033553587;MALBEC EDP PRM 10ml;2,000;3,00;1,50;4,68;0,00;0,00;-1,68;-56,00;-35,90;-0,04;100,00;C;;
03/09/2026;024669 - 24669 ACQUA DISTRIBUIDORA DE PERFUMES E;07891033856442;BOTICA 214 EDP ARAB/OASIS FLOR/FRUT 75ml;1,000;222,00;222,00;41,27;0,00;0,00;180,73;81,41;437,92;5,57;5,57;A;;
03/09/2026;024669 - 24669 ACQUA DISTRIBUIDORA DE PERFUMES E;07891033882953;ZAAD EDP INFINITY 95ml;1,000;252,22;252,22;80,24;0,00;0,00;171,98;68,19;214,33;5,30;10,87;A;;
03/09/2026;024669 - 24669 ACQUA DISTRIBUIDORA DE PERFUMES E;07891033468980;ZAAD EDP EXPEDITION 95ml;1,000;246,81;246,81;77,07;0,00;0,00;169,74;68,77;220,24;5,23;16,10;A;;
03/09/2026;024669 - 24669 ACQUA DISTRIBUIDORA DE PERFUMES E;07891033524686;BOTIK GEL LIM FAC MIC AC MAN/SAL 50g PRM;10,000;150,92;15,09;0,00;0,00;0,00;150,92;100,00;0,00;4,65;20,74;A;;
03/09/2026;024669 - 24669 ACQUA DISTRIBUIDORA DE PERFUMES E;07891033841820;LILY DES COL BDY SPLSH 200ml;2,000;183,76;91,88;42,36;0,00;0,00;141,40;76,95;333,81;4,36;25,10;A;;
03/09/2026;024669 - 24669 ACQUA DISTRIBUIDORA DE PERFUMES E;07891033740437;LINDA DES COL V4 100ml;2,000;246,28;123,14;111,38;0,00;0,00;134,90;54,78;121,12;4,16;29,26;A;;
03/09/2026;024669 - 24669 ACQUA DISTRIBUIDORA DE PERFUMES E;07891033843879;MALBEC DES COL V6 100ml;1,000;174,90;174,90;41,40;0,00;0,00;133,50;76,33;322,46;4,11;33,37;A;;
03/09/2026;024669 - 24669 ACQUA DISTRIBUIDORA DE PERFUMES E;07891033550838;NEXT COLONIA 75ml;2,000;183,70;91,85;62,72;0,00;0,00;120,98;65,86;192,89;3,73;37,10;A;;
03/09/2026;024669 - 24669 ACQUA DISTRIBUIDORA DE PERFUMES E;07891033334247;ESTJ FLORATTA FLOWERS SORT REG/22;1,000;197,91;197,91;91,46;0,00;0,00;106,45;53,79;116,39;3,28;40,38;A;;
03/09/2026;024669 - 24669 ACQUA DISTRIBUIDORA DE PERFUMES E;07891033584734;BOTIK SRUM ALT/POT AC MAND/SALIC V2 30ml;1,000;172,43;172,43;74,81;0,00;0,00;97,62;56,61;130,49;3,01;43,38;A;;
03/09/2026;024669 - 24669 ACQUA DISTRIBUIDORA DE PERFUMES E;07891033852390;LILY CR ACET DES HID CPO CASHMERE 250g;1,000;134,91;134,91;37,93;0,00;0,00;96,98;71,88;255,68;2,99;46,37;A;;
03/09/2026;024669 - 24669 ACQUA DISTRIBUIDORA DE PERFUMES E;07891033856060;INSENSATEZ DES COL V4 100ml;2,000;162,27;81,13;65,38;0,00;0,00;96,89;59,71;148,20;2,98;49,36;A;;
03/09/2026;024669 - 24669 ACQUA DISTRIBUIDORA DE PERFUMES E;07891033197347;THATY DES COL BOTICOLL 100ML;2,000;147,13;73,56;51,28;0,00;0,00;95,85;65,15;186,91;2,95;52,31;A;;
03/09/2026;024669 - 24669 ACQUA DISTRIBUIDORA DE PERFUMES E;07891033016761;NSPA OL MULTIF AMEIXA 85ml;1,000;124,16;124,16;32,97;0,00;0,00;91,19;73,45;276,58;2,81;55,12;A;;
03/09/2026;024669 - 24669 ACQUA DISTRIBUIDORA DE PERFUMES E;07891033826896;EGEO DES COL CHOC C/CAR 90ml;1,000;112,41;112,41;30,86;0,00;0,00;81,55;72,55;264,26;2,51;57,63;A;;
03/09/2026;024669 - 24669 ACQUA DISTRIBUIDORA DE PERFUMES E;07891033362264;ESTJ GLAMOUR SEC BL REG/22;1,000;105,80;105,80;26,53;0,00;0,00;79,27;74,92;298,79;2,44;60,07;A;;
03/09/2026;024669 - 24669 ACQUA DISTRIBUIDORA DE PERFUMES E;07891033945108;BOTIK BALM LAB HID AC/HIALUR V2 32g;4,000;121,45;30,36;44,44;0,00;0,00;77,01;63,41;173,29;2,37;62,45;A;;
03/09/2026;024669 - 24669 ACQUA DISTRIBUIDORA DE PERFUMES E;07891033486342;DREAM DES COL SPLSH AMOR NO AR 200ml V2;1,000;100,87;100,87;26,77;0,00;0,00;74,10;73,46;276,80;2,28;64,73;A;;
03/09/2026;024669 - 24669 ACQUA DISTRIBUIDORA DE PERFUMES E;07891033894604;BOTIK SR FAC LIFT FIR PEP PR/EL PRM 10ml;2,000;67,70;33,85;2,16;0,00;0,00;65,54;96,81;3034,26;2,02;66,75;A;;
03/09/2026;024669 - 24669 ACQUA DISTRIBUIDORA DE PERFUMES E;07891033903818;PMPCK MALBEC DES BODY SPRAY;1,000;79,35;79,35;19,13;0,00;0,00;60,22;75,89;314,79;1,86;68,60;A;;
03/09/2026;024669 - 24669 ACQUA DISTRIBUIDORA DE PERFUMES E;07891033958016;NSPA OL GLOR DES HID CPO AMEIX/INT 200ml;1,000;76,41;76,41;22,63;0,00;0,00;53,78;70,38;237,65;1,66;70,26;A;;
03/09/2026;024669 - 24669 ACQUA DISTRIBUIDORA DE PERFUMES E;07891033902194;CBEM DES COL BDY SPLSH DEL/CARAM 200ml;1,000;85,41;85,41;34,73;0,00;0,00;50,68;59,34;145,93;1,56;71,82;A;;
03/09/2026;024669 - 24669 ACQUA DISTRIBUIDORA DE PERFUMES E;07891033511471;CBEM DES COL BDY SPLSH NUVEM V3 200ml;1,000;66,83;66,83;18,66;0,00;0,00;48,17;72,08;258,15;1,48;73,31;A;;
03/09/2026;024669 - 24669 ACQUA DISTRIBUIDORA DE PERFUMES E;07891033886951;CBEM LOC DES HID CP R/ALG N/FORM 200ml;1,000;56,56;56,56;8,83;0,00;0,00;47,73;84,39;540,54;1,47;74,78;A;;
03/09/2026;024669 - 24669 ACQUA DISTRIBUIDORA DE PERFUMES E;07891033487844;ZAAD DES ANTIT AER 75g V7;2,000;66,21;33,10;23,10;0,00;0,00;43,11;65,11;186,62;1,33;76,10;A;;
03/09/2026;024669 - 24669 ACQUA DISTRIBUIDORA DE PERFUMES E;07891033598762;BOTIK CR MULTIREP FAC CIC/PANT/CER 30g;1,000;56,39;56,39;13,56;0,00;0,00;42,83;75,95;315,86;1,32;77,42;A;;
03/09/2026;024669 - 24669 ACQUA DISTRIBUIDORA DE PERFUMES E;07891033954193;MAKE B BAT EASY MATE BARE ROSE 39g;1,000;58,41;58,41;17,85;0,00;0,00;40,56;69,44;227,23;1,25;78,67;A;;
03/09/2026;024669 - 24669 ACQUA DISTRIBUIDORA DE PERFUMES E;07891033879168;NSPA CR ANTIS P/MAOS FPS15 QUINOA V3 75g;1,000;51,23;51,23;10,91;0,00;0,00;40,32;78,70;369,57;1,24;79,91;A;;
03/09/2026;024669 - 24669 ACQUA DISTRIBUIDORA DE PERFUMES E;07891033886968;REF CBEM LOC D H CP R/ALG N/FORM 350ml;1,000;59,54;59,54;21,89;0,00;0,00;37,65;63,23;172,00;1,16;81,07;B;;
03/09/2026;024669 - 24669 ACQUA DISTRIBUIDORA DE PERFUMES E;07891033518067;REF BOTI BABY COND 350ml;1,000;47,90;47,90;10,48;0,00;0,00;37,42;78,12;357,06;1,15;82,23;B;;
03/09/2026;024669 - 24669 ACQUA DISTRIBUIDORA DE PERFUMES E;07891033476022;BOTI SUN PR FAC ANTIS ACQ FLD FPS70 40ml;1,000;52,81;52,81;15,58;0,00;0,00;37,23;70,50;238,96;1,15;83,37;B;;
03/09/2026;024669 - 24669 ACQUA DISTRIBUIDORA DE PERFUMES E;07891033958023;NSPA ACUC ESF CPO AMEIX/INT 180g;1,000;62,91;62,91;26,12;0,00;0,00;36,79;58,48;140,85;1,13;84,51;B;;
03/09/2026;024669 - 24669 ACQUA DISTRIBUIDORA DE PERFUMES E;07891033889112;LILY SAB BARRA V2 2x90g;1,000;49,87;49,87;15,86;0,00;0,00;34,01;68,20;214,44;1,05;85,56;B;;
03/09/2026;024669 - 24669 ACQUA DISTRIBUIDORA DE PERFUMES E;07891033556427;PMPCK ARBO DES ANT AER 2x75g/125ml;1,000;58,44;58,44;25,65;0,00;0,00;32,79;56,11;127,84;1,01;86,57;B;;
03/09/2026;024669 - 24669 ACQUA DISTRIBUIDORA DE PERFUMES E;07891033909810;NSPA DES COL BDY SPLSH AMEIX/INT 200ml;1,000;73,79;73,79;42,28;0,00;0,00;31,51;42,70;74,53;0,97;87,54;B;;
03/09/2026;024669 - 24669 ACQUA DISTRIBUIDORA DE PERFUMES E;07891033866700;MATCH CR P/PENT CRESP CIEN/CURV V2 450ml;1,000;55,61;55,61;24,95;0,00;0,00;30,66;55,13;122,89;0,94;88,48;B;;
03/09/2026;024669 - 24669 ACQUA DISTRIBUIDORA DE PERFUMES E;07891033884216;CBEM DES COL BDY SPLSH ROS/ALGODAO 60ml;1,000;49,60;49,60;19,22;0,00;0,00;30,38;61,25;158,06;0,94;89,42;B;;
03/09/2026;024669 - 24669 ACQUA DISTRIBUIDORA DE PERFUMES E;07891033595815;MATCH MASC CAP NUTR/REGEN V2 250g;1,000;56,80;56,80;26,86;0,00;0,00;29,94;52,71;111,47;0,92;90,34;B;;
03/09/2026;024669 - 24669 ACQUA DISTRIBUIDORA DE PERFUMES E;07891033860777;COFFEE DES ANTIT AER ORIENT/AMB 125ml;1,000;39,04;39,04;12,73;0,00;0,00;26,31;67,39;206,68;0,81;91,15;B;;
03/09/2026;024669 - 24669 ACQUA DISTRIBUIDORA DE PERFUMES E;07891033957958;NSPA CR PERF DES HID CPO AMEIX/INT 400ml;1,000;61,07;61,07;35,37;0,00;0,00;25,70;42,08;72,66;0,79;91,94;B;;
03/09/2026;024669 - 24669 ACQUA DISTRIBUIDORA DE PERFUMES E;07891033521470;DR BOTICA CR PENT POC/TR/NO CACHOS 350ml;1,000;50,93;50,93;27,48;0,00;0,00;23,45;46,04;85,33;0,72;92,66;B;;
03/09/2026;024669 - 24669 ACQUA DISTRIBUIDORA DE PERFUMES E;07891033511662;CBEM SAB BARRA ROSA/ALGODAO V8 2x80g;2,000;37,16;18,58;14,42;0,00;0,00;22,74;61,19;157,70;0,70;93,36;B;;
03/09/2026;024669 - 24669 ACQUA DISTRIBUIDORA DE PERFUMES E;07891033521401;DR BOTICA COND POC/BRILHO CACHOS 400ml;1,000;48,68;48,68;26,42;0,00;0,00;22,26;45,73;84,25;0,69;94,05;B;;
03/09/2026;024669 - 24669 ACQUA DISTRIBUIDORA DE PERFUMES E;07891033512140;QUASAR DES ANTIT AER BLUE V10 75g;1,000;39,03;39,03;17,03;0,00;0,00;22,00;56,37;129,18;0,68;94,73;B;;
03/09/2026;024669 - 24669 ACQUA DISTRIBUIDORA DE PERFUMES E;07891033566013;DR BOTICA SHAMP POC/ESPUM CACHOS 400ml;1,000;47,93;47,93;26,11;0,00;0,00;21,82;45,52;83,57;0,67;95,40;C;;
03/09/2026;024669 - 24669 ACQUA DISTRIBUIDORA DE PERFUMES E;07891033867677;CBEM CR HID MAOS PESSEGURA 45g;1,000;34,14;34,14;14,79;0,00;0,00;19,35;56,68;130,83;0,60;96,00;C;;
03/09/2026;024669 - 24669 ACQUA DISTRIBUIDORA DE PERFUMES E;07891033756315;INTENSE PO COMPACTO FACIAL 70 5g;1,000;47,38;47,38;28,33;0,00;0,00;19,05;40,21;67,24;0,59;96,58;C;;
03/09/2026;024669 - 24669 ACQUA DISTRIBUIDORA DE PERFUMES E;07891033855476;CBEM SAB BARRA SORTIDO V2 4x80g;1,000;32,54;32,54;14,35;0,00;0,00;18,19;55,90;126,76;0,56;97,14;C;;
03/09/2026;024669 - 24669 ACQUA DISTRIBUIDORA DE PERFUMES E;07891033799985;GLAMOUR DES BDY SPR SEC BL 100ml V3 PCK;1,000;26,26;26,26;9,42;0,00;0,00;16,84;64,13;178,77;0,52;97,66;C;;
03/09/2026;024669 - 24669 ACQUA DISTRIBUIDORA DE PERFUMES E;07891033538386;BOTIK PROT SOL FAC FPS 50 AC/HIAL 40ml;1,000;49,57;49,57;34,88;0,00;0,00;14,69;29,63;42,12;0,45;98,12;C;;
03/09/2026;024669 - 24669 ACQUA DISTRIBUIDORA DE PERFUMES E;07891033551040;CBEM SHAMP FEIRA VINAGRE FRAMBOESA 230ml;1,000;23,90;23,90;11,13;0,00;0,00;12,77;53,43;114,73;0,39;98,51;C;;
03/09/2026;024669 - 24669 ACQUA DISTRIBUIDORA DE PERFUMES E;07891033548798;ESTJ BOTI BABY NINHO V2;1,000;31,73;31,73;19,50;0,00;0,00;12,23;38,54;62,72;0,38;98,89;C;;
03/09/2026;024669 - 24669 ACQUA DISTRIBUIDORA DE PERFUMES E;07891033526277;BOTIK BALM LAB HID AC/HIALUR 32g;1,000;28,14;28,14;17,86;0,00;0,00;10,28;36,53;57,56;0,32;99,20;C;;
03/09/2026;024669 - 24669 ACQUA DISTRIBUIDORA DE PERFUMES E;07891033539710;CBEM MASC CAP SCH FEIRA PASTA ABAC 30ml;1,000;16,56;16,56;7,25;0,00;0,00;9,31;56,22;128,41;0,29;99,49;C;;
03/09/2026;024669 - 24669 ACQUA DISTRIBUIDORA DE PERFUMES E;07891033827954;CBEM COND FEIRA PASTA ABACATE 170ml;1,000;19,74;19,74;10,99;0,00;0,00;8,75;44,33;79,62;0,27;99,76;C;;
03/09/2026;024669 - 24669 ACQUA DISTRIBUIDORA DE PERFUMES E;07891033950126;COFFEE D/COL WOM/ADD OR/FRUT PRM V2 10ml;3,000;30,24;10,08;22,41;0,00;0,00;7,83;25,89;34,94;0,24;100,00;C;;
03/09/2026;024670 - ACQUA DISTRIBUIDORA DE PERFUMES E COSMETICOS LTDA;07891033902378;ESTJ ZAAD PAIS/26;2,000;559,91;279,95;239,42;0,00;0,00;320,49;57,24;133,86;13,23;13,23;A;;
03/09/2026;024670 - ACQUA DISTRIBUIDORA DE PERFUMES E COSMETICOS LTDA;07891033479498;THE BLEND EDP 100ml V2;1,000;337,90;337,90;98,91;0,00;0,00;238,99;70,73;241,62;9,87;23,10;A;;
03/09/2026;024670 - ACQUA DISTRIBUIDORA DE PERFUMES E COSMETICOS LTDA;07891033595556;HER CODE EDP TOUCH 50ml;4,000;483,23;120,81;247,28;0,00;0,00;235,95;48,83;95,42;9,74;32,85;A;;
03/09/2026;024670 - ACQUA DISTRIBUIDORA DE PERFUMES E COSMETICOS LTDA;07891033740437;LINDA DES COL V4 100ml;3,000;344,19;114,73;174,45;0,00;0,00;169,74;49,32;97,30;7,01;39,86;A;;
03/09/2026;024670 - ACQUA DISTRIBUIDORA DE PERFUMES E COSMETICOS LTDA;07891033553570;MALBEC EDP 90ml;1,000;279,90;279,90;115,35;0,00;0,00;164,55;58,79;142,65;6,79;46,65;A;;
03/09/2026;024670 - ACQUA DISTRIBUIDORA DE PERFUMES E COSMETICOS LTDA;07891033535187;ELYSEE EDP V2 50ml;1,000;220,06;220,06;60,48;0,00;0,00;159,58;72,52;263,86;6,59;53,24;A;;
03/09/2026;024670 - ACQUA DISTRIBUIDORA DE PERFUMES E COSMETICOS LTDA;07891033843879;MALBEC DES COL V6 100ml;2,000;324,02;162,01;165,16;0,00;0,00;158,86;49,03;96,19;6,56;59,80;A;;
03/09/2026;024670 - ACQUA DISTRIBUIDORA DE PERFUMES E COSMETICOS LTDA;07891033740963;GLAMOUR DES COL 75ml V6;1,000;165,48;165,48;36,13;0,00;0,00;129,35;78,17;358,01;5,34;65,14;A;;
03/09/2026;024670 - ACQUA DISTRIBUIDORA DE PERFUMES E COSMETICOS LTDA;07891033481415;ACCORDES DES COL 80ml V5;1,000;152,95;152,95;41,36;0,00;0,00;111,59;72,96;269,80;4,61;69,75;A;;
03/09/2026;024670 - ACQUA DISTRIBUIDORA DE PERFUMES E COSMETICOS LTDA;07891033531868;BOTIK SRUM FAC ALT POT VITAM C 15ml;1,000;134,05;134,05;33,37;0,00;0,00;100,68;75,11;301,71;4,16;73,91;A;;
03/09/2026;024670 - ACQUA DISTRIBUIDORA DE PERFUMES E COSMETICOS LTDA;07891033947584;REF LILY CR ACET DES HID CPO 200g;1,000;99,90;99,90;22,75;0,00;0,00;77,15;77,23;339,12;3,19;77,09;A;;
03/09/2026;024670 - ACQUA DISTRIBUIDORA DE PERFUMES E COSMETICOS LTDA;07891033741038;GLAMOUR DES COL SEC BL 75ml V4;1,000;118,88;118,88;54,32;0,00;0,00;64,56;54,31;118,85;2,67;79,76;A;;
03/09/2026;024670 - ACQUA DISTRIBUIDORA DE PERFUMES E COSMETICOS LTDA;07891033963997;HER CODE CR AVELD DES HID CP TOUCH 200g;1,000;96,50;96,50;31,96;0,00;0,00;64,54;66,88;201,94;2,67;82,42;B;;
03/09/2026;024670 - ACQUA DISTRIBUIDORA DE PERFUMES E COSMETICOS LTDA;07891033954544;PMPCK QUASAR DES BODY SPRAY DEEP BLUE;1,000;70,58;70,58;18,30;0,00;0,00;52,28;74,07;285,68;2,16;84,58;B;;
03/09/2026;024670 - ACQUA DISTRIBUIDORA DE PERFUMES E COSMETICOS LTDA;07891033744381;ARBO DES COL 100ml V4;1,000;120,10;120,10;75,37;0,00;0,00;44,73;37,24;59,35;1,85;86,43;B;;
03/09/2026;024670 - ACQUA DISTRIBUIDORA DE PERFUMES E COSMETICOS LTDA;07891033878024;MAKE B BATOM PREENCH HYAL NUDE CHIC 4g;1,000;59,18;59,18;17,70;0,00;0,00;41,48;70,09;234,35;1,71;88,14;B;;
03/09/2026;024670 - ACQUA DISTRIBUIDORA DE PERFUMES E COSMETICOS LTDA;07891033514687;BOTIK CR HID FAC ANTIOX VITAM C V2 50g;1,000;75,51;75,51;35,36;0,00;0,00;40,15;53,17;113,55;1,66;89,80;B;;
03/09/2026;024670 - ACQUA DISTRIBUIDORA DE PERFUMES E COSMETICOS LTDA;07891033520770;MATCH CR P/PENT CRESPOS CIEN/CURV 450ml;1,000;53,29;53,29;22,68;0,00;0,00;30,61;57,44;134,96;1,26;91,06;B;;
03/09/2026;024670 - ACQUA DISTRIBUIDORA DE PERFUMES E COSMETICOS LTDA;07891033486960;LILY DES ANTIT AEROSSOL 75g V9;1,000;39,90;39,90;11,28;0,00;0,00;28,62;71,73;253,72;1,18;92,25;B;;
03/09/2026;024670 - ACQUA DISTRIBUIDORA DE PERFUMES E COSMETICOS LTDA;07891033538386;BOTIK PROT SOL FAC FPS 50 AC/HIAL 40ml;1,000;47,88;47,88;23,00;0,00;0,00;24,88;51,96;108,17;1,03;93,27;B;;
03/09/2026;024670 - ACQUA DISTRIBUIDORA DE PERFUMES E COSMETICOS LTDA;07891033486533;ELYSEE DES ANTIT AEROSSOL 75g V3;2,000;47,43;23,71;23,14;0,00;0,00;24,29;51,21;104,97;1,00;94,28;B;;
03/09/2026;024670 - ACQUA DISTRIBUIDORA DE PERFUMES E COSMETICOS LTDA;07891033882984;ZAAD EDP INFINITY PRM 10ml;3,000;43,53;14,51;19,32;0,00;0,00;24,21;55,62;125,31;1,00;95,28;C;;
03/09/2026;024670 - ACQUA DISTRIBUIDORA DE PERFUMES E COSMETICOS LTDA;07891033512317;CBEM SAB BARRA CEREJA LIVRE V2 2x80g;2,000;38,48;19,24;14,78;0,00;0,00;23,70;61,59;160,35;0,98;96,25;C;;
03/09/2026;024670 - ACQUA DISTRIBUIDORA DE PERFUMES E COSMETICOS LTDA;07891033866670;MATCH LEAV IN CAP LEVE CIEN/CUR V2 250ml;1,000;40,97;40,97;18,99;0,00;0,00;21,98;53,65;115,75;0,91;97,16;C;;
03/09/2026;024670 - ACQUA DISTRIBUIDORA DE PERFUMES E COSMETICOS LTDA;07891033511655;CBEM SAB BARRA ROSA/ALGODAO 4x80g;2,000;48,66;24,33;27,56;0,00;0,00;21,10;43,36;76,56;0,87;98,03;C;;
03/09/2026;024670 - ACQUA DISTRIBUIDORA DE PERFUMES E COSMETICOS LTDA;07891033856060;INSENSATEZ DES COL V4 100ml;2,000;141,28;70,64;122,96;0,00;0,00;18,32;12,97;14,90;0,76;98,79;C;;
03/09/2026;024670 - ACQUA DISTRIBUIDORA DE PERFUMES E COSMETICOS LTDA;07891033868520;BOTIK GEL LIMP FAC VITAM B5 PRM 50g;1,000;14,86;14,86;0,00;0,00;0,00;14,86;100,00;0,00;0,61;99,40;C;;
03/09/2026;024670 - ACQUA DISTRIBUIDORA DE PERFUMES E COSMETICOS LTDA;07891033856794;CBEM SAB BARRA CER/FASES 4x80g;1,000;24,21;24,21;10,43;0,00;0,00;13,78;56,92;132,12;0,57;99,97;C;;
03/09/2026;024670 - ACQUA DISTRIBUIDORA DE PERFUMES E COSMETICOS LTDA;07891033830657;LIZ DES ANTIT AER 75g;1,000;23,72;23,72;17,27;0,00;0,00;6,45;27,19;37,35;0,27;100,24;C;;
03/09/2026;024670 - ACQUA DISTRIBUIDORA DE PERFUMES E COSMETICOS LTDA;07891033894017;CX PRESENTE M BOTI INST/25 VDA;1,000;10,78;10,78;7,37;0,00;0,00;3,41;31,63;46,27;0,14;100,38;C;;
03/09/2026;024670 - ACQUA DISTRIBUIDORA DE PERFUMES E COSMETICOS LTDA;07891033535439;MATCH SRUM COUR CAB REVIT CIEN/CURV 50ml;1,000;14,74;14,74;16,64;0,00;0,00;-1,90;-12,89;-11,42;-0,08;100,30;C;;
03/09/2026;024670 - ACQUA DISTRIBUIDORA DE PERFUMES E COSMETICOS LTDA;07891033946310;BOTIK CR NUTR FIR ROS/PESC R/SIL PRM 10g;1,000;0,25;0,25;7,54;0,00;0,00;-7,29;-2916,00;-96,68;-0,30;100,00;C;;
03/09/2026;024671 - 24671 ACQUA DISTRIBUIDORA DE PERFUMES E;07891033878420;THE BLEND EDP SAFFRON 100ml;1,000;364,64;364,64;94,25;0,00;0,00;270,39;74,15;286,89;14,08;14,08;A;;
03/09/2026;024671 - 24671 ACQUA DISTRIBUIDORA DE PERFUMES E;07891033482962;FLORATTA DES COL ROSE BOUQUET 75ml;2,000;253,27;126,63;58,96;0,00;0,00;194,31;76,72;329,56;10,12;24,20;A;;
03/09/2026;024671 - 24671 ACQUA DISTRIBUIDORA DE PERFUMES E;07891033740437;LINDA DES COL V4 100ml;4,000;488,40;122,10;316,64;0,00;0,00;171,76;35,17;54,24;8,95;33,15;A;;
03/09/2026;024671 - 24671 ACQUA DISTRIBUIDORA DE PERFUMES E;07891033902309;ESTJ THE BLEND PAIS/26;1,000;272,25;272,25;130,49;0,00;0,00;141,76;52,07;108,64;7,38;40,53;A;;
03/09/2026;024671 - 24671 ACQUA DISTRIBUIDORA DE PERFUMES E;07891033757923;FLORATTA DES COL RED 75ml;1,000;174,90;174,90;62,03;0,00;0,00;112,87;64,53;181,96;5,88;46,41;A;;
03/09/2026;024671 - 24671 ACQUA DISTRIBUIDORA DE PERFUMES E;07891033767007;LIZ DES COL 100ml;1,000;148,67;148,67;36,23;0,00;0,00;112,44;75,63;310,35;5,86;52,27;A;;
03/09/2026;024671 - 24671 ACQUA DISTRIBUIDORA DE PERFUMES E;07891033843879;MALBEC DES COL V6 100ml;1,000;174,90;174,90;82,64;0,00;0,00;92,26;52,75;111,64;4,81;57,08;A;;
03/09/2026;024671 - 24671 ACQUA DISTRIBUIDORA DE PERFUMES E;07891033480609;LILY CREM DES HID ACET CPO 250g V8;1,000;149,90;149,90;58,96;0,00;0,00;90,94;60,67;154,24;4,74;61,81;A;;
03/09/2026;024671 - 24671 ACQUA DISTRIBUIDORA DE PERFUMES E;07891033013029;PMPCK LILY DES ANTIT AER 2x75g;3,000;160,83;53,61;78,45;0,00;0,00;82,38;51,22;105,01;4,29;66,10;A;;
03/09/2026;024671 - 24671 ACQUA DISTRIBUIDORA DE PERFUMES E;07891033841820;LILY DES COL BDY SPLSH 200ml;1,000;96,45;96,45;21,18;0,00;0,00;75,27;78,04;355,38;3,92;70,02;A;;
03/09/2026;024671 - 24671 ACQUA DISTRIBUIDORA DE PERFUMES E;07891033515004;SOPHIE COL CANDY 100ml V2;1,000;119,90;119,90;48,95;0,00;0,00;70,95;59,17;144,94;3,70;73,72;A;;
03/09/2026;024671 - 24671 ACQUA DISTRIBUIDORA DE PERFUMES E;07891033883950;CBEM DES COL BDY SPLSH ROS/ALG V4 200ml;1,000;79,90;79,90;17,71;0,00;0,00;62,19;77,83;351,16;3,24;76,96;A;;
03/09/2026;024671 - 24671 ACQUA DISTRIBUIDORA DE PERFUMES E;07891033856060;INSENSATEZ DES COL V4 100ml;4,000;307,11;76,78;245,92;0,00;0,00;61,19;19,92;24,88;3,19;80,15;B;;
03/09/2026;024671 - 24671 ACQUA DISTRIBUIDORA DE PERFUMES E;07891033583782;MALBEC CARTEIRA MASCULINA PU;1,000;69,90;69,90;13,67;0,00;0,00;56,23;80,44;411,34;2,93;83,07;B;;
03/09/2026;024671 - 24671 ACQUA DISTRIBUIDORA DE PERFUMES E;07891033880102;MAKE B BAT LIQ MAT AC/POL DARK/RG V2 5ml;1,000;62,62;62,62;13,76;0,00;0,00;48,86;78,03;355,09;2,54;85,62;B;;
03/09/2026;024671 - 24671 ACQUA DISTRIBUIDORA DE PERFUMES E;07891033567980;MATCH MASC CAP SCIENCE PRE/POS QUIM 250g;1,000;66,16;66,16;20,31;0,00;0,00;45,85;69,30;225,75;2,39;88,01;B;;
03/09/2026;024671 - 24671 ACQUA DISTRIBUIDORA DE PERFUMES E;07891033957972;REF NSPA CR PERF DES HID CP AM/INT 350ml;1,000;51,09;51,09;12,73;0,00;0,00;38,36;75,08;301,34;2,00;90,01;B;;
03/09/2026;024671 - 24671 ACQUA DISTRIBUIDORA DE PERFUMES E;07891033486960;LILY DES ANTIT AEROSSOL 75g V9;2,000;52,99;26,49;22,54;0,00;0,00;30,45;57,46;135,09;1,59;91,59;B;;
03/09/2026;024671 - 24671 ACQUA DISTRIBUIDORA DE PERFUMES E;07891033566013;DR BOTICA SHAMP POC/ESPUM CACHOS 400ml;1,000;46,20;46,20;16,07;0,00;0,00;30,13;65,22;187,49;1,57;93,16;B;;
03/09/2026;024671 - 24671 ACQUA DISTRIBUIDORA DE PERFUMES E;07891033749652;MALBEC LOC DES HID CPO RPCK 200ml;1,000;43,10;43,10;14,00;0,00;0,00;29,10;67,52;207,86;1,52;94,68;B;;
03/09/2026;024671 - 24671 ACQUA DISTRIBUIDORA DE PERFUMES E;07891033521470;DR BOTICA CR PENT POC/TR/NO CACHOS 350ml;1,000;49,09;49,09;26,48;0,00;0,00;22,61;46,06;85,39;1,18;95,85;C;;
03/09/2026;024671 - 24671 ACQUA DISTRIBUIDORA DE PERFUMES E;07891033521401;DR BOTICA COND POC/BRILHO CACHOS 400ml;1,000;46,93;46,93;24,93;0,00;0,00;22,00;46,88;88,25;1,15;97,00;C;;
03/09/2026;024671 - 24671 ACQUA DISTRIBUIDORA DE PERFUMES E;07891033512263;CBEM SAB BARRA NUVEM V5 2x80g;1,000;24,90;24,90;6,95;0,00;0,00;17,95;72,09;258,27;0,93;97,93;C;;
03/09/2026;024671 - 24671 ACQUA DISTRIBUIDORA DE PERFUMES E;07891033536283;BOTIK GEL LIMP FAC VITAM C PRM 50g;2,000;16,23;8,11;0,00;0,00;0,00;16,23;100,00;0,00;0,85;98,78;C;;
03/09/2026;024671 - 24671 ACQUA DISTRIBUIDORA DE PERFUMES E;07891033527236;LIZ CR DES HID CPO 100ml;1,000;22,90;22,90;8,02;0,00;0,00;14,88;64,98;185,54;0,78;99,56;C;;
03/09/2026;024671 - 24671 ACQUA DISTRIBUIDORA DE PERFUMES E;07891033511662;CBEM SAB BARRA ROSA/ALGODAO V8 2x80g;1,000;19,90;19,90;7,21;0,00;0,00;12,69;63,77;176,01;0,66;100,22;C;;
03/09/2026;024671 - 24671 ACQUA DISTRIBUIDORA DE PERFUMES E;07891033908226;SACOLA M BOTICARIO INST/25;1,000;0,01;0,01;1,56;0,00;0,00;-1,55;-15500,00;-99,36;-0,08;100,14;C;;
03/09/2026;024671 - 24671 ACQUA DISTRIBUIDORA DE PERFUMES E;07891033908219;SACOLA P BOTICARIO INST/25;2,000;0,02;0,01;2,62;0,00;0,00;-2,60;-13000,00;-99,24;-0,14;100,00;C;;
04/09/2026;024303 - 24303 ACQUA DISTRIBUIDORA DE PERFUMES E;07891033481439;ELYSEE EDP BLANC 50ml V2;1,000;236,32;236,32;61,74;0,00;0,00;174,58;73,87;282,77;10,10;10,10;A;;
04/09/2026;024303 - 24303 ACQUA DISTRIBUIDORA DE PERFUMES E;07891033222490;FREE DES COL BOTICOLL 100ml V4;1,000;166,84;166,84;60,06;0,00;0,00;106,78;64,00;177,79;6,18;16,28;A;;
04/09/2026;024303 - 24303 ACQUA DISTRIBUIDORA DE PERFUMES E;07891033890712;MAKE B BASE LIQ HYALURONIC 285N 30ml;1,000;132,90;132,90;34,20;0,00;0,00;98,70;74,27;288,60;5,71;21,99;A;;
04/09/2026;024303 - 24303 ACQUA DISTRIBUIDORA DE PERFUMES E;07891033482962;FLORATTA DES COL ROSE BOUQUET 75ml;1,000;129,90;129,90;33,50;0,00;0,00;96,40;74,21;287,76;5,58;27,56;A;;
04/09/2026;024303 - 24303 ACQUA DISTRIBUIDORA DE PERFUMES E;07891033878987;BOTICOLL CONNEXION DES COL V3 100ml;1,000;118,10;118,10;29,88;0,00;0,00;88,22;74,70;295,25;5,10;32,67;A;;
04/09/2026;024303 - 24303 ACQUA DISTRIBUIDORA DE PERFUMES E;07891033553570;MALBEC EDP 90ml;1,000;203,34;203,34;116,57;0,00;0,00;86,77;42,67;74,44;5,02;37,69;A;;
04/09/2026;024303 - 24303 ACQUA DISTRIBUIDORA DE PERFUMES E;07891033818495;LINDA DES COL FELICIDADE V2 100ml;1,000;145,68;145,68;63,97;0,00;0,00;81,71;56,09;127,73;4,73;42,41;A;;
04/09/2026;024303 - 24303 ACQUA DISTRIBUIDORA DE PERFUMES E;07891033841820;LILY DES COL BDY SPLSH 200ml;1,000;99,90;99,90;21,40;0,00;0,00;78,50;78,58;366,82;4,54;46,96;A;;
04/09/2026;024303 - 24303 ACQUA DISTRIBUIDORA DE PERFUMES E;07891033524686;BOTIK GEL LIM FAC MIC AC MAN/SAL 50g PRM;5,000;71,82;14,36;0,00;0,00;0,00;71,82;100,00;0,00;4,15;51,11;A;;
04/09/2026;024303 - 24303 ACQUA DISTRIBUIDORA DE PERFUMES E;07891033585267;QUASAR DES COL DEEP BLUE 100ml;1,000;138,22;138,22;67,14;0,00;0,00;71,08;51,43;105,87;4,11;55,22;A;;
04/09/2026;024303 - 24303 ACQUA DISTRIBUIDORA DE PERFUMES E;07891033826858;EGEO DES COL BOMB BLACK C/CAR 90ml;1,000;129,90;129,90;61,82;0,00;0,00;68,08;52,41;110,13;3,94;59,16;A;;
04/09/2026;024303 - 24303 ACQUA DISTRIBUIDORA DE PERFUMES E;07891033479085;DREAM DES COL SPLSH VIAG/ENC 200ml V2;1,000;107,91;107,91;46,74;0,00;0,00;61,17;56,69;130,87;3,54;62,70;A;;
04/09/2026;024303 - 24303 ACQUA DISTRIBUIDORA DE PERFUMES E;07891033483754;ELYSEE CR DES HID ACET CPO BLANC 250g V2;1,000;97,79;97,79;37,33;0,00;0,00;60,46;61,83;161,96;3,50;66,20;A;;
04/09/2026;024303 - 24303 ACQUA DISTRIBUIDORA DE PERFUMES E;07891033506774;CLASH DES COL 100ml;1,000;128,02;128,02;71,51;0,00;0,00;56,51;44,14;79,02;3,27;69,47;A;;
04/09/2026;024303 - 24303 ACQUA DISTRIBUIDORA DE PERFUMES E;07891033826889;EGEO DES COL DOLCE C/CAR 90ml;1,000;113,90;113,90;57,47;0,00;0,00;56,43;49,54;98,19;3,26;72,73;A;;
04/09/2026;024303 - 24303 ACQUA DISTRIBUIDORA DE PERFUMES E;07891033852932;ESTJ HER CODE AMOR/25;1,000;215,66;215,66;160,20;0,00;0,00;55,46;25,72;34,62;3,21;75,94;A;;
04/09/2026;024303 - 24303 ACQUA DISTRIBUIDORA DE PERFUMES E;07891033954056;PMPCK LILY DES B/SPR LEAU/LILY BLANC;1,000;75,69;75,69;21,40;0,00;0,00;54,29;71,73;253,69;3,14;79,08;A;;
04/09/2026;024303 - 24303 ACQUA DISTRIBUIDORA DE PERFUMES E;07891033511471;CBEM DES COL BDY SPLSH NUVEM V3 200ml;1,000;67,45;67,45;18,86;0,00;0,00;48,59;72,04;257,64;2,81;81,89;B;;
04/09/2026;024303 - 24303 ACQUA DISTRIBUIDORA DE PERFUMES E;07891033548873;ESTJ BOTI BABY CASCA V2;1,000;95,02;95,02;50,86;0,00;0,00;44,16;46,47;86,83;2,55;84,45;B;;
04/09/2026;024303 - 24303 ACQUA DISTRIBUIDORA DE PERFUMES E;07891033512393;CBEM DES COL BDY SPLSH CER/LIV V2 200ml;1,000;80,11;80,11;36,88;0,00;0,00;43,23;53,96;117,22;2,50;86,95;B;;
04/09/2026;024303 - 24303 ACQUA DISTRIBUIDORA DE PERFUMES E;07891033498970;CBEM LOC DES HID CPO CER/LIV V2 400ml;1,000;66,60;66,60;26,67;0,00;0,00;39,93;59,95;149,72;2,31;89,26;B;;
04/09/2026;024303 - 24303 ACQUA DISTRIBUIDORA DE PERFUMES E;07891033874910;BOTIK GEL LIMP F MCL AC MAND/SAL V2 150g;1,000;48,65;48,65;10,83;0,00;0,00;37,82;77,74;349,22;2,19;91,44;B;;
04/09/2026;024303 - 24303 ACQUA DISTRIBUIDORA DE PERFUMES E;07891033512317;CBEM SAB BARRA CEREJA LIVRE V2 2x80g;3,000;54,63;18,21;22,35;0,00;0,00;32,28;59,09;144,43;1,87;93,31;B;;
04/09/2026;024303 - 24303 ACQUA DISTRIBUIDORA DE PERFUMES E;07891033957958;NSPA CR PERF DES HID CPO AMEIX/INT 400ml;1,000;65,72;65,72;35,74;0,00;0,00;29,98;45,62;83,88;1,73;95,05;C;;
04/09/2026;024303 - 24303 ACQUA DISTRIBUIDORA DE PERFUMES E;07891033957989;NSPA CR PERF DES HID CP AMEIX/INT 180ml;1,000;49,41;49,41;25,82;0,00;0,00;23,59;47,74;91,36;1,36;96,41;C;;
04/09/2026;024303 - 24303 ACQUA DISTRIBUIDORA DE PERFUMES E;07891033511655;CBEM SAB BARRA ROSA/ALGODAO 4x80g;2,000;50,52;25,26;27,80;0,00;0,00;22,72;44,97;81,73;1,31;97,72;C;;
04/09/2026;024303 - 24303 ACQUA DISTRIBUIDORA DE PERFUMES E;07891033756261;INTENSE PO COMPACTO FACIAL 10 5g;1,000;50,59;50,59;29,31;0,00;0,00;21,28;42,06;72,60;1,23;98,96;C;;
04/09/2026;024303 - 24303 ACQUA DISTRIBUIDORA DE PERFUMES E;07891033886883;CBEM LOC DES HID CPO NUVEM N/FORM 400ml;1,000;49,72;49,72;29,15;0,00;0,00;20,57;41,37;70,57;1,19;100,15;C;;
04/09/2026;024303 - 24303 ACQUA DISTRIBUIDORA DE PERFUMES E;07891033519538;INTENSE MASC P/CILIO POP PRETO 10g;2,000;46,13;23,06;27,54;0,00;0,00;18,59;40,30;67,50;1,08;101,22;C;;
04/09/2026;024303 - 24303 ACQUA DISTRIBUIDORA DE PERFUMES E;07891033894017;CX PRESENTE M BOTI INST/25 VDA;1,000;11,03;11,03;0,00;0,00;0,00;11,03;100,00;0,00;0,64;101,86;C;;
04/09/2026;024303 - 24303 ACQUA DISTRIBUIDORA DE PERFUMES E;07891033958030;NSPA SAB BARRA CP AMEIX/INT 90g;1,000;12,51;12,51;5,99;0,00;0,00;6,52;52,12;108,85;0,38;102,24;C;;
04/09/2026;024303 - 24303 ACQUA DISTRIBUIDORA DE PERFUMES E;07891033964444;SACOLA G MAES 2026 BOTI UNIT;1,000;0,01;0,01;0,00;0,00;0,00;0,01;100,00;0,00;0,00;102,24;C;;
04/09/2026;024303 - 24303 ACQUA DISTRIBUIDORA DE PERFUMES E;07891033908226;SACOLA M BOTICARIO INST/25;5,000;0,05;0,01;7,80;0,00;0,00;-7,75;-15500,00;-99,36;-0,45;101,79;C;;
04/09/2026;024303 - 24303 ACQUA DISTRIBUIDORA DE PERFUMES E;07891033908219;SACOLA P BOTICARIO INST/25;8,000;0,08;0,01;10,48;0,00;0,00;-10,40;-13000,00;-99,24;-0,60;101,19;C;;
04/09/2026;024303 - 24303 ACQUA DISTRIBUIDORA DE PERFUMES E;07891033856770;CBEM LOC DES HID CPO CER/FASES PRM 50ml;3,000;0,03;0,01;20,55;0,00;0,00;-20,52;-68400,00;-99,85;-1,19;100,00;C;;
04/09/2026;024617 - ACQUA DISTRIBUIDORA DE PERFUMES E COSMETICOS LTDA;07891033497652;UOMINI DES COL V6 100ml;1,000;188,91;188,91;35,89;0,00;0,00;153,02;81,00;426,36;11,93;11,93;A;;
04/09/2026;024617 - ACQUA DISTRIBUIDORA DE PERFUMES E COSMETICOS LTDA;07891033491544;COFFEE DES COL UNIQ WOM FL/GOURM 100ml;1,000;211,37;211,37;75,66;0,00;0,00;135,71;64,20;179,37;10,58;22,51;A;;
04/09/2026;024617 - ACQUA DISTRIBUIDORA DE PERFUMES E COSMETICOS LTDA;07891033843916;MALBEC DES COL GOLD V3 100ml;1,000;233,91;233,91;98,67;0,00;0,00;135,24;57,82;137,06;10,55;33,06;A;;
04/09/2026;024617 - ACQUA DISTRIBUIDORA DE PERFUMES E COSMETICOS LTDA;07891033826896;EGEO DES COL CHOC C/CAR 90ml;3,000;315,98;105,33;190,83;0,00;0,00;125,15;39,61;65,58;9,76;42,82;A;;
04/09/2026;024617 - ACQUA DISTRIBUIDORA DE PERFUMES E COSMETICOS LTDA;07891033500222;HER CODE EDP 50ml;1,000;206,47;206,47;111,79;0,00;0,00;94,68;45,86;84,69;7,38;50,20;A;;
04/09/2026;024617 - ACQUA DISTRIBUIDORA DE PERFUMES E COSMETICOS LTDA;07891033744381;ARBO DES COL 100ml V4;1,000;128,63;128,63;38,92;0,00;0,00;89,71;69,74;230,50;7,00;57,20;A;;
04/09/2026;024617 - ACQUA DISTRIBUIDORA DE PERFUMES E COSMETICOS LTDA;07891033480609;LILY CREM DES HID ACET CPO 250g V8;1,000;149,00;149,00;59,61;0,00;0,00;89,39;59,99;149,96;6,97;64,17;A;;
04/09/2026;024617 - ACQUA DISTRIBUIDORA DE PERFUMES E COSMETICOS LTDA;07891033826858;EGEO DES COL BOMB BLACK C/CAR 90ml;1,000;116,91;116,91;29,10;0,00;0,00;87,81;75,11;301,75;6,85;71,01;A;;
04/09/2026;024617 - ACQUA DISTRIBUIDORA DE PERFUMES E COSMETICOS LTDA;07891033482801;NSPA DES COL BDY SPLSH AMEI/NEG 200ml V2;1,000;98,90;98,90;19,86;0,00;0,00;79,04;79,92;397,99;6,16;77,18;A;;
04/09/2026;024617 - ACQUA DISTRIBUIDORA DE PERFUMES E COSMETICOS LTDA;07891033842131;EGEO DES COL VAN VIBE 90ml;1,000;116,91;116,91;61,87;0,00;0,00;55,04;47,08;88,96;4,29;81,47;B;;
04/09/2026;024617 - ACQUA DISTRIBUIDORA DE PERFUMES E COSMETICOS LTDA;07891033880829;NSPA LOC DES HID CPO AMEIX/NEG V4 400ml;1,000;80,90;80,90;35,75;0,00;0,00;45,15;55,81;126,29;3,52;84,99;B;;
04/09/2026;024617 - ACQUA DISTRIBUIDORA DE PERFUMES E COSMETICOS LTDA;07891033826865;EGEO DES COL BLUE C/CAR 90ml;1,000;102,51;102,51;61,86;0,00;0,00;40,65;39,65;65,71;3,17;88,16;B;;
04/09/2026;024617 - ACQUA DISTRIBUIDORA DE PERFUMES E COSMETICOS LTDA;07891033826889;EGEO DES COL DOLCE C/CAR 90ml;1,000;102,51;102,51;63,60;0,00;0,00;38,91;37,96;61,18;3,03;91,19;B;;
04/09/2026;024617 - ACQUA DISTRIBUIDORA DE PERFUMES E COSMETICOS LTDA;07891033518036;BOTI BABY COND V2 400ml;1,000;60,89;60,89;28,50;0,00;0,00;32,39;53,19;113,65;2,53;93,72;B;;
04/09/2026;024617 - ACQUA DISTRIBUIDORA DE PERFUMES E COSMETICOS LTDA;07891033486342;DREAM DES COL SPLSH AMOR NO AR 200ml V2;1,000;73,29;73,29;46,58;0,00;0,00;26,71;36,44;57,34;2,08;95,80;C;;
04/09/2026;024617 - ACQUA DISTRIBUIDORA DE PERFUMES E COSMETICOS LTDA;07891033520190;BOTI BABY SHAMP V2 200ml;1,000;39,11;39,11;13,19;0,00;0,00;25,92;66,27;196,51;2,02;97,82;C;;
04/09/2026;024617 - ACQUA DISTRIBUIDORA DE PERFUMES E COSMETICOS LTDA;07891033490233;DREAM LOC DES HID CPO CEU/BAUN 200ml V2;1,000;35,71;35,71;17,77;0,00;0,00;17,94;50,24;100,96;1,40;99,22;C;;
04/09/2026;024617 - ACQUA DISTRIBUIDORA DE PERFUMES E COSMETICOS LTDA;07891033486571;EGEO DES ANTIT AEROSSOL DOLCE 75g V9;2,000;45,47;22,73;35,50;0,00;0,00;9,97;21,93;28,08;0,78;100,00;C;;
04/09/2026;024668 - ACQUA DISTRIBUIDORA DE PERFUMES E COSMETICOS LTDA;07891033826858;EGEO DES COL BOMB BLACK C/CAR 90ml;2,000;250,32;125,16;57,58;0,00;0,00;192,74;77,00;334,73;5,52;5,52;A;;
04/09/2026;024668 - ACQUA DISTRIBUIDORA DE PERFUMES E COSMETICOS LTDA;07891033736089;MALBEC DES COL NOIR 100ml V2;1,000;207,44;207,44;45,10;0,00;0,00;162,34;78,26;359,96;4,65;10,17;A;;
04/09/2026;024668 - ACQUA DISTRIBUIDORA DE PERFUMES E COSMETICOS LTDA;07891033894857;BOTIK SRUM FAC LIFT FIR PEPT/PRO/EL 30ml;1,000;202,15;202,15;43,78;0,00;0,00;158,37;78,34;361,74;4,53;14,70;A;;
04/09/2026;024668 - ACQUA DISTRIBUIDORA DE PERFUMES E COSMETICOS LTDA;07891033480609;LILY CREM DES HID ACET CPO 250g V8;2,000;274,34;137,17;117,92;0,00;0,00;156,42;57,02;132,65;4,48;19,18;A;;
04/09/2026;024668 - ACQUA DISTRIBUIDORA DE PERFUMES E COSMETICOS LTDA;07891033941995;DR BOTICA COL POCAO/CORAG V3 120ml;2,000;187,91;93,95;35,64;0,00;0,00;152,27;81,03;427,24;4,36;23,54;A;;
04/09/2026;024668 - ACQUA DISTRIBUIDORA DE PERFUMES E COSMETICOS LTDA;07891033525072;FLORATTA EDP FLEUR ECLIPSE V2 75ml;1,000;199,24;199,24;48,24;0,00;0,00;151,00;75,79;313,02;4,32;27,86;A;;
04/09/2026;024668 - ACQUA DISTRIBUIDORA DE PERFUMES E COSMETICOS LTDA;07891033909810;NSPA DES COL BDY SPLSH AMEIX/INT 200ml;2,000;179,50;89,75;40,72;0,00;0,00;138,78;77,31;340,82;3,97;31,83;A;;
04/09/2026;024668 - ACQUA DISTRIBUIDORA DE PERFUMES E COSMETICOS LTDA;07891033197347;THATY DES COL BOTICOLL 100ML;1,000;157,41;157,41;25,65;0,00;0,00;131,76;83,70;513,68;3,77;35,61;A;;
04/09/2026;024668 - ACQUA DISTRIBUIDORA DE PERFUMES E COSMETICOS LTDA;07891033843879;MALBEC DES COL V6 100ml;1,000;165,35;165,35;41,40;0,00;0,00;123,95;74,96;299,40;3,55;39,16;A;;
04/09/2026;024668 - ACQUA DISTRIBUIDORA DE PERFUMES E COSMETICOS LTDA;07891033548866;ESTJ BOTI BABY CASINHA;1,000;167,90;167,90;48,73;0,00;0,00;119,17;70,98;244,55;3,41;42,57;A;;
04/09/2026;024668 - ACQUA DISTRIBUIDORA DE PERFUMES E COSMETICOS LTDA;07891033511303;CBEM DES COL BDY SPLSH BEIJINHO V2 200ml;3,000;220,25;73,42;109,50;0,00;0,00;110,75;50,28;101,14;3,17;45,74;A;;
04/09/2026;024668 - ACQUA DISTRIBUIDORA DE PERFUMES E COSMETICOS LTDA;07891033957989;NSPA CR PERF DES HID CP AMEIX/INT 180ml;3,000;155,83;51,94;63,69;0,00;0,00;92,14;59,13;144,67;2,64;48,38;A;;
04/09/2026;024668 - ACQUA DISTRIBUIDORA DE PERFUMES E COSMETICOS LTDA;07891033035304;CAIXA M INST 2021 VERDE ECONOMICA;26,000;87,99;3,38;0,00;0,00;0,00;87,99;100,00;0,00;2,52;50,90;A;;
04/09/2026;024668 - ACQUA DISTRIBUIDORA DE PERFUMES E COSMETICOS LTDA;07891033883066;ELYSEE DES COL BDY SPLSH 200ml;1,000;109,22;109,22;22,40;0,00;0,00;86,82;79,49;387,59;2,49;53,38;A;;
04/09/2026;024668 - ACQUA DISTRIBUIDORA DE PERFUMES E COSMETICOS LTDA;07891033826889;EGEO DES COL DOLCE C/CAR 90ml;2,000;207,16;103,58;122,48;0,00;0,00;84,68;40,88;69,14;2,42;55,81;A;;
04/09/2026;024668 - ACQUA DISTRIBUIDORA DE PERFUMES E COSMETICOS LTDA;07891033748938;EGEO DES BDY SPR DOLCE 100ml V8 PCK;2,000;98,78;49,39;18,10;0,00;0,00;80,68;81,68;445,75;2,31;58,12;A;;
04/09/2026;024668 - ACQUA DISTRIBUIDORA DE PERFUMES E COSMETICOS LTDA;07891033595556;HER CODE EDP TOUCH 50ml;1,000;183,69;183,69;103,65;0,00;0,00;80,04;43,57;77,22;2,29;60,41;A;;
04/09/2026;024668 - ACQUA DISTRIBUIDORA DE PERFUMES E COSMETICOS LTDA;07891033479634;BOTI SUN PROT SOL CPO GEL CR FPS50 200g;1,000;106,46;106,46;27,01;0,00;0,00;79,45;74,63;294,15;2,27;62,68;A;;
04/09/2026;024668 - ACQUA DISTRIBUIDORA DE PERFUMES E COSMETICOS LTDA;07891033550838;NEXT COLONIA 75ml;1,000;107,90;107,90;31,37;0,00;0,00;76,53;70,93;243,96;2,19;64,87;A;;
04/09/2026;024668 - ACQUA DISTRIBUIDORA DE PERFUMES E COSMETICOS LTDA;07891033841820;LILY DES COL BDY SPLSH 200ml;1,000;96,26;96,26;21,18;0,00;0,00;75,08;78,00;354,49;2,15;67,02;A;;
04/09/2026;024668 - ACQUA DISTRIBUIDORA DE PERFUMES E COSMETICOS LTDA;07891033861804;ESTJ EGEO DOLCE NAT/25;1,000;137,61;137,61;64,21;0,00;0,00;73,40;53,34;114,31;2,10;69,12;A;;
04/09/2026;024668 - ACQUA DISTRIBUIDORA DE PERFUMES E COSMETICOS LTDA;07891033894710;BOTIK GEL/LIMP FAC CIC/PANT/CER PRM 50g;3,000;66,43;22,14;0,00;0,00;0,00;66,43;100,00;0,00;1,90;71,03;A;;
04/09/2026;024668 - ACQUA DISTRIBUIDORA DE PERFUMES E COSMETICOS LTDA;07891033733675;EGEO DES BDY SPR BLUE 100ml V2 PCK;2,000;83,80;41,90;17,96;0,00;0,00;65,84;78,57;366,59;1,89;72,91;A;;
04/09/2026;024668 - ACQUA DISTRIBUIDORA DE PERFUMES E COSMETICOS LTDA;07891033837564;COFFEE DES COL WOMAN LUCKY 100ML;1,000;105,85;105,85;40,29;0,00;0,00;65,56;61,94;162,72;1,88;74,79;A;;
04/09/2026;024668 - ACQUA DISTRIBUIDORA DE PERFUMES E COSMETICOS LTDA;07891033946105;NSPA DES COL BDY/SPL ORQ/NOIRE V2 200ml;1,000;106,30;106,30;42,50;0,00;0,00;63,80;60,02;150,12;1,83;76,61;A;;
04/09/2026;024668 - ACQUA DISTRIBUIDORA DE PERFUMES E COSMETICOS LTDA;07891033539369;MAKE B PINCEL P/BASE FIBRAS DUPLAS ABS;1,000;76,41;76,41;13,66;0,00;0,00;62,75;82,12;459,37;1,80;78,41;A;;
04/09/2026;024668 - ACQUA DISTRIBUIDORA DE PERFUMES E COSMETICOS LTDA;07891033957958;NSPA CR PERF DES HID CPO AMEIX/INT 400ml;1,000;74,38;74,38;16,95;0,00;0,00;57,43;77,21;338,82;1,64;80,06;B;;
04/09/2026;024668 - ACQUA DISTRIBUIDORA DE PERFUMES E COSMETICOS LTDA;07891033897902;CBEM DES COL BDY SPLSH LAVANDINHA 200ml;1,000;91,53;91,53;36,50;0,00;0,00;55,03;60,12;150,77;1,58;81,63;B;;
04/09/2026;024668 - ACQUA DISTRIBUIDORA DE PERFUMES E COSMETICOS LTDA;07891033907144;MAKE B BAS LIQ MATE SALICYLIC 210Q 30g;1,000;89,91;89,91;36,15;0,00;0,00;53,76;59,79;148,71;1,54;83,17;B;;
04/09/2026;024668 - ACQUA DISTRIBUIDORA DE PERFUMES E COSMETICOS LTDA;07891033511471;CBEM DES COL BDY SPLSH NUVEM V3 200ml;1,000;69,59;69,59;18,67;0,00;0,00;50,92;73,17;272,74;1,46;84,63;B;;
04/09/2026;024668 - ACQUA DISTRIBUIDORA DE PERFUMES E COSMETICOS LTDA;07891033958030;NSPA SAB BARRA CP AMEIX/INT 90g;6,000;79,19;13,20;29,52;0,00;0,00;49,67;62,72;168,26;1,42;86,05;B;;
04/09/2026;024668 - ACQUA DISTRIBUIDORA DE PERFUMES E COSMETICOS LTDA;07891033740437;LINDA DES COL V4 100ml;1,000;127,59;127,59;78,75;0,00;0,00;48,84;38,28;62,02;1,40;87,45;B;;
04/09/2026;024668 - ACQUA DISTRIBUIDORA DE PERFUMES E COSMETICOS LTDA;07891033880102;MAKE B BAT LIQ MAT AC/POL DARK/RG V2 5ml;1,000;60,58;60,58;13,76;0,00;0,00;46,82;77,29;340,26;1,34;88,79;B;;
04/09/2026;024668 - ACQUA DISTRIBUIDORA DE PERFUMES E COSMETICOS LTDA;07891033957972;REF NSPA CR PERF DES HID CP AM/INT 350ml;1,000;53,01;53,01;12,72;0,00;0,00;40,29;76,00;316,75;1,15;89,94;B;;
04/09/2026;024668 - ACQUA DISTRIBUIDORA DE PERFUMES E COSMETICOS LTDA;07891033889112;LILY SAB BARRA V2 2x90g;1,000;55,79;55,79;15,86;0,00;0,00;39,93;71,57;251,77;1,14;91,09;B;;
04/09/2026;024668 - ACQUA DISTRIBUIDORA DE PERFUMES E COSMETICOS LTDA;07891033878024;MAKE B BATOM PREENCH HYAL NUDE CHIC 4g;1,000;56,53;56,53;17,71;0,00;0,00;38,82;68,67;219,20;1,11;92,20;B;;
04/09/2026;024668 - ACQUA DISTRIBUIDORA DE PERFUMES E COSMETICOS LTDA;07891033780006;MALBEC DES BDY SPR BLACK 100ml V2 PCK;1,000;46,49;46,49;8,96;0,00;0,00;37,53;80,73;418,86;1,07;93,27;B;;
04/09/2026;024668 - ACQUA DISTRIBUIDORA DE PERFUMES E COSMETICOS LTDA;07891033744381;ARBO DES COL 100ml V4;1,000;111,66;111,66;75,37;0,00;0,00;36,29;32,50;48,15;1,04;94,31;B;;
04/09/2026;024668 - ACQUA DISTRIBUIDORA DE PERFUMES E COSMETICOS LTDA;07891033882984;ZAAD EDP INFINITY PRM 10ml;1,000;39,83;39,83;6,42;0,00;0,00;33,41;83,88;520,40;0,96;95,27;C;;
04/09/2026;024668 - ACQUA DISTRIBUIDORA DE PERFUMES E COSMETICOS LTDA;07891033909544;GLAMOUR DES COL INTENSE PRM 10ml;1,000;32,11;32,11;6,19;0,00;0,00;25,92;80,72;418,74;0,74;96,01;C;;
04/09/2026;024668 - ACQUA DISTRIBUIDORA DE PERFUMES E COSMETICOS LTDA;07891033896585;CBEM MANTG DES HID CPO DELEITE 200g;1,000;50,90;50,90;25,89;0,00;0,00;25,01;49,14;96,60;0,72;96,72;C;;
04/09/2026;024668 - ACQUA DISTRIBUIDORA DE PERFUMES E COSMETICOS LTDA;07891033738311;EGEO CREM DES HID CPO DOLCE 100ml;1,000;40,41;40,41;16,65;0,00;0,00;23,76;58,80;142,70;0,68;97,41;C;;
04/09/2026;024668 - ACQUA DISTRIBUIDORA DE PERFUMES E COSMETICOS LTDA;07891033471454;CBEM DES ANTIT ROLL PROTECT/BEAUTY 55ml;1,000;26,99;26,99;6,69;0,00;0,00;20,30;75,21;303,44;0,58;97,99;C;;
04/09/2026;024668 - ACQUA DISTRIBUIDORA DE PERFUMES E COSMETICOS LTDA;07891033512270;CBEM SAB BARRA NUVEM 4x80g;1,000;33,88;33,88;14,25;0,00;0,00;19,63;57,94;137,75;0,56;98,55;C;;
04/09/2026;024668 - ACQUA DISTRIBUIDORA DE PERFUMES E COSMETICOS LTDA;07891033538386;BOTIK PROT SOL FAC FPS 50 AC/HIAL 40ml;1,000;54,15;54,15;35,93;0,00;0,00;18,22;33,65;50,71;0,52;99,07;C;;
04/09/2026;024668 - ACQUA DISTRIBUIDORA DE PERFUMES E COSMETICOS LTDA;07891033896615;EGEO DES COL VANILLA UBESESSION PRM 10ml;3,000;35,70;11,90;18,39;0,00;0,00;17,31;48,49;94,13;0,50;99,57;C;;
04/09/2026;024668 - ACQUA DISTRIBUIDORA DE PERFUMES E COSMETICOS LTDA;07891033486533;ELYSEE DES ANTIT AEROSSOL 75g V3;1,000;24,40;24,40;11,57;0,00;0,00;12,83;52,58;110,89;0,37;99,93;C;;
04/09/2026;024668 - ACQUA DISTRIBUIDORA DE PERFUMES E COSMETICOS LTDA;07891033947508;MEN SAB BARRA V4 2x90g;1,000;20,90;20,90;8,18;0,00;0,00;12,72;60,86;155,50;0,36;100,30;C;;
04/09/2026;024668 - ACQUA DISTRIBUIDORA DE PERFUMES E COSMETICOS LTDA;07891033839605;ARBO DES ANTIT AER 75ml V9;1,000;23,07;23,07;11,73;0,00;0,00;11,34;49,15;96,68;0,32;100,62;C;;
04/09/2026;024668 - ACQUA DISTRIBUIDORA DE PERFUMES E COSMETICOS LTDA;07891033799985;GLAMOUR DES BDY SPR SEC BL 100ml V3 PCK;1,000;29,89;29,89;24,05;0,00;0,00;5,84;19,54;24,28;0,17;100,79;C;;
04/09/2026;024668 - ACQUA DISTRIBUIDORA DE PERFUMES E COSMETICOS LTDA;07891033880799;NSPA LOC DES HID CPO AMEIXA V6 200ml;1,000;0,01;0,01;27,57;0,00;0,00;-27,56;-275600,00;-99,96;-0,79;100,00;C;;
04/09/2026;024669 - 24669 ACQUA DISTRIBUIDORA DE PERFUMES E;07891033843879;MALBEC DES COL V6 100ml;2,000;306,52;153,26;82,80;0,00;0,00;223,72;72,99;270,19;5,70;5,70;A;;
04/09/2026;024669 - 24669 ACQUA DISTRIBUIDORA DE PERFUMES E;07891033841820;LILY DES COL BDY SPLSH 200ml;3,000;265,44;88,48;63,54;0,00;0,00;201,90;76,06;317,75;5,15;10,85;A;;
04/09/2026;024669 - 24669 ACQUA DISTRIBUIDORA DE PERFUMES E;07891033835508;BOTIK SRUM ALT/POT RETIN PURO 30ml;1,000;208,40;208,40;40,82;0,00;0,00;167,58;80,41;410,53;4,27;15,12;A;;
04/09/2026;024669 - 24669 ACQUA DISTRIBUIDORA DE PERFUMES E;07891033893317;LILY EDP V3 75ml;1,000;289,67;289,67;126,66;0,00;0,00;163,01;56,27;128,70;4,15;19,28;A;;
04/09/2026;024669 - 24669 ACQUA DISTRIBUIDORA DE PERFUMES E;07891033524686;BOTIK GEL LIM FAC MIC AC MAN/SAL 50g PRM;10,000;159,55;15,95;0,00;0,00;0,00;159,55;100,00;0,00;4,07;23,34;A;;
04/09/2026;024669 - 24669 ACQUA DISTRIBUIDORA DE PERFUMES E;07891033518029;BOTI BABY COL SOL V2 100ml;2,000;181,73;90,86;35,46;0,00;0,00;146,27;80,49;412,49;3,73;27,07;A;;
04/09/2026;024669 - 24669 ACQUA DISTRIBUIDORA DE PERFUMES E;07891033222483;CECITA DES COL BOTICOLL 100ML;1,000;165,84;165,84;24,59;0,00;0,00;141,25;85,17;574,42;3,60;30,67;A;;
04/09/2026;024669 - 24669 ACQUA DISTRIBUIDORA DE PERFUMES E;07891033483105;FLORATTA DES COL BLUE V2 75ml;1,000;149,78;149,78;28,42;0,00;0,00;121,36;81,03;427,02;3,09;33,76;A;;
04/09/2026;024669 - 24669 ACQUA DISTRIBUIDORA DE PERFUMES E;07891033587339;BOTICA 214 EDP SEV/DOR FLOR/FRUT 75ml;1,000;215,85;215,85;95,06;0,00;0,00;120,79;55,96;127,07;3,08;36,84;A;;
04/09/2026;024669 - 24669 ACQUA DISTRIBUIDORA DE PERFUMES E;07891033511471;CBEM DES COL BDY SPLSH NUVEM V3 200ml;2,000;155,40;77,70;37,32;0,00;0,00;118,08;75,98;316,40;3,01;39,85;A;;
04/09/2026;024669 - 24669 ACQUA DISTRIBUIDORA DE PERFUMES E;07891033837687;BOTIK MASC FAC RESET NOT AC/GLICOL 40g;1,000;149,12;149,12;34,07;0,00;0,00;115,05;77,15;337,69;2,93;42,79;A;;
04/09/2026;024669 - 24669 ACQUA DISTRIBUIDORA DE PERFUMES E;07891033197347;THATY DES COL BOTICOLL 100ML;2,000;165,83;82,91;51,28;0,00;0,00;114,55;69,08;223,38;2,92;45,70;A;;
04/09/2026;024669 - 24669 ACQUA DISTRIBUIDORA DE PERFUMES E;07891033864645;ESTJ QUASAR CLASSIC REG/25;1,000;193,90;193,90;84,92;0,00;0,00;108,98;56,20;128,33;2,78;48,48;A;;
04/09/2026;024669 - 24669 ACQUA DISTRIBUIDORA DE PERFUMES E;07891033877911;MAKE B BASE LIQ HYALURONIC 140Q 30ml;1,000;132,90;132,90;33,25;0,00;0,00;99,65;74,98;299,70;2,54;51,02;A;;
04/09/2026;024669 - 24669 ACQUA DISTRIBUIDORA DE PERFUMES E;07891033483037;FLORATTA DES COL RED V2 75ml;1,000;158,38;158,38;68,43;0,00;0,00;89,95;56,79;131,45;2,29;53,32;A;;
04/09/2026;024669 - 24669 ACQUA DISTRIBUIDORA DE PERFUMES E;07891033826889;EGEO DES COL DOLCE C/CAR 90ml;1,000;112,90;112,90;31,11;0,00;0,00;81,79;72,44;262,91;2,08;55,40;A;;
04/09/2026;024669 - 24669 ACQUA DISTRIBUIDORA DE PERFUMES E;07891033830602;CELEBRE DES COL FLOR FRUT FORC 100ml;1,000;105,00;105,00;24,06;0,00;0,00;80,94;77,09;336,41;2,06;57,46;A;;
04/09/2026;024669 - 24669 ACQUA DISTRIBUIDORA DE PERFUMES E;07891033957972;REF NSPA CR PERF DES HID CP AM/INT 350ml;3,000;164,52;54,84;85,05;0,00;0,00;79,47;48,30;93,44;2,03;59,49;A;;
04/09/2026;024669 - 24669 ACQUA DISTRIBUIDORA DE PERFUMES E;07891033585267;QUASAR DES COL DEEP BLUE 100ml;1,000;144,33;144,33;67,14;0,00;0,00;77,19;53,48;114,97;1,97;61,46;A;;
04/09/2026;024669 - 24669 ACQUA DISTRIBUIDORA DE PERFUMES E;07891033480609;LILY CREM DES HID ACET CPO 250g V8;1,000;135,74;135,74;58,96;0,00;0,00;76,78;56,56;130,22;1,96;63,41;A;;
04/09/2026;024669 - 24669 ACQUA DISTRIBUIDORA DE PERFUMES E;07891033882014;REF LILY CR ACET DES HID CPO V3 250g;1,000;90,46;90,46;13,91;0,00;0,00;76,55;84,62;550,32;1,95;65,36;A;;
04/09/2026;024669 - 24669 ACQUA DISTRIBUIDORA DE PERFUMES E;07891033527953;MAKE B BB SEN MULTI 160 220 25g;1,000;97,90;97,90;21,59;0,00;0,00;76,31;77,95;353,45;1,95;67,31;A;;
04/09/2026;024669 - 24669 ACQUA DISTRIBUIDORA DE PERFUMES E;07891033508815;CBEM DES COL BDY SPLSH DELEITE V3 200ml;1,000;94,90;94,90;18,86;0,00;0,00;76,04;80,13;403,18;1,94;69,25;A;;
04/09/2026;024669 - 24669 ACQUA DISTRIBUIDORA DE PERFUMES E;07891033842148;EGEO DES COL SPCY VIBE C/CAR 90ml;1,000;123,68;123,68;50,92;0,00;0,00;72,76;58,83;142,89;1,85;71,10;A;;
04/09/2026;024669 - 24669 ACQUA DISTRIBUIDORA DE PERFUMES E;07891033825486;MAKE B BAS LIQ MATE SALICYLIC 250 30g;1,000;89,89;89,89;17,73;0,00;0,00;72,16;80,28;406,99;1,84;72,94;A;;
04/09/2026;024669 - 24669 ACQUA DISTRIBUIDORA DE PERFUMES E;07891033514410;DR BOTICA COL POCAO FORCA 120ml V2;1,000;82,97;82,97;17,98;0,00;0,00;64,99;78,33;361,46;1,66;74,60;A;;
04/09/2026;024669 - 24669 ACQUA DISTRIBUIDORA DE PERFUMES E;07891033744381;ARBO DES COL 100ml V4;1,000;139,31;139,31;75,42;0,00;0,00;63,89;45,86;84,71;1,63;76,23;A;;
04/09/2026;024669 - 24669 ACQUA DISTRIBUIDORA DE PERFUMES E;07891033903818;PMPCK MALBEC DES BODY SPRAY;1,000;79,01;79,01;19,13;0,00;0,00;59,88;75,79;313,02;1,53;77,75;A;;
04/09/2026;024669 - 24669 ACQUA DISTRIBUIDORA DE PERFUMES E;07891033946167;CELEBRE DES COL MASC AGORA V2 100ml;1,000;105,00;105,00;45,88;0,00;0,00;59,12;56,30;128,86;1,51;79,26;A;;
04/09/2026;024669 - 24669 ACQUA DISTRIBUIDORA DE PERFUMES E;07891033740437;LINDA DES COL V4 100ml;1,000;110,65;110,65;55,69;0,00;0,00;54,96;49,67;98,69;1,40;80,66;B;;
04/09/2026;024669 - 24669 ACQUA DISTRIBUIDORA DE PERFUMES E;07891033954056;PMPCK LILY DES B/SPR LEAU/LILY BLANC;1,000;71,85;71,85;18,74;0,00;0,00;53,11;73,92;283,40;1,35;82,01;B;;
04/09/2026;024669 - 24669 ACQUA DISTRIBUIDORA DE PERFUMES E;07891033860593;SOPHIE SPLSH CPO/CAB SHIM CHAP/CIN 110ml;1,000;68,42;68,42;15,86;0,00;0,00;52,56;76,82;331,40;1,34;83,35;B;;
04/09/2026;024669 - 24669 ACQUA DISTRIBUIDORA DE PERFUMES E;07891033890286;MAKE B CORRET LIQ HYAL 170Q 68ml;1,000;65,59;65,59;14,93;0,00;0,00;50,66;77,24;339,32;1,29;84,65;B;;
04/09/2026;024669 - 24669 ACQUA DISTRIBUIDORA DE PERFUMES E;07891033515813;FLORATTA DES BDY SPR S/LOVE 100ml V2;2,000;98,20;49,10;48,14;0,00;0,00;50,06;50,98;103,99;1,28;85,92;B;;
04/09/2026;024669 - 24669 ACQUA DISTRIBUIDORA DE PERFUMES E;07891033518012;BOTI BABY SAB LIQ GLIC V2 200ml;2,000;68,49;34,24;20,84;0,00;0,00;47,65;69,57;228,65;1,21;87,14;B;;
04/09/2026;024669 - 24669 ACQUA DISTRIBUIDORA DE PERFUMES E;07891033017898;MAKE B BAS LIQ MATE SALICYLIC 220 30g;1,000;85,18;85,18;40,42;0,00;0,00;44,76;52,55;110,74;1,14;88,28;B;;
04/09/2026;024669 - 24669 ACQUA DISTRIBUIDORA DE PERFUMES E;07891033826858;EGEO DES COL BOMB BLACK C/CAR 90ml;1,000;103,03;103,03;61,18;0,00;0,00;41,85;40,62;68,40;1,07;89,34;B;;
04/09/2026;024669 - 24669 ACQUA DISTRIBUIDORA DE PERFUMES E;07891033846887;MALBEC LOC DES HID CPO PURE GOLD 200ml;1,000;61,99;61,99;20,75;0,00;0,00;41,24;66,53;198,75;1,05;90,39;B;;
04/09/2026;024669 - 24669 ACQUA DISTRIBUIDORA DE PERFUMES E;07891033896936;MATCH SHAMP ESC/HID 300ml;2,000;82,85;41,42;42,64;0,00;0,00;40,21;48,53;94,30;1,02;91,42;B;;
04/09/2026;024669 - 24669 ACQUA DISTRIBUIDORA DE PERFUMES E;07891033499038;CBEM LOC DES HID CPO PESSEGURA V2 200ml;1,000;47,74;47,74;9,02;0,00;0,00;38,72;81,11;429,27;0,99;92,41;B;;
04/09/2026;024669 - 24669 ACQUA DISTRIBUIDORA DE PERFUMES E;07891033533565;NSPA CREM HID MAOS/PES LILAC 50g;1,000;44,90;44,90;8,60;0,00;0,00;36,30;80,85;422,09;0,93;93,33;B;;
04/09/2026;024669 - 24669 ACQUA DISTRIBUIDORA DE PERFUMES E;07891033874910;BOTIK GEL LIMP F MCL AC MAND/SAL V2 150g;1,000;43,88;43,88;10,73;0,00;0,00;33,15;75,55;308,95;0,84;94,18;B;;
04/09/2026;024669 - 24669 ACQUA DISTRIBUIDORA DE PERFUMES E;07891033526390;ESTJ FLORATTA ROSE REG/21 V2;1,000;86,11;86,11;53,54;0,00;0,00;32,57;37,82;60,83;0,83;95,01;C;;
04/09/2026;024669 - 24669 ACQUA DISTRIBUIDORA DE PERFUMES E;07891033487455;DR BOTICA CREM PENT POC TIRA NO150g V2;1,000;49,90;49,90;17,42;0,00;0,00;32,48;65,09;186,45;0,83;95,84;C;;
04/09/2026;024669 - 24669 ACQUA DISTRIBUIDORA DE PERFUMES E;07891033573608;MATCH MASC C SCIEN PRE/POS QUIM PRM 50ml;1,000;29,90;29,90;0,00;0,00;0,00;29,90;100,00;0,00;0,76;96,60;C;;
04/09/2026;024669 - 24669 ACQUA DISTRIBUIDORA DE PERFUMES E;07891033511655;CBEM SAB BARRA ROSA/ALGODAO 4x80g;1,000;38,90;38,90;13,78;0,00;0,00;25,12;64,58;182,29;0,64;97,24;C;;
04/09/2026;024669 - 24669 ACQUA DISTRIBUIDORA DE PERFUMES E;07891033896943;MATCH COND ESC/HID 280ml;1,000;43,89;43,89;21,32;0,00;0,00;22,57;51,42;105,86;0,58;97,81;C;;
04/09/2026;024669 - 24669 ACQUA DISTRIBUIDORA DE PERFUMES E;07891033944996;CBEM SAB BARRA PESSEGURA V3 4x80g;1,000;32,64;32,64;12,70;0,00;0,00;19,94;61,09;157,01;0,51;98,32;C;;
04/09/2026;024669 - 24669 ACQUA DISTRIBUIDORA DE PERFUMES E;07891033945108;BOTIK BALM LAB HID AC/HIALUR V2 32g;1,000;29,79;29,79;11,11;0,00;0,00;18,68;62,71;168,14;0,48;98,80;C;;
04/09/2026;024669 - 24669 ACQUA DISTRIBUIDORA DE PERFUMES E;07891033539710;CBEM MASC CAP SCH FEIRA PASTA ABAC 30ml;2,000;30,35;15,17;14,50;0,00;0,00;15,85;52,22;109,31;0,40;99,20;C;;
04/09/2026;024669 - 24669 ACQUA DISTRIBUIDORA DE PERFUMES E;07891033521500;INTENSE BAT LIQ TINT 16H SUPF 535 V2 5ml;1,000;33,23;33,23;19,50;0,00;0,00;13,73;41,32;70,41;0,35;99,55;C;;
04/09/2026;024669 - 24669 ACQUA DISTRIBUIDORA DE PERFUMES E;07891033591961;CBEM MASC SCH F/BANANA V2 30ml;1,000;17,83;17,83;7,25;0,00;0,00;10,58;59,34;145,93;0,27;99,82;C;;
04/09/2026;024669 - 24669 ACQUA DISTRIBUIDORA DE PERFUMES E;07891033521609;INTENSE BAT LIQ TINT 16H SUPF 635 V3 5ml;1,000;33,23;33,23;25,69;0,00;0,00;7,54;22,69;29,35;0,19;100,01;C;;
04/09/2026;024669 - 24669 ACQUA DISTRIBUIDORA DE PERFUMES E;07891033556519;MEN DES COL NBA PRM 10ml;1,000;0,01;0,01;0,00;0,00;0,00;0,01;100,00;0,00;0,00;100,01;C;;
04/09/2026;024669 - 24669 ACQUA DISTRIBUIDORA DE PERFUMES E;07891033950126;COFFEE D/COL WOM/ADD OR/FRUT PRM V2 10ml;2,000;14,42;7,21;14,94;0,00;0,00;-0,52;-3,61;-3,48;-0,01;100,00;C;;
04/09/2026;024670 - ACQUA DISTRIBUIDORA DE PERFUMES E COSMETICOS LTDA;07891033905133;MALBEC DES COL V7 100ml;6,000;957,08;159,51;268,32;0,00;0,00;688,76;71,96;256,69;14,38;14,38;A;;
04/09/2026;024670 - ACQUA DISTRIBUIDORA DE PERFUMES E COSMETICOS LTDA;07891033744381;ARBO DES COL 100ml V4;10,000;1275,60;127,56;753,70;0,00;0,00;521,90;40,91;69,25;10,89;25,27;A;;
04/09/2026;024670 - ACQUA DISTRIBUIDORA DE PERFUMES E COSMETICOS LTDA;07891033740437;LINDA DES COL V4 100ml;5,000;596,09;119,22;290,75;0,00;0,00;305,34;51,22;105,02;6,37;31,64;A;;
04/09/2026;024670 - ACQUA DISTRIBUIDORA DE PERFUMES E COSMETICOS LTDA;07891033841820;LILY DES COL BDY SPLSH 200ml;4,000;332,77;83,19;84,72;0,00;0,00;248,05;74,54;292,79;5,18;36,82;A;;
04/09/2026;024670 - ACQUA DISTRIBUIDORA DE PERFUMES E COSMETICOS LTDA;07891033492503;COFFEE D/C DUO/WOM/ORIENT/AMAD V2 100ml;2,000;417,73;208,86;180,58;0,00;0,00;237,15;56,77;131,33;4,95;41,77;A;;
04/09/2026;024670 - ACQUA DISTRIBUIDORA DE PERFUMES E COSMETICOS LTDA;07891033595556;HER CODE EDP TOUCH 50ml;3,000;369,35;123,12;185,46;0,00;0,00;183,89;49,79;99,15;3,84;45,61;A;;
04/09/2026;024670 - ACQUA DISTRIBUIDORA DE PERFUMES E COSMETICOS LTDA;07891033903108;ZAAD EDP V7 95ml;1,000;260,46;260,46;80,53;0,00;0,00;179,93;69,08;223,43;3,76;49,36;A;;
04/09/2026;024670 - ACQUA DISTRIBUIDORA DE PERFUMES E COSMETICOS LTDA;07891033892723;MALBEC DES COL ICON V2 100ml;1,000;205,00;205,00;40,39;0,00;0,00;164,61;80,30;407,55;3,44;52,80;A;;
04/09/2026;024670 - ACQUA DISTRIBUIDORA DE PERFUMES E COSMETICOS LTDA;07891033843909;MALBEC DES COL MAGNETIC V3 100ml;1,000;220,66;220,66;63,43;0,00;0,00;157,23;71,25;247,88;3,28;56,08;A;;
04/09/2026;024670 - ACQUA DISTRIBUIDORA DE PERFUMES E COSMETICOS LTDA;07891033843879;MALBEC DES COL V6 100ml;2,000;309,68;154,84;165,16;0,00;0,00;144,52;46,67;87,50;3,02;59,10;A;;
04/09/2026;024670 - ACQUA DISTRIBUIDORA DE PERFUMES E COSMETICOS LTDA;07891033498123;EGEO DES COL ORIGNL 90ml V2;1,000;163,90;163,90;24,56;0,00;0,00;139,34;85,02;567,35;2,91;62,00;A;;
04/09/2026;024670 - ACQUA DISTRIBUIDORA DE PERFUMES E COSMETICOS LTDA;07891033222483;CECITA DES COL BOTICOLL 100ML;1,000;161,91;161,91;24,59;0,00;0,00;137,32;84,81;558,44;2,87;64,87;A;;
04/09/2026;024670 - ACQUA DISTRIBUIDORA DE PERFUMES E COSMETICOS LTDA;07891033506774;CLASH DES COL 100ml;1,000;134,72;134,72;37,78;0,00;0,00;96,94;71,96;256,59;2,02;66,89;A;;
04/09/2026;024670 - ACQUA DISTRIBUIDORA DE PERFUMES E COSMETICOS LTDA;07891033826858;EGEO DES COL BOMB BLACK C/CAR 90ml;1,000;120,76;120,76;28,81;0,00;0,00;91,95;76,14;319,16;1,92;68,81;A;;
04/09/2026;024670 - ACQUA DISTRIBUIDORA DE PERFUMES E COSMETICOS LTDA;07891033856459;BOTICA 214 EDP ARAB/OASIS FOUG/AMB 90ml;1,000;177,93;177,93;97,06;0,00;0,00;80,87;45,45;83,32;1,69;70,50;A;;
04/09/2026;024670 - ACQUA DISTRIBUIDORA DE PERFUMES E COSMETICOS LTDA;07891033957989;NSPA CR PERF DES HID CP AMEIX/INT 180ml;2,000;103,66;51,83;22,82;0,00;0,00;80,84;77,99;354,25;1,69;72,19;A;;
04/09/2026;024670 - ACQUA DISTRIBUIDORA DE PERFUMES E COSMETICOS LTDA;07891033706693;SOPHIE COL LIKE 100ml;1,000;99,99;99,99;23,15;0,00;0,00;76,84;76,85;331,92;1,60;73,79;A;;
04/09/2026;024670 - ACQUA DISTRIBUIDORA DE PERFUMES E COSMETICOS LTDA;07891033594665;LIZ DES COL FLORA 100ml;1,000;135,00;135,00;59,74;0,00;0,00;75,26;55,75;125,98;1,57;75,36;A;;
04/09/2026;024670 - ACQUA DISTRIBUIDORA DE PERFUMES E COSMETICOS LTDA;07891033512362;CBEM DES COL BDY SPLSH PESSEGUR V2 200ml;1,000;88,42;88,42;18,07;0,00;0,00;70,35;79,56;389,32;1,47;76,83;A;;
04/09/2026;024670 - ACQUA DISTRIBUIDORA DE PERFUMES E COSMETICOS LTDA;07891033480586;LILY CR HID DES ACET CPO LOVE 250g V3;1,000;105,47;105,47;36,38;0,00;0,00;69,09;65,51;189,91;1,44;78,27;A;;
04/09/2026;024670 - ACQUA DISTRIBUIDORA DE PERFUMES E COSMETICOS LTDA;07891033585267;QUASAR DES COL DEEP BLUE 100ml;1,000;137,90;137,90;74,90;0,00;0,00;63,00;45,69;84,11;1,31;79,59;A;;
04/09/2026;024670 - ACQUA DISTRIBUIDORA DE PERFUMES E COSMETICOS LTDA;07891033828159;MAKE B DEMAQ BIF MICLR 110ml V3;1,000;73,63;73,63;10,72;0,00;0,00;62,91;85,44;586,85;1,31;80,90;B;;
04/09/2026;024670 - ACQUA DISTRIBUIDORA DE PERFUMES E COSMETICOS LTDA;07891033963997;HER CODE CR AVELD DES HID CP TOUCH 200g;1,000;93,50;93,50;31,96;0,00;0,00;61,54;65,82;192,55;1,28;82,19;B;;
04/09/2026;024670 - ACQUA DISTRIBUIDORA DE PERFUMES E COSMETICOS LTDA;07891033526185;MAKE B MASC CIL VOL EXTRM PRETA V2 10g;1,000;72,61;72,61;13,86;0,00;0,00;58,75;80,91;423,88;1,23;83,41;B;;
04/09/2026;024670 - ACQUA DISTRIBUIDORA DE PERFUMES E COSMETICOS LTDA;07891033511471;CBEM DES COL BDY SPLSH NUVEM V3 200ml;1,000;76,41;76,41;18,67;0,00;0,00;57,74;75,57;309,27;1,21;84,62;B;;
04/09/2026;024670 - ACQUA DISTRIBUIDORA DE PERFUMES E COSMETICOS LTDA;07891033533862;BOTIK PROT SOL FAC FPS 80 AC/HIAL 40ml;1,000;84,10;84,10;26,85;0,00;0,00;57,25;68,07;213,22;1,19;85,81;B;;
04/09/2026;024670 - ACQUA DISTRIBUIDORA DE PERFUMES E COSMETICOS LTDA;07891033883431;CAIXA LAÇO P  MAES 25 BOTI;6,000;48,57;8,09;0,00;0,00;0,00;48,57;100,00;0,00;1,01;86,83;B;;
04/09/2026;024670 - ACQUA DISTRIBUIDORA DE PERFUMES E COSMETICOS LTDA;07891033826889;EGEO DES COL DOLCE C/CAR 90ml;1,000;104,97;104,97;56,88;0,00;0,00;48,09;45,81;84,55;1,00;87,83;B;;
04/09/2026;024670 - ACQUA DISTRIBUIDORA DE PERFUMES E COSMETICOS LTDA;07891033539215;DR BOTICA COL POC/CORAC V2 120ml;1,000;88,00;88,00;40,54;0,00;0,00;47,46;53,93;117,07;0,99;88,82;B;;
04/09/2026;024670 - ACQUA DISTRIBUIDORA DE PERFUMES E COSMETICOS LTDA;07891033874910;BOTIK GEL LIMP F MCL AC MAND/SAL V2 150g;1,000;57,31;57,31;10,72;0,00;0,00;46,59;81,29;434,61;0,97;89,79;B;;
04/09/2026;024670 - ACQUA DISTRIBUIDORA DE PERFUMES E COSMETICOS LTDA;07891033880102;MAKE B BAT LIQ MAT AC/POL DARK/RG V2 5ml;1,000;59,78;59,78;13,76;0,00;0,00;46,02;76,98;334,45;0,96;90,75;B;;
04/09/2026;024670 - ACQUA DISTRIBUIDORA DE PERFUMES E COSMETICOS LTDA;07891033528677;MAKE B GLOS LAB C/AC POLIGL N/ROSE 5ml;1,000;63,11;63,11;17,19;0,00;0,00;45,92;72,76;267,13;0,96;91,71;B;;
04/09/2026;024670 - ACQUA DISTRIBUIDORA DE PERFUMES E COSMETICOS LTDA;07891033882984;ZAAD EDP INFINITY PRM 10ml;5,000;76,80;15,36;32,20;0,00;0,00;44,60;58,07;138,51;0,93;92,64;B;;
04/09/2026;024670 - ACQUA DISTRIBUIDORA DE PERFUMES E COSMETICOS LTDA;07891033499038;CBEM LOC DES HID CPO PESSEGURA V2 200ml;1,000;48,79;48,79;9,02;0,00;0,00;39,77;81,51;440,91;0,83;93,47;B;;
04/09/2026;024670 - ACQUA DISTRIBUIDORA DE PERFUMES E COSMETICOS LTDA;07891033490141;ACCORDES CREM DES HID CPO 200ml V2;1,000;58,40;58,40;22,15;0,00;0,00;36,25;62,07;163,66;0,76;94,23;B;;
04/09/2026;024670 - ACQUA DISTRIBUIDORA DE PERFUMES E COSMETICOS LTDA;07891033476022;BOTI SUN PR FAC ANTIS ACQ FLD FPS70 40ml;1,000;49,26;49,26;14,87;0,00;0,00;34,39;69,81;231,27;0,72;94,95;B;;
04/09/2026;024670 - ACQUA DISTRIBUIDORA DE PERFUMES E COSMETICOS LTDA;07891033856060;INSENSATEZ DES COL V4 100ml;2,000;151,50;75,75;122,96;0,00;0,00;28,54;18,84;23,21;0,60;95,54;C;;
04/09/2026;024670 - ACQUA DISTRIBUIDORA DE PERFUMES E COSMETICOS LTDA;07891033896943;MATCH COND ESC/HID 280ml;1,000;44,58;44,58;21,32;0,00;0,00;23,26;52,18;109,10;0,49;96,03;C;;
04/09/2026;024670 - ACQUA DISTRIBUIDORA DE PERFUMES E COSMETICOS LTDA;07891033512317;CBEM SAB BARRA CEREJA LIVRE V2 2x80g;2,000;37,96;18,98;14,78;0,00;0,00;23,18;61,06;156,83;0,48;96,51;C;;
04/09/2026;024670 - ACQUA DISTRIBUIDORA DE PERFUMES E COSMETICOS LTDA;07891033944996;CBEM SAB BARRA PESSEGURA V3 4x80g;1,000;33,35;33,35;10,70;0,00;0,00;22,65;67,92;211,68;0,47;96,98;C;;
04/09/2026;024670 - ACQUA DISTRIBUIDORA DE PERFUMES E COSMETICOS LTDA;07891033490165;ACCORDES DES BDY SPR 100ml V6;1,000;44,19;44,19;21,66;0,00;0,00;22,53;50,98;104,02;0,47;97,45;C;;
04/09/2026;024670 - ACQUA DISTRIBUIDORA DE PERFUMES E COSMETICOS LTDA;07891033497652;UOMINI DES COL V6 100ml;2,000;174,60;87,30;152,36;0,00;0,00;22,24;12,74;14,60;0,46;97,92;C;;
04/09/2026;024670 - ACQUA DISTRIBUIDORA DE PERFUMES E COSMETICOS LTDA;07891033574773;SOPHIE NEXT DES ROLL DIVERT2 MEMR 55ml;1,000;29,41;29,41;11,31;0,00;0,00;18,10;61,54;160,04;0,38;98,30;C;;
04/09/2026;024670 - ACQUA DISTRIBUIDORA DE PERFUMES E COSMETICOS LTDA;07891033881994;CBEM CR HID MAOS NUVEM V5 45g;1,000;32,53;32,53;15,05;0,00;0,00;17,48;53,74;116,15;0,36;98,66;C;;
04/09/2026;024670 - ACQUA DISTRIBUIDORA DE PERFUMES E COSMETICOS LTDA;07891033487844;ZAAD DES ANTIT AER 75g V7;1,000;28,49;28,49;11,62;0,00;0,00;16,87;59,21;145,18;0,35;99,01;C;;
04/09/2026;024670 - ACQUA DISTRIBUIDORA DE PERFUMES E COSMETICOS LTDA;07891033035298;CAIXA M INST 2021 ROSA ECONOMICA;4,000;13,33;3,33;0,00;0,00;0,00;13,33;100,00;0,00;0,28;99,29;C;;
04/09/2026;024670 - ACQUA DISTRIBUIDORA DE PERFUMES E COSMETICOS LTDA;07891033511655;CBEM SAB BARRA ROSA/ALGODAO 4x80g;1,000;25,00;25,00;13,78;0,00;0,00;11,22;44,88;81,42;0,23;99,53;C;;
04/09/2026;024670 - ACQUA DISTRIBUIDORA DE PERFUMES E COSMETICOS LTDA;07891033974368;CAIXA LACO M BOTI PAIS 2026 UNIT;1,000;9,86;9,86;0,00;0,00;0,00;9,86;100,00;0,00;0,21;99,73;C;;
04/09/2026;024670 - ACQUA DISTRIBUIDORA DE PERFUMES E COSMETICOS LTDA;07891033958030;NSPA SAB BARRA CP AMEIX/INT 90g;1,000;12,35;12,35;4,92;0,00;0,00;7,43;60,16;151,02;0,16;99,89;C;;
04/09/2026;024670 - ACQUA DISTRIBUIDORA DE PERFUMES E COSMETICOS LTDA;07891033894017;CX PRESENTE M BOTI INST/25 VDA;1,000;10,90;10,90;7,37;0,00;0,00;3,53;32,39;47,90;0,07;99,96;C;;
04/09/2026;024670 - ACQUA DISTRIBUIDORA DE PERFUMES E COSMETICOS LTDA;07891033888528;CARTAO PRESENTE BOTICARIO MAES 25 UNIT;4,000;1,89;0,47;0,00;0,00;0,00;1,89;100,00;0,00;0,04;100,00;C;;
04/09/2026;024670 - ACQUA DISTRIBUIDORA DE PERFUMES E COSMETICOS LTDA;07891033864461;SACOLA MED DIVERT/24 UNITARIA BOTICARIO;1,000;0,01;0,01;0,00;0,00;0,00;0,01;100,00;0,00;0,00;100,00;C;;
04/09/2026;024671 - 24671 ACQUA DISTRIBUIDORA DE PERFUMES E;07891033894598;BOTIK CR OLH FIRM PEPT/PRO/ELAST 15g;2,000;264,48;132,24;48,62;0,00;0,00;215,86;81,62;443,97;5,64;5,64;A;;
04/09/2026;024671 - 24671 ACQUA DISTRIBUIDORA DE PERFUMES E;07891033553631;LILY EDP GARDENIA 75ml;1,000;255,50;255,50;78,76;0,00;0,00;176,74;69,17;224,40;4,62;10,25;A;;
04/09/2026;024671 - 24671 ACQUA DISTRIBUIDORA DE PERFUMES E;07891033736089;MALBEC DES COL NOIR 100ml V2;1,000;204,72;204,72;45,11;0,00;0,00;159,61;77,97;353,82;4,17;14,42;A;;
04/09/2026;024671 - 24671 ACQUA DISTRIBUIDORA DE PERFUMES E;07891033894857;BOTIK SRUM FAC LIFT FIR PEPT/PRO/EL 30ml;1,000;195,97;195,97;43,78;0,00;0,00;152,19;77,66;347,62;3,97;18,39;A;;
04/09/2026;024671 - 24671 ACQUA DISTRIBUIDORA DE PERFUMES E;07891033826889;EGEO DES COL DOLCE C/CAR 90ml;2,000;209,89;104,94;60,46;0,00;0,00;149,43;71,19;247,16;3,90;22,30;A;;
04/09/2026;024671 - 24671 ACQUA DISTRIBUIDORA DE PERFUMES E;07891033533862;BOTIK PROT SOL FAC FPS 80 AC/HIAL 40ml;2,000;193,86;96,93;53,70;0,00;0,00;140,16;72,30;261,01;3,66;25,96;A;;
04/09/2026;024671 - 24671 ACQUA DISTRIBUIDORA DE PERFUMES E;07891033197347;THATY DES COL BOTICOLL 100ML;2,000;174,90;87,45;48,08;0,00;0,00;126,82;72,51;263,77;3,31;29,27;A;;
04/09/2026;024671 - 24671 ACQUA DISTRIBUIDORA DE PERFUMES E;07891033536283;BOTIK GEL LIMP FAC VITAM C PRM 50g;10,000;122,95;12,29;0,00;0,00;0,00;122,95;100,00;0,00;3,21;32,48;A;;
04/09/2026;024671 - 24671 ACQUA DISTRIBUIDORA DE PERFUMES E;07891033045396;BOTIK CR FAC FIRMADOR AC/HIAL 40g V2;1,000;155,66;155,66;44,75;0,00;0,00;110,91;71,25;247,84;2,90;35,37;A;;
04/09/2026;024671 - 24671 ACQUA DISTRIBUIDORA DE PERFUMES E;07891033506774;CLASH DES COL 100ml;1,000;144,90;144,90;37,78;0,00;0,00;107,12;73,93;283,54;2,80;38,17;A;;
04/09/2026;024671 - 24671 ACQUA DISTRIBUIDORA DE PERFUMES E;07891033842148;EGEO DES COL SPCY VIBE C/CAR 90ml;1,000;164,90;164,90;61,23;0,00;0,00;103,67;62,87;169,31;2,71;40,88;A;;
04/09/2026;024671 - 24671 ACQUA DISTRIBUIDORA DE PERFUMES E;07891033903818;PMPCK MALBEC DES BODY SPRAY;2,000;139,99;69,99;38,26;0,00;0,00;101,73;72,67;265,89;2,66;43,53;A;;
04/09/2026;024671 - 24671 ACQUA DISTRIBUIDORA DE PERFUMES E;07891033826858;EGEO DES COL BOMB BLACK C/CAR 90ml;1,000;126,99;126,99;28,81;0,00;0,00;98,18;77,31;340,78;2,56;46,10;A;;
04/09/2026;024671 - 24671 ACQUA DISTRIBUIDORA DE PERFUMES E;07891033757558;MAKE B BAS PO MINERAL 30 55G;1,000;121,41;121,41;25,28;0,00;0,00;96,13;79,18;380,26;2,51;48,61;A;;
04/09/2026;024671 - 24671 ACQUA DISTRIBUIDORA DE PERFUMES E;07891033905133;MALBEC DES COL V7 100ml;1,000;140,13;140,13;44,72;0,00;0,00;95,41;68,09;213,35;2,49;51,10;A;;
04/09/2026;024671 - 24671 ACQUA DISTRIBUIDORA DE PERFUMES E;07891033583720;FLORATTA DES COL ROM/VER V2 75ml;1,000;123,21;123,21;31,54;0,00;0,00;91,67;74,40;290,65;2,39;53,49;A;;
04/09/2026;024671 - 24671 ACQUA DISTRIBUIDORA DE PERFUMES E;07891033520527;CELEBRE DES COL MASC AGORA 100ml;1,000;101,05;101,05;18,36;0,00;0,00;82,69;81,83;450,38;2,16;55,65;A;;
04/09/2026;024671 - 24671 ACQUA DISTRIBUIDORA DE PERFUMES E;07891033483037;FLORATTA DES COL RED V2 75ml;1,000;147,40;147,40;68,43;0,00;0,00;78,97;53,58;115,40;2,06;57,71;A;;
04/09/2026;024671 - 24671 ACQUA DISTRIBUIDORA DE PERFUMES E;07891033483754;ELYSEE CR DES HID ACET CPO BLANC 250g V2;1,000;114,00;114,00;36,95;0,00;0,00;77,05;67,59;208,53;2,01;59,73;A;;
04/09/2026;024671 - 24671 ACQUA DISTRIBUIDORA DE PERFUMES E;07891033841820;LILY DES COL BDY SPLSH 200ml;1,000;96,59;96,59;21,18;0,00;0,00;75,41;78,07;356,04;1,97;61,70;A;;
04/09/2026;024671 - 24671 ACQUA DISTRIBUIDORA DE PERFUMES E;07891033843879;MALBEC DES COL V6 100ml;1,000;157,41;157,41;82,64;0,00;0,00;74,77;47,50;90,48;1,95;63,65;A;;
04/09/2026;024671 - 24671 ACQUA DISTRIBUIDORA DE PERFUMES E;07891033909810;NSPA DES COL BDY SPLSH AMEIX/INT 200ml;1,000;92,90;92,90;20,36;0,00;0,00;72,54;78,08;356,29;1,89;65,54;A;;
04/09/2026;024671 - 24671 ACQUA DISTRIBUIDORA DE PERFUMES E;07891033499601;NSPA DES COL BDY SPLSH ORQ NOIRE 200ml;1,000;90,02;90,02;17,65;0,00;0,00;72,37;80,39;410,03;1,89;67,43;A;;
04/09/2026;024671 - 24671 ACQUA DISTRIBUIDORA DE PERFUMES E;07891033856060;INSENSATEZ DES COL V4 100ml;4,000;317,59;79,40;245,92;0,00;0,00;71,67;22,57;29,14;1,87;69,30;A;;
04/09/2026;024671 - 24671 ACQUA DISTRIBUIDORA DE PERFUMES E;07891033578900;LILY CREM ACET DES HID CPO GARDENIA 250g;1,000;119,72;119,72;50,38;0,00;0,00;69,34;57,92;137,63;1,81;71,11;A;;
04/09/2026;024671 - 24671 ACQUA DISTRIBUIDORA DE PERFUMES E;07891033706686;SOPHIE COL HELLO 100ml;1,000;115,42;115,42;48,96;0,00;0,00;66,46;57,58;135,74;1,74;72,85;A;;
04/09/2026;024671 - 24671 ACQUA DISTRIBUIDORA DE PERFUMES E;07891033535187;ELYSEE EDP V2 50ml;1,000;204,70;204,70;138,63;0,00;0,00;66,07;32,28;47,66;1,73;74,57;A;;
04/09/2026;024671 - 24671 ACQUA DISTRIBUIDORA DE PERFUMES E;07891033771479;BOTIK TON MICLR FAC PURIF PREB 200ml;1,000;106,41;106,41;41,46;0,00;0,00;64,95;61,04;156,66;1,70;76,27;A;;
04/09/2026;024671 - 24671 ACQUA DISTRIBUIDORA DE PERFUMES E;07891033954544;PMPCK QUASAR DES BODY SPRAY DEEP BLUE;1,000;76,41;76,41;18,30;0,00;0,00;58,11;76,05;317,54;1,52;77,79;A;;
04/09/2026;024671 - 24671 ACQUA DISTRIBUIDORA DE PERFUMES E;07891033740437;LINDA DES COL V4 100ml;2,000;212,52;106,26;158,32;0,00;0,00;54,20;25,50;34,23;1,42;79,20;A;;
04/09/2026;024671 - 24671 ACQUA DISTRIBUIDORA DE PERFUMES E;07891033494019;CASA 214 SAB LIQ MULTIF VAN/SUBLIM 400ml;2,000;99,86;49,93;48,22;0,00;0,00;51,64;51,71;107,09;1,35;80,55;B;;
04/09/2026;024671 - 24671 ACQUA DISTRIBUIDORA DE PERFUMES E;07891033513956;BOTICA 214 EDP FIJI PAR FL ESPEC 90ml;2,000;236,56;118,28;185,26;0,00;0,00;51,30;21,69;27,69;1,34;81,89;B;;
04/09/2026;024671 - 24671 ACQUA DISTRIBUIDORA DE PERFUMES E;07891033018086;MAKE B BAS LIQ MATE SALICYLIC 200 30g;1,000;87,90;87,90;38,09;0,00;0,00;49,81;56,67;130,77;1,30;83,19;B;;
04/09/2026;024671 - 24671 ACQUA DISTRIBUIDORA DE PERFUMES E;07891033885602;MALBEC DES ANTIT ROLL V10 55ml;2,000;59,80;29,90;10,32;0,00;0,00;49,48;82,74;479,46;1,29;84,48;B;;
04/09/2026;024671 - 24671 ACQUA DISTRIBUIDORA DE PERFUMES E;07891033562756;PMPCK NSPA AMEI DES ANT AER 2x75g/125ml;1,000;59,85;59,85;14,22;0,00;0,00;45,63;76,24;320,89;1,19;85,68;B;;
04/09/2026;024671 - 24671 ACQUA DISTRIBUIDORA DE PERFUMES E;07891033595174;REF NSPA LOC DES HID CPO AMEIXA 350ml;1,000;54,38;54,38;10,52;0,00;0,00;43,86;80,65;416,92;1,15;86,82;B;;
04/09/2026;024671 - 24671 ACQUA DISTRIBUIDORA DE PERFUMES E;07891033868681;CLASH CR PRE E POS BARBA 150g;1,000;50,90;50,90;11,10;0,00;0,00;39,80;78,19;358,56;1,04;87,86;B;;
04/09/2026;024671 - 24671 ACQUA DISTRIBUIDORA DE PERFUMES E;07891033894840;NSPA TRIO SAB BARR BES SEL COLL 3x100g;1,000;54,52;54,52;16,91;0,00;0,00;37,61;68,98;222,41;0,98;88,84;B;;
04/09/2026;024671 - 24671 ACQUA DISTRIBUIDORA DE PERFUMES E;07891033512256;BOTICOLL SAB BARR CPO PERF 5x80g V2;1,000;54,90;54,90;17,43;0,00;0,00;37,47;68,25;214,97;0,98;89,82;B;;
04/09/2026;024671 - 24671 ACQUA DISTRIBUIDORA DE PERFUMES E;07891033513246;QUASAR DES SPR RUSH V2 100ml;1,000;45,09;45,09;10,27;0,00;0,00;34,82;77,22;339,05;0,91;90,73;B;;
04/09/2026;024671 - 24671 ACQUA DISTRIBUIDORA DE PERFUMES E;07891033487844;ZAAD DES ANTIT AER 75g V7;2,000;56,95;28,47;22,62;0,00;0,00;34,33;60,28;151,77;0,90;91,63;B;;
04/09/2026;024671 - 24671 ACQUA DISTRIBUIDORA DE PERFUMES E;07891033894604;BOTIK SR FAC LIFT FIR PEP PR/EL PRM 10ml;1,000;35,18;35,18;1,08;0,00;0,00;34,10;96,93;3157,41;0,89;92,52;B;;
04/09/2026;024671 - 24671 ACQUA DISTRIBUIDORA DE PERFUMES E;07891033595815;MATCH MASC CAP NUTR/REGEN V2 250g;1,000;59,57;59,57;26,87;0,00;0,00;32,70;54,89;121,70;0,85;93,37;B;;
04/09/2026;024671 - 24671 ACQUA DISTRIBUIDORA DE PERFUMES E;07891033749652;MALBEC LOC DES HID CPO RPCK 200ml;1,000;43,89;43,89;14,00;0,00;0,00;29,89;68,10;213,50;0,78;94,15;B;;
04/09/2026;024671 - 24671 ACQUA DISTRIBUIDORA DE PERFUMES E;07891033567966;MATCH SHAMP SCIENCE PRE/POS QUIM 300ml;1,000;43,90;43,90;14,03;0,00;0,00;29,87;68,04;212,90;0,78;94,93;B;;
04/09/2026;024671 - 24671 ACQUA DISTRIBUIDORA DE PERFUMES E;07891033509560;CLASH DES BDY SPR 100ml;1,000;52,90;52,90;24,07;0,00;0,00;28,83;54,50;119,78;0,75;95,68;C;;
04/09/2026;024671 - 24671 ACQUA DISTRIBUIDORA DE PERFUMES E;07891033733675;EGEO DES BDY SPR BLUE 100ml V2 PCK;1,000;35,71;35,71;8,98;0,00;0,00;26,73;74,85;297,66;0,70;96,38;C;;
04/09/2026;024671 - 24671 ACQUA DISTRIBUIDORA DE PERFUMES E;07891033868698;CLASH LOC DES HID CPO 200ml;1,000;46,90;46,90;23,44;0,00;0,00;23,46;50,02;100,09;0,61;96,99;C;;
04/09/2026;024671 - 24671 ACQUA DISTRIBUIDORA DE PERFUMES E;07891033886951;CBEM LOC DES HID CP R/ALG N/FORM 200ml;1,000;30,51;30,51;8,83;0,00;0,00;21,68;71,06;245,53;0,57;97,56;C;;
04/09/2026;024671 - 24671 ACQUA DISTRIBUIDORA DE PERFUMES E;07891033883653;NSPA SAB BARRA AMEIXA V5 3x90g;1,000;36,04;36,04;15,08;0,00;0,00;20,96;58,16;138,99;0,55;98,11;C;;
04/09/2026;024671 - 24671 ACQUA DISTRIBUIDORA DE PERFUMES E;07891033498963;CBEM LOC DES HID CPO ROS/ALG V3 200ml;1,000;37,90;37,90;19,55;0,00;0,00;18,35;48,42;93,86;0,48;98,59;C;;
04/09/2026;024671 - 24671 ACQUA DISTRIBUIDORA DE PERFUMES E;07891033521500;INTENSE BAT LIQ TINT 16H SUPF 535 V2 5ml;1,000;35,31;35,31;23,00;0,00;0,00;12,31;34,86;53,52;0,32;98,91;C;;
04/09/2026;024671 - 24671 ACQUA DISTRIBUIDORA DE PERFUMES E;07891033836994;MATCH COND OL CONTROLADA 280ml;1,000;32,37;32,37;21,34;0,00;0,00;11,03;34,07;51,69;0,29;99,20;C;;
04/09/2026;024671 - 24671 ACQUA DISTRIBUIDORA DE PERFUMES E;07891033836970;MATCH SHAMP OL CONTROLADA 300ml;1,000;30,62;30,62;20,32;0,00;0,00;10,30;33,64;50,69;0,27;99,47;C;;
04/09/2026;024671 - 24671 ACQUA DISTRIBUIDORA DE PERFUMES E;07891033520343;NSPA SAB BARRA AMEIXA DOURADA 2x90g;1,000;19,24;19,24;10,36;0,00;0,00;8,88;46,15;85,71;0,23;99,70;C;;
04/09/2026;024671 - 24671 ACQUA DISTRIBUIDORA DE PERFUMES E;07891033532551;MAKE B ESPNJ MAQUIAGEM PU;1,000;17,91;17,91;9,67;0,00;0,00;8,24;46,01;85,21;0,22;99,91;C;;
04/09/2026;024671 - 24671 ACQUA DISTRIBUIDORA DE PERFUMES E;07891033882984;ZAAD EDP INFINITY PRM 10ml;1,000;14,34;14,34;6,44;0,00;0,00;7,90;55,09;122,67;0,21;100,12;C;;
04/09/2026;024671 - 24671 ACQUA DISTRIBUIDORA DE PERFUMES E;07891033896615;EGEO DES COL VANILLA UBESESSION PRM 10ml;1,000;11,90;11,90;6,13;0,00;0,00;5,77;48,49;94,13;0,15;100,27;C;;
04/09/2026;024671 - 24671 ACQUA DISTRIBUIDORA DE PERFUMES E;07891033879632;CBEM OL CPO TERMICO CER/FASES 110ml;1,000;23,16;23,16;22,10;0,00;0,00;1,06;4,58;4,80;0,03;100,30;C;;
04/09/2026;024671 - 24671 ACQUA DISTRIBUIDORA DE PERFUMES E;07891033554089;BOTIK CR N FIR ROST/PESC RES/SIL PRM 10g;1,000;0,01;0,01;0,00;0,00;0,00;0,01;100,00;0,00;0,00;100,30;C;;
04/09/2026;024671 - 24671 ACQUA DISTRIBUIDORA DE PERFUMES E;07891033974382;SACOLA UNIT M PAIS 2026 BOTI;1,000;0,01;0,01;0,00;0,00;0,00;0,01;100,00;0,00;0,00;100,30;C;;
04/09/2026;024671 - 24671 ACQUA DISTRIBUIDORA DE PERFUMES E;07891033908219;SACOLA P BOTICARIO INST/25;4,000;0,04;0,01;5,24;0,00;0,00;-5,20;-13000,00;-99,24;-0,14;100,16;C;;
04/09/2026;024671 - 24671 ACQUA DISTRIBUIDORA DE PERFUMES E;07891033908226;SACOLA M BOTICARIO INST/25;4,000;0,04;0,01;6,24;0,00;0,00;-6,20;-15500,00;-99,36;-0,16;100,00;C;;
05/09/2026;024303 - 24303 ACQUA DISTRIBUIDORA DE PERFUMES E;07891033481439;ELYSEE EDP BLANC 50ml V2;1,000;223,62;223,62;61,74;0,00;0,00;161,88;72,39;262,20;17,29;17,29;A;;
05/09/2026;024303 - 24303 ACQUA DISTRIBUIDORA DE PERFUMES E;07891033854592;MALBEC DES COL BLACK LEGEND 100ml;1,000;224,67;224,67;103,33;0,00;0,00;121,34;54,01;117,43;12,96;30,25;A;;
05/09/2026;024303 - 24303 ACQUA DISTRIBUIDORA DE PERFUMES E;07891033897339;MAKE B PLT MULTIF BL/FUS DEEP BLEND 20g;1,000;155,52;155,52;56,63;0,00;0,00;98,89;63,59;174,62;10,56;40,81;A;;
05/09/2026;024303 - 24303 ACQUA DISTRIBUIDORA DE PERFUMES E;07891033905133;MALBEC DES COL V7 100ml;1,000;144,49;144,49;87,42;0,00;0,00;57,07;39,50;65,28;6,10;46,91;A;;
05/09/2026;024303 - 24303 ACQUA DISTRIBUIDORA DE PERFUMES E;07891033841820;LILY DES COL BDY SPLSH 200ml;1,000;78,41;78,41;21,40;0,00;0,00;57,01;72,71;266,40;6,09;52,99;A;;
05/09/2026;024303 - 24303 ACQUA DISTRIBUIDORA DE PERFUMES E;07891033518029;BOTI BABY COL SOL V2 100ml;1,000;96,95;96,95;40,37;0,00;0,00;56,58;58,36;140,15;6,04;59,04;A;;
05/09/2026;024303 - 24303 ACQUA DISTRIBUIDORA DE PERFUMES E;07891033826858;EGEO DES COL BOMB BLACK C/CAR 90ml;1,000;116,91;116,91;61,82;0,00;0,00;55,09;47,12;89,11;5,88;64,92;A;;
05/09/2026;024303 - 24303 ACQUA DISTRIBUIDORA DE PERFUMES E;07891033744381;ARBO DES COL 100ml V4;1,000;125,91;125,91;76,21;0,00;0,00;49,70;39,47;65,21;5,31;70,23;A;;
05/09/2026;024303 - 24303 ACQUA DISTRIBUIDORA DE PERFUMES E;07891033740437;LINDA DES COL V4 100ml;1,000;118,71;118,71;79,93;0,00;0,00;38,78;32,67;48,52;4,14;74,37;A;;
05/09/2026;024303 - 24303 ACQUA DISTRIBUIDORA DE PERFUMES E;07891033859207;CBEM DES COL BDY SPLSH AMORUDA 200ml;1,000;74,49;74,49;36,88;0,00;0,00;37,61;50,49;101,98;4,02;78,39;A;;
05/09/2026;024303 - 24303 ACQUA DISTRIBUIDORA DE PERFUMES E;07891033595815;MATCH MASC CAP NUTR/REGEN V2 250g;1,000;51,86;51,86;14,56;0,00;0,00;37,30;71,92;256,18;3,98;82,37;B;;
05/09/2026;024303 - 24303 ACQUA DISTRIBUIDORA DE PERFUMES E;07891033518081;BOTI BABY COND V2 200ml;1,000;46,45;46,45;15,48;0,00;0,00;30,97;66,67;200,06;3,31;85,68;B;;
05/09/2026;024303 - 24303 ACQUA DISTRIBUIDORA DE PERFUMES E;07891033520190;BOTI BABY SHAMP V2 200ml;1,000;44,47;44,47;17,87;0,00;0,00;26,60;59,82;148,85;2,84;88,52;B;;
05/09/2026;024303 - 24303 ACQUA DISTRIBUIDORA DE PERFUMES E;07891033749652;MALBEC LOC DES HID CPO RPCK 200ml;1,000;37,09;37,09;14,15;0,00;0,00;22,94;61,85;162,12;2,45;90,97;B;;
05/09/2026;024303 - 24303 ACQUA DISTRIBUIDORA DE PERFUMES E;07891033894017;CX PRESENTE M BOTI INST/25 VDA;2,000;22,72;11,36;0,00;0,00;0,00;22,72;100,00;0,00;2,43;93,40;B;;
05/09/2026;024303 - 24303 ACQUA DISTRIBUIDORA DE PERFUMES E;07891033957989;NSPA CR PERF DES HID CP AMEIX/INT 180ml;1,000;47,46;47,46;25,82;0,00;0,00;21,64;45,60;83,81;2,31;95,71;C;;
05/09/2026;024303 - 24303 ACQUA DISTRIBUIDORA DE PERFUMES E;07891033851256;MATCH COND NUTR/PROF V2 280ml;1,000;38,12;38,12;21,56;0,00;0,00;16,56;43,44;76,81;1,77;97,48;C;;
05/09/2026;024303 - 24303 ACQUA DISTRIBUIDORA DE PERFUMES E;07891033524686;BOTIK GEL LIM FAC MIC AC MAN/SAL 50g PRM;1,000;13,74;13,74;0,00;0,00;0,00;13,74;100,00;0,00;1,47;98,94;C;;
05/09/2026;024303 - 24303 ACQUA DISTRIBUIDORA DE PERFUMES E;07891033578337;NSPA SAB LIQ PERF CPO CER/ROUGE 250ml;1,000;34,49;34,49;21,22;0,00;0,00;13,27;38,47;62,54;1,42;100,36;C;;
05/09/2026;024303 - 24303 ACQUA DISTRIBUIDORA DE PERFUMES E;07891033511655;CBEM SAB BARRA ROSA/ALGODAO 4x80g;1,000;23,47;23,47;13,90;0,00;0,00;9,57;40,78;68,85;1,02;101,38;C;;
05/09/2026;024303 - 24303 ACQUA DISTRIBUIDORA DE PERFUMES E;07891033907045;MATCH SHAMP NUTR/PROF V3 300ml;1,000;30,01;30,01;21,54;0,00;0,00;8,47;28,22;39,32;0,90;102,29;C;;
05/09/2026;024303 - 24303 ACQUA DISTRIBUIDORA DE PERFUMES E;07891033908226;SACOLA M BOTICARIO INST/25;5,000;0,05;0,01;7,80;0,00;0,00;-7,75;-15500,00;-99,36;-0,83;101,46;C;;
05/09/2026;024303 - 24303 ACQUA DISTRIBUIDORA DE PERFUMES E;07891033856770;CBEM LOC DES HID CPO CER/FASES PRM 50ml;2,000;0,02;0,01;13,70;0,00;0,00;-13,68;-68400,00;-99,85;-1,46;100,00;C;;
05/09/2026;024617 - ACQUA DISTRIBUIDORA DE PERFUMES E COSMETICOS LTDA;07891033479498;THE BLEND EDP 100ml V2;1,000;379,90;379,90;151,02;0,00;0,00;228,88;60,25;151,56;10,76;10,76;A;;
05/09/2026;024617 - ACQUA DISTRIBUIDORA DE PERFUMES E COSMETICOS LTDA;07891033843923;MALBEC DES COL BLACK V2 100ml;1,000;226,57;226,57;103,30;0,00;0,00;123,27;54,41;119,33;5,80;16,56;A;;
05/09/2026;024617 - ACQUA DISTRIBUIDORA DE PERFUMES E COSMETICOS LTDA;07891033862061;ESTJ HER CODE REG/25;1,000;259,76;259,76;137,17;0,00;0,00;122,59;47,19;89,37;5,76;22,32;A;;
05/09/2026;024617 - ACQUA DISTRIBUIDORA DE PERFUMES E COSMETICOS LTDA;07891033500222;HER CODE EDP 50ml;1,000;229,41;229,41;111,79;0,00;0,00;117,62;51,27;105,22;5,53;27,86;A;;
05/09/2026;024617 - ACQUA DISTRIBUIDORA DE PERFUMES E COSMETICOS LTDA;07891033512423;QUASAR DES COL BRAVE V2 100ml;1,000;147,12;147,12;32,29;0,00;0,00;114,83;78,05;355,62;5,40;33,25;A;;
05/09/2026;024617 - ACQUA DISTRIBUIDORA DE PERFUMES E COSMETICOS LTDA;07891033826858;EGEO DES COL BOMB BLACK C/CAR 90ml;1,000;129,90;129,90;29,10;0,00;0,00;100,80;77,60;346,39;4,74;37,99;A;;
05/09/2026;024617 - ACQUA DISTRIBUIDORA DE PERFUMES E COSMETICOS LTDA;07891033050093;MA CHERIE DES COL 100ml V6;1,000;127,99;127,99;32,21;0,00;0,00;95,78;74,83;297,36;4,50;42,50;A;;
05/09/2026;024617 - ACQUA DISTRIBUIDORA DE PERFUMES E COSMETICOS LTDA;07891033051250;MA CHERIE LOC DESC HID CPO 200ml;2,000;110,04;55,02;21,40;0,00;0,00;88,64;80,55;414,21;4,17;46,67;A;;
05/09/2026;024617 - ACQUA DISTRIBUIDORA DE PERFUMES E COSMETICOS LTDA;07891033878987;BOTICOLL CONNEXION DES COL V3 100ml;1,000;133,17;133,17;49,57;0,00;0,00;83,60;62,78;168,65;3,93;50,60;A;;
05/09/2026;024617 - ACQUA DISTRIBUIDORA DE PERFUMES E COSMETICOS LTDA;07891033946105;NSPA DES COL BDY/SPL ORQ/NOIRE V2 200ml;1,000;95,55;95,55;15,48;0,00;0,00;80,07;83,80;517,25;3,77;54,36;A;;
05/09/2026;024617 - ACQUA DISTRIBUIDORA DE PERFUMES E COSMETICOS LTDA;07891033482962;FLORATTA DES COL ROSE BOUQUET 75ml;1,000;110,55;110,55;33,52;0,00;0,00;77,03;69,68;229,80;3,62;57,99;A;;
05/09/2026;024617 - ACQUA DISTRIBUIDORA DE PERFUMES E COSMETICOS LTDA;07891033550838;NEXT COLONIA 75ml;1,000;105,12;105,12;31,70;0,00;0,00;73,42;69,84;231,61;3,45;61,44;A;;
05/09/2026;024617 - ACQUA DISTRIBUIDORA DE PERFUMES E COSMETICOS LTDA;07891033507566;MAKE B MASC CILIO POSTICOS PRETA 10g V3;1,000;87,09;87,09;21,77;0,00;0,00;65,32;75,00;300,05;3,07;64,51;A;;
05/09/2026;024617 - ACQUA DISTRIBUIDORA DE PERFUMES E COSMETICOS LTDA;07891033842131;EGEO DES COL VAN VIBE 90ml;1,000;125,49;125,49;61,87;0,00;0,00;63,62;50,70;102,83;2,99;67,50;A;;
05/09/2026;024617 - ACQUA DISTRIBUIDORA DE PERFUMES E COSMETICOS LTDA;07891033492459;COFFEE D/COL DUO MAN FOUG/AMB V2 100ml;1,000;154,15;154,15;91,26;0,00;0,00;62,89;40,80;68,91;2,96;70,46;A;;
05/09/2026;024617 - ACQUA DISTRIBUIDORA DE PERFUMES E COSMETICOS LTDA;07891033490257;FLORATTA DES BDY SPR ROSE 100ml V8;2,000;68,22;34,11;17,60;0,00;0,00;50,62;74,20;287,61;2,38;72,84;A;;
05/09/2026;024617 - ACQUA DISTRIBUIDORA DE PERFUMES E COSMETICOS LTDA;07891033706686;SOPHIE COL HELLO 100ml;1,000;98,33;98,33;49,51;0,00;0,00;48,82;49,65;98,61;2,30;75,14;A;;
05/09/2026;024617 - ACQUA DISTRIBUIDORA DE PERFUMES E COSMETICOS LTDA;07891033859351;HER CODE CREM AVELUD DES CPO 250g;1,000;98,00;98,00;49,64;0,00;0,00;48,36;49,35;97,42;2,27;77,41;A;;
05/09/2026;024617 - ACQUA DISTRIBUIDORA DE PERFUMES E COSMETICOS LTDA;07891033524686;BOTIK GEL LIM FAC MIC AC MAN/SAL 50g PRM;5,000;44,84;8,97;0,00;0,00;0,00;44,84;100,00;0,00;2,11;79,52;A;;
05/09/2026;024617 - ACQUA DISTRIBUIDORA DE PERFUMES E COSMETICOS LTDA;07891033903818;PMPCK MALBEC DES BODY SPRAY;1,000;79,35;79,35;36,42;0,00;0,00;42,93;54,10;117,87;2,02;81,54;B;;
05/09/2026;024617 - ACQUA DISTRIBUIDORA DE PERFUMES E COSMETICOS LTDA;07891033954056;PMPCK LILY DES B/SPR LEAU/LILY BLANC;1,000;79,35;79,35;36,45;0,00;0,00;42,90;54,06;117,70;2,02;83,55;B;;
05/09/2026;024617 - ACQUA DISTRIBUIDORA DE PERFUMES E COSMETICOS LTDA;07891033826865;EGEO DES COL BLUE C/CAR 90ml;1,000;102,52;102,52;61,86;0,00;0,00;40,66;39,66;65,73;1,91;85,47;B;;
05/09/2026;024617 - ACQUA DISTRIBUIDORA DE PERFUMES E COSMETICOS LTDA;07891033501250;MALBEC DES BDY SPR ULTRA BLEU 100ml;1,000;47,62;47,62;8,39;0,00;0,00;39,23;82,38;467,58;1,84;87,31;B;;
05/09/2026;024617 - ACQUA DISTRIBUIDORA DE PERFUMES E COSMETICOS LTDA;07891033486465;FLORATTA CR DES HID CPO ROSE 200ml V5;1,000;59,48;59,48;24,39;0,00;0,00;35,09;58,99;143,87;1,65;88,96;B;;
05/09/2026;024617 - ACQUA DISTRIBUIDORA DE PERFUMES E COSMETICOS LTDA;07891033585663;MAKE B CORRET LIQ FAC EFFECT 10 V2 57ml;1,000;56,40;56,40;22,35;0,00;0,00;34,05;60,37;152,35;1,60;90,56;B;;
05/09/2026;024617 - ACQUA DISTRIBUIDORA DE PERFUMES E COSMETICOS LTDA;07891033586240;MAKE B CORRET LIQ FAC EFFECT 20 V2 57ml;1,000;56,40;56,40;22,35;0,00;0,00;34,05;60,37;152,35;1,60;92,16;B;;
05/09/2026;024617 - ACQUA DISTRIBUIDORA DE PERFUMES E COSMETICOS LTDA;07891033595174;REF NSPA LOC DES HID CPO AMEIXA 350ml;1,000;59,90;59,90;27,84;0,00;0,00;32,06;53,52;115,16;1,51;93,67;B;;
05/09/2026;024617 - ACQUA DISTRIBUIDORA DE PERFUMES E COSMETICOS LTDA;07891033974368;CAIXA LACO M BOTI PAIS 2026 UNIT;3,000;30,42;10,14;0,00;0,00;0,00;30,42;100,00;0,00;1,43;95,10;C;;
05/09/2026;024617 - ACQUA DISTRIBUIDORA DE PERFUMES E COSMETICOS LTDA;07891033886883;CBEM LOC DES HID CPO NUVEM N/FORM 400ml;1,000;58,90;58,90;29,14;0,00;0,00;29,76;50,53;102,13;1,40;96,50;C;;
05/09/2026;024617 - ACQUA DISTRIBUIDORA DE PERFUMES E COSMETICOS LTDA;07891033957996;NSPA CR PERF DES HID CP AMX/INT PRM 50ml;1,000;30,90;30,90;2,26;0,00;0,00;28,64;92,69;1267,26;1,35;97,85;C;;
05/09/2026;024617 - ACQUA DISTRIBUIDORA DE PERFUMES E COSMETICOS LTDA;07891033957972;REF NSPA CR PERF DES HID CP AM/INT 350ml;1,000;51,35;51,35;28,64;0,00;0,00;22,71;44,23;79,29;1,07;98,92;C;;
05/09/2026;024617 - ACQUA DISTRIBUIDORA DE PERFUMES E COSMETICOS LTDA;07891033894222;NSPA LOC DES HID CPO ORQ/NOIRE V2 400ml;1,000;52,95;52,95;35,73;0,00;0,00;17,22;32,52;48,19;0,81;99,72;C;;
05/09/2026;024617 - ACQUA DISTRIBUIDORA DE PERFUMES E COSMETICOS LTDA;07891033512317;CBEM SAB BARRA CEREJA LIVRE V2 2x80g;1,000;16,20;16,20;8,80;0,00;0,00;7,40;45,68;84,09;0,35;100,07;C;;
05/09/2026;024617 - ACQUA DISTRIBUIDORA DE PERFUMES E COSMETICOS LTDA;07891033894017;CX PRESENTE M BOTI INST/25 VDA;1,000;11,94;11,94;7,37;0,00;0,00;4,57;38,27;62,01;0,21;100,29;C;;
05/09/2026;024617 - ACQUA DISTRIBUIDORA DE PERFUMES E COSMETICOS LTDA;07891033958030;NSPA SAB BARRA CP AMEIX/INT 90g;1,000;9,57;9,57;5,99;0,00;0,00;3,58;37,41;59,77;0,17;100,46;C;;
05/09/2026;024617 - ACQUA DISTRIBUIDORA DE PERFUMES E COSMETICOS LTDA;07891033908219;SACOLA P BOTICARIO INST/25;2,000;0,02;0,01;2,62;0,00;0,00;-2,60;-13000,00;-99,24;-0,12;100,33;C;;
05/09/2026;024617 - ACQUA DISTRIBUIDORA DE PERFUMES E COSMETICOS LTDA;07891033889716;LIZ DES COL D ESSENCE PRM 10ml;1,000;0,01;0,01;7,11;0,00;0,00;-7,10;-71000,00;-99,86;-0,33;100,00;C;;
05/09/2026;024668 - ACQUA DISTRIBUIDORA DE PERFUMES E COSMETICOS LTDA;07891033497652;UOMINI DES COL V6 100ml;6,000;593,48;98,91;213,18;0,00;0,00;380,30;64,08;178,39;5,83;5,83;A;;
05/09/2026;024668 - ACQUA DISTRIBUIDORA DE PERFUMES E COSMETICOS LTDA;07891033583737;FLORATTA DES COL RED BLOSSOM V2 75ml;4,000;443,03;110,76;106,72;0,00;0,00;336,31;75,91;315,13;5,16;10,98;A;;
05/09/2026;024668 - ACQUA DISTRIBUIDORA DE PERFUMES E COSMETICOS LTDA;07891033492459;COFFEE D/COL DUO MAN FOUG/AMB V2 100ml;2,000;322,53;161,26;89,02;0,00;0,00;233,51;72,40;262,31;3,58;14,56;A;;
05/09/2026;024668 - ACQUA DISTRIBUIDORA DE PERFUMES E COSMETICOS LTDA;07891033736089;MALBEC DES COL NOIR 100ml V2;1,000;259,90;259,90;45,10;0,00;0,00;214,80;82,65;476,27;3,29;17,86;A;;
05/09/2026;024668 - ACQUA DISTRIBUIDORA DE PERFUMES E COSMETICOS LTDA;07891033905133;MALBEC DES COL V7 100ml;2,000;303,17;151,58;89,44;0,00;0,00;213,73;70,50;238,96;3,28;21,13;A;;
05/09/2026;024668 - ACQUA DISTRIBUIDORA DE PERFUMES E COSMETICOS LTDA;07891033535187;ELYSEE EDP V2 50ml;1,000;241,90;241,90;60,49;0,00;0,00;181,41;74,99;299,90;2,78;23,91;A;;
05/09/2026;024668 - ACQUA DISTRIBUIDORA DE PERFUMES E COSMETICOS LTDA;07891033500222;HER CODE EDP 50ml;1,000;229,41;229,41;57,77;0,00;0,00;171,64;74,82;297,11;2,63;26,54;A;;
05/09/2026;024668 - ACQUA DISTRIBUIDORA DE PERFUMES E COSMETICOS LTDA;07891033774838;UOMINI DES COL 100ml V5;2,000;167,70;83,85;0,00;0,00;0,00;167,70;100,00;0,00;2,57;29,12;A;;
05/09/2026;024668 - ACQUA DISTRIBUIDORA DE PERFUMES E COSMETICOS LTDA;07891033843909;MALBEC DES COL MAGNETIC V3 100ml;1,000;219,41;219,41;63,44;0,00;0,00;155,97;71,09;245,85;2,39;31,51;A;;
05/09/2026;024668 - ACQUA DISTRIBUIDORA DE PERFUMES E COSMETICOS LTDA;07891033878963;FLORATTA EDP RED PASSION V2 75ml;1,000;198,40;198,40;49,11;0,00;0,00;149,29;75,25;303,99;2,29;33,79;A;;
05/09/2026;024668 - ACQUA DISTRIBUIDORA DE PERFUMES E COSMETICOS LTDA;07891033506774;CLASH DES COL 100ml;2,000;289,80;144,90;141,54;0,00;0,00;148,26;51,16;104,75;2,27;36,07;A;;
05/09/2026;024668 - ACQUA DISTRIBUIDORA DE PERFUMES E COSMETICOS LTDA;07891033843923;MALBEC DES COL BLACK V2 100ml;1,000;250,14;250,14;102,34;0,00;0,00;147,80;59,09;144,42;2,27;38,33;A;;
05/09/2026;024668 - ACQUA DISTRIBUIDORA DE PERFUMES E COSMETICOS LTDA;07891033894710;BOTIK GEL/LIMP FAC CIC/PANT/CER PRM 50g;8,000;143,30;17,91;0,00;0,00;0,00;143,30;100,00;0,00;2,20;40,53;A;;
05/09/2026;024668 - ACQUA DISTRIBUIDORA DE PERFUMES E COSMETICOS LTDA;07891033483655;COFFEE DES COL MAN SEDUC 100ml V4;1,000;225,53;225,53;84,47;0,00;0,00;141,06;62,55;166,99;2,16;42,69;A;;
05/09/2026;024668 - ACQUA DISTRIBUIDORA DE PERFUMES E COSMETICOS LTDA;07891033882014;REF LILY CR ACET DES HID CPO V3 250g;3,000;252,33;84,11;117,93;0,00;0,00;134,40;53,26;113,97;2,06;44,75;A;;
05/09/2026;024668 - ACQUA DISTRIBUIDORA DE PERFUMES E COSMETICOS LTDA;07891033481453;BOTICOLL ANNI DES COL 100ml V2;1,000;157,41;157,41;27,85;0,00;0,00;129,56;82,31;465,21;1,99;46,74;A;;
05/09/2026;024668 - ACQUA DISTRIBUIDORA DE PERFUMES E COSMETICOS LTDA;07891033909810;NSPA DES COL BDY SPLSH AMEIX/INT 200ml;2,000;159,99;79,99;40,72;0,00;0,00;119,27;74,55;292,90;1,83;48,57;A;;
05/09/2026;024668 - ACQUA DISTRIBUIDORA DE PERFUMES E COSMETICOS LTDA;07891033492503;COFFEE D/C DUO/WOM/ORIENT/AMAD V2 100ml;1,000;164,53;164,53;45,54;0,00;0,00;118,99;72,32;261,29;1,82;50,39;A;;
05/09/2026;024668 - ACQUA DISTRIBUIDORA DE PERFUMES E COSMETICOS LTDA;07891033903818;PMPCK MALBEC DES BODY SPRAY;2,000;152,23;76,11;38,22;0,00;0,00;114,01;74,89;298,30;1,75;52,14;A;;
05/09/2026;024668 - ACQUA DISTRIBUIDORA DE PERFUMES E COSMETICOS LTDA;07891033842148;EGEO DES COL SPCY VIBE C/CAR 90ml;1,000;164,90;164,90;50,92;0,00;0,00;113,98;69,12;223,84;1,75;53,88;A;;
05/09/2026;024668 - ACQUA DISTRIBUIDORA DE PERFUMES E COSMETICOS LTDA;07891033767007;LIZ DES COL 100ml;1,000;157,41;157,41;45,84;0,00;0,00;111,57;70,88;243,39;1,71;55,60;A;;
05/09/2026;024668 - ACQUA DISTRIBUIDORA DE PERFUMES E COSMETICOS LTDA;07891033197347;THATY DES COL BOTICOLL 100ML;1,000;134,49;134,49;25,65;0,00;0,00;108,84;80,93;424,33;1,67;57,26;A;;
05/09/2026;024668 - ACQUA DISTRIBUIDORA DE PERFUMES E COSMETICOS LTDA;07891033050093;MA CHERIE DES COL 100ml V6;1,000;140,44;140,44;33,43;0,00;0,00;107,01;76,20;320,10;1,64;58,90;A;;
05/09/2026;024668 - ACQUA DISTRIBUIDORA DE PERFUMES E COSMETICOS LTDA;07891033595167;REF NSPA LOC DES HID CPO AMEI/NEG 350ml;2,000;128,67;64,33;24,34;0,00;0,00;104,33;81,08;428,64;1,60;60,50;A;;
05/09/2026;024668 - ACQUA DISTRIBUIDORA DE PERFUMES E COSMETICOS LTDA;07891033856459;BOTICA 214 EDP ARAB/OASIS FOUG/AMB 90ml;1,000;192,57;192,57;97,06;0,00;0,00;95,51;49,60;98,40;1,46;61,97;A;;
05/09/2026;024668 - ACQUA DISTRIBUIDORA DE PERFUMES E COSMETICOS LTDA;07891033483037;FLORATTA DES COL RED V2 75ml;1,000;153,59;153,59;59,82;0,00;0,00;93,77;61,05;156,75;1,44;63,40;A;;
05/09/2026;024668 - ACQUA DISTRIBUIDORA DE PERFUMES E COSMETICOS LTDA;07891033583720;FLORATTA DES COL ROM/VER V2 75ml;1,000;124,91;124,91;31,54;0,00;0,00;93,37;74,75;296,04;1,43;64,84;A;;
05/09/2026;024668 - ACQUA DISTRIBUIDORA DE PERFUMES E COSMETICOS LTDA;07891033957958;NSPA CR PERF DES HID CPO AMEIX/INT 400ml;2,000;124,31;62,15;33,90;0,00;0,00;90,41;72,73;266,70;1,39;66,22;A;;
05/09/2026;024668 - ACQUA DISTRIBUIDORA DE PERFUMES E COSMETICOS LTDA;07891033482801;NSPA DES COL BDY SPLSH AMEI/NEG 200ml V2;1,000;109,90;109,90;19,86;0,00;0,00;90,04;81,93;453,37;1,38;67,60;A;;
05/09/2026;024668 - ACQUA DISTRIBUIDORA DE PERFUMES E COSMETICOS LTDA;07891033825486;MAKE B BAS LIQ MATE SALICYLIC 250 30g;1,000;98,16;98,16;17,73;0,00;0,00;80,43;81,94;453,64;1,23;68,83;A;;
05/09/2026;024668 - ACQUA DISTRIBUIDORA DE PERFUMES E COSMETICOS LTDA;07891033830596;CELEBRE DES COL FOUG AROM FORC 100ml;1,000;101,49;101,49;21,31;0,00;0,00;80,18;79,00;376,26;1,23;70,06;A;;
05/09/2026;024668 - ACQUA DISTRIBUIDORA DE PERFUMES E COSMETICOS LTDA;07891033836840;DR BOTICA COL POC/AVENTURA 120ml;1,000;98,90;98,90;19,21;0,00;0,00;79,69;80,58;414,84;1,22;71,29;A;;
05/09/2026;024668 - ACQUA DISTRIBUIDORA DE PERFUMES E COSMETICOS LTDA;07891033706686;SOPHIE COL HELLO 100ml;1,000;101,59;101,59;22,98;0,00;0,00;78,61;77,38;342,08;1,20;72,49;A;;
05/09/2026;024668 - ACQUA DISTRIBUIDORA DE PERFUMES E COSMETICOS LTDA;07891033524686;BOTIK GEL LIM FAC MIC AC MAN/SAL 50g PRM;4,000;77,19;19,30;0,00;0,00;0,00;77,19;100,00;0,00;1,18;73,67;A;;
05/09/2026;024668 - ACQUA DISTRIBUIDORA DE PERFUMES E COSMETICOS LTDA;07891033035304;CAIXA M INST 2021 VERDE ECONOMICA;23,000;76,05;3,31;0,00;0,00;0,00;76,05;100,00;0,00;1,17;74,84;A;;
05/09/2026;024668 - ACQUA DISTRIBUIDORA DE PERFUMES E COSMETICOS LTDA;07891033861804;ESTJ EGEO DOLCE NAT/25;1,000;137,77;137,77;64,21;0,00;0,00;73,56;53,39;114,56;1,13;75,97;A;;
05/09/2026;024668 - ACQUA DISTRIBUIDORA DE PERFUMES E COSMETICOS LTDA;07891033888955;LIZ DES COL D ESSENCE 100ml;1,000;138,50;138,50;65,08;0,00;0,00;73,42;53,01;112,81;1,13;77,09;A;;
05/09/2026;024668 - ACQUA DISTRIBUIDORA DE PERFUMES E COSMETICOS LTDA;07891033826889;EGEO DES COL DOLCE C/CAR 90ml;2,000;195,39;97,69;122,48;0,00;0,00;72,91;37,32;59,53;1,12;78,21;A;;
05/09/2026;024668 - ACQUA DISTRIBUIDORA DE PERFUMES E COSMETICOS LTDA;07891033514410;DR BOTICA COL POCAO FORCA 120ml V2;1,000;90,83;90,83;17,98;0,00;0,00;72,85;80,20;405,17;1,12;79,33;A;;
05/09/2026;024668 - ACQUA DISTRIBUIDORA DE PERFUMES E COSMETICOS LTDA;07891033906741;MAKE B BAS LIQ MATE SALICYLIC 240F 30g;1,000;94,51;94,51;22,35;0,00;0,00;72,16;76,35;322,86;1,11;80,43;B;;
05/09/2026;024668 - ACQUA DISTRIBUIDORA DE PERFUMES E COSMETICOS LTDA;07891033859207;CBEM DES COL BDY SPLSH AMORUDA 200ml;1,000;90,91;90,91;19,78;0,00;0,00;71,13;78,24;359,61;1,09;81,52;B;;
05/09/2026;024668 - ACQUA DISTRIBUIDORA DE PERFUMES E COSMETICOS LTDA;07891033946167;CELEBRE DES COL MASC AGORA V2 100ml;1,000;93,61;93,61;25,19;0,00;0,00;68,42;73,09;271,62;1,05;82,57;B;;
05/09/2026;024668 - ACQUA DISTRIBUIDORA DE PERFUMES E COSMETICOS LTDA;07891033548873;ESTJ BOTI BABY CASCA V2;1,000;117,90;117,90;50,29;0,00;0,00;67,61;57,35;134,44;1,04;83,61;B;;
05/09/2026;024668 - ACQUA DISTRIBUIDORA DE PERFUMES E COSMETICOS LTDA;07891033479634;BOTI SUN PROT SOL CPO GEL CR FPS50 200g;1,000;93,77;93,77;27,01;0,00;0,00;66,76;71,20;247,17;1,02;84,63;B;;
05/09/2026;024668 - ACQUA DISTRIBUIDORA DE PERFUMES E COSMETICOS LTDA;07891033512256;BOTICOLL SAB BARR CPO PERF 5x80g V2;2,000;101,73;50,86;38,96;0,00;0,00;62,77;61,70;161,11;0,96;85,59;B;;
05/09/2026;024668 - ACQUA DISTRIBUIDORA DE PERFUMES E COSMETICOS LTDA;07891033518029;BOTI BABY COL SOL V2 100ml;1,000;75,93;75,93;17,73;0,00;0,00;58,20;76,65;328,26;0,89;86,49;B;;
05/09/2026;024668 - ACQUA DISTRIBUIDORA DE PERFUMES E COSMETICOS LTDA;07891033856671;MAKE B PALETTE BLUSH CHERRY HIT V2 8g;1,000;114,53;114,53;56,46;0,00;0,00;58,07;50,70;102,85;0,89;87,38;B;;
05/09/2026;024668 - ACQUA DISTRIBUIDORA DE PERFUMES E COSMETICOS LTDA;07891033890279;MAKE B CORRET LIQ HYAL 140Q 68ml;1,000;69,63;69,63;14,97;0,00;0,00;54,66;78,50;365,13;0,84;88,21;B;;
05/09/2026;024668 - ACQUA DISTRIBUIDORA DE PERFUMES E COSMETICOS LTDA;07891033511235;CBEM DES COL BDY SPLSH BOA NOIT V2 200ml;1,000;90,90;90,90;36,52;0,00;0,00;54,38;59,82;148,90;0,83;89,05;B;;
05/09/2026;024668 - ACQUA DISTRIBUIDORA DE PERFUMES E COSMETICOS LTDA;07891033954056;PMPCK LILY DES B/SPR LEAU/LILY BLANC;1,000;69,69;69,69;18,74;0,00;0,00;50,95;73,11;271,88;0,78;89,83;B;;
05/09/2026;024668 - ACQUA DISTRIBUIDORA DE PERFUMES E COSMETICOS LTDA;07891033533886;NSPA SAB LIQ PERF AMEIXA 250ml;1,000;57,22;57,22;8,87;0,00;0,00;48,35;84,50;545,10;0,74;90,57;B;;
05/09/2026;024668 - ACQUA DISTRIBUIDORA DE PERFUMES E COSMETICOS LTDA;07891033878031;MAKE B BATOM PREENCH HYAL CINNAMON 4g;1,000;64,90;64,90;17,71;0,00;0,00;47,19;72,71;266,46;0,72;91,29;B;;
05/09/2026;024668 - ACQUA DISTRIBUIDORA DE PERFUMES E COSMETICOS LTDA;07891033487790;BOTICOLL PORTINARI DES BDY SPR 100ml V7;1,000;51,89;51,89;8,90;0,00;0,00;42,99;82,85;483,03;0,66;91,95;B;;
05/09/2026;024668 - ACQUA DISTRIBUIDORA DE PERFUMES E COSMETICOS LTDA;07891033520831;MATCH BOOSTER RECONS CAP CIEN/CURV 90ml;1,000;42,90;42,90;0,00;0,00;0,00;42,90;100,00;0,00;0,66;92,61;B;;
05/09/2026;024668 - ACQUA DISTRIBUIDORA DE PERFUMES E COSMETICOS LTDA;07891033740437;LINDA DES COL V4 100ml;1,000;121,14;121,14;78,75;0,00;0,00;42,39;34,99;53,83;0,65;93,26;B;;
05/09/2026;024668 - ACQUA DISTRIBUIDORA DE PERFUMES E COSMETICOS LTDA;07891033520794;MATCH MASC C H 2ABC 3ABC CIEN/CURV 350g;1,000;69,90;69,90;27,55;0,00;0,00;42,35;60,59;153,72;0,65;93,91;B;;
05/09/2026;024668 - ACQUA DISTRIBUIDORA DE PERFUMES E COSMETICOS LTDA;07891033499632;NSPA SAB ESF CPO ORQ NOIRE 175ml;1,000;57,22;57,22;19,91;0,00;0,00;37,31;65,20;187,39;0,57;94,48;B;;
05/09/2026;024668 - ACQUA DISTRIBUIDORA DE PERFUMES E COSMETICOS LTDA;07891033945108;BOTIK BALM LAB HID AC/HIALUR V2 32g;1,000;47,90;47,90;11,11;0,00;0,00;36,79;76,81;331,14;0,56;95,04;C;;
05/09/2026;024668 - ACQUA DISTRIBUIDORA DE PERFUMES E COSMETICOS LTDA;07891033957972;REF NSPA CR PERF DES HID CP AM/INT 350ml;1,000;48,00;48,00;12,72;0,00;0,00;35,28;73,50;277,36;0,54;95,59;C;;
05/09/2026;024668 - ACQUA DISTRIBUIDORA DE PERFUMES E COSMETICOS LTDA;07891033866687;MATCH COND HID CIEN/CURV V2 300ml;1,000;49,90;49,90;21,38;0,00;0,00;28,52;57,15;133,40;0,44;96,02;C;;
05/09/2026;024668 - ACQUA DISTRIBUIDORA DE PERFUMES E COSMETICOS LTDA;07891033738311;EGEO CREM DES HID CPO DOLCE 100ml;1,000;44,90;44,90;16,65;0,00;0,00;28,25;62,92;169,67;0,43;96,46;C;;
05/09/2026;024668 - ACQUA DISTRIBUIDORA DE PERFUMES E COSMETICOS LTDA;07891033866717;MATCH SHAMP CIEN/CURV V2 300ml;1,000;47,90;47,90;21,32;0,00;0,00;26,58;55,49;124,67;0,41;96,86;C;;
05/09/2026;024668 - ACQUA DISTRIBUIDORA DE PERFUMES E COSMETICOS LTDA;07891033944996;CBEM SAB BARRA PESSEGURA V3 4x80g;1,000;35,49;35,49;10,70;0,00;0,00;24,79;69,85;231,68;0,38;97,24;C;;
05/09/2026;024668 - ACQUA DISTRIBUIDORA DE PERFUMES E COSMETICOS LTDA;07891033885602;MALBEC DES ANTIT ROLL V10 55ml;1,000;29,90;29,90;5,16;0,00;0,00;24,74;82,74;479,46;0,38;97,62;C;;
05/09/2026;024668 - ACQUA DISTRIBUIDORA DE PERFUMES E COSMETICOS LTDA;07891033538386;BOTIK PROT SOL FAC FPS 50 AC/HIAL 40ml;1,000;56,69;56,69;35,93;0,00;0,00;20,76;36,62;57,78;0,32;97,94;C;;
05/09/2026;024668 - ACQUA DISTRIBUIDORA DE PERFUMES E COSMETICOS LTDA;07891033879205;LILY SHAMP ACET V2 250ml;1,000;49,31;49,31;28,87;0,00;0,00;20,44;41,45;70,80;0,31;98,25;C;;
05/09/2026;024668 - ACQUA DISTRIBUIDORA DE PERFUMES E COSMETICOS LTDA;07891033486571;EGEO DES ANTIT AEROSSOL DOLCE 75g V9;1,000;27,90;27,90;10,88;0,00;0,00;17,02;61,00;156,43;0,26;98,51;C;;
05/09/2026;024668 - ACQUA DISTRIBUIDORA DE PERFUMES E COSMETICOS LTDA;07891033756551;INTENSE MASC CILIO TOO LONG 11g;2,000;60,78;30,39;44,38;0,00;0,00;16,40;26,98;36,95;0,25;98,77;C;;
05/09/2026;024668 - ACQUA DISTRIBUIDORA DE PERFUMES E COSMETICOS LTDA;07891033518012;BOTI BABY SAB LIQ GLIC V2 200ml;1,000;33,67;33,67;17,51;0,00;0,00;16,16;48,00;92,29;0,25;99,01;C;;
05/09/2026;024668 - ACQUA DISTRIBUIDORA DE PERFUMES E COSMETICOS LTDA;07891033873272;CBEM SAB BARR CPO AMORUDA 2x80g;1,000;23,85;23,85;8,61;0,00;0,00;15,24;63,90;177,00;0,23;99,25;C;;
05/09/2026;024668 - ACQUA DISTRIBUIDORA DE PERFUMES E COSMETICOS LTDA;07891033511242;CBEM SAB BARRA BOA NOITE V2 2x80g;1,000;23,85;23,85;8,61;0,00;0,00;15,24;63,90;177,00;0,23;99,48;C;;
05/09/2026;024668 - ACQUA DISTRIBUIDORA DE PERFUMES E COSMETICOS LTDA;07891033947508;MEN SAB BARRA V4 2x90g;1,000;20,90;20,90;8,18;0,00;0,00;12,72;60,86;155,50;0,19;99,68;C;;
05/09/2026;024668 - ACQUA DISTRIBUIDORA DE PERFUMES E COSMETICOS LTDA;07891033958030;NSPA SAB BARRA CP AMEIX/INT 90g;2,000;22,04;11,02;9,84;0,00;0,00;12,20;55,35;123,98;0,19;99,86;C;;
05/09/2026;024668 - ACQUA DISTRIBUIDORA DE PERFUMES E COSMETICOS LTDA;07891033493623;MALBEC DES ANTIT AER 75g/125ml V10;1,000;22,30;22,30;11,68;0,00;0,00;10,62;47,62;90,92;0,16;100,03;C;;
05/09/2026;024668 - ACQUA DISTRIBUIDORA DE PERFUMES E COSMETICOS LTDA;07891033553587;MALBEC EDP PRM 10ml;2,000;3,00;1,50;4,68;0,00;0,00;-1,68;-56,00;-35,90;-0,03;100,00;C;;
05/09/2026;024669 - 24669 ACQUA DISTRIBUIDORA DE PERFUMES E;07891033491933;COFFEE DES COL UNIQ MAN FOUG/OR 100ml;2,000;386,28;193,14;83,36;0,00;0,00;302,92;78,42;363,39;7,17;7,17;A;;
05/09/2026;024669 - 24669 ACQUA DISTRIBUIDORA DE PERFUMES E;07891033869831;HER CODE EDP CLIMAX 50ml;1,000;228,64;228,64;53,66;0,00;0,00;174,98;76,53;326,09;4,14;11,31;A;;
05/09/2026;024669 - 24669 ACQUA DISTRIBUIDORA DE PERFUMES E;07891033524686;BOTIK GEL LIM FAC MIC AC MAN/SAL 50g PRM;9,000;172,13;19,13;0,00;0,00;0,00;172,13;100,00;0,00;4,07;15,38;A;;
05/09/2026;024669 - 24669 ACQUA DISTRIBUIDORA DE PERFUMES E;07891033504183;UOMINI DES COL INFINITE V2 100ml;1,000;204,90;204,90;32,89;0,00;0,00;172,01;83,95;522,99;4,07;19,45;A;;
05/09/2026;024669 - 24669 ACQUA DISTRIBUIDORA DE PERFUMES E;07891033830596;CELEBRE DES COL FOUG AROM FORC 100ml;2,000;206,45;103,22;40,04;0,00;0,00;166,41;80,61;415,61;3,94;23,39;A;;
05/09/2026;024669 - 24669 ACQUA DISTRIBUIDORA DE PERFUMES E;07891033881352;FLORATTA EDP ROSE SUCREE 75ml;1,000;206,26;206,26;51,59;0,00;0,00;154,67;74,99;299,81;3,66;27,05;A;;
05/09/2026;024669 - 24669 ACQUA DISTRIBUIDORA DE PERFUMES E;07891033492459;COFFEE D/COL DUO MAN FOUG/AMB V2 100ml;1,000;179,45;179,45;44,51;0,00;0,00;134,94;75,20;303,17;3,19;30,25;A;;
05/09/2026;024669 - 24669 ACQUA DISTRIBUIDORA DE PERFUMES E;07891033826858;EGEO DES COL BOMB BLACK C/CAR 90ml;2,000;256,60;128,30;122,36;0,00;0,00;134,24;52,31;109,71;3,18;33,42;A;;
05/09/2026;024669 - 24669 ACQUA DISTRIBUIDORA DE PERFUMES E;07891033892617;BOTICA 214 EDP GOLD/GARD V3 75ml;1,000;230,00;230,00;100,60;0,00;0,00;129,40;56,26;128,63;3,06;36,49;A;;
05/09/2026;024669 - 24669 ACQUA DISTRIBUIDORA DE PERFUMES E;07891033508204;QUASAR DES COL RUSH V2 100ml;1,000;189,90;189,90;60,66;0,00;0,00;129,24;68,06;213,06;3,06;39,54;A;;
05/09/2026;024669 - 24669 ACQUA DISTRIBUIDORA DE PERFUMES E;07891033512430;QUASAR DES COL CLASSIC 100ml;1,000;189,90;189,90;64,18;0,00;0,00;125,72;66,20;195,89;2,98;42,52;A;;
05/09/2026;024669 - 24669 ACQUA DISTRIBUIDORA DE PERFUMES E;07891033843879;MALBEC DES COL V6 100ml;1,000;157,41;157,41;41,40;0,00;0,00;116,01;73,70;280,22;2,75;45,27;A;;
05/09/2026;024669 - 24669 ACQUA DISTRIBUIDORA DE PERFUMES E;07891033861699;ESTJ MALBEC JUMBO REG/25;1,000;211,66;211,66;95,89;0,00;0,00;115,77;54,70;120,73;2,74;48,01;A;;
05/09/2026;024669 - 24669 ACQUA DISTRIBUIDORA DE PERFUMES E;07891033909537;GLAMOUR DES COL INTENSE 75ml;1,000;150,01;150,01;38,43;0,00;0,00;111,58;74,38;290,35;2,64;50,65;A;;
05/09/2026;024669 - 24669 ACQUA DISTRIBUIDORA DE PERFUMES E;07891033486649;BOTICOLL PORTINARI DES COL 100ml V5;1,000;179,21;179,21;69,54;0,00;0,00;109,67;61,20;157,71;2,60;53,24;A;;
05/09/2026;024669 - 24669 ACQUA DISTRIBUIDORA DE PERFUMES E;07891033757541;MAKE B BAS PO MINERAL 20 55G;1,000;127,16;127,16;30,19;0,00;0,00;96,97;76,26;321,20;2,29;55,54;A;;
05/09/2026;024669 - 24669 ACQUA DISTRIBUIDORA DE PERFUMES E;07891033482962;FLORATTA DES COL ROSE BOUQUET 75ml;1,000;116,91;116,91;29,79;0,00;0,00;87,12;74,52;292,45;2,06;57,60;A;;
05/09/2026;024669 - 24669 ACQUA DISTRIBUIDORA DE PERFUMES E;07891033747221;LILY EDP 30ML V2;1,000;161,07;161,07;81,74;0,00;0,00;79,33;49,25;97,05;1,88;59,48;A;;
05/09/2026;024669 - 24669 ACQUA DISTRIBUIDORA DE PERFUMES E;07891033841820;LILY DES COL BDY SPLSH 200ml;1,000;99,90;99,90;21,18;0,00;0,00;78,72;78,80;371,67;1,86;61,34;A;;
05/09/2026;024669 - 24669 ACQUA DISTRIBUIDORA DE PERFUMES E;07891033501250;MALBEC DES BDY SPR ULTRA BLEU 100ml;2,000;94,57;47,28;16,62;0,00;0,00;77,95;82,43;469,01;1,84;63,18;A;;
05/09/2026;024669 - 24669 ACQUA DISTRIBUIDORA DE PERFUMES E;07891033946167;CELEBRE DES COL MASC AGORA V2 100ml;1,000;118,90;118,90;45,88;0,00;0,00;73,02;61,41;159,15;1,73;64,91;A;;
05/09/2026;024669 - 24669 ACQUA DISTRIBUIDORA DE PERFUMES E;07891033507566;MAKE B MASC CILIO POSTICOS PRETA 10g V3;1,000;89,63;89,63;21,54;0,00;0,00;68,09;75,97;316,11;1,61;66,52;A;;
05/09/2026;024669 - 24669 ACQUA DISTRIBUIDORA DE PERFUMES E;07891033744381;ARBO DES COL 100ml V4;1,000;138,90;138,90;71,73;0,00;0,00;67,17;48,36;93,64;1,59;68,11;A;;
05/09/2026;024669 - 24669 ACQUA DISTRIBUIDORA DE PERFUMES E;07891033487882;REF BOTICOLL PORTINARI DES B/SP 100ml V6;3,000;113,38;37,79;49,95;0,00;0,00;63,43;55,94;126,99;1,50;69,61;A;;
05/09/2026;024669 - 24669 ACQUA DISTRIBUIDORA DE PERFUMES E;07891033486342;DREAM DES COL SPLSH AMOR NO AR 200ml V2;1,000;90,03;90,03;26,77;0,00;0,00;63,26;70,27;236,31;1,50;71,11;A;;
05/09/2026;024669 - 24669 ACQUA DISTRIBUIDORA DE PERFUMES E;07891033836840;DR BOTICA COL POC/AVENTURA 120ml;1,000;80,59;80,59;19,21;0,00;0,00;61,38;76,16;319,52;1,45;72,56;A;;
05/09/2026;024669 - 24669 ACQUA DISTRIBUIDORA DE PERFUMES E;07891033511471;CBEM DES COL BDY SPLSH NUVEM V3 200ml;1,000;79,22;79,22;18,66;0,00;0,00;60,56;76,45;324,54;1,43;74,00;A;;
05/09/2026;024669 - 24669 ACQUA DISTRIBUIDORA DE PERFUMES E;07891033856060;INSENSATEZ DES COL V4 100ml;1,000;86,90;86,90;32,69;0,00;0,00;54,21;62,38;165,83;1,28;75,28;A;;
05/09/2026;024669 - 24669 ACQUA DISTRIBUIDORA DE PERFUMES E;07891033890262;MAKE B CORRET LIQ HYAL 120N 68ml;1,000;68,72;68,72;14,97;0,00;0,00;53,75;78,22;359,05;1,27;76,55;A;;
05/09/2026;024669 - 24669 ACQUA DISTRIBUIDORA DE PERFUMES E;07891033954056;PMPCK LILY DES B/SPR LEAU/LILY BLANC;1,000;70,78;70,78;18,74;0,00;0,00;52,04;73,52;277,69;1,23;77,78;A;;
05/09/2026;024669 - 24669 ACQUA DISTRIBUIDORA DE PERFUMES E;07891033909810;NSPA DES COL BDY SPLSH AMEIX/INT 200ml;1,000;92,90;92,90;42,28;0,00;0,00;50,62;54,49;119,73;1,20;78,98;A;;
05/09/2026;024669 - 24669 ACQUA DISTRIBUIDORA DE PERFUMES E;07891033868667;BOTI SUN PROT SOL CPO GEL CR FPS50 120g;1,000;66,03;66,03;16,66;0,00;0,00;49,37;74,77;296,34;1,17;80,15;B;;
05/09/2026;024669 - 24669 ACQUA DISTRIBUIDORA DE PERFUMES E;07891033883103;CBEM LOC DES HID CPO MORAN/LEIT V8 400ml;1,000;62,90;62,90;14,06;0,00;0,00;48,84;77,65;347,37;1,16;81,31;B;;
05/09/2026;024669 - 24669 ACQUA DISTRIBUIDORA DE PERFUMES E;07891033885213;MAKE B BAT GLOSSY C/AC POL ROSE V2 36g;1,000;64,32;64,32;16,51;0,00;0,00;47,81;74,33;289,58;1,13;82,44;B;;
05/09/2026;024669 - 24669 ACQUA DISTRIBUIDORA DE PERFUMES E;07891033856756;CBEM CR RELAX CER/FASES 200g;1,000;62,12;62,12;16,51;0,00;0,00;45,61;73,42;276,26;1,08;83,52;B;;
05/09/2026;024669 - 24669 ACQUA DISTRIBUIDORA DE PERFUMES E;07891033869541;SOPHIE PLT MULTIF HYDR/LIN SPID/GWEN 17g;1,000;98,90;98,90;55,90;0,00;0,00;43,00;43,48;76,92;1,02;84,53;B;;
05/09/2026;024669 - 24669 ACQUA DISTRIBUIDORA DE PERFUMES E;07891033859474;HER CODE LOC DES HID CPO CLIMAX 200ml;1,000;54,81;54,81;12,65;0,00;0,00;42,16;76,92;333,28;1,00;85,53;B;;
05/09/2026;024669 - 24669 ACQUA DISTRIBUIDORA DE PERFUMES E;07891033476022;BOTI SUN PR FAC ANTIS ACQ FLD FPS70 40ml;1,000;57,60;57,60;15,58;0,00;0,00;42,02;72,95;269,70;0,99;86,53;B;;
05/09/2026;024669 - 24669 ACQUA DISTRIBUIDORA DE PERFUMES E;07891033957958;NSPA CR PERF DES HID CPO AMEIX/INT 400ml;1,000;76,90;76,90;35,37;0,00;0,00;41,53;54,01;117,42;0,98;87,51;B;;
05/09/2026;024669 - 24669 ACQUA DISTRIBUIDORA DE PERFUMES E;07891033962938;GLAMOUR LOC DES HID CPO INTENSE 200ml;1,000;52,45;52,45;11,18;0,00;0,00;41,27;78,68;369,14;0,98;88,49;B;;
05/09/2026;024669 - 24669 ACQUA DISTRIBUIDORA DE PERFUMES E;07891033487790;BOTICOLL PORTINARI DES BDY SPR 100ml V7;1,000;47,18;47,18;8,92;0,00;0,00;38,26;81,09;428,92;0,91;89,39;B;;
05/09/2026;024669 - 24669 ACQUA DISTRIBUIDORA DE PERFUMES E;07891033855797;ESTJ MALBEC CUIDADOS PAIS/25;1,000;81,07;81,07;42,87;0,00;0,00;38,20;47,12;89,11;0,90;90,29;B;;
05/09/2026;024669 - 24669 ACQUA DISTRIBUIDORA DE PERFUMES E;07891033856466;BOTICA 214 EDP ARAB/OAS FG/AMB PRM 10ml;1,000;42,61;42,61;7,63;0,00;0,00;34,98;82,09;458,45;0,83;91,12;B;;
05/09/2026;024669 - 24669 ACQUA DISTRIBUIDORA DE PERFUMES E;07891033861668;MAKE B BALM LAB NIGHT MASK LIP/CHRON 9g;1,000;63,52;63,52;28,60;0,00;0,00;34,92;54,97;122,10;0,83;91,95;B;;
05/09/2026;024669 - 24669 ACQUA DISTRIBUIDORA DE PERFUMES E;07891033853243;CBEM CR HID CPO DEPIL DOC/PESSEGUR 150ml;1,000;52,90;52,90;19,40;0,00;1,93;31,57;59,68;172,68;0,75;92,70;B;;
05/09/2026;024669 - 24669 ACQUA DISTRIBUIDORA DE PERFUMES E;07891033521630;INTENSE BAT CREM 250 V7 38g;2,000;45,95;22,97;17,42;0,00;0,00;28,53;62,09;163,78;0,68;93,37;B;;
05/09/2026;024669 - 24669 ACQUA DISTRIBUIDORA DE PERFUMES E;07891033856718;CBEM LOC DES HID CPO CER/FAS 400ml;1,000;55,90;55,90;27,39;0,00;0,00;28,51;51,00;104,09;0,67;94,05;B;;
05/09/2026;024669 - 24669 ACQUA DISTRIBUIDORA DE PERFUMES E;07891033874910;BOTIK GEL LIMP F MCL AC MAND/SAL V2 150g;1,000;37,45;37,45;10,73;0,00;0,00;26,72;71,35;249,02;0,63;94,68;B;;
05/09/2026;024669 - 24669 ACQUA DISTRIBUIDORA DE PERFUMES E;07891033859191;CBEM MOUS BNH DOC/DELIRIOS 150ml;1,000;41,97;41,97;17,43;0,00;0,00;24,54;58,47;140,79;0,58;95,26;C;;
05/09/2026;024669 - 24669 ACQUA DISTRIBUIDORA DE PERFUMES E;07891033879601;INTENSE BAT MAT 130 V4 38g;1,000;37,90;37,90;14,53;0,00;0,00;23,37;61,66;160,84;0,55;95,81;C;;
05/09/2026;024669 - 24669 ACQUA DISTRIBUIDORA DE PERFUMES E;07891033756278;INTENSE PO COMPACTO FACIAL 20 5g;1,000;40,15;40,15;17,17;0,00;0,00;22,98;57,24;133,84;0,54;96,36;C;;
05/09/2026;024669 - 24669 ACQUA DISTRIBUIDORA DE PERFUMES E;07891033894017;CX PRESENTE M BOTI INST/25 VDA;2,000;21,87;10,93;0,00;0,00;0,00;21,87;100,00;0,00;0,52;96,87;C;;
05/09/2026;024669 - 24669 ACQUA DISTRIBUIDORA DE PERFUMES E;07891033946310;BOTIK CR NUTR FIR ROS/PESC R/SIL PRM 10g;1,000;17,85;17,85;0,00;0,00;0,00;17,85;100,00;0,00;0,42;97,30;C;;
05/09/2026;024669 - 24669 ACQUA DISTRIBUIDORA DE PERFUMES E;07891033855476;CBEM SAB BARRA SORTIDO V2 4x80g;1,000;32,14;32,14;14,35;0,00;0,00;17,79;55,35;123,97;0,42;97,72;C;;
05/09/2026;024669 - 24669 ACQUA DISTRIBUIDORA DE PERFUMES E;07891033879632;CBEM OL CPO TERMICO CER/FASES 110ml;1,000;28,90;28,90;11,46;0,00;0,00;17,44;60,35;152,18;0,41;98,13;C;;
05/09/2026;024669 - 24669 ACQUA DISTRIBUIDORA DE PERFUMES E;07891033587346;BOTICA 214 EDP SEV/DOR FOUG/ARM PRM 10ml;1,000;14,43;14,43;0,00;0,00;0,00;14,43;100,00;0,00;0,34;98,47;C;;
05/09/2026;024669 - 24669 ACQUA DISTRIBUIDORA DE PERFUMES E;07891033854813;MALBEC DES COL BLACK LEGEND PRM 10ml;1,000;17,85;17,85;4,42;0,00;0,00;13,43;75,24;303,85;0,32;98,79;C;;
05/09/2026;024669 - 24669 ACQUA DISTRIBUIDORA DE PERFUMES E;07891033512294;CBEM DES ANTIT ROLL ON R/ALG V3 55ml;1,000;26,91;26,91;13,70;0,00;0,00;13,21;49,09;96,42;0,31;99,10;C;;
05/09/2026;024669 - 24669 ACQUA DISTRIBUIDORA DE PERFUMES E;07891033856794;CBEM SAB BARRA CER/FASES 4x80g;1,000;26,90;26,90;13,79;0,00;0,00;13,11;48,74;95,07;0,31;99,41;C;;
05/09/2026;024669 - 24669 ACQUA DISTRIBUIDORA DE PERFUMES E;07891033521463;INTENSE BAT CREM 260 V2 38g;1,000;19,26;19,26;7,27;0,00;0,00;11,99;62,25;164,92;0,28;99,70;C;;
05/09/2026;024669 - 24669 ACQUA DISTRIBUIDORA DE PERFUMES E;07891033512317;CBEM SAB BARRA CEREJA LIVRE V2 2x80g;1,000;15,41;15,41;7,39;0,00;0,00;8,02;52,04;108,53;0,19;99,89;C;;
05/09/2026;024669 - 24669 ACQUA DISTRIBUIDORA DE PERFUMES E;07891033522828;INTENSE GLOS LAB 215 V2 5ml;1,000;22,70;22,70;17,87;0,00;0,00;4,83;21,28;27,03;0,11;100,00;C;;
05/09/2026;024670 - ACQUA DISTRIBUIDORA DE PERFUMES E COSMETICOS LTDA;07891033905133;MALBEC DES COL V7 100ml;2,000;305,68;152,84;89,44;0,00;0,00;216,24;70,74;241,77;7,96;7,96;A;;
05/09/2026;024670 - ACQUA DISTRIBUIDORA DE PERFUMES E COSMETICOS LTDA;07891033483105;FLORATTA DES COL BLUE V2 75ml;2,000;329,20;164,60;124,64;0,00;0,00;204,56;62,14;164,12;7,53;15,49;A;;
05/09/2026;024670 - ACQUA DISTRIBUIDORA DE PERFUMES E COSMETICOS LTDA;07891033594665;LIZ DES COL FLORA 100ml;2,000;264,90;132,45;119,48;0,00;0,00;145,42;54,90;121,71;5,35;20,84;A;;
05/09/2026;024670 - ACQUA DISTRIBUIDORA DE PERFUMES E COSMETICOS LTDA;07891033512430;QUASAR DES COL CLASSIC 100ml;1,000;182,91;182,91;59,78;0,00;0,00;123,13;67,32;205,97;4,53;25,38;A;;
05/09/2026;024670 - ACQUA DISTRIBUIDORA DE PERFUMES E COSMETICOS LTDA;07891033469314;ESTJ BOTICOLL SORTIDO REG/22;1,000;190,60;190,60;79,38;0,00;0,00;111,22;58,35;140,11;4,09;29,47;A;;
05/09/2026;024670 - ACQUA DISTRIBUIDORA DE PERFUMES E COSMETICOS LTDA;07891033747221;LILY EDP 30ML V2;1,000;189,90;189,90;81,74;0,00;0,00;108,16;56,96;132,32;3,98;33,45;A;;
05/09/2026;024670 - ACQUA DISTRIBUIDORA DE PERFUMES E COSMETICOS LTDA;07891033826889;EGEO DES COL DOLCE C/CAR 90ml;2,000;207,76;103,88;113,76;0,00;0,00;94,00;45,24;82,63;3,46;36,91;A;;
05/09/2026;024670 - ACQUA DISTRIBUIDORA DE PERFUMES E COSMETICOS LTDA;07891033858484;MAKE B BAS LIQ C/GLYCOL TX 190 V2 30g;1,000;116,77;116,77;29,54;0,00;0,00;87,23;74,70;295,29;3,21;40,13;A;;
05/09/2026;024670 - ACQUA DISTRIBUIDORA DE PERFUMES E COSMETICOS LTDA;07891033826858;EGEO DES COL BOMB BLACK C/CAR 90ml;1,000;114,28;114,28;28,81;0,00;0,00;85,47;74,79;296,67;3,15;43,27;A;;
05/09/2026;024670 - ACQUA DISTRIBUIDORA DE PERFUMES E COSMETICOS LTDA;07891033512362;CBEM DES COL BDY SPLSH PESSEGUR V2 200ml;1,000;94,90;94,90;18,07;0,00;0,00;76,83;80,96;425,18;2,83;46,10;A;;
05/09/2026;024670 - ACQUA DISTRIBUIDORA DE PERFUMES E COSMETICOS LTDA;07891033957989;NSPA CR PERF DES HID CP AMEIX/INT 180ml;2,000;98,69;49,34;22,82;0,00;0,00;75,87;76,88;332,47;2,79;48,89;A;;
05/09/2026;024670 - ACQUA DISTRIBUIDORA DE PERFUMES E COSMETICOS LTDA;07891033882984;ZAAD EDP INFINITY PRM 10ml;5,000;104,64;20,93;32,20;0,00;0,00;72,44;69,23;224,97;2,67;51,56;A;;
05/09/2026;024670 - ACQUA DISTRIBUIDORA DE PERFUMES E COSMETICOS LTDA;07891033533862;BOTIK PROT SOL FAC FPS 80 AC/HIAL 40ml;1,000;94,33;94,33;26,85;0,00;0,00;67,48;71,54;251,32;2,48;54,04;A;;
05/09/2026;024670 - ACQUA DISTRIBUIDORA DE PERFUMES E COSMETICOS LTDA;07891033897902;CBEM DES COL BDY SPLSH LAVANDINHA 200ml;1,000;81,87;81,87;19,24;0,00;0,00;62,63;76,50;325,52;2,31;56,35;A;;
05/09/2026;024670 - ACQUA DISTRIBUIDORA DE PERFUMES E COSMETICOS LTDA;07891033880829;NSPA LOC DES HID CPO AMEIX/NEG V4 400ml;1,000;77,53;77,53;16,85;0,00;0,00;60,68;78,27;360,12;2,23;58,58;A;;
05/09/2026;024670 - ACQUA DISTRIBUIDORA DE PERFUMES E COSMETICOS LTDA;07891033886944;CBEM LOC DES HID CP R/ALG N/FORM 400ml;1,000;72,51;72,51;13,55;0,00;0,00;58,96;81,31;435,13;2,17;60,75;A;;
05/09/2026;024670 - ACQUA DISTRIBUIDORA DE PERFUMES E COSMETICOS LTDA;07891033498789;CBEM LOC DES HID CPO BOA NOITE V2 400ml;1,000;72,78;72,78;15,18;0,00;0,00;57,60;79,14;379,45;2,12;62,88;A;;
05/09/2026;024670 - ACQUA DISTRIBUIDORA DE PERFUMES E COSMETICOS LTDA;07891033744381;ARBO DES COL 100ml V4;1,000;128,56;128,56;75,37;0,00;0,00;53,19;41,37;70,57;1,96;64,83;A;;
05/09/2026;024670 - ACQUA DISTRIBUIDORA DE PERFUMES E COSMETICOS LTDA;07891033908127;ESTJ CBEM NUVEM REG/26;1,000;67,33;67,33;15,28;0,00;0,00;52,05;77,31;340,64;1,92;66,75;A;;
05/09/2026;024670 - ACQUA DISTRIBUIDORA DE PERFUMES E COSMETICOS LTDA;07891033511235;CBEM DES COL BDY SPLSH BOA NOIT V2 200ml;1,000;87,53;87,53;36,50;0,00;0,00;51,03;58,30;139,81;1,88;68,63;A;;
05/09/2026;024670 - ACQUA DISTRIBUIDORA DE PERFUMES E COSMETICOS LTDA;07891033957705;BOTIK GEL/LIMP FAC CIC/PANT/CER 200g;1,000;63,04;63,04;13,80;0,00;0,00;49,24;78,11;356,81;1,81;70,44;A;;
05/09/2026;024670 - ACQUA DISTRIBUIDORA DE PERFUMES E COSMETICOS LTDA;07891033486533;ELYSEE DES ANTIT AEROSSOL 75g V3;3,000;83,70;27,90;34,71;0,00;0,00;48,99;58,53;141,14;1,80;72,24;A;;
05/09/2026;024670 - ACQUA DISTRIBUIDORA DE PERFUMES E COSMETICOS LTDA;07891033493623;MALBEC DES ANTIT AER 75g/125ml V10;2,000;70,20;35,10;23,34;0,00;0,00;46,86;66,75;200,77;1,73;73,97;A;;
05/09/2026;024670 - ACQUA DISTRIBUIDORA DE PERFUMES E COSMETICOS LTDA;07891033568116;MATCH MASC CAP SCIENCE CRESC V2 250g;1,000;64,23;64,23;17,86;0,00;0,00;46,37;72,19;259,63;1,71;75,68;A;;
05/09/2026;024670 - ACQUA DISTRIBUIDORA DE PERFUMES E COSMETICOS LTDA;07891033854837;FLORATTA DES BDY SPRAY RED V2 100ml;1,000;52,90;52,90;8,18;0,00;0,00;44,72;84,54;546,70;1,65;77,32;A;;
05/09/2026;024670 - ACQUA DISTRIBUIDORA DE PERFUMES E COSMETICOS LTDA;07891033878024;MAKE B BATOM PREENCH HYAL NUDE CHIC 4g;1,000;59,87;59,87;17,70;0,00;0,00;42,17;70,44;238,25;1,55;78,88;A;;
05/09/2026;024670 - ACQUA DISTRIBUIDORA DE PERFUMES E COSMETICOS LTDA;07891033771837;LIZ CREM DES HID CPO 250g;1,000;54,91;54,91;14,87;0,00;0,00;40,04;72,92;269,27;1,47;80,35;B;;
05/09/2026;024670 - ACQUA DISTRIBUIDORA DE PERFUMES E COSMETICOS LTDA;07891033748938;EGEO DES BDY SPR DOLCE 100ml V8 PCK;1,000;45,41;45,41;8,81;0,00;0,00;36,60;80,60;415,44;1,35;81,70;B;;
05/09/2026;024670 - ACQUA DISTRIBUIDORA DE PERFUMES E COSMETICOS LTDA;07891033706938;SOPHIE LOC HID CPO 200ml;1,000;52,90;52,90;17,77;0,00;0,00;35,13;66,41;197,69;1,29;82,99;B;;
05/09/2026;024670 - ACQUA DISTRIBUIDORA DE PERFUMES E COSMETICOS LTDA;07891033578825;LILY DES BDY SPR LEAU/LILY BLANC 100ml;1,000;41,90;41,90;8,07;0,00;0,00;33,83;80,74;419,21;1,25;84,24;B;;
05/09/2026;024670 - ACQUA DISTRIBUIDORA DE PERFUMES E COSMETICOS LTDA;07891033486779;REF NSPA SAB LIQ MAO AMEI 400ml V2;1,000;49,85;49,85;16,89;0,00;0,00;32,96;66,12;195,15;1,21;85,45;B;;
05/09/2026;024670 - ACQUA DISTRIBUIDORA DE PERFUMES E COSMETICOS LTDA;07891033880089;MATCH SHAMP SCIENCE CRESCIMENTO V2 300ml;1,000;44,01;44,01;11,76;0,00;0,00;32,25;73,28;274,23;1,19;86,64;B;;
05/09/2026;024670 - ACQUA DISTRIBUIDORA DE PERFUMES E COSMETICOS LTDA;07891033568390;NECESSEIRE MEN COLLAB NBA PES;1,000;58,98;58,98;30,19;0,00;2,15;26,64;45,16;95,36;0,98;87,62;B;;
05/09/2026;024670 - ACQUA DISTRIBUIDORA DE PERFUMES E COSMETICOS LTDA;07891033499588;NSPA LOC DES HID CPO ORQ NOIRE 400ml;1,000;59,48;59,48;33,25;0,00;0,00;26,23;44,10;78,89;0,97;88,58;B;;
05/09/2026;024670 - ACQUA DISTRIBUIDORA DE PERFUMES E COSMETICOS LTDA;07891033909957;CBEM SAB LIQ CPO 2/1 CER/FASES 200ml;1,000;34,50;34,50;8,65;0,00;0,00;25,85;74,93;298,84;0,95;89,53;B;;
05/09/2026;024670 - ACQUA DISTRIBUIDORA DE PERFUMES E COSMETICOS LTDA;07891033511655;CBEM SAB BARRA ROSA/ALGODAO 4x80g;2,000;52,63;26,31;27,56;0,00;0,00;25,07;47,63;90,97;0,92;90,46;B;;
05/09/2026;024670 - ACQUA DISTRIBUIDORA DE PERFUMES E COSMETICOS LTDA;07891033880072;MATCH COND SCIENCE CRESCIMENTO V3 280ml;1,000;45,86;45,86;21,37;0,00;0,00;24,49;53,40;114,60;0,90;91,36;B;;
05/09/2026;024670 - ACQUA DISTRIBUIDORA DE PERFUMES E COSMETICOS LTDA;07891033035298;CAIXA M INST 2021 ROSA ECONOMICA;7,000;22,28;3,18;0,00;0,00;0,00;22,28;100,00;0,00;0,82;92,18;B;;
05/09/2026;024670 - ACQUA DISTRIBUIDORA DE PERFUMES E COSMETICOS LTDA;07891033512317;CBEM SAB BARRA CEREJA LIVRE V2 2x80g;2,000;36,13;18,06;14,78;0,00;0,00;21,35;59,09;144,45;0,79;92,96;B;;
05/09/2026;024670 - ACQUA DISTRIBUIDORA DE PERFUMES E COSMETICOS LTDA;07891033471546;CBEM DES ROLL S/ALUM 55ml;1,000;26,08;26,08;6,22;0,00;0,00;19,86;76,15;319,29;0,73;93,70;B;;
05/09/2026;024670 - ACQUA DISTRIBUIDORA DE PERFUMES E COSMETICOS LTDA;07891033512270;CBEM SAB BARRA NUVEM 4x80g;1,000;33,77;33,77;14,25;0,00;0,00;19,52;57,80;136,98;0,72;94,41;B;;
05/09/2026;024670 - ACQUA DISTRIBUIDORA DE PERFUMES E COSMETICOS LTDA;07891033883431;CAIXA LAÇO P  MAES 25 BOTI;2,000;17,49;8,74;0,00;0,00;0,00;17,49;100,00;0,00;0,64;95,06;C;;
05/09/2026;024670 - ACQUA DISTRIBUIDORA DE PERFUMES E COSMETICOS LTDA;07891033868520;BOTIK GEL LIMP FAC VITAM B5 PRM 50g;1,000;15,80;15,80;0,00;0,00;0,00;15,80;100,00;0,00;0,58;95,64;C;;
05/09/2026;024670 - ACQUA DISTRIBUIDORA DE PERFUMES E COSMETICOS LTDA;07891033492657;SOPHIE SHAMP 200ml V2;1,000;38,26;38,26;22,50;0,00;0,00;15,76;41,19;70,04;0,58;96,22;C;;
05/09/2026;024670 - ACQUA DISTRIBUIDORA DE PERFUMES E COSMETICOS LTDA;07891033560288;MEN LOC DES HID CPO 200ml;1,000;33,79;33,79;18,39;0,00;0,00;15,40;45,58;83,74;0,57;96,79;C;;
05/09/2026;024670 - ACQUA DISTRIBUIDORA DE PERFUMES E COSMETICOS LTDA;07891033958030;NSPA SAB BARRA CP AMEIX/INT 90g;2,000;24,99;12,49;9,84;0,00;0,00;15,15;60,62;153,96;0,56;97,34;C;;
05/09/2026;024670 - ACQUA DISTRIBUIDORA DE PERFUMES E COSMETICOS LTDA;07891033559756;MEN SHAMP/COND 2/1 250ml;1,000;33,79;33,79;19,06;0,00;0,00;14,73;43,59;77,28;0,54;97,89;C;;
05/09/2026;024670 - ACQUA DISTRIBUIDORA DE PERFUMES E COSMETICOS LTDA;07891033947645;CBEM SAB BARRA LAVANDINHA 2x80g;1,000;21,48;21,48;7,11;0,00;0,00;14,37;66,90;202,11;0,53;98,42;C;;
05/09/2026;024670 - ACQUA DISTRIBUIDORA DE PERFUMES E COSMETICOS LTDA;07891033486960;LILY DES ANTIT AEROSSOL 75g V9;1,000;25,12;25,12;11,28;0,00;0,00;13,84;55,10;122,70;0,51;98,93;C;;
05/09/2026;024670 - ACQUA DISTRIBUIDORA DE PERFUMES E COSMETICOS LTDA;07891033894017;CX PRESENTE M BOTI INST/25 VDA;2,000;23,26;11,63;14,74;0,00;0,00;8,52;36,63;57,80;0,31;99,24;C;;
05/09/2026;024670 - ACQUA DISTRIBUIDORA DE PERFUMES E COSMETICOS LTDA;07891033021000;INTENSE BAT CREM POP ROSA 36g;1,000;15,80;15,80;8,25;0,00;0,00;7,55;47,78;91,52;0,28;99,52;C;;
05/09/2026;024670 - ACQUA DISTRIBUIDORA DE PERFUMES E COSMETICOS LTDA;07891033560271;MEN SAB BARRA 2x90g;1,000;16,46;16,46;10,15;0,00;0,00;6,31;38,34;62,17;0,23;99,75;C;;
05/09/2026;024670 - ACQUA DISTRIBUIDORA DE PERFUMES E COSMETICOS LTDA;07891033839605;ARBO DES ANTIT AER 75ml V9;1,000;17,57;17,57;11,75;0,00;0,00;5,82;33,12;49,53;0,21;99,96;C;;
05/09/2026;024670 - ACQUA DISTRIBUIDORA DE PERFUMES E COSMETICOS LTDA;07891033888528;CARTAO PRESENTE BOTICARIO MAES 25 UNIT;2,000;0,98;0,49;0,00;0,00;0,00;0,98;100,00;0,00;0,04;100,00;C;;
05/09/2026;024671 - 24671 ACQUA DISTRIBUIDORA DE PERFUMES E;07891033553570;MALBEC EDP 90ml;1,000;254,21;254,21;57,25;0,00;0,00;196,96;77,48;344,03;9,08;9,08;A;;
05/09/2026;024671 - 24671 ACQUA DISTRIBUIDORA DE PERFUMES E;07891033587339;BOTICA 214 EDP SEV/DOR FLOR/FRUT 75ml;1,000;217,88;217,88;45,22;0,00;0,00;172,66;79,25;381,82;7,96;17,05;A;;
05/09/2026;024671 - 24671 ACQUA DISTRIBUIDORA DE PERFUMES E;07891033878963;FLORATTA EDP RED PASSION V2 75ml;1,000;189,61;189,61;49,11;0,00;0,00;140,50;74,10;286,09;6,48;23,53;A;;
05/09/2026;024671 - 24671 ACQUA DISTRIBUIDORA DE PERFUMES E;07891033197347;THATY DES COL BOTICOLL 100ML;2,000;155,93;77,96;48,08;0,00;0,00;107,85;69,17;224,31;4,97;28,50;A;;
05/09/2026;024671 - 24671 ACQUA DISTRIBUIDORA DE PERFUMES E;07891033483037;FLORATTA DES COL RED V2 75ml;1,000;158,85;158,85;68,43;0,00;0,00;90,42;56,92;132,14;4,17;32,67;A;;
05/09/2026;024671 - 24671 ACQUA DISTRIBUIDORA DE PERFUMES E;07891033553662;ARBO DES COL ATLANTICA 100ml;1,000;128,91;128,91;38,77;0,00;0,00;90,14;69,92;232,50;4,16;36,83;A;;
05/09/2026;024671 - 24671 ACQUA DISTRIBUIDORA DE PERFUMES E;07891033486342;DREAM DES COL SPLSH AMOR NO AR 200ml V2;1,000;116,24;116,24;26,75;0,00;0,00;89,49;76,99;334,54;4,13;40,95;A;;
05/09/2026;024671 - 24671 ACQUA DISTRIBUIDORA DE PERFUMES E;07891033479085;DREAM DES COL SPLSH VIAG/ENC 200ml V2;1,000;116,23;116,23;29,10;0,00;0,00;87,13;74,96;299,42;4,02;44,97;A;;
05/09/2026;024671 - 24671 ACQUA DISTRIBUIDORA DE PERFUMES E;07891033539215;DR BOTICA COL POC/CORAC V2 120ml;1,000;98,90;98,90;17,16;0,00;0,00;81,74;82,65;476,34;3,77;48,74;A;;
05/09/2026;024671 - 24671 ACQUA DISTRIBUIDORA DE PERFUMES E;07891033706693;SOPHIE COL LIKE 100ml;1,000;102,69;102,69;23,47;0,00;0,00;79,22;77,14;337,54;3,65;52,39;A;;
05/09/2026;024671 - 24671 ACQUA DISTRIBUIDORA DE PERFUMES E;07891033589302;ESTJ MA CHERIE 24;1,000;149,17;149,17;71,54;0,00;0,00;77,63;52,04;108,51;3,58;55,97;A;;
05/09/2026;024671 - 24671 ACQUA DISTRIBUIDORA DE PERFUMES E;07891033867981;NSPA CR PARFUMEE CPO AMEIXA 200g;1,000;137,86;137,86;60,75;0,00;0,00;77,11;55,93;126,93;3,56;59,53;A;;
05/09/2026;024671 - 24671 ACQUA DISTRIBUIDORA DE PERFUMES E;07891033740437;LINDA DES COL V4 100ml;2,000;234,51;117,25;158,32;0,00;0,00;76,19;32,49;48,12;3,51;63,04;A;;
05/09/2026;024671 - 24671 ACQUA DISTRIBUIDORA DE PERFUMES E;07891033595556;HER CODE EDP TOUCH 50ml;1,000;174,98;174,98;103,65;0,00;0,00;71,33;40,76;68,82;3,29;66,33;A;;
05/09/2026;024671 - 24671 ACQUA DISTRIBUIDORA DE PERFUMES E;07891033859207;CBEM DES COL BDY SPLSH AMORUDA 200ml;1,000;85,41;85,41;19,78;0,00;0,00;65,63;76,84;331,80;3,03;69,36;A;;
05/09/2026;024671 - 24671 ACQUA DISTRIBUIDORA DE PERFUMES E;07891033744381;ARBO DES COL 100ml V4;1,000;139,90;139,90;75,42;0,00;0,00;64,48;46,09;85,49;2,97;72,33;A;;
05/09/2026;024671 - 24671 ACQUA DISTRIBUIDORA DE PERFUMES E;07891033909810;NSPA DES COL BDY SPLSH AMEIX/INT 200ml;1,000;84,37;84,37;20,36;0,00;0,00;64,01;75,87;314,39;2,95;75,29;A;;
05/09/2026;024671 - 24671 ACQUA DISTRIBUIDORA DE PERFUMES E;07891033897827;MALBEC ESPUM P/BARB SENSIT CUID V4 200ml;1,000;74,90;74,90;15,10;0,00;0,00;59,80;79,84;396,03;2,76;78,04;A;;
05/09/2026;024671 - 24671 ACQUA DISTRIBUIDORA DE PERFUMES E;07891033883950;CBEM DES COL BDY SPLSH ROS/ALG V4 200ml;1,000;66,93;66,93;17,71;0,00;0,00;49,22;73,54;277,92;2,27;80,31;B;;
05/09/2026;024671 - 24671 ACQUA DISTRIBUIDORA DE PERFUMES E;07891033867653;NSPA LOC DES HID CP FIRM QUINOA V3 400ml;1,000;77,49;77,49;35,36;0,00;0,00;42,13;54,37;119,15;1,94;82,26;B;;
05/09/2026;024671 - 24671 ACQUA DISTRIBUIDORA DE PERFUMES E;07891033957972;REF NSPA CR PERF DES HID CP AM/INT 350ml;1,000;53,50;53,50;12,73;0,00;0,00;40,77;76,21;320,27;1,88;84,14;B;;
05/09/2026;024671 - 24671 ACQUA DISTRIBUIDORA DE PERFUMES E;07891033954544;PMPCK QUASAR DES BODY SPRAY DEEP BLUE;1,000;58,97;58,97;18,30;0,00;0,00;40,67;68,97;222,24;1,88;86,01;B;;
05/09/2026;024671 - 24671 ACQUA DISTRIBUIDORA DE PERFUMES E;07891033498932;CBEM LOC DES HID CPO ROS/ALG V3 400ml;1,000;66,08;66,08;26,39;0,00;0,00;39,69;60,06;150,40;1,83;87,84;B;;
05/09/2026;024671 - 24671 ACQUA DISTRIBUIDORA DE PERFUMES E;07891033536283;BOTIK GEL LIMP FAC VITAM C PRM 50g;4,000;30,81;7,70;0,00;0,00;0,00;30,81;100,00;0,00;1,42;89,26;B;;
05/09/2026;024671 - 24671 ACQUA DISTRIBUIDORA DE PERFUMES E;07891033595815;MATCH MASC CAP NUTR/REGEN V2 250g;1,000;56,74;56,74;26,87;0,00;0,00;29,87;52,64;111,16;1,38;90,64;B;;
05/09/2026;024671 - 24671 ACQUA DISTRIBUIDORA DE PERFUMES E;07891033490257;FLORATTA DES BDY SPR ROSE 100ml V8;1,000;37,90;37,90;8,71;0,00;0,00;29,19;77,02;335,13;1,35;91,99;B;;
05/09/2026;024671 - 24671 ACQUA DISTRIBUIDORA DE PERFUMES E;07891033559824;MAKE B BAT ST/PREN HYAL NUD CHIC V3 34g;1,000;60,85;60,85;32,27;0,00;0,00;28,58;46,97;88,57;1,32;93,31;B;;
05/09/2026;024671 - 24671 ACQUA DISTRIBUIDORA DE PERFUMES E;07891033706938;SOPHIE LOC HID CPO 200ml;1,000;45,31;45,31;17,76;0,00;0,00;27,55;60,80;155,12;1,27;94,58;B;;
05/09/2026;024671 - 24671 ACQUA DISTRIBUIDORA DE PERFUMES E;07891033856060;INSENSATEZ DES COL V4 100ml;2,000;149,81;74,90;122,96;0,00;0,00;26,85;17,92;21,84;1,24;95,81;C;;
05/09/2026;024671 - 24671 ACQUA DISTRIBUIDORA DE PERFUMES E;07891033518012;BOTI BABY SAB LIQ GLIC V2 200ml;1,000;36,90;36,90;10,56;0,00;0,00;26,34;71,38;249,43;1,21;97,03;C;;
05/09/2026;024671 - 24671 ACQUA DISTRIBUIDORA DE PERFUMES E;07891033831562;REF MATCH SHAMP HID/BRLH 250ml;1,000;31,25;31,25;14,40;0,00;0,00;16,85;53,92;117,01;0,78;97,81;C;;
05/09/2026;024671 - 24671 ACQUA DISTRIBUIDORA DE PERFUMES E;07891033582440;LINDA CREM DES HID CPO MAES/24 75ml;1,000;26,25;26,25;10,26;0,00;0,00;15,99;60,91;155,85;0,74;98,54;C;;
05/09/2026;024671 - 24671 ACQUA DISTRIBUIDORA DE PERFUMES E;07891033520855;MATCH BOOSTER NUTR CAP CIEN/CURV 90ml;1,000;31,05;31,05;16,45;0,00;0,00;14,60;47,02;88,75;0,67;99,22;C;;
05/09/2026;024671 - 24671 ACQUA DISTRIBUIDORA DE PERFUMES E;07891033515318;FLORATTA DES BDY SPR BLUE 100ml V8;1,000;19,97;19,97;7,42;0,00;0,00;12,55;62,84;169,14;0,58;99,80;C;;
05/09/2026;024671 - 24671 ACQUA DISTRIBUIDORA DE PERFUMES E;07891033511655;CBEM SAB BARRA ROSA/ALGODAO 4x80g;1,000;24,46;24,46;13,78;0,00;0,00;10,68;43,66;77,50;0,49;100,29;C;;
05/09/2026;024671 - 24671 ACQUA DISTRIBUIDORA DE PERFUMES E;07891033582990;AU MIGOS PETS LENCO UMED ADULT 50UN;1,000;11,29;11,29;6,07;0,00;0,00;5,22;46,24;86,00;0,24;100,53;C;;
05/09/2026;024671 - 24671 ACQUA DISTRIBUIDORA DE PERFUMES E;07891033836970;MATCH SHAMP OL CONTROLADA 300ml;1,000;25,09;25,09;20,32;0,00;0,00;4,77;19,01;23,47;0,22;100,75;C;;
05/09/2026;024671 - 24671 ACQUA DISTRIBUIDORA DE PERFUMES E;07891033909544;GLAMOUR DES COL INTENSE PRM 10ml;1,000;10,11;10,11;6,19;0,00;0,00;3,92;38,77;63,33;0,18;100,93;C;;
05/09/2026;024671 - 24671 ACQUA DISTRIBUIDORA DE PERFUMES E;07891033894017;CX PRESENTE M BOTI INST/25 VDA;1,000;9,47;9,47;7,37;0,00;0,00;2,10;22,18;28,49;0,10;101,03;C;;
05/09/2026;024671 - 24671 ACQUA DISTRIBUIDORA DE PERFUMES E;07891033879632;CBEM OL CPO TERMICO CER/FASES 110ml;1,000;20,88;20,88;22,10;0,00;0,00;-1,22;-5,84;-5,52;-0,06;100,97;C;;
05/09/2026;024671 - 24671 ACQUA DISTRIBUIDORA DE PERFUMES E;07891033908226;SACOLA M BOTICARIO INST/25;3,000;0,03;0,01;4,68;0,00;0,00;-4,65;-15500,00;-99,36;-0,21;100,76;C;;
05/09/2026;024671 - 24671 ACQUA DISTRIBUIDORA DE PERFUMES E;07891033908219;SACOLA P BOTICARIO INST/25;4,000;0,04;0,01;5,24;0,00;0,00;-5,20;-13000,00;-99,24;-0,24;100,52;C;;
05/09/2026;024671 - 24671 ACQUA DISTRIBUIDORA DE PERFUMES E;07891033520084;NSPA LOC RAD DES HID CPO AMEI DOUR 200ml;1,000;0,01;0,01;11,19;0,00;0,00;-11,18;-111800,00;-99,91;-0,52;100,00;C;;
06/09/2026;024617 - ACQUA DISTRIBUIDORA DE PERFUMES E COSMETICOS LTDA;07891033879519;HADIYA EDP 75ml;2,000;793,87;396,93;283,80;0,00;0,00;510,07;64,25;179,73;9,61;9,61;A;;
06/09/2026;024617 - ACQUA DISTRIBUIDORA DE PERFUMES E COSMETICOS LTDA;07891033898169;THE BLEND EDP BOURBON V2 100ml;2,000;744,85;372,42;319,38;0,00;0,00;425,47;57,12;133,22;8,01;17,62;A;;
06/09/2026;024617 - ACQUA DISTRIBUIDORA DE PERFUMES E COSMETICOS LTDA;07891033880195;BOTICA 214 EDP DARK MINT V3 90ml;2,000;447,46;223,73;162,14;0,00;0,00;285,32;63,76;175,97;5,37;22,99;A;;
06/09/2026;024617 - ACQUA DISTRIBUIDORA DE PERFUMES E COSMETICOS LTDA;07891033856442;BOTICA 214 EDP ARAB/OASIS FLOR/FRUT 75ml;2,000;470,36;235,18;200,00;0,00;0,00;270,36;57,48;135,18;5,09;28,08;A;;
06/09/2026;024617 - ACQUA DISTRIBUIDORA DE PERFUMES E COSMETICOS LTDA;07891033835294;THE BLEND EDP CARDAMOM 100ml;1,000;372,43;372,43;146,10;0,00;0,00;226,33;60,77;154,91;4,26;32,35;A;;
06/09/2026;024617 - ACQUA DISTRIBUIDORA DE PERFUMES E COSMETICOS LTDA;07891033481439;ELYSEE EDP BLANC 50ml V2;1,000;279,29;279,29;58,98;0,00;0,00;220,31;78,88;373,53;4,15;36,49;A;;
06/09/2026;024617 - ACQUA DISTRIBUIDORA DE PERFUMES E COSMETICOS LTDA;07891033767007;LIZ DES COL 100ml;2,000;342,92;171,46;131,58;0,00;0,00;211,34;61,63;160,62;3,98;40,47;A;;
06/09/2026;024617 - ACQUA DISTRIBUIDORA DE PERFUMES E COSMETICOS LTDA;07891033882953;ZAAD EDP INFINITY 95ml;1,000;289,10;289,10;81,09;0,00;0,00;208,01;71,95;256,52;3,92;44,39;A;;
06/09/2026;024617 - ACQUA DISTRIBUIDORA DE PERFUMES E COSMETICOS LTDA;07891033893317;LILY EDP V3 75ml;1,000;313,61;313,61;128,13;0,00;0,00;185,48;59,14;144,76;3,49;47,89;A;;
06/09/2026;024617 - ACQUA DISTRIBUIDORA DE PERFUMES E COSMETICOS LTDA;07891033779888;LILY EDP ABSOLU 75ML V2;1,000;292,49;292,49;129,43;0,00;0,00;163,06;55,75;125,98;3,07;50,96;A;;
06/09/2026;024617 - ACQUA DISTRIBUIDORA DE PERFUMES E COSMETICOS LTDA;07891033527526;GLAMOUR DES COL SCRT BLACK INTENSE 75ml;2,000;307,58;153,79;148,58;0,00;0,00;159,00;51,69;107,01;2,99;53,95;A;;
06/09/2026;024617 - ACQUA DISTRIBUIDORA DE PERFUMES E COSMETICOS LTDA;07891033843923;MALBEC DES COL BLACK V2 100ml;1,000;259,90;259,90;103,30;0,00;0,00;156,60;60,25;151,60;2,95;56,90;A;;
06/09/2026;024617 - ACQUA DISTRIBUIDORA DE PERFUMES E COSMETICOS LTDA;07891033483037;FLORATTA DES COL RED V2 75ml;2,000;294,20;147,10;138,28;0,00;0,00;155,92;53,00;112,76;2,94;59,84;A;;
06/09/2026;024617 - ACQUA DISTRIBUIDORA DE PERFUMES E COSMETICOS LTDA;07891033492527;COFFEE D/C SEDUC/WOM/FLORIEN/FR V6 100ml;1,000;193,37;193,37;49,45;0,00;0,00;143,92;74,43;291,04;2,71;62,55;A;;
06/09/2026;024617 - ACQUA DISTRIBUIDORA DE PERFUMES E COSMETICOS LTDA;07891033514489;FLORATTA DES COL GOLD 75ml V2;1,000;171,46;171,46;30,76;0,00;0,00;140,70;82,06;457,41;2,65;65,20;A;;
06/09/2026;024617 - ACQUA DISTRIBUIDORA DE PERFUMES E COSMETICOS LTDA;07891033492503;COFFEE D/C DUO/WOM/ORIENT/AMAD V2 100ml;1,000;225,38;225,38;91,33;0,00;0,00;134,05;59,48;146,78;2,52;67,72;A;;
06/09/2026;024617 - ACQUA DISTRIBUIDORA DE PERFUMES E COSMETICOS LTDA;07891033481460;ELYSEE EDP NUIT 50ml V2;1,000;260,49;260,49;140,13;0,00;0,00;120,36;46,21;85,89;2,27;69,99;A;;
06/09/2026;024617 - ACQUA DISTRIBUIDORA DE PERFUMES E COSMETICOS LTDA;07891033852390;LILY CR ACET DES HID CPO CASHMERE 250g;1,000;146,95;146,95;36,64;0,00;0,00;110,31;75,07;301,06;2,08;72,06;A;;
06/09/2026;024617 - ACQUA DISTRIBUIDORA DE PERFUMES E COSMETICOS LTDA;07891033489978;NSPA OL DES HID CPO AMEI 200ml V3;2,000;176,80;88,40;81,80;0,00;0,00;95,00;53,73;116,14;1,79;73,85;A;;
06/09/2026;024617 - ACQUA DISTRIBUIDORA DE PERFUMES E COSMETICOS LTDA;07891033520442;CELEBRE DES COL FEM AGORA 100ml;1,000;117,54;117,54;24,95;0,00;0,00;92,59;78,77;371,10;1,74;75,60;A;;
06/09/2026;024617 - ACQUA DISTRIBUIDORA DE PERFUMES E COSMETICOS LTDA;07891033744381;ARBO DES COL 100ml V4;1,000;129,79;129,79;38,92;0,00;0,00;90,87;70,01;233,48;1,71;77,31;A;;
06/09/2026;024617 - ACQUA DISTRIBUIDORA DE PERFUMES E COSMETICOS LTDA;07891033482801;NSPA DES COL BDY SPLSH AMEI/NEG 200ml V2;1,000;107,74;107,74;19,86;0,00;0,00;87,88;81,57;442,50;1,65;78,96;A;;
06/09/2026;024617 - ACQUA DISTRIBUIDORA DE PERFUMES E COSMETICOS LTDA;07891033882038;LILY CREM ACET DES HID CPO V9 250g;1,000;146,95;146,95;59,58;0,00;0,00;87,37;59,46;146,64;1,65;80,61;B;;
06/09/2026;024617 - ACQUA DISTRIBUIDORA DE PERFUMES E COSMETICOS LTDA;07891033766666;MEN DES COL GALBE 100ml V2;1,000;154,90;154,90;69,35;0,00;0,00;85,55;55,23;123,36;1,61;82,22;B;;
06/09/2026;024617 - ACQUA DISTRIBUIDORA DE PERFUMES E COSMETICOS LTDA;07891033535187;ELYSEE EDP V2 50ml;1,000;224,43;224,43;140,19;0,00;0,00;84,24;37,54;60,09;1,59;83,81;B;;
06/09/2026;024617 - ACQUA DISTRIBUIDORA DE PERFUMES E COSMETICOS LTDA;07891033520527;CELEBRE DES COL MASC AGORA 100ml;1,000;117,54;117,54;40,19;0,00;0,00;77,35;65,81;192,46;1,46;85,26;B;;
06/09/2026;024617 - ACQUA DISTRIBUIDORA DE PERFUMES E COSMETICOS LTDA;07891033830602;CELEBRE DES COL FLOR FRUT FORC 100ml;1,000;117,54;117,54;40,32;0,00;0,00;77,22;65,70;191,52;1,45;86,72;B;;
06/09/2026;024617 - ACQUA DISTRIBUIDORA DE PERFUMES E COSMETICOS LTDA;07891033878963;FLORATTA EDP RED PASSION V2 75ml;1,000;176,88;176,88;99,88;0,00;0,00;77,00;43,53;77,09;1,45;88,17;B;;
06/09/2026;024617 - ACQUA DISTRIBUIDORA DE PERFUMES E COSMETICOS LTDA;07891033492459;COFFEE D/COL DUO MAN FOUG/AMB V2 100ml;1,000;166,91;166,91;91,26;0,00;0,00;75,65;45,32;82,90;1,42;89,59;B;;
06/09/2026;024617 - ACQUA DISTRIBUIDORA DE PERFUMES E COSMETICOS LTDA;07891033589784;NSPA LOC NUTR DES CPO UVA MERLOT 400ml;1,000;85,00;85,00;17,81;0,00;0,00;67,19;79,05;377,26;1,27;90,86;B;;
06/09/2026;024617 - ACQUA DISTRIBUIDORA DE PERFUMES E COSMETICOS LTDA;07891033589876;NSPA OL BIF DES HID CPO UVA MERL 200ml;1,000;88,40;88,40;23,36;0,00;0,00;65,04;73,57;278,42;1,22;92,08;B;;
06/09/2026;024617 - ACQUA DISTRIBUIDORA DE PERFUMES E COSMETICOS LTDA;07891033483754;ELYSEE CR DES HID ACET CPO BLANC 250g V2;1,000;115,58;115,58;57,72;0,00;0,00;57,86;50,06;100,24;1,09;93,17;B;;
06/09/2026;024617 - ACQUA DISTRIBUIDORA DE PERFUMES E COSMETICOS LTDA;07891033518029;BOTI BABY COL SOL V2 100ml;1,000;95,97;95,97;40,40;0,00;0,00;55,57;57,90;137,55;1,05;94,22;B;;
06/09/2026;024617 - ACQUA DISTRIBUIDORA DE PERFUMES E COSMETICOS LTDA;07891033498802;CBEM LOC DES HID CPO BOA NOITE V2 200ml;1,000;55,65;55,65;8,55;0,00;0,00;47,10;84,64;550,88;0,89;95,11;C;;
06/09/2026;024617 - ACQUA DISTRIBUIDORA DE PERFUMES E COSMETICOS LTDA;07891033880829;NSPA LOC DES HID CPO AMEIX/NEG V4 400ml;1,000;80,00;80,00;35,75;0,00;0,00;44,25;55,31;123,78;0,83;95,94;C;;
06/09/2026;024617 - ACQUA DISTRIBUIDORA DE PERFUMES E COSMETICOS LTDA;07891033958023;NSPA ACUC ESF CPO AMEIX/INT 180g;1,000;63,91;63,91;31,11;0,00;0,00;32,80;51,32;105,43;0,62;96,56;C;;
06/09/2026;024617 - ACQUA DISTRIBUIDORA DE PERFUMES E COSMETICOS LTDA;07891033958016;NSPA OL GLOR DES HID CPO AMEIX/INT 200ml;1,000;75,12;75,12;44,17;0,00;0,00;30,95;41,20;70,07;0,58;97,14;C;;
06/09/2026;024617 - ACQUA DISTRIBUIDORA DE PERFUMES E COSMETICOS LTDA;07891033883653;NSPA SAB BARRA AMEIXA V5 3x90g;1,000;42,00;42,00;15,22;0,00;0,00;26,78;63,76;175,95;0,50;97,64;C;;
06/09/2026;024617 - ACQUA DISTRIBUIDORA DE PERFUMES E COSMETICOS LTDA;07891033894222;NSPA LOC DES HID CPO ORQ/NOIRE V2 400ml;1,000;60,36;60,36;35,73;0,00;0,00;24,63;40,81;68,93;0,46;98,11;C;;
06/09/2026;024617 - ACQUA DISTRIBUIDORA DE PERFUMES E COSMETICOS LTDA;07891033867684;FLORATTA SAB LIQ CPO RED 150ml;1,000;37,77;37,77;15,93;0,00;0,00;21,84;57,82;137,10;0,41;98,52;C;;
06/09/2026;024617 - ACQUA DISTRIBUIDORA DE PERFUMES E COSMETICOS LTDA;07891033533527;NSPA SAB BARRA CPO LILAC 2x90g;1,000;29,64;29,64;10,60;0,00;0,00;19,04;64,24;179,62;0,36;98,88;C;;
06/09/2026;024617 - ACQUA DISTRIBUIDORA DE PERFUMES E COSMETICOS LTDA;07891033492428;COFFEE DES ANTIT AER WOM/SEDUC V5 75g;2,000;53,66;26,83;36,94;0,00;0,00;16,72;31,16;45,26;0,31;99,19;C;;
06/09/2026;024617 - ACQUA DISTRIBUIDORA DE PERFUMES E COSMETICOS LTDA;07891033511242;CBEM SAB BARRA BOA NOITE V2 2x80g;1,000;24,35;24,35;8,69;0,00;0,00;15,66;64,31;180,21;0,29;99,49;C;;
06/09/2026;024617 - ACQUA DISTRIBUIDORA DE PERFUMES E COSMETICOS LTDA;07891033512614;QUASAR DES B/SPR BLUE RPCK 100ml;1,000;38,87;38,87;24,28;0,00;0,00;14,59;37,54;60,09;0,27;99,76;C;;
06/09/2026;024617 - ACQUA DISTRIBUIDORA DE PERFUMES E COSMETICOS LTDA;07891033958030;NSPA SAB BARRA CP AMEIX/INT 90g;2,000;24,60;12,30;11,98;0,00;0,00;12,62;51,30;105,34;0,24;100,00;C;;
07/09/2026;024617 - ACQUA DISTRIBUIDORA DE PERFUMES E COSMETICOS LTDA;07891033903108;ZAAD EDP V7 95ml;1,000;296,04;296,04;145,73;0,00;0,00;150,31;50,77;103,14;13,65;13,65;A;;
07/09/2026;024617 - ACQUA DISTRIBUIDORA DE PERFUMES E COSMETICOS LTDA;07891033843923;MALBEC DES COL BLACK V2 100ml;1,000;252,15;252,15;103,30;0,00;0,00;148,85;59,03;144,09;13,52;27,17;A;;
07/09/2026;024617 - ACQUA DISTRIBUIDORA DE PERFUMES E COSMETICOS LTDA;07891033482962;FLORATTA DES COL ROSE BOUQUET 75ml;1,000;129,90;129,90;33,52;0,00;0,00;96,38;74,20;287,53;8,75;35,92;A;;
07/09/2026;024617 - ACQUA DISTRIBUIDORA DE PERFUMES E COSMETICOS LTDA;07891033878963;FLORATTA EDP RED PASSION V2 75ml;1,000;189,88;189,88;99,88;0,00;0,00;90,00;47,40;90,11;8,17;44,09;A;;
07/09/2026;024617 - ACQUA DISTRIBUIDORA DE PERFUMES E COSMETICOS LTDA;07891033954056;PMPCK LILY DES B/SPR LEAU/LILY BLANC;2,000;154,72;77,36;72,90;0,00;0,00;81,82;52,88;112,24;7,43;51,52;A;;
07/09/2026;024617 - ACQUA DISTRIBUIDORA DE PERFUMES E COSMETICOS LTDA;07891033870448;MAKE B BAS LIQ PROT HYAL70 COR30 V2 30ml;1,000;120,02;120,02;39,92;0,00;0,00;80,10;66,74;200,65;7,27;58,80;A;;
07/09/2026;024617 - ACQUA DISTRIBUIDORA DE PERFUMES E COSMETICOS LTDA;07891033826858;EGEO DES COL BOMB BLACK C/CAR 90ml;1,000;107,65;107,65;29,10;0,00;0,00;78,55;72,97;269,93;7,13;65,93;A;;
07/09/2026;024617 - ACQUA DISTRIBUIDORA DE PERFUMES E COSMETICOS LTDA;07891033524686;BOTIK GEL LIM FAC MIC AC MAN/SAL 50g PRM;5,000;73,26;14,65;0,00;0,00;0,00;73,26;100,00;0,00;6,65;72,59;A;;
07/09/2026;024617 - ACQUA DISTRIBUIDORA DE PERFUMES E COSMETICOS LTDA;07891033907090;MAKE B BAS LIQ MATE SALICYLIC 235N 30g;1,000;99,90;99,90;39,59;0,00;0,00;60,31;60,37;152,34;5,48;78,06;A;;
07/09/2026;024617 - ACQUA DISTRIBUIDORA DE PERFUMES E COSMETICOS LTDA;07891033051250;MA CHERIE LOC DESC HID CPO 200ml;1,000;59,90;59,90;10,70;0,00;0,00;49,20;82,14;459,81;4,47;82,53;B;;
07/09/2026;024617 - ACQUA DISTRIBUIDORA DE PERFUMES E COSMETICOS LTDA;07891033894840;NSPA TRIO SAB BARR BES SEL COLL 3x100g;1,000;64,90;64,90;23,02;0,00;0,00;41,88;64,53;181,93;3,80;86,33;B;;
07/09/2026;024617 - ACQUA DISTRIBUIDORA DE PERFUMES E COSMETICOS LTDA;07891033958016;NSPA OL GLOR DES HID CPO AMEIX/INT 200ml;1,000;84,90;84,90;44,17;0,00;0,00;40,73;47,97;92,21;3,70;90,03;B;;
07/09/2026;024617 - ACQUA DISTRIBUIDORA DE PERFUMES E COSMETICOS LTDA;07891033826865;EGEO DES COL BLUE C/CAR 90ml;1,000;94,38;94,38;61,86;0,00;0,00;32,52;34,46;52,57;2,95;92,99;B;;
07/09/2026;024617 - ACQUA DISTRIBUIDORA DE PERFUMES E COSMETICOS LTDA;07891033957989;NSPA CR PERF DES HID CP AMEIX/INT 180ml;1,000;54,90;54,90;25,82;0,00;0,00;29,08;52,97;112,63;2,64;95,63;C;;
07/09/2026;024617 - ACQUA DISTRIBUIDORA DE PERFUMES E COSMETICOS LTDA;07891033471492;MEN DES ANT AER CLIN ULTR/PROT 90g/150ml;1,000;39,90;39,90;18,72;0,00;0,00;21,18;53,08;113,14;1,92;97,55;C;;
07/09/2026;024617 - ACQUA DISTRIBUIDORA DE PERFUMES E COSMETICOS LTDA;07891033511679;CBEM DES ANTIT CREM S/PERF V2 80g;1,000;28,34;28,34;10,55;0,00;0,00;17,79;62,77;168,63;1,62;99,17;C;;
07/09/2026;024617 - ACQUA DISTRIBUIDORA DE PERFUMES E COSMETICOS LTDA;07891033512317;CBEM SAB BARRA CEREJA LIVRE V2 2x80g;1,000;17,95;17,95;8,80;0,00;0,00;9,15;50,97;103,98;0,83;100,00;C;;
07/09/2026;024617 - ACQUA DISTRIBUIDORA DE PERFUMES E COSMETICOS LTDA;07891033500185;BOTI SUN PR FAC ANT ACQ/F FPS30 10ml PRM;1,000;0,01;0,01;0,00;0,00;0,00;0,01;100,00;0,00;0,00;100,00;C;;
07/09/2026;024617 - ACQUA DISTRIBUIDORA DE PERFUMES E COSMETICOS LTDA;07891033974382;SACOLA UNIT M PAIS 2026 BOTI;1,000;0,01;0,01;0,00;0,00;0,00;0,01;100,00;0,00;0,00;100,00;C;;
07/09/2026;024617 - ACQUA DISTRIBUIDORA DE PERFUMES E COSMETICOS LTDA;07891033856770;CBEM LOC DES HID CPO CER/FASES PRM 50ml;1,000;0,01;0,01;0,00;0,00;0,00;0,01;100,00;0,00;0,00;100,00;C;;
08/09/2026;024617 - ACQUA DISTRIBUIDORA DE PERFUMES E COSMETICOS LTDA;07891033843879;MALBEC DES COL V6 100ml;1,000;174,90;174,90;83,50;0,00;0,00;91,40;52,26;109,46;26,43;26,43;A;;
08/09/2026;024617 - ACQUA DISTRIBUIDORA DE PERFUMES E COSMETICOS LTDA;07891033589784;NSPA LOC NUTR DES CPO UVA MERLOT 400ml;1,000;89,90;89,90;17,81;0,00;0,00;72,09;80,19;404,77;20,85;47,28;A;;
08/09/2026;024617 - ACQUA DISTRIBUIDORA DE PERFUMES E COSMETICOS LTDA;07891033894840;NSPA TRIO SAB BARR BES SEL COLL 3x100g;1,000;64,90;64,90;23,02;0,00;0,00;41,88;64,53;181,93;12,11;59,39;A;;
08/09/2026;024617 - ACQUA DISTRIBUIDORA DE PERFUMES E COSMETICOS LTDA;07891033826889;EGEO DES COL DOLCE C/CAR 90ml;1,000;91,96;91,96;63,60;0,00;0,00;28,36;30,84;44,59;8,20;67,60;A;;
08/09/2026;024617 - ACQUA DISTRIBUIDORA DE PERFUMES E COSMETICOS LTDA;07891033896943;MATCH COND ESC/HID 280ml;1,000;44,91;44,91;21,76;0,00;0,00;23,15;51,55;106,39;6,70;74,29;A;;
08/09/2026;024617 - ACQUA DISTRIBUIDORA DE PERFUMES E COSMETICOS LTDA;07891033896936;MATCH SHAMP ESC/HID 300ml;1,000;43,11;43,11;21,53;0,00;0,00;21,58;50,06;100,23;6,24;80,53;B;;
08/09/2026;024617 - ACQUA DISTRIBUIDORA DE PERFUMES E COSMETICOS LTDA;07891033820467;NSPA LOC DES CPO A/STRES JAS/SAMB 200ml;1,000;20,67;20,67;0,00;0,00;0,00;20,67;100,00;0,00;5,98;86,51;B;;
08/09/2026;024617 - ACQUA DISTRIBUIDORA DE PERFUMES E COSMETICOS LTDA;07891033492428;COFFEE DES ANTIT AER WOM/SEDUC V5 75g;2,000;51,51;25,75;36,94;0,00;0,00;14,57;28,29;39,44;4,21;90,72;B;;
08/09/2026;024617 - ACQUA DISTRIBUIDORA DE PERFUMES E COSMETICOS LTDA;07891033949830;EGEO LOC DES HID CPO VAN/UBSSION 150ml;1,000;33,61;33,61;19,17;0,00;0,00;14,44;42,96;75,33;4,18;94,90;B;;
08/09/2026;024617 - ACQUA DISTRIBUIDORA DE PERFUMES E COSMETICOS LTDA;07891033511648;CBEM DES ANTIT CR R/ALG V3 80g;1,000;25,90;25,90;16,20;0,00;0,00;9,70;37,45;59,88;2,81;97,70;C;;
08/09/2026;024617 - ACQUA DISTRIBUIDORA DE PERFUMES E COSMETICOS LTDA;07891033850549;EGEO DES COL DOLCE ILLUSION 90ml;1,000;71,23;71,23;61,86;0,00;0,00;9,37;13,15;15,15;2,71;100,41;C;;
08/09/2026;024617 - ACQUA DISTRIBUIDORA DE PERFUMES E COSMETICOS LTDA;07891033512263;CBEM SAB BARRA NUVEM V5 2x80g;1,000;17,93;17,93;9,25;0,00;0,00;8,68;48,41;93,84;2,51;102,92;C;;
08/09/2026;024617 - ACQUA DISTRIBUIDORA DE PERFUMES E COSMETICOS LTDA;07891033521104;DR BOTICA CR PENT POC/TR/NO LISOS 350ml;1,000;35,07;35,07;27,80;0,00;0,00;7,27;20,73;26,15;2,10;105,03;C;;
08/09/2026;024617 - ACQUA DISTRIBUIDORA DE PERFUMES E COSMETICOS LTDA;07891033521364;DR BOTICA COND POC/BRILHO LISOS 400ml;1,000;33,52;33,52;26,73;0,00;0,00;6,79;20,26;25,40;1,96;106,99;C;;
08/09/2026;024617 - ACQUA DISTRIBUIDORA DE PERFUMES E COSMETICOS LTDA;07891033521227;DR BOTICA SHAMP POC/ESPUM LISOS 400ml;1,000;33,01;33,01;27,99;0,00;0,00;5,02;15,21;17,93;1,45;108,44;C;;
08/09/2026;024617 - ACQUA DISTRIBUIDORA DE PERFUMES E COSMETICOS LTDA;07891033486571;EGEO DES ANTIT AEROSSOL DOLCE 75g V9;1,000;22,53;22,53;17,75;0,00;0,00;4,78;21,22;26,93;1,38;109,82;C;;
08/09/2026;024617 - ACQUA DISTRIBUIDORA DE PERFUMES E COSMETICOS LTDA;07891033582365;CBEM LOC DES HID CPO NUV/ALEGRIA 400ml;4,000;101,99;25,50;116,68;0,00;0,00;-14,69;-14,40;-12,59;-4,25;105,58;C;;
08/09/2026;024617 - ACQUA DISTRIBUIDORA DE PERFUMES E COSMETICOS LTDA;07891033480593;REF LILY CR H DES ACET CPO LOVE 250g V2;1,000;20,67;20,67;39,95;0,00;0,00;-19,28;-93,28;-48,26;-5,58;100,00;C;;
08/09/2026;024668 - ACQUA DISTRIBUIDORA DE PERFUMES E COSMETICOS LTDA;07891033905133;MALBEC DES COL V7 100ml;3,000;462,11;154,04;134,16;0,00;0,00;327,95;70,97;244,45;7,23;7,23;A;;
08/09/2026;024668 - ACQUA DISTRIBUIDORA DE PERFUMES E COSMETICOS LTDA;07891033479498;THE BLEND EDP 100ml V2;1,000;379,90;379,90;98,91;0,00;0,00;280,99;73,96;284,09;6,20;13,43;A;;
08/09/2026;024668 - ACQUA DISTRIBUIDORA DE PERFUMES E COSMETICOS LTDA;07891033497652;UOMINI DES COL V6 100ml;4,000;392,31;98,08;142,12;0,00;0,00;250,19;63,77;176,04;5,52;18,95;A;;
08/09/2026;024668 - ACQUA DISTRIBUIDORA DE PERFUMES E COSMETICOS LTDA;07891033894710;BOTIK GEL/LIMP FAC CIC/PANT/CER PRM 50g;13,000;245,75;18,90;0,00;0,00;0,00;245,75;100,00;0,00;5,42;24,37;A;;
08/09/2026;024668 - ACQUA DISTRIBUIDORA DE PERFUMES E COSMETICOS LTDA;07891033468980;ZAAD EDP EXPEDITION 95ml;1,000;349,90;349,90;136,36;0,00;0,00;213,54;61,03;156,60;4,71;29,08;A;;
08/09/2026;024668 - ACQUA DISTRIBUIDORA DE PERFUMES E COSMETICOS LTDA;07891033740437;LINDA DES COL V4 100ml;5,000;582,30;116,46;393,75;0,00;0,00;188,55;32,38;47,89;4,16;33,24;A;;
08/09/2026;024668 - ACQUA DISTRIBUIDORA DE PERFUMES E COSMETICOS LTDA;07891033535187;ELYSEE EDP V2 50ml;1,000;242,80;242,80;60,49;0,00;0,00;182,31;75,09;301,39;4,02;37,26;A;;
08/09/2026;024668 - ACQUA DISTRIBUIDORA DE PERFUMES E COSMETICOS LTDA;07891033583737;FLORATTA DES COL RED BLOSSOM V2 75ml;2,000;220,29;110,14;53,36;0,00;0,00;166,93;75,78;312,84;3,68;40,94;A;;
08/09/2026;024668 - ACQUA DISTRIBUIDORA DE PERFUMES E COSMETICOS LTDA;07891033841134;ESTJ FLORATTA BLUE JUMBO REG/21;1,000;215,90;215,90;68,55;0,00;0,00;147,35;68,25;214,95;3,25;44,19;A;;
08/09/2026;024668 - ACQUA DISTRIBUIDORA DE PERFUMES E COSMETICOS LTDA;07891033859351;HER CODE CREM AVELUD DES CPO 250g;2,000;197,32;98,66;50,90;0,00;0,00;146,42;74,20;287,66;3,23;47,42;A;;
08/09/2026;024668 - ACQUA DISTRIBUIDORA DE PERFUMES E COSMETICOS LTDA;07891033035304;CAIXA M INST 2021 VERDE ECONOMICA;41,000;132,06;3,22;0,00;0,00;0,00;132,06;100,00;0,00;2,91;50,34;A;;
08/09/2026;024668 - ACQUA DISTRIBUIDORA DE PERFUMES E COSMETICOS LTDA;07891033483136;FLORATTA DES COL ROSE V4 75ml;1,000;145,94;145,94;30,72;0,00;0,00;115,22;78,95;375,07;2,54;52,88;A;;
08/09/2026;024668 - ACQUA DISTRIBUIDORA DE PERFUMES E COSMETICOS LTDA;07891033744381;ARBO DES COL 100ml V4;2,000;265,81;132,90;150,74;0,00;0,00;115,07;43,29;76,34;2,54;55,41;A;;
08/09/2026;024668 - ACQUA DISTRIBUIDORA DE PERFUMES E COSMETICOS LTDA;07891033492497;COFFEE D/C WOM/FLORIENT/AMBAR V4 100ml;1,000;157,39;157,39;43,35;0,00;0,00;114,04;72,46;263,07;2,52;57,93;A;;
08/09/2026;024668 - ACQUA DISTRIBUIDORA DE PERFUMES E COSMETICOS LTDA;07891033506774;CLASH DES COL 100ml;2,000;248,25;124,12;141,54;0,00;0,00;106,71;42,98;75,39;2,35;60,28;A;;
08/09/2026;024668 - ACQUA DISTRIBUIDORA DE PERFUMES E COSMETICOS LTDA;07891033903818;PMPCK MALBEC DES BODY SPRAY;2,000;144,08;72,04;38,22;0,00;0,00;105,86;73,47;276,98;2,33;62,62;A;;
08/09/2026;024668 - ACQUA DISTRIBUIDORA DE PERFUMES E COSMETICOS LTDA;07891033957958;NSPA CR PERF DES HID CPO AMEIX/INT 400ml;2,000;138,60;69,30;33,90;0,00;0,00;104,70;75,54;308,85;2,31;64,93;A;;
08/09/2026;024668 - ACQUA DISTRIBUIDORA DE PERFUMES E COSMETICOS LTDA;07891033852390;LILY CR ACET DES HID CPO CASHMERE 250g;1,000;138,55;138,55;36,64;0,00;0,00;101,91;73,55;278,14;2,25;67,18;A;;
08/09/2026;024668 - ACQUA DISTRIBUIDORA DE PERFUMES E COSMETICOS LTDA;07891033877959;MAKE B BASE LIQ HYALURONIC 210Q 30ml;1,000;131,90;131,90;32,09;0,00;0,00;99,81;75,67;311,03;2,20;69,38;A;;
08/09/2026;024668 - ACQUA DISTRIBUIDORA DE PERFUMES E COSMETICOS LTDA;07891033483105;FLORATTA DES COL BLUE V2 75ml;1,000;145,95;145,95;55,26;0,00;0,00;90,69;62,14;164,12;2,00;71,38;A;;
08/09/2026;024668 - ACQUA DISTRIBUIDORA DE PERFUMES E COSMETICOS LTDA;07891033826889;EGEO DES COL DOLCE C/CAR 90ml;2,000;203,48;101,74;122,48;0,00;0,00;81,00;39,81;66,13;1,79;73,16;A;;
08/09/2026;024668 - ACQUA DISTRIBUIDORA DE PERFUMES E COSMETICOS LTDA;07891033481811;LILY OL PERF DES CPO 150ml V11;1,000;98,87;98,87;19,51;0,00;0,00;79,36;80,27;406,77;1,75;74,92;A;;
08/09/2026;024668 - ACQUA DISTRIBUIDORA DE PERFUMES E COSMETICOS LTDA;07891033886951;CBEM LOC DES HID CP R/ALG N/FORM 200ml;2,000;94,63;47,31;17,66;0,00;0,00;76,97;81,34;435,84;1,70;76,61;A;;
08/09/2026;024668 - ACQUA DISTRIBUIDORA DE PERFUMES E COSMETICOS LTDA;07891033550838;NEXT COLONIA 75ml;1,000;107,90;107,90;31,37;0,00;0,00;76,53;70,93;243,96;1,69;78,30;A;;
08/09/2026;024668 - ACQUA DISTRIBUIDORA DE PERFUMES E COSMETICOS LTDA;07891033486342;DREAM DES COL SPLSH AMOR NO AR 200ml V2;1,000;119,90;119,90;46,09;0,00;0,00;73,81;61,56;160,14;1,63;79,93;A;;
08/09/2026;024668 - ACQUA DISTRIBUIDORA DE PERFUMES E COSMETICOS LTDA;07891033889242;ESTJ FLORATTA GOLD NAT/25;1,000;121,48;121,48;49,56;0,00;0,00;71,92;59,20;145,12;1,59;81,52;B;;
08/09/2026;024668 - ACQUA DISTRIBUIDORA DE PERFUMES E COSMETICOS LTDA;07891033741038;GLAMOUR DES COL SEC BL 75ml V4;1,000;125,91;125,91;54,32;0,00;0,00;71,59;56,86;131,79;1,58;83,09;B;;
08/09/2026;024668 - ACQUA DISTRIBUIDORA DE PERFUMES E COSMETICOS LTDA;07891033958016;NSPA OL GLOR DES HID CPO AMEIX/INT 200ml;1,000;79,49;79,49;22,63;0,00;0,00;56,86;71,53;251,26;1,25;84,35;B;;
08/09/2026;024668 - ACQUA DISTRIBUIDORA DE PERFUMES E COSMETICOS LTDA;07891033595815;MATCH MASC CAP NUTR/REGEN V2 250g;1,000;67,90;67,90;14,41;0,00;0,00;53,49;78,78;371,20;1,18;85,53;B;;
08/09/2026;024668 - ACQUA DISTRIBUIDORA DE PERFUMES E COSMETICOS LTDA;07891033875368;PMPCK BOTI SUN ALTA PROTECAO;1,000;98,91;98,91;47,44;0,00;0,00;51,47;52,04;108,49;1,14;86,66;B;;
08/09/2026;024668 - ACQUA DISTRIBUIDORA DE PERFUMES E COSMETICOS LTDA;07891033957989;NSPA CR PERF DES HID CP AMEIX/INT 180ml;2,000;92,51;46,25;42,46;0,00;0,00;50,05;54,10;117,88;1,10;87,77;B;;
08/09/2026;024668 - ACQUA DISTRIBUIDORA DE PERFUMES E COSMETICOS LTDA;07891033486465;FLORATTA CR DES HID CPO ROSE 200ml V5;1,000;62,91;62,91;13,83;0,00;0,00;49,08;78,02;354,88;1,08;88,85;B;;
08/09/2026;024668 - ACQUA DISTRIBUIDORA DE PERFUMES E COSMETICOS LTDA;07891033595174;REF NSPA LOC DES HID CPO AMEIXA 350ml;1,000;58,46;58,46;10,40;0,00;0,00;48,06;82,21;462,12;1,06;89,91;B;;
08/09/2026;024668 - ACQUA DISTRIBUIDORA DE PERFUMES E COSMETICOS LTDA;07891033475933;MAKE B NECESS POMPOM PU;1,000;68,25;68,25;22,90;0,00;0,00;45,35;66,45;198,03;1,00;90,91;B;;
08/09/2026;024668 - ACQUA DISTRIBUIDORA DE PERFUMES E COSMETICOS LTDA;07891033880102;MAKE B BAT LIQ MAT AC/POL DARK/RG V2 5ml;1,000;58,18;58,18;13,76;0,00;0,00;44,42;76,35;322,82;0,98;91,89;B;;
08/09/2026;024668 - ACQUA DISTRIBUIDORA DE PERFUMES E COSMETICOS LTDA;07891033511235;CBEM DES COL BDY SPLSH BOA NOIT V2 200ml;1,000;79,38;79,38;36,52;0,00;0,00;42,86;53,99;117,36;0,95;92,84;B;;
08/09/2026;024668 - ACQUA DISTRIBUIDORA DE PERFUMES E COSMETICOS LTDA;07891033780006;MALBEC DES BDY SPR BLACK 100ml V2 PCK;1,000;50,26;50,26;8,96;0,00;0,00;41,30;82,17;460,94;0,91;93,75;B;;
08/09/2026;024668 - ACQUA DISTRIBUIDORA DE PERFUMES E COSMETICOS LTDA;07891033498963;CBEM LOC DES HID CPO ROS/ALG V3 200ml;1,000;50,43;50,43;9,38;0,00;0,00;41,05;81,40;437,63;0,91;94,65;B;;
08/09/2026;024668 - ACQUA DISTRIBUIDORA DE PERFUMES E COSMETICOS LTDA;07891033875566;EGEO CR DES HID CPO DOLCE ILLUSION 250g;1,000;62,31;62,31;27,76;0,00;0,00;34,55;55,45;124,46;0,76;95,41;C;;
08/09/2026;024668 - ACQUA DISTRIBUIDORA DE PERFUMES E COSMETICOS LTDA;07891033877713;MAKE B BLUSH COMP BERRY MINI PRM 15g;1,000;38,90;38,90;9,16;0,00;0,00;29,74;76,45;324,67;0,66;96,07;C;;
08/09/2026;024668 - ACQUA DISTRIBUIDORA DE PERFUMES E COSMETICOS LTDA;07891033492640;SOPHIE COND 200ml V2;1,000;39,52;39,52;10,45;0,00;0,00;29,07;73,56;278,18;0,64;96,71;C;;
08/09/2026;024668 - ACQUA DISTRIBUIDORA DE PERFUMES E COSMETICOS LTDA;07891033511310;CBEM DES ANTIT ROL BEIJINHO V3 55ml;1,000;29,90;29,90;7,58;0,00;0,00;22,32;74,65;294,46;0,49;97,20;C;;
08/09/2026;024668 - ACQUA DISTRIBUIDORA DE PERFUMES E COSMETICOS LTDA;07891033856725;CBEM LOC DES HID CPO CER/FAS 200ml;1,000;39,90;39,90;21,01;0,00;0,00;18,89;47,34;89,91;0,42;97,62;C;;
08/09/2026;024668 - ACQUA DISTRIBUIDORA DE PERFUMES E COSMETICOS LTDA;07891033886883;CBEM LOC DES HID CPO NUVEM N/FORM 400ml;1,000;47,49;47,49;28,87;0,00;0,00;18,62;39,21;64,50;0,41;98,03;C;;
08/09/2026;024668 - ACQUA DISTRIBUIDORA DE PERFUMES E COSMETICOS LTDA;07891033487844;ZAAD DES ANTIT AER 75g V7;1,000;29,14;29,14;11,62;0,00;0,00;17,52;60,12;150,77;0,39;98,42;C;;
08/09/2026;024668 - ACQUA DISTRIBUIDORA DE PERFUMES E COSMETICOS LTDA;07891033512270;CBEM SAB BARRA NUVEM 4x80g;1,000;31,36;31,36;14,25;0,00;0,00;17,11;54,56;120,07;0,38;98,80;C;;
08/09/2026;024668 - ACQUA DISTRIBUIDORA DE PERFUMES E COSMETICOS LTDA;07891033492657;SOPHIE SHAMP 200ml V2;1,000;39,52;39,52;22,51;0,00;0,00;17,01;43,04;75,57;0,38;99,17;C;;
08/09/2026;024668 - ACQUA DISTRIBUIDORA DE PERFUMES E COSMETICOS LTDA;07891033471508;MEN DES ANTIT AER COOL PROTECT 90g/150ml;1,000;32,58;32,58;17,17;0,00;0,00;15,41;47,30;89,75;0,34;99,51;C;;
08/09/2026;024668 - ACQUA DISTRIBUIDORA DE PERFUMES E COSMETICOS LTDA;07891033856794;CBEM SAB BARRA CER/FASES 4x80g;1,000;26,90;26,90;13,80;0,00;0,00;13,10;48,70;94,93;0,29;99,80;C;;
08/09/2026;024668 - ACQUA DISTRIBUIDORA DE PERFUMES E COSMETICOS LTDA;07891033511662;CBEM SAB BARRA ROSA/ALGODAO V8 2x80g;1,000;16,05;16,05;7,21;0,00;0,00;8,84;55,08;122,61;0,19;99,99;C;;
08/09/2026;024668 - ACQUA DISTRIBUIDORA DE PERFUMES E COSMETICOS LTDA;07891033958030;NSPA SAB BARRA CP AMEIX/INT 90g;1,000;13,01;13,01;4,92;0,00;0,00;8,09;62,18;164,43;0,18;100,17;C;;
08/09/2026;024668 - ACQUA DISTRIBUIDORA DE PERFUMES E COSMETICOS LTDA;07891033896615;EGEO DES COL VANILLA UBESESSION PRM 10ml;1,000;9,10;9,10;6,13;0,00;0,00;2,97;32,64;48,45;0,07;100,24;C;;
08/09/2026;024668 - ACQUA DISTRIBUIDORA DE PERFUMES E COSMETICOS LTDA;07891033946310;BOTIK CR NUTR FIR ROS/PESC R/SIL PRM 10g;2,000;17,61;8,80;15,08;0,00;0,00;2,53;14,37;16,78;0,06;100,29;C;;
08/09/2026;024668 - ACQUA DISTRIBUIDORA DE PERFUMES E COSMETICOS LTDA;07891033957996;NSPA CR PERF DES HID CP AMX/INT PRM 50ml;6,000;0,06;0,01;13,38;0,00;0,00;-13,32;-22200,00;-99,55;-0,29;100,00;C;;
08/09/2026;024669 - 24669 ACQUA DISTRIBUIDORA DE PERFUMES E;07891033830596;CELEBRE DES COL FOUG AROM FORC 100ml;2,000;220,25;110,12;40,04;0,00;0,00;180,21;81,82;450,07;7,19;7,19;A;;
08/09/2026;024669 - 24669 ACQUA DISTRIBUIDORA DE PERFUMES E;07891033881352;FLORATTA EDP ROSE SUCREE 75ml;1,000;228,90;228,90;51,59;0,00;0,00;177,31;77,46;343,69;7,08;14,27;A;;
08/09/2026;024669 - 24669 ACQUA DISTRIBUIDORA DE PERFUMES E;07891033862061;ESTJ HER CODE REG/25;1,000;230,99;230,99;104,78;0,00;0,00;126,21;54,64;120,45;5,04;19,30;A;;
08/09/2026;024669 - 24669 ACQUA DISTRIBUIDORA DE PERFUMES E;07891033855674;ESTJ MALBEC BLACK PAIS/25;1,000;245,19;245,19;122,03;0,00;0,00;123,16;50,23;100,93;4,92;24,22;A;;
08/09/2026;024669 - 24669 ACQUA DISTRIBUIDORA DE PERFUMES E;07891033483136;FLORATTA DES COL ROSE V4 75ml;1,000;150,24;150,24;30,70;0,00;0,00;119,54;79,57;389,38;4,77;28,99;A;;
08/09/2026;024669 - 24669 ACQUA DISTRIBUIDORA DE PERFUMES E;07891033843879;MALBEC DES COL V6 100ml;1,000;157,43;157,43;41,40;0,00;0,00;116,03;73,70;280,27;4,63;33,62;A;;
08/09/2026;024669 - 24669 ACQUA DISTRIBUIDORA DE PERFUMES E;07891033483150;FLORATTA DES COL GOLD V3 75ml;1,000;139,29;139,29;28,64;0,00;0,00;110,65;79,44;386,35;4,42;38,04;A;;
08/09/2026;024669 - 24669 ACQUA DISTRIBUIDORA DE PERFUMES E;07891033878963;FLORATTA EDP RED PASSION V2 75ml;1,000;159,19;159,19;49,12;0,00;0,00;110,07;69,14;224,08;4,39;42,43;A;;
08/09/2026;024669 - 24669 ACQUA DISTRIBUIDORA DE PERFUMES E;07891033506774;CLASH DES COL 100ml;1,000;144,90;144,90;37,77;0,00;0,00;107,13;73,93;283,64;4,28;46,71;A;;
08/09/2026;024669 - 24669 ACQUA DISTRIBUIDORA DE PERFUMES E;07891033811083;GLAMOUR DES COL DIVA 75ml V2;1,000;179,84;179,84;76,49;0,00;0,00;103,35;57,47;135,12;4,12;50,83;A;;
08/09/2026;024669 - 24669 ACQUA DISTRIBUIDORA DE PERFUMES E;07891033509560;CLASH DES BDY SPR 100ml;2,000;105,80;52,90;17,24;0,00;0,00;88,56;83,71;513,69;3,53;54,36;A;;
08/09/2026;024669 - 24669 ACQUA DISTRIBUIDORA DE PERFUMES E;07891033482962;FLORATTA DES COL ROSE BOUQUET 75ml;1,000;116,56;116,56;29,79;0,00;0,00;86,77;74,44;291,27;3,46;57,83;A;;
08/09/2026;024669 - 24669 ACQUA DISTRIBUIDORA DE PERFUMES E;07891033830602;CELEBRE DES COL FLOR FRUT FORC 100ml;1,000;107,58;107,58;24,06;0,00;0,00;83,52;77,64;347,13;3,33;61,16;A;;
08/09/2026;024669 - 24669 ACQUA DISTRIBUIDORA DE PERFUMES E;07891033859207;CBEM DES COL BDY SPLSH AMORUDA 200ml;1,000;94,50;94,50;19,78;0,00;0,00;74,72;79,07;377,76;2,98;64,14;A;;
08/09/2026;024669 - 24669 ACQUA DISTRIBUIDORA DE PERFUMES E;07891033589784;NSPA LOC NUTR DES CPO UVA MERLOT 400ml;1,000;89,90;89,90;18,51;0,00;0,00;71,39;79,41;385,68;2,85;66,99;A;;
08/09/2026;024669 - 24669 ACQUA DISTRIBUIDORA DE PERFUMES E;07891033590247;MALBEC BALM POS BARB SENSIT CUID V3 100g;1,000;82,90;82,90;13,21;0,00;0,00;69,69;84,07;527,55;2,78;69,77;A;;
08/09/2026;024669 - 24669 ACQUA DISTRIBUIDORA DE PERFUMES E;07891033946167;CELEBRE DES COL MASC AGORA V2 100ml;1,000;107,59;107,59;45,88;0,00;0,00;61,71;57,36;134,50;2,46;72,23;A;;
08/09/2026;024669 - 24669 ACQUA DISTRIBUIDORA DE PERFUMES E;07891033841820;LILY DES COL BDY SPLSH 200ml;1,000;76,88;76,88;21,18;0,00;0,00;55,70;72,45;262,98;2,22;74,46;A;;
08/09/2026;024669 - 24669 ACQUA DISTRIBUIDORA DE PERFUMES E;07891033744381;ARBO DES COL 100ml V4;1,000;125,86;125,86;71,73;0,00;0,00;54,13;43,01;75,46;2,16;76,62;A;;
08/09/2026;024669 - 24669 ACQUA DISTRIBUIDORA DE PERFUMES E;07891033740437;LINDA DES COL V4 100ml;1,000;101,51;101,51;55,69;0,00;0,00;45,82;45,14;82,28;1,83;78,45;A;;
08/09/2026;024669 - 24669 ACQUA DISTRIBUIDORA DE PERFUMES E;07891033501250;MALBEC DES BDY SPR ULTRA BLEU 100ml;1,000;52,90;52,90;8,31;0,00;0,00;44,59;84,29;536,58;1,78;80,23;B;;
08/09/2026;024669 - 24669 ACQUA DISTRIBUIDORA DE PERFUMES E;07891033873210;CBEM SAB LIQ ESF CPO AMORUDA 200ml;1,000;54,67;54,67;13,57;0,00;0,00;41,10;75,18;302,87;1,64;81,87;B;;
08/09/2026;024669 - 24669 ACQUA DISTRIBUIDORA DE PERFUMES E;07891033886951;CBEM LOC DES HID CP R/ALG N/FORM 200ml;1,000;48,87;48,87;8,83;0,00;0,00;40,04;81,93;453,45;1,60;83,46;B;;
08/09/2026;024669 - 24669 ACQUA DISTRIBUIDORA DE PERFUMES E;07891033878208;MAKE B BAT EASY MATE WARM CLAY 39g;1,000;55,75;55,75;17,74;0,00;0,00;38,01;68,18;214,26;1,52;84,98;B;;
08/09/2026;024669 - 24669 ACQUA DISTRIBUIDORA DE PERFUMES E;07891033851256;MATCH COND NUTR/PROF V2 280ml;1,000;49,49;49,49;12,10;0,00;0,00;37,39;75,55;309,01;1,49;86,47;B;;
08/09/2026;024669 - 24669 ACQUA DISTRIBUIDORA DE PERFUMES E;07891033873159;CBEM LOC DES HID CPO AMORUDA 200ml;1,000;56,66;56,66;20,88;0,00;0,00;35,78;63,15;171,36;1,43;87,90;B;;
08/09/2026;024669 - 24669 ACQUA DISTRIBUIDORA DE PERFUMES E;07891033567973;MATCH COND SCIENCE PRE/POS QUIM 280ml;1,000;49,90;49,90;15,15;0,00;0,00;34,75;69,64;229,37;1,39;89,29;B;;
08/09/2026;024669 - 24669 ACQUA DISTRIBUIDORA DE PERFUMES E;07891033851645;MAK B COLOR U/B LAC WIN 36g;1,000;60,04;60,04;25,98;0,00;0,00;34,06;56,73;131,10;1,36;90,65;B;;
08/09/2026;024669 - 24669 ACQUA DISTRIBUIDORA DE PERFUMES E;07891033598304;NSPA SAB LIQ PERF CPO ORQ/LUMIER 250ml;1,000;51,45;51,45;21,02;0,00;0,00;30,43;59,14;144,77;1,21;91,86;B;;
08/09/2026;024669 - 24669 ACQUA DISTRIBUIDORA DE PERFUMES E;07891033874910;BOTIK GEL LIMP F MCL AC MAND/SAL V2 150g;1,000;38,41;38,41;10,73;0,00;0,00;27,68;72,06;257,97;1,10;92,97;B;;
08/09/2026;024669 - 24669 ACQUA DISTRIBUIDORA DE PERFUMES E;07891033907045;MATCH SHAMP NUTR/PROF V3 300ml;1,000;47,51;47,51;21,33;0,00;0,00;26,18;55,10;122,74;1,04;94,01;B;;
08/09/2026;024669 - 24669 ACQUA DISTRIBUIDORA DE PERFUMES E;07891033846825;MALBEC SAB BARRA CUIDADOS 2x80g;1,000;31,90;31,90;7,43;0,00;0,00;24,47;76,71;329,34;0,98;94,99;B;;
08/09/2026;024669 - 24669 ACQUA DISTRIBUIDORA DE PERFUMES E;07891033957989;NSPA CR PERF DES HID CP AMEIX/INT 180ml;1,000;49,39;49,39;25,55;0,00;0,00;23,84;48,27;93,31;0,95;95,94;C;;
08/09/2026;024669 - 24669 ACQUA DISTRIBUIDORA DE PERFUMES E;07891033879250;INTENSE BAT MAT 330 V8 38g;1,000;37,90;37,90;14,53;0,00;0,00;23,37;61,66;160,84;0,93;96,87;C;;
08/09/2026;024669 - 24669 ACQUA DISTRIBUIDORA DE PERFUMES E;07891033889136;CBEM SPR INTIMO CER/FASES 75ml;1,000;35,76;35,76;12,75;0,00;1,31;21,70;60,70;180,47;0,87;97,74;C;;
08/09/2026;024669 - 24669 ACQUA DISTRIBUIDORA DE PERFUMES E;07891033909957;CBEM SAB LIQ CPO 2/1 CER/FASES 200ml;1,000;29,38;29,38;8,73;0,00;0,00;20,65;70,29;236,54;0,82;98,56;C;;
08/09/2026;024669 - 24669 ACQUA DISTRIBUIDORA DE PERFUMES E;07891033897896;MATCH MASC CAP NUTRICAO PROFUNDA V3 70g;2,000;39,77;19,88;19,42;0,00;0,00;20,35;51,17;104,79;0,81;99,37;C;;
08/09/2026;024669 - 24669 ACQUA DISTRIBUIDORA DE PERFUMES E;07891033511655;CBEM SAB BARRA ROSA/ALGODAO 4x80g;1,000;29,81;29,81;13,78;0,00;0,00;16,03;53,77;116,33;0,64;100,01;C;;
08/09/2026;024669 - 24669 ACQUA DISTRIBUIDORA DE PERFUMES E;07891033524686;BOTIK GEL LIM FAC MIC AC MAN/SAL 50g PRM;1,000;14,31;14,31;0,00;0,00;0,00;14,31;100,00;0,00;0,57;100,59;C;;
08/09/2026;024669 - 24669 ACQUA DISTRIBUIDORA DE PERFUMES E;07891033873265;CBEM BASTAO ANTIATR EF/SHORT AMORA 35g;1,000;29,77;29,77;16,48;0,00;0,00;13,29;44,64;80,64;0,53;101,12;C;;
08/09/2026;024669 - 24669 ACQUA DISTRIBUIDORA DE PERFUMES E;07891033894017;CX PRESENTE M BOTI INST/25 VDA;1,000;12,25;12,25;0,00;0,00;0,00;12,25;100,00;0,00;0,49;101,60;C;;
08/09/2026;024669 - 24669 ACQUA DISTRIBUIDORA DE PERFUMES E;07891033879632;CBEM OL CPO TERMICO CER/FASES 110ml;1,000;23,01;23,01;11,46;0,00;0,00;11,55;50,20;100,79;0,46;102,07;C;;
08/09/2026;024669 - 24669 ACQUA DISTRIBUIDORA DE PERFUMES E;07891033854820;FLORATTA DES BDY SPR F/SECRET V2 100ml;1,000;33,37;33,37;24,05;0,00;0,00;9,32;27,93;38,75;0,37;102,44;C;;
08/09/2026;024669 - 24669 ACQUA DISTRIBUIDORA DE PERFUMES E;07891033770458;NSPA MASC CAP VITAL/PROT ROSE 200g;1,000;25,71;25,71;16,85;0,00;0,00;8,86;34,46;52,58;0,35;102,79;C;;
08/09/2026;024669 - 24669 ACQUA DISTRIBUIDORA DE PERFUMES E;07891033553587;MALBEC EDP PRM 10ml;1,000;0,25;0,25;2,34;0,00;0,00;-2,09;-836,00;-89,32;-0,08;102,71;C;;
08/09/2026;024669 - 24669 ACQUA DISTRIBUIDORA DE PERFUMES E;07891033957996;NSPA CR PERF DES HID CP AMX/INT PRM 50ml;6,000;0,06;0,01;13,38;0,00;0,00;-13,32;-22200,00;-99,55;-0,53;102,18;C;;
08/09/2026;024669 - 24669 ACQUA DISTRIBUIDORA DE PERFUMES E;07891033480593;REF LILY CR H DES ACET CPO LOVE 250g V2;4,000;102,84;25,71;157,36;0,00;0,00;-54,52;-53,01;-34,65;-2,18;100,00;C;;
08/09/2026;024670 - ACQUA DISTRIBUIDORA DE PERFUMES E COSMETICOS LTDA;07891033843879;MALBEC DES COL V6 100ml;3,000;466,02;155,34;247,74;0,00;0,00;218,28;46,84;88,11;7,30;7,30;A;;
08/09/2026;024670 - ACQUA DISTRIBUIDORA DE PERFUMES E COSMETICOS LTDA;07891033880225;BOTICA 214 EDP FOUG/AR V/FIRENZ V2 90ml;1,000;230,79;230,79;46,17;0,00;0,00;184,62;79,99;399,87;6,17;13,47;A;;
08/09/2026;024670 - ACQUA DISTRIBUIDORA DE PERFUMES E COSMETICOS LTDA;07891033843909;MALBEC DES COL MAGNETIC V3 100ml;1,000;213,55;213,55;63,43;0,00;0,00;150,12;70,30;236,67;5,02;18,48;A;;
08/09/2026;024670 - ACQUA DISTRIBUIDORA DE PERFUMES E COSMETICOS LTDA;07891033836840;DR BOTICA COL POC/AVENTURA 120ml;2,000;185,30;92,65;38,42;0,00;0,00;146,88;79,27;382,30;4,91;23,39;A;;
08/09/2026;024670 - ACQUA DISTRIBUIDORA DE PERFUMES E COSMETICOS LTDA;07891033957958;NSPA CR PERF DES HID CPO AMEIX/INT 400ml;3,000;192,50;64,17;50,85;0,00;0,00;141,65;73,58;278,56;4,73;28,13;A;;
08/09/2026;024670 - ACQUA DISTRIBUIDORA DE PERFUMES E COSMETICOS LTDA;07891033835508;BOTIK SRUM ALT/POT RETIN PURO 30ml;1,000;180,69;180,69;40,39;0,00;0,00;140,30;77,65;347,36;4,69;32,82;A;;
08/09/2026;024670 - ACQUA DISTRIBUIDORA DE PERFUMES E COSMETICOS LTDA;07891033856442;BOTICA 214 EDP ARAB/OASIS FLOR/FRUT 75ml;1,000;230,79;230,79;96,32;0,00;0,00;134,47;58,27;139,61;4,49;37,31;A;;
08/09/2026;024670 - ACQUA DISTRIBUIDORA DE PERFUMES E COSMETICOS LTDA;07891033533862;BOTIK PROT SOL FAC FPS 80 AC/HIAL 40ml;2,000;182,72;91,36;53,70;0,00;0,00;129,02;70,61;240,26;4,31;41,63;A;;
08/09/2026;024670 - ACQUA DISTRIBUIDORA DE PERFUMES E COSMETICOS LTDA;07891033839711;LILY DES COL LEAU DE 75ml;1,000;170,91;170,91;43,84;0,00;0,00;127,07;74,35;289,85;4,25;45,87;A;;
08/09/2026;024670 - ACQUA DISTRIBUIDORA DE PERFUMES E COSMETICOS LTDA;07891033512430;QUASAR DES COL CLASSIC 100ml;1,000;182,69;182,69;59,78;0,00;0,00;122,91;67,28;205,60;4,11;49,98;A;;
08/09/2026;024670 - ACQUA DISTRIBUIDORA DE PERFUMES E COSMETICOS LTDA;07891033740437;LINDA DES COL V4 100ml;2,000;230,88;115,44;116,30;0,00;0,00;114,58;49,63;98,52;3,83;53,81;A;;
08/09/2026;024670 - ACQUA DISTRIBUIDORA DE PERFUMES E COSMETICOS LTDA;07891033909810;NSPA DES COL BDY SPLSH AMEIX/INT 200ml;2,000;143,20;71,60;40,72;0,00;0,00;102,48;71,56;251,67;3,43;57,24;A;;
08/09/2026;024670 - ACQUA DISTRIBUIDORA DE PERFUMES E COSMETICOS LTDA;07891033958016;NSPA OL GLOR DES HID CPO AMEIX/INT 200ml;2,000;146,66;73,33;45,26;0,00;0,00;101,40;69,14;224,04;3,39;60,63;A;;
08/09/2026;024670 - ACQUA DISTRIBUIDORA DE PERFUMES E COSMETICOS LTDA;07891033483037;FLORATTA DES COL RED V2 75ml;1,000;168,25;168,25;68,42;0,00;0,00;99,83;59,33;145,91;3,34;63,96;A;;
08/09/2026;024670 - ACQUA DISTRIBUIDORA DE PERFUMES E COSMETICOS LTDA;07891033826889;EGEO DES COL DOLCE C/CAR 90ml;2,000;199,37;99,68;113,76;0,00;0,00;85,61;42,94;75,25;2,86;66,82;A;;
08/09/2026;024670 - ACQUA DISTRIBUIDORA DE PERFUMES E COSMETICOS LTDA;07891033197347;THATY DES COL BOTICOLL 100ML;2,000;136,64;68,32;51,30;0,00;0,00;85,34;62,46;166,35;2,85;69,68;A;;
08/09/2026;024670 - ACQUA DISTRIBUIDORA DE PERFUMES E COSMETICOS LTDA;07891033506774;CLASH DES COL 100ml;1,000;119,06;119,06;37,78;0,00;0,00;81,28;68,27;215,14;2,72;72,39;A;;
08/09/2026;024670 - ACQUA DISTRIBUIDORA DE PERFUMES E COSMETICOS LTDA;07891033480609;LILY CREM DES HID ACET CPO 250g V8;1,000;131,45;131,45;58,96;0,00;0,00;72,49;55,15;122,95;2,42;74,82;A;;
08/09/2026;024670 - ACQUA DISTRIBUIDORA DE PERFUMES E COSMETICOS LTDA;07891033487233;CAPRICHO DES COL BE MYSELF 50ml V2;1,000;89,99;89,99;18,74;0,00;0,00;71,25;79,18;380,20;2,38;77,20;A;;
08/09/2026;024670 - ACQUA DISTRIBUIDORA DE PERFUMES E COSMETICOS LTDA;07891033594665;LIZ DES COL FLORA 100ml;1,000;123,23;123,23;59,74;0,00;0,00;63,49;51,52;106,28;2,12;79,32;A;;
08/09/2026;024670 - ACQUA DISTRIBUIDORA DE PERFUMES E COSMETICOS LTDA;07891033585267;QUASAR DES COL DEEP BLUE 100ml;1,000;130,41;130,41;74,90;0,00;0,00;55,51;42,57;74,11;1,86;81,18;B;;
08/09/2026;024670 - ACQUA DISTRIBUIDORA DE PERFUMES E COSMETICOS LTDA;07891033539413;CAPRICHO DES COL V2 50ml;1,000;89,99;89,99;38,46;0,00;0,00;51,53;57,26;133,98;1,72;82,90;B;;
08/09/2026;024670 - ACQUA DISTRIBUIDORA DE PERFUMES E COSMETICOS LTDA;07891033744381;ARBO DES COL 100ml V4;1,000;125,91;125,91;75,37;0,00;0,00;50,54;40,14;67,06;1,69;84,59;B;;
08/09/2026;024670 - ACQUA DISTRIBUIDORA DE PERFUMES E COSMETICOS LTDA;07891033833573;FLORATTA DES COL SPLASH BLUE 200ml;1,000;85,53;85,53;36,34;0,00;0,00;49,19;57,51;135,36;1,64;86,23;B;;
08/09/2026;024670 - ACQUA DISTRIBUIDORA DE PERFUMES E COSMETICOS LTDA;07891033490257;FLORATTA DES BDY SPR ROSE 100ml V8;2,000;66,56;33,28;17,42;0,00;0,00;49,14;73,83;282,09;1,64;87,87;B;;
08/09/2026;024670 - ACQUA DISTRIBUIDORA DE PERFUMES E COSMETICOS LTDA;07891033882014;REF LILY CR ACET DES HID CPO V3 250g;1,000;85,55;85,55;39,29;0,00;0,00;46,26;54,07;117,74;1,55;89,42;B;;
08/09/2026;024670 - ACQUA DISTRIBUIDORA DE PERFUMES E COSMETICOS LTDA;07891033521753;DR BOTICA SAB LIQ CPO POC/BOLHAS 400ml;1,000;61,07;61,07;15,02;0,00;0,00;46,05;75,41;306,59;1,54;90,96;B;;
08/09/2026;024670 - ACQUA DISTRIBUIDORA DE PERFUMES E COSMETICOS LTDA;07891033766215;DREAM DES COL CEU/BAUN 200ml;1,000;91,71;91,71;46,25;0,00;0,00;45,46;49,57;98,29;1,52;92,48;B;;
08/09/2026;024670 - ACQUA DISTRIBUIDORA DE PERFUMES E COSMETICOS LTDA;07891033748938;EGEO DES BDY SPR DOLCE 100ml V8 PCK;1,000;44,99;44,99;8,81;0,00;0,00;36,18;80,42;410,67;1,21;93,69;B;;
08/09/2026;024670 - ACQUA DISTRIBUIDORA DE PERFUMES E COSMETICOS LTDA;07891033756278;INTENSE PO COMPACTO FACIAL 20 5g;1,000;51,90;51,90;17,16;0,00;0,00;34,74;66,94;202,45;1,16;94,85;B;;
08/09/2026;024670 - ACQUA DISTRIBUIDORA DE PERFUMES E COSMETICOS LTDA;07891033902194;CBEM DES COL BDY SPLSH DEL/CARAM 200ml;1,000;68,29;68,29;34,73;0,00;0,00;33,56;49,14;96,63;1,12;95,97;C;;
08/09/2026;024670 - ACQUA DISTRIBUIDORA DE PERFUMES E COSMETICOS LTDA;07891033866670;MATCH LEAV IN CAP LEVE CIEN/CUR V2 250ml;1,000;44,00;44,00;18,99;0,00;0,00;25,01;56,84;131,70;0,84;96,81;C;;
08/09/2026;024670 - ACQUA DISTRIBUIDORA DE PERFUMES E COSMETICOS LTDA;07891033486854;COFFEE LOC HID DES CPO W/SEDUC 200ml V2;1,000;53,44;53,44;29,13;0,00;0,00;24,31;45,49;83,45;0,81;97,62;C;;
08/09/2026;024670 - ACQUA DISTRIBUIDORA DE PERFUMES E COSMETICOS LTDA;07891033879632;CBEM OL CPO TERMICO CER/FASES 110ml;1,000;28,90;28,90;11,36;0,00;0,00;17,54;60,69;154,40;0,59;98,21;C;;
08/09/2026;024670 - ACQUA DISTRIBUIDORA DE PERFUMES E COSMETICOS LTDA;07891033486571;EGEO DES ANTIT AEROSSOL DOLCE 75g V9;1,000;23,73;23,73;10,88;0,00;0,00;12,85;54,15;118,11;0,43;98,64;C;;
08/09/2026;024670 - ACQUA DISTRIBUIDORA DE PERFUMES E COSMETICOS LTDA;07891033511655;CBEM SAB BARRA ROSA/ALGODAO 4x80g;1,000;23,36;23,36;13,78;0,00;0,00;9,58;41,01;69,52;0,32;98,96;C;;
08/09/2026;024670 - ACQUA DISTRIBUIDORA DE PERFUMES E COSMETICOS LTDA;07891033021000;INTENSE BAT CREM POP ROSA 36g;1,000;16,90;16,90;8,25;0,00;0,00;8,65;51,18;104,85;0,29;99,24;C;;
08/09/2026;024670 - ACQUA DISTRIBUIDORA DE PERFUMES E COSMETICOS LTDA;07891033882984;ZAAD EDP INFINITY PRM 10ml;1,000;14,70;14,70;6,44;0,00;0,00;8,26;56,19;128,26;0,28;99,52;C;;
08/09/2026;024670 - ACQUA DISTRIBUIDORA DE PERFUMES E COSMETICOS LTDA;07891033480593;REF LILY CR H DES ACET CPO LOVE 250g V2;1,000;22,85;22,85;15,23;0,00;0,00;7,62;33,35;50,03;0,25;99,78;C;;
08/09/2026;024670 - ACQUA DISTRIBUIDORA DE PERFUMES E COSMETICOS LTDA;07891033958030;NSPA SAB BARRA CP AMEIX/INT 90g;1,000;12,19;12,19;4,92;0,00;0,00;7,27;59,64;147,76;0,24;100,02;C;;
08/09/2026;024670 - ACQUA DISTRIBUIDORA DE PERFUMES E COSMETICOS LTDA;07891033024834;INTENSE LAP P/OLHO POP PRETO 11g;1,000;13,90;13,90;6,85;0,00;0,00;7,05;50,72;102,92;0,24;100,25;C;;
08/09/2026;024670 - ACQUA DISTRIBUIDORA DE PERFUMES E COSMETICOS LTDA;07891033909544;GLAMOUR DES COL INTENSE PRM 10ml;1,000;11,90;11,90;6,19;0,00;0,00;5,71;47,98;92,25;0,19;100,45;C;;
08/09/2026;024670 - ACQUA DISTRIBUIDORA DE PERFUMES E COSMETICOS LTDA;07891033957996;NSPA CR PERF DES HID CP AMX/INT PRM 50ml;6,000;0,06;0,01;13,38;0,00;0,00;-13,32;-22200,00;-99,55;-0,45;100,00;C;;
08/09/2026;024671 - 24671 ACQUA DISTRIBUIDORA DE PERFUMES E;07891033481415;ACCORDES DES COL 80ml V5;2,000;347,71;173,85;93,16;0,00;0,00;254,55;73,21;273,24;10,15;10,15;A;;
08/09/2026;024671 - 24671 ACQUA DISTRIBUIDORA DE PERFUMES E;07891033881352;FLORATTA EDP ROSE SUCREE 75ml;1,000;204,00;204,00;51,58;0,00;0,00;152,42;74,72;295,50;6,08;16,22;A;;
08/09/2026;024671 - 24671 ACQUA DISTRIBUIDORA DE PERFUMES E;07891033740437;LINDA DES COL V4 100ml;4,000;458,33;114,58;316,64;0,00;0,00;141,69;30,91;44,75;5,65;21,87;A;;
08/09/2026;024671 - 24671 ACQUA DISTRIBUIDORA DE PERFUMES E;07891033486649;BOTICOLL PORTINARI DES COL 100ml V5;1,000;209,87;209,87;76,83;0,00;0,00;133,04;63,39;173,16;5,30;27,17;A;;
08/09/2026;024671 - 24671 ACQUA DISTRIBUIDORA DE PERFUMES E;07891033893317;LILY EDP V3 75ml;1,000;253,79;253,79;126,65;0,00;0,00;127,14;50,10;100,39;5,07;32,24;A;;
08/09/2026;024671 - 24671 ACQUA DISTRIBUIDORA DE PERFUMES E;07891033744381;ARBO DES COL 100ml V4;2,000;264,29;132,14;150,84;0,00;0,00;113,45;42,93;75,21;4,52;36,76;A;;
08/09/2026;024671 - 24671 ACQUA DISTRIBUIDORA DE PERFUMES E;07891033883950;CBEM DES COL BDY SPLSH ROS/ALG V4 200ml;2,000;140,32;70,16;35,42;0,00;0,00;104,90;74,76;296,16;4,18;40,94;A;;
08/09/2026;024671 - 24671 ACQUA DISTRIBUIDORA DE PERFUMES E;07891033506774;CLASH DES COL 100ml;1,000;138,46;138,46;37,78;0,00;0,00;100,68;72,71;266,49;4,01;44,95;A;;
08/09/2026;024671 - 24671 ACQUA DISTRIBUIDORA DE PERFUMES E;07891033482962;FLORATTA DES COL ROSE BOUQUET 75ml;1,000;124,31;124,31;29,48;0,00;0,00;94,83;76,29;321,68;3,78;48,73;A;;
08/09/2026;024671 - 24671 ACQUA DISTRIBUIDORA DE PERFUMES E;07891033480609;LILY CREM DES HID ACET CPO 250g V8;1,000;149,79;149,79;58,96;0,00;0,00;90,83;60,64;154,05;3,62;52,35;A;;
08/09/2026;024671 - 24671 ACQUA DISTRIBUIDORA DE PERFUMES E;07891033855728;ESTJ MALBEC PAIS/25;1,000;159,52;159,52;74,08;0,00;0,00;85,44;53,56;115,33;3,41;55,76;A;;
08/09/2026;024671 - 24671 ACQUA DISTRIBUIDORA DE PERFUMES E;07891033856459;BOTICA 214 EDP ARAB/OASIS FOUG/AMB 90ml;1,000;179,91;179,91;97,06;0,00;0,00;82,85;46,05;85,36;3,30;59,06;A;;
08/09/2026;024671 - 24671 ACQUA DISTRIBUIDORA DE PERFUMES E;07891033883967;CBEM DES COL BDY SPLSH CER/FASES 200ml;2,000;102,72;51,36;27,08;0,00;0,00;75,64;73,64;279,32;3,01;62,08;A;;
08/09/2026;024671 - 24671 ACQUA DISTRIBUIDORA DE PERFUMES E;07891033520442;CELEBRE DES COL FEM AGORA 100ml;1,000;114,74;114,74;42,74;0,00;0,00;72,00;62,75;168,46;2,87;64,95;A;;
08/09/2026;024671 - 24671 ACQUA DISTRIBUIDORA DE PERFUMES E;07891033535187;ELYSEE EDP V2 50ml;1,000;201,39;201,39;138,63;0,00;0,00;62,76;31,16;45,27;2,50;67,45;A;;
08/09/2026;024671 - 24671 ACQUA DISTRIBUIDORA DE PERFUMES E;07891033880270;NSPA DES COL BDY SPLSH M/RUBY V2 200ml;1,000;79,35;79,35;17,96;0,00;0,00;61,39;77,37;341,82;2,45;69,89;A;;
08/09/2026;024671 - 24671 ACQUA DISTRIBUIDORA DE PERFUMES E;07891033885633;NSPA DES COL BDY SPLSH AMEIXA V3 200ml;1,000;99,21;99,21;42,44;0,00;0,00;56,77;57,22;133,77;2,26;72,16;A;;
08/09/2026;024671 - 24671 ACQUA DISTRIBUIDORA DE PERFUMES E;07891033515219;DR BOTICA COL POCAO/CORAG 120ml V2;1,000;94,65;94,65;40,58;0,00;0,00;54,07;57,13;133,24;2,16;74,31;A;;
08/09/2026;024671 - 24671 ACQUA DISTRIBUIDORA DE PERFUMES E;07891033909810;NSPA DES COL BDY SPLSH AMEIX/INT 200ml;1,000;69,97;69,97;20,36;0,00;0,00;49,61;70,90;243,66;1,98;76,29;A;;
08/09/2026;024671 - 24671 ACQUA DISTRIBUIDORA DE PERFUMES E;07891033856060;INSENSATEZ DES COL V4 100ml;3,000;232,37;77,46;184,44;0,00;0,00;47,93;20,63;25,99;1,91;78,20;A;;
08/09/2026;024671 - 24671 ACQUA DISTRIBUIDORA DE PERFUMES E;07891033494033;BOTIK SRUM ALT/POT RETINOL PURO 15ml;1,000;69,81;69,81;26,30;0,00;0,00;43,51;62,33;165,44;1,73;79,93;A;;
08/09/2026;024671 - 24671 ACQUA DISTRIBUIDORA DE PERFUMES E;07891033509560;CLASH DES BDY SPR 100ml;2,000;91,61;45,80;48,14;0,00;0,00;43,47;47,45;90,30;1,73;81,67;B;;
08/09/2026;024671 - 24671 ACQUA DISTRIBUIDORA DE PERFUMES E;07891033499731;FLORATTA DES COL RED BLOSSOM 75ml;1,000;104,03;104,03;60,98;0,00;0,00;43,05;41,38;70,60;1,72;83,38;B;;
08/09/2026;024671 - 24671 ACQUA DISTRIBUIDORA DE PERFUMES E;07891033957958;NSPA CR PERF DES HID CPO AMEIX/INT 400ml;1,000;57,92;57,92;16,96;0,00;0,00;40,96;70,72;241,51;1,63;85,01;B;;
08/09/2026;024671 - 24671 ACQUA DISTRIBUIDORA DE PERFUMES E;07891033595167;REF NSPA LOC DES HID CPO AMEI/NEG 350ml;1,000;46,94;46,94;12,17;0,00;0,00;34,77;74,07;285,70;1,39;86,40;B;;
08/09/2026;024671 - 24671 ACQUA DISTRIBUIDORA DE PERFUMES E;07891033513246;QUASAR DES SPR RUSH V2 100ml;1,000;44,41;44,41;10,27;0,00;0,00;34,14;76,87;332,42;1,36;87,76;B;;
08/09/2026;024671 - 24671 ACQUA DISTRIBUIDORA DE PERFUMES E;07891033521548;INTENSE BAT LIQ TINT 16H SUPF 345 V3 5ml;1,000;41,90;41,90;8,27;0,00;0,00;33,63;80,26;406,65;1,34;89,10;B;;
08/09/2026;024671 - 24671 ACQUA DISTRIBUIDORA DE PERFUMES E;07891033016402;NSPA LOC ANTIOX DES HID CPO M/RUBY 200ml;1,000;44,14;44,14;13,50;0,00;0,00;30,64;69,42;226,96;1,22;90,32;B;;
08/09/2026;024671 - 24671 ACQUA DISTRIBUIDORA DE PERFUMES E;07891033538386;BOTIK PROT SOL FAC FPS 50 AC/HIAL 40ml;1,000;53,17;53,17;23,00;0,00;0,00;30,17;56,74;131,17;1,20;91,53;B;;
08/09/2026;024671 - 24671 ACQUA DISTRIBUIDORA DE PERFUMES E;07891033533473;REF NSPA LOC DES HID CPO LILAC 350ml;1,000;44,15;44,15;14,49;0,00;0,00;29,66;67,18;204,69;1,18;92,71;B;;
08/09/2026;024671 - 24671 ACQUA DISTRIBUIDORA DE PERFUMES E;07891033536283;BOTIK GEL LIMP FAC VITAM C PRM 50g;2,000;28,50;14,25;0,00;0,00;0,00;28,50;100,00;0,00;1,14;93,84;B;;
08/09/2026;024671 - 24671 ACQUA DISTRIBUIDORA DE PERFUMES E;07891033490257;FLORATTA DES BDY SPR ROSE 100ml V8;1,000;35,53;35,53;8,71;0,00;0,00;26,82;75,49;307,92;1,07;94,91;B;;
08/09/2026;024671 - 24671 ACQUA DISTRIBUIDORA DE PERFUMES E;07891033548040;CBEM HID FAC FEIRA MACA VERDE 80g;1,000;45,05;45,05;18,37;0,00;0,00;26,68;59,22;145,24;1,06;95,98;C;;
08/09/2026;024671 - 24671 ACQUA DISTRIBUIDORA DE PERFUMES E;07891033512614;QUASAR DES B/SPR BLUE RPCK 100ml;1,000;33,23;33,23;9,68;0,00;0,00;23,55;70,87;243,29;0,94;96,91;C;;
08/09/2026;024671 - 24671 ACQUA DISTRIBUIDORA DE PERFUMES E;07891033886951;CBEM LOC DES HID CP R/ALG N/FORM 200ml;1,000;32,35;32,35;8,83;0,00;0,00;23,52;72,70;266,36;0,94;97,85;C;;
08/09/2026;024671 - 24671 ACQUA DISTRIBUIDORA DE PERFUMES E;07891033839605;ARBO DES ANTIT AER 75ml V9;1,000;34,05;34,05;11,73;0,00;0,00;22,32;65,55;190,28;0,89;98,74;C;;
08/09/2026;024671 - 24671 ACQUA DISTRIBUIDORA DE PERFUMES E;07891033520855;MATCH BOOSTER NUTR CAP CIEN/CURV 90ml;1,000;38,73;38,73;16,45;0,00;0,00;22,28;57,53;135,44;0,89;99,63;C;;
08/09/2026;024671 - 24671 ACQUA DISTRIBUIDORA DE PERFUMES E;07891033471515;CBEM DES ANTIT AER S/ALUM 90g/150ml;2,000;35,60;17,80;24,26;0,00;0,00;11,34;31,85;46,74;0,45;100,08;C;;
08/09/2026;024671 - 24671 ACQUA DISTRIBUIDORA DE PERFUMES E;07891033511662;CBEM SAB BARRA ROSA/ALGODAO V8 2x80g;1,000;16,99;16,99;7,21;0,00;0,00;9,78;57,56;135,64;0,39;100,47;C;;
08/09/2026;024671 - 24671 ACQUA DISTRIBUIDORA DE PERFUMES E;07891033958030;NSPA SAB BARRA CP AMEIX/INT 90g;1,000;11,86;11,86;4,92;0,00;0,00;6,94;58,52;141,06;0,28;100,75;C;;
08/09/2026;024671 - 24671 ACQUA DISTRIBUIDORA DE PERFUMES E;07891033908219;SACOLA P BOTICARIO INST/25;2,000;0,02;0,01;2,62;0,00;0,00;-2,60;-13000,00;-99,24;-0,10;100,64;C;;
08/09/2026;024671 - 24671 ACQUA DISTRIBUIDORA DE PERFUMES E;07891033946310;BOTIK CR NUTR FIR ROS/PESC R/SIL PRM 10g;1,000;0,25;0,25;7,54;0,00;0,00;-7,29;-2916,00;-96,68;-0,29;100,35;C;;
08/09/2026;024671 - 24671 ACQUA DISTRIBUIDORA DE PERFUMES E;07891033957996;NSPA CR PERF DES HID CP AMX/INT PRM 50ml;4,000;0,04;0,01;8,92;0,00;0,00;-8,88;-22200,00;-99,55;-0,35;100,00;C;;
09/09/2026;024303 - 24303 ACQUA DISTRIBUIDORA DE PERFUMES E;07891033826865;EGEO DES COL BLUE C/CAR 90ml;3,000;341,70;113,90;98,58;0,00;0,00;243,12;71,15;246,62;6,53;6,53;A;;
09/09/2026;024303 - 24303 ACQUA DISTRIBUIDORA DE PERFUMES E;07891033905133;MALBEC DES COL V7 100ml;3,000;474,72;158,24;262,26;0,00;0,00;212,46;44,75;81,01;5,71;12,24;A;;
09/09/2026;024303 - 24303 ACQUA DISTRIBUIDORA DE PERFUMES E;07891033525072;FLORATTA EDP FLEUR ECLIPSE V2 75ml;1,000;208,68;208,68;0,00;0,00;0,00;208,68;100,00;0,00;5,61;17,85;A;;
09/09/2026;024303 - 24303 ACQUA DISTRIBUIDORA DE PERFUMES E;07891033740437;LINDA DES COL V4 100ml;4,000;515,67;128,92;319,72;0,00;0,00;195,95;38,00;61,29;5,27;23,11;A;;
09/09/2026;024303 - 24303 ACQUA DISTRIBUIDORA DE PERFUMES E;07891033837564;COFFEE DES COL WOMAN LUCKY 100ML;2,000;263,33;131,66;81,42;0,00;0,00;181,91;69,08;223,42;4,89;28,00;A;;
09/09/2026;024303 - 24303 ACQUA DISTRIBUIDORA DE PERFUMES E;07891033851249;CBEM LOC DES HID CPO DELEITE V3 400ml;3,000;197,45;65,82;45,06;0,00;0,00;152,39;77,18;338,19;4,09;32,10;A;;
09/09/2026;024303 - 24303 ACQUA DISTRIBUIDORA DE PERFUMES E;07891033518746;ZAAD EDP ARTIC 95ml;1,000;226,74;226,74;82,06;0,00;0,00;144,68;63,81;176,31;3,89;35,98;A;;
09/09/2026;024303 - 24303 ACQUA DISTRIBUIDORA DE PERFUMES E;07891033893317;LILY EDP V3 75ml;1,000;232,27;232,27;94,34;0,00;0,00;137,93;59,38;146,21;3,71;39,69;A;;
09/09/2026;024303 - 24303 ACQUA DISTRIBUIDORA DE PERFUMES E;07891033909810;NSPA DES COL BDY SPLSH AMEIX/INT 200ml;2,000;169,88;84,94;41,14;0,00;0,00;128,74;75,78;312,93;3,46;43,15;A;;
09/09/2026;024303 - 24303 ACQUA DISTRIBUIDORA DE PERFUMES E;07891033476022;BOTI SUN PR FAC ANTIS ACQ FLD FPS70 40ml;3,000;173,80;57,93;47,10;0,00;0,00;126,70;72,90;269,00;3,40;46,55;A;;
09/09/2026;024303 - 24303 ACQUA DISTRIBUIDORA DE PERFUMES E;07891033902385;ESTJ MALBEC PAIS/26;1,000;211,73;211,73;88,24;0,00;0,00;123,49;58,32;139,95;3,32;49,87;A;;
09/09/2026;024303 - 24303 ACQUA DISTRIBUIDORA DE PERFUMES E;07891033744381;ARBO DES COL 100ml V4;2,000;267,14;133,57;152,42;0,00;0,00;114,72;42,94;75,27;3,08;52,95;A;;
09/09/2026;024303 - 24303 ACQUA DISTRIBUIDORA DE PERFUMES E;07891033956494;ESTJ ZAAD INTENSE PAIS/26;1,000;235,67;235,67;123,38;0,00;0,00;112,29;47,65;91,01;3,02;55,97;A;;
09/09/2026;024303 - 24303 ACQUA DISTRIBUIDORA DE PERFUMES E;07891033842148;EGEO DES COL SPCY VIBE C/CAR 90ml;1,000;160,00;160,00;56,89;0,00;0,00;103,11;64,44;181,24;2,77;58,74;A;;
09/09/2026;024303 - 24303 ACQUA DISTRIBUIDORA DE PERFUMES E;07891033818495;LINDA DES COL FELICIDADE V2 100ml;1,000;159,99;159,99;63,97;0,00;0,00;96,02;60,02;150,10;2,58;61,32;A;;
09/09/2026;024303 - 24303 ACQUA DISTRIBUIDORA DE PERFUMES E;07891033482962;FLORATTA DES COL ROSE BOUQUET 75ml;1,000;120,10;120,10;33,50;0,00;0,00;86,60;72,11;258,51;2,33;63,65;A;;
09/09/2026;024303 - 24303 ACQUA DISTRIBUIDORA DE PERFUMES E;07891033535187;ELYSEE EDP V2 50ml;1,000;223,74;223,74;140,09;0,00;0,00;83,65;37,39;59,71;2,25;65,90;A;;
09/09/2026;024303 - 24303 ACQUA DISTRIBUIDORA DE PERFUMES E;07891033511471;CBEM DES COL BDY SPLSH NUVEM V3 200ml;2,000;120,53;60,26;37,72;0,00;0,00;82,81;68,70;219,54;2,23;68,12;A;;
09/09/2026;024303 - 24303 ACQUA DISTRIBUIDORA DE PERFUMES E;07891033595167;REF NSPA LOC DES HID CPO AMEI/NEG 350ml;2,000;128,44;64,22;54,10;0,00;0,00;74,34;57,88;137,41;2,00;70,12;A;;
09/09/2026;024303 - 24303 ACQUA DISTRIBUIDORA DE PERFUMES E;07891033583737;FLORATTA DES COL RED BLOSSOM V2 75ml;1,000;98,61;98,61;25,90;0,00;0,00;72,71;73,73;280,73;1,95;72,07;A;;
09/09/2026;024303 - 24303 ACQUA DISTRIBUIDORA DE PERFUMES E;07891033878963;FLORATTA EDP RED PASSION V2 75ml;1,000;170,76;170,76;99,82;0,00;0,00;70,94;41,54;71,07;1,91;73,98;A;;
09/09/2026;024303 - 24303 ACQUA DISTRIBUIDORA DE PERFUMES E;07891033515004;SOPHIE COL CANDY 100ml V2;1,000;119,90;119,90;49,43;0,00;0,00;70,47;58,77;142,57;1,89;75,87;A;;
09/09/2026;024303 - 24303 ACQUA DISTRIBUIDORA DE PERFUMES E;07891033486342;DREAM DES COL SPLSH AMOR NO AR 200ml V2;1,000;108,83;108,83;46,59;0,00;0,00;62,24;57,19;133,59;1,67;77,54;A;;
09/09/2026;024303 - 24303 ACQUA DISTRIBUIDORA DE PERFUMES E;07891033826889;EGEO DES COL DOLCE C/CAR 90ml;1,000;113,90;113,90;57,47;0,00;0,00;56,43;49,54;98,19;1,52;79,06;A;;
09/09/2026;024303 - 24303 ACQUA DISTRIBUIDORA DE PERFUMES E;07891033292264;ELYSEE CREM HID DES CPO ACETINADO 250g;1,000;109,06;109,06;53,35;0,00;0,00;55,71;51,08;104,42;1,50;80,56;B;;
09/09/2026;024303 - 24303 ACQUA DISTRIBUIDORA DE PERFUMES E;07891033856688;MAKE B ILUM PO COMP FAC ROSE V2 54g;1,000;84,85;84,85;36,13;0,00;0,00;48,72;57,42;134,85;1,31;81,87;B;;
09/09/2026;024303 - 24303 ACQUA DISTRIBUIDORA DE PERFUMES E;07891033957972;REF NSPA CR PERF DES HID CP AM/INT 350ml;1,000;54,45;54,45;12,86;0,00;0,00;41,59;76,38;323,41;1,12;82,98;B;;
09/09/2026;024303 - 24303 ACQUA DISTRIBUIDORA DE PERFUMES E;07891033854837;FLORATTA DES BDY SPRAY RED V2 100ml;1,000;48,90;48,90;8,28;0,00;0,00;40,62;83,07;490,58;1,09;84,08;B;;
09/09/2026;024303 - 24303 ACQUA DISTRIBUIDORA DE PERFUMES E;07891033583638;CBEM D/COL BDY SPLSH NUV/ALEG 200ml;1,000;60,26;60,26;19,85;0,00;0,00;40,41;67,06;203,58;1,09;85,16;B;;
09/09/2026;024303 - 24303 ACQUA DISTRIBUIDORA DE PERFUMES E;07891033489978;NSPA OL DES HID CPO AMEI 200ml V3;1,000;84,40;84,40;44,12;0,00;0,00;40,28;47,73;91,30;1,08;86,24;B;;
09/09/2026;024303 - 24303 ACQUA DISTRIBUIDORA DE PERFUMES E;07891033586097;CASA 214 VELA PERF VANILLA SBLM 170g;2,000;137,86;68,93;93,24;0,00;5,03;39,59;28,72;47,85;1,06;87,31;B;;
09/09/2026;024303 - 24303 ACQUA DISTRIBUIDORA DE PERFUMES E;07891033718771;BOTICOLL CRAZY DES COL FEELINGS 100ml;1,000;79,66;79,66;40,32;0,00;0,00;39,34;49,38;97,57;1,06;88,36;B;;
09/09/2026;024303 - 24303 ACQUA DISTRIBUIDORA DE PERFUMES E;07891033506774;CLASH DES COL 100ml;1,000;110,46;110,46;71,51;0,00;0,00;38,95;35,26;54,47;1,05;89,41;B;;
09/09/2026;024303 - 24303 ACQUA DISTRIBUIDORA DE PERFUMES E;07891033874910;BOTIK GEL LIMP F MCL AC MAND/SAL V2 150g;1,000;45,30;45,30;10,83;0,00;0,00;34,47;76,09;318,28;0,93;90,34;B;;
09/09/2026;024303 - 24303 ACQUA DISTRIBUIDORA DE PERFUMES E;07891033554270;CBEM CREM HID P/MAOS DELEITE V3 45g;1,000;38,26;38,26;7,05;0,00;0,00;31,21;81,57;442,70;0,84;91,18;B;;
09/09/2026;024303 - 24303 ACQUA DISTRIBUIDORA DE PERFUMES E;07891033958016;NSPA OL GLOR DES HID CPO AMEIX/INT 200ml;1,000;74,60;74,60;44,17;0,00;0,00;30,43;40,79;68,89;0,82;91,99;B;;
09/09/2026;024303 - 24303 ACQUA DISTRIBUIDORA DE PERFUMES E;07891033958023;NSPA ACUC ESF CPO AMEIX/INT 180g;1,000;61,42;61,42;31,11;0,00;0,00;30,31;49,35;97,43;0,81;92,81;B;;
09/09/2026;024303 - 24303 ACQUA DISTRIBUIDORA DE PERFUMES E;07891033828746;MATCH TON CAP SCIENCE CRESC 65ml;1,000;52,56;52,56;23,39;0,00;0,00;29,17;55,50;124,71;0,78;93,59;B;;
09/09/2026;024303 - 24303 ACQUA DISTRIBUIDORA DE PERFUMES E;07891033512317;CBEM SAB BARRA CEREJA LIVRE V2 2x80g;2,000;43,88;21,94;14,90;0,00;0,00;28,98;66,04;194,50;0,78;94,37;B;;
09/09/2026;024303 - 24303 ACQUA DISTRIBUIDORA DE PERFUMES E;07891033511808;MAKE B GLOS LAB C/AC POLIG CRYST/ICO 5ml;1,000;56,54;56,54;29,41;0,00;0,00;27,13;47,98;92,25;0,73;95,10;C;;
09/09/2026;024303 - 24303 ACQUA DISTRIBUIDORA DE PERFUMES E;07891033537921;CBEM SAB BARRA FEIRA SORTIDO 4x80g;1,000;38,90;38,90;12,71;0,00;0,00;26,19;67,33;206,06;0,70;95,80;C;;
09/09/2026;024303 - 24303 ACQUA DISTRIBUIDORA DE PERFUMES E;07891033850549;EGEO DES COL DOLCE ILLUSION 90ml;2,000;149,20;74,60;123,64;0,00;0,00;25,56;17,13;20,67;0,69;96,49;C;;
09/09/2026;024303 - 24303 ACQUA DISTRIBUIDORA DE PERFUMES E;07891033855643;CBEM SAB BARRA DELEITE V2 4x80g;1,000;38,26;38,26;14,48;0,00;0,00;23,78;62,15;164,23;0,64;97,13;C;;
09/09/2026;024303 - 24303 ACQUA DISTRIBUIDORA DE PERFUMES E;07891033856060;INSENSATEZ DES COL V4 100ml;1,000;82,97;82,97;62,12;0,00;0,00;20,85;25,13;33,56;0,56;97,69;C;;
09/09/2026;024303 - 24303 ACQUA DISTRIBUIDORA DE PERFUMES E;07891033958030;NSPA SAB BARRA CP AMEIX/INT 90g;3,000;37,63;12,54;17,97;0,00;0,00;19,66;52,25;109,40;0,53;98,22;C;;
09/09/2026;024303 - 24303 ACQUA DISTRIBUIDORA DE PERFUMES E;07891033498932;CBEM LOC DES HID CPO ROS/ALG V3 400ml;1,000;48,60;48,60;29,13;0,00;0,00;19,47;40,06;66,84;0,52;98,74;C;;
09/09/2026;024303 - 24303 ACQUA DISTRIBUIDORA DE PERFUMES E;07891033538478;MAKE B PINCEL OLHOS DUPLO PS;1,000;35,58;35,58;16,80;0,00;0,00;18,78;52,78;111,79;0,50;99,24;C;;
09/09/2026;024303 - 24303 ACQUA DISTRIBUIDORA DE PERFUMES E;07891033848089;BOTIK REPAR LAB CIC/PANT/CER 75ml;1,000;25,74;25,74;10,47;0,00;0,00;15,27;59,32;145,85;0,41;99,66;C;;
09/09/2026;024303 - 24303 ACQUA DISTRIBUIDORA DE PERFUMES E;07891033894017;CX PRESENTE M BOTI INST/25 VDA;1,000;12,05;12,05;0,00;0,00;0,00;12,05;100,00;0,00;0,32;99,98;C;;
09/09/2026;024303 - 24303 ACQUA DISTRIBUIDORA DE PERFUMES E;07891033957996;NSPA CR PERF DES HID CP AMX/INT PRM 50ml;9,000;32,07;3,56;20,34;0,00;0,00;11,73;36,58;57,67;0,32;100,29;C;;
09/09/2026;024303 - 24303 ACQUA DISTRIBUIDORA DE PERFUMES E;07891033511662;CBEM SAB BARRA ROSA/ALGODAO V8 2x80g;1,000;19,00;19,00;7,27;0,00;0,00;11,73;61,74;161,35;0,32;100,61;C;;
09/09/2026;024303 - 24303 ACQUA DISTRIBUIDORA DE PERFUMES E;07891033756261;INTENSE PO COMPACTO FACIAL 10 5g;1,000;39,42;39,42;29,31;0,00;0,00;10,11;25,65;34,49;0,27;100,88;C;;
09/09/2026;024303 - 24303 ACQUA DISTRIBUIDORA DE PERFUMES E;07891033946310;BOTIK CR NUTR FIR ROS/PESC R/SIL PRM 10g;1,000;16,55;16,55;7,62;0,00;0,00;8,93;53,96;117,19;0,24;101,12;C;;
09/09/2026;024303 - 24303 ACQUA DISTRIBUIDORA DE PERFUMES E;07891033511655;CBEM SAB BARRA ROSA/ALGODAO 4x80g;1,000;22,80;22,80;13,90;0,00;0,00;8,90;39,04;64,03;0,24;101,36;C;;
09/09/2026;024303 - 24303 ACQUA DISTRIBUIDORA DE PERFUMES E;07891033908226;SACOLA M BOTICARIO INST/25;6,000;0,06;0,01;9,36;0,00;0,00;-9,30;-15500,00;-99,36;-0,25;101,11;C;;
09/09/2026;024303 - 24303 ACQUA DISTRIBUIDORA DE PERFUMES E;07891033856770;CBEM LOC DES HID CPO CER/FASES PRM 50ml;3,000;0,03;0,01;20,55;0,00;0,00;-20,52;-68400,00;-99,85;-0,55;100,56;C;;
09/09/2026;024303 - 24303 ACQUA DISTRIBUIDORA DE PERFUMES E;07891033908219;SACOLA P BOTICARIO INST/25;16,000;0,16;0,01;20,96;0,00;0,00;-20,80;-13000,00;-99,24;-0,56;100,00;C;;
09/09/2026;024617 - ACQUA DISTRIBUIDORA DE PERFUMES E COSMETICOS LTDA;07891033882090;ESTJ NSPA AMEIXA REG/25;1,000;97,90;97,90;58,54;0,00;0,00;39,36;40,20;67,24;72,78;72,78;A;;
09/09/2026;024617 - ACQUA DISTRIBUIDORA DE PERFUMES E COSMETICOS LTDA;07891033873265;CBEM BASTAO ANTIATR EF/SHORT AMORA 35g;1,000;29,90;29,90;16,97;0,00;0,00;12,93;43,24;76,19;23,91;96,69;C;;
09/09/2026;024617 - ACQUA DISTRIBUIDORA DE PERFUMES E COSMETICOS LTDA;07891033755905;INTENSE MASC CILIO 4 POWER 11g;1,000;28,99;28,99;27,20;0,00;0,00;1,79;6,17;6,58;3,31;100,00;C;;
09/09/2026;024668 - ACQUA DISTRIBUIDORA DE PERFUMES E COSMETICOS LTDA;07891033826858;EGEO DES COL BOMB BLACK C/CAR 90ml;3,000;368,92;122,97;86,37;0,00;0,00;282,55;76,59;327,14;7,18;7,18;A;;
09/09/2026;024668 - ACQUA DISTRIBUIDORA DE PERFUMES E COSMETICOS LTDA;07891033903108;ZAAD EDP V7 95ml;1,000;309,90;309,90;80,53;0,00;0,00;229,37;74,01;284,83;5,83;13,00;A;;
09/09/2026;024668 - ACQUA DISTRIBUIDORA DE PERFUMES E COSMETICOS LTDA;07891033843916;MALBEC DES COL GOLD V3 100ml;1,000;252,80;252,80;50,55;0,00;0,00;202,25;80,00;400,10;5,14;18,14;A;;
09/09/2026;024668 - ACQUA DISTRIBUIDORA DE PERFUMES E COSMETICOS LTDA;07891033548866;ESTJ BOTI BABY CASINHA;2,000;256,10;128,05;97,46;0,00;0,00;158,64;61,94;162,77;4,03;22,17;A;;
09/09/2026;024668 - ACQUA DISTRIBUIDORA DE PERFUMES E COSMETICOS LTDA;07891033882953;ZAAD EDP INFINITY 95ml;1,000;231,97;231,97;80,24;0,00;0,00;151,73;65,41;189,10;3,85;26,02;A;;
09/09/2026;024668 - ACQUA DISTRIBUIDORA DE PERFUMES E COSMETICOS LTDA;07891033954056;PMPCK LILY DES B/SPR LEAU/LILY BLANC;3,000;207,74;69,25;56,22;0,00;0,00;151,52;72,94;269,51;3,85;29,87;A;;
09/09/2026;024668 - ACQUA DISTRIBUIDORA DE PERFUMES E COSMETICOS LTDA;07891033902309;ESTJ THE BLEND PAIS/26;1,000;279,16;279,16;130,39;0,00;0,00;148,77;53,29;114,10;3,78;33,65;A;;
09/09/2026;024668 - ACQUA DISTRIBUIDORA DE PERFUMES E COSMETICOS LTDA;07891033836840;DR BOTICA COL POC/AVENTURA 120ml;2,000;167,82;83,91;38,42;0,00;0,00;129,40;77,11;336,80;3,29;36,93;A;;
09/09/2026;024668 - ACQUA DISTRIBUIDORA DE PERFUMES E COSMETICOS LTDA;07891033909810;NSPA DES COL BDY SPLSH AMEIX/INT 200ml;2,000;166,78;83,39;40,72;0,00;0,00;126,06;75,58;309,58;3,20;40,13;A;;
09/09/2026;024668 - ACQUA DISTRIBUIDORA DE PERFUMES E COSMETICOS LTDA;07891033492503;COFFEE D/C DUO/WOM/ORIENT/AMAD V2 100ml;1,000;167,65;167,65;45,54;0,00;0,00;122,11;72,84;268,14;3,10;43,24;A;;
09/09/2026;024668 - ACQUA DISTRIBUIDORA DE PERFUMES E COSMETICOS LTDA;07891033524686;BOTIK GEL LIM FAC MIC AC MAN/SAL 50g PRM;6,000;119,72;19,95;0,00;0,00;0,00;119,72;100,00;0,00;3,04;46,28;A;;
09/09/2026;024668 - ACQUA DISTRIBUIDORA DE PERFUMES E COSMETICOS LTDA;07891033512423;QUASAR DES COL BRAVE V2 100ml;1,000;150,90;150,90;33,96;0,00;0,00;116,94;77,50;344,35;2,97;49,25;A;;
09/09/2026;024668 - ACQUA DISTRIBUIDORA DE PERFUMES E COSMETICOS LTDA;07891033483136;FLORATTA DES COL ROSE V4 75ml;1,000;147,18;147,18;30,72;0,00;0,00;116,46;79,13;379,10;2,96;52,20;A;;
09/09/2026;024668 - ACQUA DISTRIBUIDORA DE PERFUMES E COSMETICOS LTDA;07891033905133;MALBEC DES COL V7 100ml;1,000;149,45;149,45;44,54;0,00;0,00;104,91;70,20;235,54;2,66;54,87;A;;
09/09/2026;024668 - ACQUA DISTRIBUIDORA DE PERFUMES E COSMETICOS LTDA;07891033035304;CAIXA M INST 2021 VERDE ECONOMICA;32,000;100,58;3,14;0,00;0,00;0,00;100,58;100,00;0,00;2,55;57,42;A;;
09/09/2026;024668 - ACQUA DISTRIBUIDORA DE PERFUMES E COSMETICOS LTDA;07891033504183;UOMINI DES COL INFINITE V2 100ml;1,000;173,87;173,87;76,18;0,00;0,00;97,69;56,19;128,24;2,48;59,90;A;;
09/09/2026;024668 - ACQUA DISTRIBUIDORA DE PERFUMES E COSMETICOS LTDA;07891033830596;CELEBRE DES COL FOUG AROM FORC 100ml;1,000;118,00;118,00;21,14;0,00;0,00;96,86;82,08;458,18;2,46;62,36;A;;
09/09/2026;024668 - ACQUA DISTRIBUIDORA DE PERFUMES E COSMETICOS LTDA;07891033894710;BOTIK GEL/LIMP FAC CIC/PANT/CER PRM 50g;5,000;92,75;18,55;0,00;0,00;0,00;92,75;100,00;0,00;2,36;64,72;A;;
09/09/2026;024668 - ACQUA DISTRIBUIDORA DE PERFUMES E COSMETICOS LTDA;07891033473397;LIZ DES COL SUBLIME 100ml;1,000;144,88;144,88;65,14;0,00;0,00;79,74;55,04;122,41;2,03;66,75;A;;
09/09/2026;024668 - ACQUA DISTRIBUIDORA DE PERFUMES E COSMETICOS LTDA;07891033537259;BOTI BABY FRASQUEIRA PURO CUIDADO PES;1,000;131,71;131,71;47,58;0,00;4,81;79,32;60,23;176,82;2,01;68,76;A;;
09/09/2026;024668 - ACQUA DISTRIBUIDORA DE PERFUMES E COSMETICOS LTDA;07891033490257;FLORATTA DES BDY SPR ROSE 100ml V8;2,000;96,42;48,21;17,42;0,00;0,00;79,00;81,93;453,50;2,01;70,77;A;;
09/09/2026;024668 - ACQUA DISTRIBUIDORA DE PERFUMES E COSMETICOS LTDA;07891033486342;DREAM DES COL SPLSH AMOR NO AR 200ml V2;1,000;119,90;119,90;46,09;0,00;0,00;73,81;61,56;160,14;1,87;72,64;A;;
09/09/2026;024668 - ACQUA DISTRIBUIDORA DE PERFUMES E COSMETICOS LTDA;07891033518029;BOTI BABY COL SOL V2 100ml;1,000;86,43;86,43;17,73;0,00;0,00;68,70;79,49;387,48;1,74;74,39;A;;
09/09/2026;024668 - ACQUA DISTRIBUIDORA DE PERFUMES E COSMETICOS LTDA;07891033498871;REF CBEM LOC DES HID CPO NUVEM V3 350ml;2,000;108,65;54,32;43,78;0,00;0,00;64,87;59,71;148,17;1,65;76,03;A;;
09/09/2026;024668 - ACQUA DISTRIBUIDORA DE PERFUMES E COSMETICOS LTDA;07891033539215;DR BOTICA COL POC/CORAC V2 120ml;1,000;81,64;81,64;17,15;0,00;0,00;64,49;78,99;376,03;1,64;77,67;A;;
09/09/2026;024668 - ACQUA DISTRIBUIDORA DE PERFUMES E COSMETICOS LTDA;07891033581320;CBEM D/COL BDY SPLSH DEL/CHOCOLAT 200ml;1,000;94,90;94,90;31,89;0,00;0,00;63,01;66,40;197,59;1,60;79,27;A;;
09/09/2026;024668 - ACQUA DISTRIBUIDORA DE PERFUMES E COSMETICOS LTDA;07891033880829;NSPA LOC DES HID CPO AMEIX/NEG V4 400ml;1,000;79,34;79,34;16,86;0,00;0,00;62,48;78,75;370,58;1,59;80,86;B;;
09/09/2026;024668 - ACQUA DISTRIBUIDORA DE PERFUMES E COSMETICOS LTDA;07891033744381;ARBO DES COL 100ml V4;1,000;135,63;135,63;75,37;0,00;0,00;60,26;44,43;79,95;1,53;82,39;B;;
09/09/2026;024668 - ACQUA DISTRIBUIDORA DE PERFUMES E COSMETICOS LTDA;07891033957958;NSPA CR PERF DES HID CPO AMEIX/INT 400ml;1,000;76,90;76,90;16,95;0,00;0,00;59,95;77,96;353,69;1,52;83,91;B;;
09/09/2026;024668 - ACQUA DISTRIBUIDORA DE PERFUMES E COSMETICOS LTDA;07891033595167;REF NSPA LOC DES HID CPO AMEI/NEG 350ml;1,000;69,90;69,90;12,17;0,00;0,00;57,73;82,59;474,36;1,47;85,38;B;;
09/09/2026;024668 - ACQUA DISTRIBUIDORA DE PERFUMES E COSMETICOS LTDA;07891033506774;CLASH DES COL 100ml;1,000;126,58;126,58;70,77;0,00;0,00;55,81;44,09;78,86;1,42;86,79;B;;
09/09/2026;024668 - ACQUA DISTRIBUIDORA DE PERFUMES E COSMETICOS LTDA;07891033826889;EGEO DES COL DOLCE C/CAR 90ml;1,000;109,96;109,96;61,24;0,00;0,00;48,72;44,31;79,56;1,24;88,03;B;;
09/09/2026;024668 - ACQUA DISTRIBUIDORA DE PERFUMES E COSMETICOS LTDA;07891033520237;BOTI BABY LOC HID CPO 400ml;1,000;84,95;84,95;36,57;0,00;0,00;48,38;56,95;132,29;1,23;89,26;B;;
09/09/2026;024668 - ACQUA DISTRIBUIDORA DE PERFUMES E COSMETICOS LTDA;07891033475995;BOTI SUN PROT FAC ANTIOL A/FL FPS70 40ml;1,000;57,97;57,97;15,91;0,00;0,00;42,06;72,55;264,36;1,07;90,33;B;;
09/09/2026;024668 - ACQUA DISTRIBUIDORA DE PERFUMES E COSMETICOS LTDA;07891033512355;CBEM MASC HID P/BUMBUM PESSEGURA V2 230g;1,000;70,90;70,90;28,93;0,00;0,00;41,97;59,20;145,07;1,07;91,39;B;;
09/09/2026;024668 - ACQUA DISTRIBUIDORA DE PERFUMES E COSMETICOS LTDA;07891033537921;CBEM SAB BARRA FEIRA SORTIDO 4x80g;2,000;69,03;34,51;27,58;0,00;0,00;41,45;60,05;150,29;1,05;92,45;B;;
09/09/2026;024668 - ACQUA DISTRIBUIDORA DE PERFUMES E COSMETICOS LTDA;07891033482863;NSPA SAB LIQ MAO AMEI 400ml V2;1,000;54,03;54,03;12,98;0,00;0,00;41,05;75,98;316,26;1,04;93,49;B;;
09/09/2026;024668 - ACQUA DISTRIBUIDORA DE PERFUMES E COSMETICOS LTDA;07891033808885;UOMINI DES BDY SPR INFINITE 100ml;1,000;47,14;47,14;8,16;0,00;0,00;38,98;82,69;477,70;0,99;94,48;B;;
09/09/2026;024668 - ACQUA DISTRIBUIDORA DE PERFUMES E COSMETICOS LTDA;07891033780006;MALBEC DES BDY SPR BLACK 100ml V2 PCK;1,000;47,05;47,05;8,96;0,00;0,00;38,09;80,96;425,11;0,97;95,45;C;;
09/09/2026;024668 - ACQUA DISTRIBUIDORA DE PERFUMES E COSMETICOS LTDA;07891033740437;LINDA DES COL V4 100ml;1,000;116,41;116,41;78,75;0,00;0,00;37,66;32,35;47,82;0,96;96,40;C;;
09/09/2026;024668 - ACQUA DISTRIBUIDORA DE PERFUMES E COSMETICOS LTDA;07891033487790;BOTICOLL PORTINARI DES BDY SPR 100ml V7;1,000;39,77;39,77;8,90;0,00;0,00;30,87;77,62;346,85;0,78;97,19;C;;
09/09/2026;024668 - ACQUA DISTRIBUIDORA DE PERFUMES E COSMETICOS LTDA;07891033839612;ARBO DES BDY SPR 100ml V6;1,000;51,29;51,29;21,68;0,00;0,00;29,61;57,73;136,58;0,75;97,94;C;;
09/09/2026;024668 - ACQUA DISTRIBUIDORA DE PERFUMES E COSMETICOS LTDA;07891033501250;MALBEC DES BDY SPR ULTRA BLEU 100ml;1,000;32,80;32,80;8,31;0,00;0,00;24,49;74,66;294,71;0,62;98,56;C;;
09/09/2026;024668 - ACQUA DISTRIBUIDORA DE PERFUMES E COSMETICOS LTDA;07891033570881;EGEO SHW GEL CAB/CPO BLUE V2 100g;1,000;31,10;31,10;11,06;0,00;0,00;20,04;64,44;181,19;0,51;99,07;C;;
09/09/2026;024668 - ACQUA DISTRIBUIDORA DE PERFUMES E COSMETICOS LTDA;07891033945382;NSPA SAB BARRA CORP AMEI/NEG V4 2x90g;1,000;26,91;26,91;8,83;0,00;0,00;18,08;67,19;204,76;0,46;99,53;C;;
09/09/2026;024668 - ACQUA DISTRIBUIDORA DE PERFUMES E COSMETICOS LTDA;07891033843138;CBEM SHAMP FEIRA VINAGRE MACA 230ml;1,000;24,67;24,67;7,02;0,00;0,00;17,65;71,54;251,42;0,45;99,98;C;;
09/09/2026;024668 - ACQUA DISTRIBUIDORA DE PERFUMES E COSMETICOS LTDA;07891033883615;NSPA SAB BARRA AMEIXA V3 2x90g;1,000;26,91;26,91;10,52;0,00;0,00;16,39;60,91;155,80;0,42;100,39;C;;
09/09/2026;024668 - ACQUA DISTRIBUIDORA DE PERFUMES E COSMETICOS LTDA;07891033511242;CBEM SAB BARRA BOA NOITE V2 2x80g;1,000;24,07;24,07;8,61;0,00;0,00;15,46;64,23;179,56;0,39;100,79;C;;
09/09/2026;024668 - ACQUA DISTRIBUIDORA DE PERFUMES E COSMETICOS LTDA;07891033958030;NSPA SAB BARRA CP AMEIX/INT 90g;2,000;24,95;12,47;9,84;0,00;0,00;15,11;60,56;153,56;0,38;101,17;C;;
09/09/2026;024668 - ACQUA DISTRIBUIDORA DE PERFUMES E COSMETICOS LTDA;07891033582365;CBEM LOC DES HID CPO NUV/ALEGRIA 400ml;1,000;24,11;24,11;14,02;0,00;0,00;10,09;41,85;71,97;0,26;101,43;C;;
09/09/2026;024668 - ACQUA DISTRIBUIDORA DE PERFUMES E COSMETICOS LTDA;07891033957996;NSPA CR PERF DES HID CP AMX/INT PRM 50ml;8,000;0,08;0,01;17,84;0,00;0,00;-17,76;-22200,00;-99,55;-0,45;100,98;C;;
09/09/2026;024668 - ACQUA DISTRIBUIDORA DE PERFUMES E COSMETICOS LTDA;07891033480593;REF LILY CR H DES ACET CPO LOVE 250g V2;3,000;79,59;26,53;118,02;0,00;0,00;-38,43;-48,28;-32,56;-0,98;100,00;C;;
09/09/2026;024669 - 24669 ACQUA DISTRIBUIDORA DE PERFUMES E;07891033524686;BOTIK GEL LIM FAC MIC AC MAN/SAL 50g PRM;12,000;212,85;17,74;0,00;0,00;0,00;212,85;100,00;0,00;5,80;5,80;A;;
09/09/2026;024669 - 24669 ACQUA DISTRIBUIDORA DE PERFUMES E;07891033197347;THATY DES COL BOTICOLL 100ML;4,000;310,69;77,67;102,56;0,00;0,00;208,13;66,99;202,93;5,67;11,47;A;;
09/09/2026;024669 - 24669 ACQUA DISTRIBUIDORA DE PERFUMES E;07891033856442;BOTICA 214 EDP ARAB/OASIS FLOR/FRUT 75ml;1,000;232,13;232,13;41,27;0,00;0,00;190,86;82,22;462,47;5,20;16,68;A;;
09/09/2026;024669 - 24669 ACQUA DISTRIBUIDORA DE PERFUMES E;07891033482962;FLORATTA DES COL ROSE BOUQUET 75ml;2,000;229,56;114,78;59,58;0,00;0,00;169,98;74,05;285,30;4,63;21,31;A;;
09/09/2026;024669 - 24669 ACQUA DISTRIBUIDORA DE PERFUMES E;07891033902002;ESTJ HER CODE SPLASH MAES/26;2,000;250,75;125,37;82,84;0,00;0,00;167,91;66,96;202,69;4,58;25,89;A;;
09/09/2026;024669 - 24669 ACQUA DISTRIBUIDORA DE PERFUMES E;07891033497669;UOMINI DES COL BLACK V6 100ml;1,000;209,35;209,35;76,13;0,00;0,00;133,22;63,64;174,99;3,63;29,52;A;;
09/09/2026;024669 - 24669 ACQUA DISTRIBUIDORA DE PERFUMES E;07891033483105;FLORATTA DES COL BLUE V2 75ml;1,000;157,41;157,41;28,42;0,00;0,00;128,99;81,95;453,87;3,52;33,03;A;;
09/09/2026;024669 - 24669 ACQUA DISTRIBUIDORA DE PERFUMES E;07891033957958;NSPA CR PERF DES HID CPO AMEIX/INT 400ml;4,000;258,65;64,66;141,48;0,00;0,00;117,17;45,30;82,82;3,19;36,23;A;;
09/09/2026;024669 - 24669 ACQUA DISTRIBUIDORA DE PERFUMES E;07891033744381;ARBO DES COL 100ml V4;2,000;252,11;126,05;143,46;0,00;0,00;108,65;43,10;75,74;2,96;39,19;A;;
09/09/2026;024669 - 24669 ACQUA DISTRIBUIDORA DE PERFUMES E;07891033905133;MALBEC DES COL V7 100ml;1,000;174,16;174,16;66,71;0,00;0,00;107,45;61,70;161,07;2,93;42,12;A;;
09/09/2026;024669 - 24669 ACQUA DISTRIBUIDORA DE PERFUMES E;07891033880775;NSPA LOC DES HID CPO AMEIXA V7 400ml;2,000;151,06;75,53;46,42;0,00;0,00;104,64;69,27;225,42;2,85;44,97;A;;
09/09/2026;024669 - 24669 ACQUA DISTRIBUIDORA DE PERFUMES E;07891033843879;MALBEC DES COL V6 100ml;1,000;140,04;140,04;41,40;0,00;0,00;98,64;70,44;238,26;2,69;47,66;A;;
09/09/2026;024669 - 24669 ACQUA DISTRIBUIDORA DE PERFUMES E;07891033222490;FREE DES COL BOTICOLL 100ml V4;1,000;155,76;155,76;59,45;0,00;0,00;96,31;61,83;162,00;2,63;50,28;A;;
09/09/2026;024669 - 24669 ACQUA DISTRIBUIDORA DE PERFUMES E;07891033506774;CLASH DES COL 100ml;1,000;128,29;128,29;37,77;0,00;0,00;90,52;70,56;239,66;2,47;52,75;A;;
09/09/2026;024669 - 24669 ACQUA DISTRIBUIDORA DE PERFUMES E;07891033512621;QUASAR DES COL FIRE V2 100ml;1,000;152,04;152,04;64,18;0,00;0,00;87,86;57,79;136,90;2,39;55,15;A;;
09/09/2026;024669 - 24669 ACQUA DISTRIBUIDORA DE PERFUMES E;07891033947584;REF LILY CR ACET DES HID CPO 200g;1,000;96,67;96,67;13,45;0,00;0,00;83,22;86,09;618,74;2,27;57,41;A;;
09/09/2026;024669 - 24669 ACQUA DISTRIBUIDORA DE PERFUMES E;07891033885213;MAKE B BAT GLOSSY C/AC POL ROSE V2 36g;2,000;110,84;55,42;33,02;0,00;0,00;77,82;70,21;235,68;2,12;59,54;A;;
09/09/2026;024669 - 24669 ACQUA DISTRIBUIDORA DE PERFUMES E;07891033874910;BOTIK GEL LIMP F MCL AC MAND/SAL V2 150g;3,000;107,26;35,75;32,19;0,00;0,00;75,07;69,99;233,21;2,05;61,58;A;;
09/09/2026;024669 - 24669 ACQUA DISTRIBUIDORA DE PERFUMES E;07891033050093;MA CHERIE DES COL 100ml V6;1,000;136,18;136,18;62,06;0,00;0,00;74,12;54,43;119,43;2,02;63,60;A;;
09/09/2026;024669 - 24669 ACQUA DISTRIBUIDORA DE PERFUMES E;07891033868681;CLASH CR PRE E POS BARBA 150g;2,000;88,43;44,21;22,20;0,00;0,00;66,23;74,90;298,33;1,81;65,41;A;;
09/09/2026;024669 - 24669 ACQUA DISTRIBUIDORA DE PERFUMES E;07891033830596;CELEBRE DES COL FOUG AROM FORC 100ml;1,000;85,90;85,90;20,02;0,00;0,00;65,88;76,69;329,07;1,80;67,20;A;;
09/09/2026;024669 - 24669 ACQUA DISTRIBUIDORA DE PERFUMES E;07891033826889;EGEO DES COL DOLCE C/CAR 90ml;1,000;95,98;95,98;31,11;0,00;0,00;64,87;67,59;208,52;1,77;68,97;A;;
09/09/2026;024669 - 24669 ACQUA DISTRIBUIDORA DE PERFUMES E;07891033741038;GLAMOUR DES COL SEC BL 75ml V4;1,000;132,86;132,86;71,44;0,00;0,00;61,42;46,23;85,97;1,67;70,65;A;;
09/09/2026;024669 - 24669 ACQUA DISTRIBUIDORA DE PERFUMES E;07891033860920;CBEM D/COL BDY SPLSH FEIR CACH/UVA 200ml;1,000;94,90;94,90;34,63;0,00;0,00;60,27;63,51;174,04;1,64;72,29;A;;
09/09/2026;024669 - 24669 ACQUA DISTRIBUIDORA DE PERFUMES E;07891033533862;BOTIK PROT SOL FAC FPS 80 AC/HIAL 40ml;1,000;80,66;80,66;26,86;0,00;0,00;53,80;66,70;200,30;1,47;73,75;A;;
09/09/2026;024669 - 24669 ACQUA DISTRIBUIDORA DE PERFUMES E;07891033957989;NSPA CR PERF DES HID CP AMEIX/INT 180ml;2,000;101,57;50,78;51,10;0,00;0,00;50,47;49,69;98,77;1,38;75,13;A;;
09/09/2026;024669 - 24669 ACQUA DISTRIBUIDORA DE PERFUMES E;07891033511471;CBEM DES COL BDY SPLSH NUVEM V3 200ml;1,000;63,97;63,97;18,66;0,00;0,00;45,31;70,83;242,82;1,24;76,36;A;;
09/09/2026;024669 - 24669 ACQUA DISTRIBUIDORA DE PERFUMES E;07891033509560;CLASH DES BDY SPR 100ml;1,000;52,90;52,90;8,62;0,00;0,00;44,28;83,71;513,69;1,21;77,57;A;;
09/09/2026;024669 - 24669 ACQUA DISTRIBUIDORA DE PERFUMES E;07891033954056;PMPCK LILY DES B/SPR LEAU/LILY BLANC;1,000;62,68;62,68;18,74;0,00;0,00;43,94;70,10;234,47;1,20;78,77;A;;
09/09/2026;024669 - 24669 ACQUA DISTRIBUIDORA DE PERFUMES E;07891033511655;CBEM SAB BARRA ROSA/ALGODAO 4x80g;3,000;84,23;28,08;41,34;0,00;0,00;42,89;50,92;103,75;1,17;79,94;A;;
09/09/2026;024669 - 24669 ACQUA DISTRIBUIDORA DE PERFUMES E;07891033903818;PMPCK MALBEC DES BODY SPRAY;1,000;60,89;60,89;19,13;0,00;0,00;41,76;68,58;218,30;1,14;81,08;B;;
09/09/2026;024669 - 24669 ACQUA DISTRIBUIDORA DE PERFUMES E;07891033535118;CBEM DES COL BDY SPLSH SHOW/BNH V2 200ml;1,000;60,77;60,77;19,14;0,00;0,00;41,63;68,50;217,50;1,13;82,21;B;;
09/09/2026;024669 - 24669 ACQUA DISTRIBUIDORA DE PERFUMES E;07891033886968;REF CBEM LOC D H CP R/ALG N/FORM 350ml;1,000;59,64;59,64;21,89;0,00;0,00;37,75;63,30;172,45;1,03;83,24;B;;
09/09/2026;024669 - 24669 ACQUA DISTRIBUIDORA DE PERFUMES E;07891033487455;DR BOTICA CREM PENT POC TIRA NO150g V2;3,000;89,00;29,67;52,26;0,00;0,00;36,74;41,28;70,30;1,00;84,24;B;;
09/09/2026;024669 - 24669 ACQUA DISTRIBUIDORA DE PERFUMES E;07891033856473;BOTICA 214 EDP ARAB/OAS FL/FRUT PRM 10ml;1,000;42,04;42,04;7,71;0,00;0,00;34,33;81,66;445,27;0,94;85,18;B;;
09/09/2026;024669 - 24669 ACQUA DISTRIBUIDORA DE PERFUMES E;07891033861668;MAKE B BALM LAB NIGHT MASK LIP/CHRON 9g;1,000;60,51;60,51;28,60;0,00;0,00;31,91;52,74;111,57;0,87;86,05;B;;
09/09/2026;024669 - 24669 ACQUA DISTRIBUIDORA DE PERFUMES E;07891033512317;CBEM SAB BARRA CEREJA LIVRE V2 2x80g;3,000;54,04;18,01;22,17;0,00;0,00;31,87;58,97;143,75;0,87;86,92;B;;
09/09/2026;024669 - 24669 ACQUA DISTRIBUIDORA DE PERFUMES E;07891033572076;AU MIGOS PETS SHAMP 5/1 ADULTOS 400ml;1,000;47,31;47,31;15,45;0,00;0,00;31,86;67,34;206,21;0,87;87,78;B;;
09/09/2026;024669 - 24669 ACQUA DISTRIBUIDORA DE PERFUMES E;07891033535088;CBEM LOC DES HID CPO SHOW BNH V2 400ml;2,000;55,98;27,99;24,16;0,00;0,00;31,82;56,84;131,71;0,87;88,65;B;;
09/09/2026;024669 - 24669 ACQUA DISTRIBUIDORA DE PERFUMES E;07891033278589;MAKE B LAP RETR P/OLH PRET PCK;1,000;58,91;58,91;27,68;0,00;0,00;31,23;53,01;112,83;0,85;89,50;B;;
09/09/2026;024669 - 24669 ACQUA DISTRIBUIDORA DE PERFUMES E;07891033909810;NSPA DES COL BDY SPLSH AMEIX/INT 200ml;1,000;73,47;73,47;42,28;0,00;0,00;31,19;42,45;73,77;0,85;90,35;B;;
09/09/2026;024669 - 24669 ACQUA DISTRIBUIDORA DE PERFUMES E;07891033733675;EGEO DES BDY SPR BLUE 100ml V2 PCK;1,000;39,27;39,27;8,18;0,00;0,00;31,09;79,17;380,07;0,85;91,20;B;;
09/09/2026;024669 - 24669 ACQUA DISTRIBUIDORA DE PERFUMES E;07891033958030;NSPA SAB BARRA CP AMEIX/INT 90g;4,000;50,78;12,69;19,76;0,00;0,00;31,02;61,09;156,98;0,85;92,05;B;;
09/09/2026;024669 - 24669 ACQUA DISTRIBUIDORA DE PERFUMES E;07891033884216;CBEM DES COL BDY SPLSH ROS/ALGODAO 60ml;1,000;49,90;49,90;19,22;0,00;0,00;30,68;61,48;159,63;0,84;92,88;B;;
09/09/2026;024669 - 24669 ACQUA DISTRIBUIDORA DE PERFUMES E;07891033749652;MALBEC LOC DES HID CPO RPCK 200ml;1,000;43,68;43,68;13,99;0,00;0,00;29,69;67,97;212,22;0,81;93,69;B;;
09/09/2026;024669 - 24669 ACQUA DISTRIBUIDORA DE PERFUMES E;07891033909544;GLAMOUR DES COL INTENSE PRM 10ml;1,000;35,75;35,75;6,19;0,00;0,00;29,56;82,69;477,54;0,81;94,50;B;;
09/09/2026;024669 - 24669 ACQUA DISTRIBUIDORA DE PERFUMES E;07891033839612;ARBO DES BDY SPR 100ml V6;1,000;51,14;51,14;24,05;0,00;0,00;27,09;52,97;112,64;0,74;95,24;C;;
09/09/2026;024669 - 24669 ACQUA DISTRIBUIDORA DE PERFUMES E;07891033493623;MALBEC DES ANTIT AER 75g/125ml V10;1,000;37,39;37,39;11,68;0,00;0,00;25,71;68,76;220,12;0,70;95,94;C;;
09/09/2026;024669 - 24669 ACQUA DISTRIBUIDORA DE PERFUMES E;07891033820467;NSPA LOC DES CPO A/STRES JAS/SAMB 200ml;1,000;29,66;29,66;11,40;0,00;0,00;18,26;61,56;160,18;0,50;96,43;C;;
09/09/2026;024669 - 24669 ACQUA DISTRIBUIDORA DE PERFUMES E;07891033587346;BOTICA 214 EDP SEV/DOR FOUG/ARM PRM 10ml;1,000;16,86;16,86;0,00;0,00;0,00;16,86;100,00;0,00;0,46;96,89;C;;
09/09/2026;024669 - 24669 ACQUA DISTRIBUIDORA DE PERFUMES E;07891033883615;NSPA SAB BARRA AMEIXA V3 2x90g;1,000;26,33;26,33;10,52;0,00;0,00;15,81;60,05;150,29;0,43;97,32;C;;
09/09/2026;024669 - 24669 ACQUA DISTRIBUIDORA DE PERFUMES E;07891033839605;ARBO DES ANTIT AER 75ml V9;1,000;26,97;26,97;11,73;0,00;0,00;15,24;56,51;129,92;0,42;97,74;C;;
09/09/2026;024669 - 24669 ACQUA DISTRIBUIDORA DE PERFUMES E;07891033511648;CBEM DES ANTIT CR R/ALG V3 80g;1,000;25,90;25,90;10,76;0,00;0,00;15,14;58,46;140,71;0,41;98,15;C;;
09/09/2026;024669 - 24669 ACQUA DISTRIBUIDORA DE PERFUMES E;07891033578825;LILY DES BDY SPR LEAU/LILY BLANC 100ml;1,000;35,31;35,31;20,39;0,00;0,00;14,92;42,25;73,17;0,41;98,56;C;;
09/09/2026;024669 - 24669 ACQUA DISTRIBUIDORA DE PERFUMES E;07891033957972;REF NSPA CR PERF DES HID CP AM/INT 350ml;1,000;43,22;43,22;28,35;0,00;0,00;14,87;34,41;52,45;0,41;98,96;C;;
09/09/2026;024669 - 24669 ACQUA DISTRIBUIDORA DE PERFUMES E;07891033511662;CBEM SAB BARRA ROSA/ALGODAO V8 2x80g;1,000;19,90;19,90;7,21;0,00;0,00;12,69;63,77;176,01;0,35;99,31;C;;
09/09/2026;024669 - 24669 ACQUA DISTRIBUIDORA DE PERFUMES E;07891033894017;CX PRESENTE M BOTI INST/25 VDA;1,000;10,98;10,98;0,00;0,00;0,00;10,98;100,00;0,00;0,30;99,61;C;;
09/09/2026;024669 - 24669 ACQUA DISTRIBUIDORA DE PERFUMES E;07891033974368;CAIXA LACO M BOTI PAIS 2026 UNIT;1,000;10,18;10,18;0,00;0,00;0,00;10,18;100,00;0,00;0,28;99,89;C;;
09/09/2026;024669 - 24669 ACQUA DISTRIBUIDORA DE PERFUMES E;07891033897896;MATCH MASC CAP NUTRICAO PROFUNDA V3 70g;1,000;17,63;17,63;9,71;0,00;0,00;7,92;44,92;81,57;0,22;100,10;C;;
09/09/2026;024669 - 24669 ACQUA DISTRIBUIDORA DE PERFUMES E;07891033539109;MAKE B PINCEL P/BASE ABS;1,000;14,61;14,61;13,96;0,00;0,00;0,65;4,45;4,66;0,02;100,12;C;;
09/09/2026;024669 - 24669 ACQUA DISTRIBUIDORA DE PERFUMES E;07891033957996;NSPA CR PERF DES HID CP AMX/INT PRM 50ml;2,000;0,02;0,01;4,46;0,00;0,00;-4,44;-22200,00;-99,55;-0,12;100,00;C;;
09/09/2026;024670 - ACQUA DISTRIBUIDORA DE PERFUMES E COSMETICOS LTDA;07891033826865;EGEO DES COL BLUE C/CAR 90ml;3,000;290,29;96,76;93,12;0,00;0,00;197,17;67,92;211,74;6,87;6,87;A;;
09/09/2026;024670 - ACQUA DISTRIBUIDORA DE PERFUMES E COSMETICOS LTDA;07891033506774;CLASH DES COL 100ml;2,000;248,64;124,32;75,56;0,00;0,00;173,08;69,61;229,06;6,03;12,90;A;;
09/09/2026;024670 - ACQUA DISTRIBUIDORA DE PERFUMES E COSMETICOS LTDA;07891033740963;GLAMOUR DES COL 75ml V6;1,000;179,00;179,00;36,13;0,00;0,00;142,87;79,82;395,43;4,98;17,87;A;;
09/09/2026;024670 - ACQUA DISTRIBUIDORA DE PERFUMES E COSMETICOS LTDA;07891033881352;FLORATTA EDP ROSE SUCREE 75ml;1,000;186,62;186,62;51,60;0,00;0,00;135,02;72,35;261,67;4,70;22,58;A;;
09/09/2026;024670 - ACQUA DISTRIBUIDORA DE PERFUMES E COSMETICOS LTDA;07891033878963;FLORATTA EDP RED PASSION V2 75ml;1,000;162,37;162,37;49,10;0,00;0,00;113,27;69,76;230,69;3,95;26,52;A;;
09/09/2026;024670 - ACQUA DISTRIBUIDORA DE PERFUMES E COSMETICOS LTDA;07891033905133;MALBEC DES COL V7 100ml;1,000;155,73;155,73;44,72;0,00;0,00;111,01;71,28;248,23;3,87;30,39;A;;
09/09/2026;024670 - ACQUA DISTRIBUIDORA DE PERFUMES E COSMETICOS LTDA;07891033511471;CBEM DES COL BDY SPLSH NUVEM V3 200ml;2,000;138,46;69,23;37,34;0,00;0,00;101,12;73,03;270,81;3,52;33,91;A;;
09/09/2026;024670 - ACQUA DISTRIBUIDORA DE PERFUMES E COSMETICOS LTDA;07891033587292;BOTICA 214 EDP SEV/DOR FOUG/AROM 90ml;1,000;194,75;194,75;97,05;0,00;0,00;97,70;50,17;100,67;3,40;37,32;A;;
09/09/2026;024670 - ACQUA DISTRIBUIDORA DE PERFUMES E COSMETICOS LTDA;07891033878987;BOTICOLL CONNEXION DES COL V3 100ml;1,000;123,19;123,19;29,03;0,00;0,00;94,16;76,43;324,35;3,28;40,60;A;;
09/09/2026;024670 - ACQUA DISTRIBUIDORA DE PERFUMES E COSMETICOS LTDA;07891033843879;MALBEC DES COL V6 100ml;1,000;174,90;174,90;82,58;0,00;0,00;92,32;52,78;111,79;3,22;43,81;A;;
09/09/2026;024670 - ACQUA DISTRIBUIDORA DE PERFUMES E COSMETICOS LTDA;07891033826858;EGEO DES COL BOMB BLACK C/CAR 90ml;1,000;114,39;114,39;28,81;0,00;0,00;85,58;74,81;297,05;2,98;46,79;A;;
09/09/2026;024670 - ACQUA DISTRIBUIDORA DE PERFUMES E COSMETICOS LTDA;07891033482801;NSPA DES COL BDY SPLSH AMEI/NEG 200ml V2;1,000;102,55;102,55;19,86;0,00;0,00;82,69;80,63;416,36;2,88;49,67;A;;
09/09/2026;024670 - ACQUA DISTRIBUIDORA DE PERFUMES E COSMETICOS LTDA;07891033482962;FLORATTA DES COL ROSE BOUQUET 75ml;1,000;115,66;115,66;33,15;0,00;0,00;82,51;71,34;248,90;2,87;52,55;A;;
09/09/2026;024670 - ACQUA DISTRIBUIDORA DE PERFUMES E COSMETICOS LTDA;07891033740437;LINDA DES COL V4 100ml;1,000;118,71;118,71;43,43;0,00;0,00;75,28;63,42;173,34;2,62;55,17;A;;
09/09/2026;024670 - ACQUA DISTRIBUIDORA DE PERFUMES E COSMETICOS LTDA;07891033489978;NSPA OL DES HID CPO AMEI 200ml V3;1,000;93,22;93,22;21,34;0,00;0,00;71,88;77,11;336,83;2,50;57,67;A;;
09/09/2026;024670 - ACQUA DISTRIBUIDORA DE PERFUMES E COSMETICOS LTDA;07891033533862;BOTIK PROT SOL FAC FPS 80 AC/HIAL 40ml;1,000;94,19;94,19;26,85;0,00;0,00;67,34;71,49;250,80;2,35;60,02;A;;
09/09/2026;024670 - ACQUA DISTRIBUIDORA DE PERFUMES E COSMETICOS LTDA;07891033512362;CBEM DES COL BDY SPLSH PESSEGUR V2 200ml;1,000;83,57;83,57;18,07;0,00;0,00;65,50;78,38;362,48;2,28;62,30;A;;
09/09/2026;024670 - ACQUA DISTRIBUIDORA DE PERFUMES E COSMETICOS LTDA;07891033577590;BOT SUN PR FAC C/C FPS70 A/F COR 04 40ml;1,000;79,00;79,00;16,09;0,00;0,00;62,91;79,63;390,99;2,19;64,49;A;;
09/09/2026;024670 - ACQUA DISTRIBUIDORA DE PERFUMES E COSMETICOS LTDA;07891033883967;CBEM DES COL BDY SPLSH CER/FASES 200ml;1,000;81,08;81,08;18,56;0,00;0,00;62,52;77,11;336,85;2,18;66,67;A;;
09/09/2026;024670 - ACQUA DISTRIBUIDORA DE PERFUMES E COSMETICOS LTDA;07891033841820;LILY DES COL BDY SPLSH 200ml;1,000;83,20;83,20;21,18;0,00;0,00;62,02;74,54;292,82;2,16;68,83;A;;
09/09/2026;024670 - ACQUA DISTRIBUIDORA DE PERFUMES E COSMETICOS LTDA;07891033479634;BOTI SUN PROT SOL CPO GEL CR FPS50 200g;1,000;95,90;95,90;36,28;0,00;0,00;59,62;62,17;164,33;2,08;70,91;A;;
09/09/2026;024670 - ACQUA DISTRIBUIDORA DE PERFUMES E COSMETICOS LTDA;07891033890316;MAKE B CORRET LIQ HYAL 260N 68ml;1,000;72,90;72,90;15,15;0,00;0,00;57,75;79,22;381,19;2,01;72,92;A;;
09/09/2026;024670 - ACQUA DISTRIBUIDORA DE PERFUMES E COSMETICOS LTDA;07891033538386;BOTIK PROT SOL FAC FPS 50 AC/HIAL 40ml;2,000;99,68;49,84;46,00;0,00;0,00;53,68;53,85;116,70;1,87;74,79;A;;
09/09/2026;024670 - ACQUA DISTRIBUIDORA DE PERFUMES E COSMETICOS LTDA;07891033874910;BOTIK GEL LIMP F MCL AC MAND/SAL V2 150g;1,000;60,80;60,80;10,72;0,00;0,00;50,08;82,37;467,16;1,74;76,54;A;;
09/09/2026;024670 - ACQUA DISTRIBUIDORA DE PERFUMES E COSMETICOS LTDA;07891033480593;REF LILY CR H DES ACET CPO LOVE 250g V2;4,000;109,90;27,47;60,92;0,00;0,00;48,98;44,57;80,40;1,71;78,24;A;;
09/09/2026;024670 - ACQUA DISTRIBUIDORA DE PERFUMES E COSMETICOS LTDA;07891033013173;PMPCK MALBEC DES ANTIT AER 2x75g;2,000;100,86;50,43;53,78;0,00;0,00;47,08;46,68;87,54;1,64;79,88;A;;
09/09/2026;024670 - ACQUA DISTRIBUIDORA DE PERFUMES E COSMETICOS LTDA;07891033957989;NSPA CR PERF DES HID CP AMEIX/INT 180ml;2,000;97,16;48,58;51,08;0,00;0,00;46,08;47,43;90,21;1,61;81,49;B;;
09/09/2026;024670 - ACQUA DISTRIBUIDORA DE PERFUMES E COSMETICOS LTDA;07891033957958;NSPA CR PERF DES HID CPO AMEIX/INT 400ml;1,000;62,43;62,43;16,95;0,00;0,00;45,48;72,85;268,32;1,58;83,07;B;;
09/09/2026;024670 - ACQUA DISTRIBUIDORA DE PERFUMES E COSMETICOS LTDA;07891033966066;BOTIK BALM HID LAB FPS 15 32g;2,000;81,20;40,60;35,96;0,00;0,00;45,24;55,71;125,81;1,58;84,65;B;;
09/09/2026;024670 - ACQUA DISTRIBUIDORA DE PERFUMES E COSMETICOS LTDA;07891033826889;EGEO DES COL DOLCE C/CAR 90ml;1,000;101,42;101,42;56,88;0,00;0,00;44,54;43,92;78,31;1,55;86,20;B;;
09/09/2026;024670 - ACQUA DISTRIBUIDORA DE PERFUMES E COSMETICOS LTDA;07891033744442;ARBO DES COL BOTANIC 100ml V2 RPCK;1,000;95,05;95,05;55,31;0,00;0,00;39,74;41,81;71,85;1,38;87,58;B;;
09/09/2026;024670 - ACQUA DISTRIBUIDORA DE PERFUMES E COSMETICOS LTDA;07891033278589;MAKE B LAP RETR P/OLH PRET PCK;1,000;65,23;65,23;27,68;0,00;0,00;37,55;57,57;135,66;1,31;88,89;B;;
09/09/2026;024670 - ACQUA DISTRIBUIDORA DE PERFUMES E COSMETICOS LTDA;07891033487851;MALBEC DES BDY SPR 100ml V4 PCK;1,000;44,30;44,30;8,51;0,00;0,00;35,79;80,79;420,56;1,25;90,14;B;;
09/09/2026;024670 - ACQUA DISTRIBUIDORA DE PERFUMES E COSMETICOS LTDA;07891033487790;BOTICOLL PORTINARI DES BDY SPR 100ml V7;1,000;44,30;44,30;8,92;0,00;0,00;35,38;79,86;396,64;1,23;91,37;B;;
09/09/2026;024670 - ACQUA DISTRIBUIDORA DE PERFUMES E COSMETICOS LTDA;07891033511655;CBEM SAB BARRA ROSA/ALGODAO 4x80g;3,000;73,38;24,46;41,34;0,00;0,00;32,04;43,66;77,50;1,12;92,49;B;;
09/09/2026;024670 - ACQUA DISTRIBUIDORA DE PERFUMES E COSMETICOS LTDA;07891033511303;CBEM DES COL BDY SPLSH BEIJINHO V2 200ml;1,000;68,31;68,31;36,49;0,00;0,00;31,82;46,58;87,20;1,11;93,59;B;;
09/09/2026;024670 - ACQUA DISTRIBUIDORA DE PERFUMES E COSMETICOS LTDA;07891033828456;MATCH COND LISO PROLONGADO 280ml;1,000;49,90;49,90;20,40;0,00;0,00;29,50;59,12;144,61;1,03;94,62;B;;
09/09/2026;024670 - ACQUA DISTRIBUIDORA DE PERFUMES E COSMETICOS LTDA;07891033868520;BOTIK GEL LIMP FAC VITAM B5 PRM 50g;2,000;28,93;14,46;0,00;0,00;0,00;28,93;100,00;0,00;1,01;95,63;C;;
09/09/2026;024670 - ACQUA DISTRIBUIDORA DE PERFUMES E COSMETICOS LTDA;07891033400874;MAKE B PINCEL CORRETIVO FIBRAS DUPLAS;1,000;42,90;42,90;16,93;0,00;0,00;25,97;60,54;153,40;0,90;96,53;C;;
09/09/2026;024670 - ACQUA DISTRIBUIDORA DE PERFUMES E COSMETICOS LTDA;07891033856725;CBEM LOC DES HID CPO CER/FAS 200ml;1,000;34,09;34,09;9,47;0,00;0,00;24,62;72,22;259,98;0,86;97,39;C;;
09/09/2026;024670 - ACQUA DISTRIBUIDORA DE PERFUMES E COSMETICOS LTDA;07891033958030;NSPA SAB BARRA CP AMEIX/INT 90g;3,000;36,41;12,14;14,76;0,00;0,00;21,65;59,46;146,68;0,75;98,15;C;;
09/09/2026;024670 - ACQUA DISTRIBUIDORA DE PERFUMES E COSMETICOS LTDA;07891033772728;MEN SHAMP CAB/BARBA 200ml;4,000;79,80;19,95;63,40;0,00;0,00;16,40;20,55;25,87;0,57;98,72;C;;
09/09/2026;024670 - ACQUA DISTRIBUIDORA DE PERFUMES E COSMETICOS LTDA;07891033828449;MATCH SHAMP LISO PROLONGADO 300ml;1,000;33,90;33,90;20,37;0,00;0,00;13,53;39,91;66,42;0,47;99,19;C;;
09/09/2026;024670 - ACQUA DISTRIBUIDORA DE PERFUMES E COSMETICOS LTDA;07891033848089;BOTIK REPAR LAB CIC/PANT/CER 75ml;1,000;28,96;28,96;16,45;0,00;0,00;12,51;43,20;76,05;0,44;99,62;C;;
09/09/2026;024670 - ACQUA DISTRIBUIDORA DE PERFUMES E COSMETICOS LTDA;07891033946310;BOTIK CR NUTR FIR ROS/PESC R/SIL PRM 10g;1,000;15,34;15,34;7,54;0,00;0,00;7,80;50,85;103,45;0,27;99,90;C;;
09/09/2026;024670 - ACQUA DISTRIBUIDORA DE PERFUMES E COSMETICOS LTDA;07891033860777;COFFEE DES ANTIT AER ORIENT/AMB 125ml;1,000;19,00;19,00;12,72;0,00;0,00;6,28;33,05;49,37;0,22;100,12;C;;
09/09/2026;024670 - ACQUA DISTRIBUIDORA DE PERFUMES E COSMETICOS LTDA;07891033856060;INSENSATEZ DES COL V4 100ml;1,000;67,05;67,05;61,48;0,00;0,00;5,57;8,31;9,06;0,19;100,31;C;;
09/09/2026;024670 - ACQUA DISTRIBUIDORA DE PERFUMES E COSMETICOS LTDA;07891033957996;NSPA CR PERF DES HID CP AMX/INT PRM 50ml;4,000;0,04;0,01;8,92;0,00;0,00;-8,88;-22200,00;-99,55;-0,31;100,00;C;;
09/09/2026;024671 - 24671 ACQUA DISTRIBUIDORA DE PERFUMES E;07891033826896;EGEO DES COL CHOC C/CAR 90ml;4,000;471,99;118,00;227,52;0,00;0,00;244,47;51,80;107,45;8,81;8,81;A;;
09/09/2026;024671 - 24671 ACQUA DISTRIBUIDORA DE PERFUMES E;07891033879519;HADIYA EDP 75ml;1,000;377,10;377,10;140,42;0,00;0,00;236,68;62,76;168,55;8,53;17,35;A;;
09/09/2026;024671 - 24671 ACQUA DISTRIBUIDORA DE PERFUMES E;07891033903214;ZAAD EDP MONDO V5 95ml;1,000;293,88;293,88;83,72;0,00;0,00;210,16;71,51;251,03;7,58;24,92;A;;
09/09/2026;024671 - 24671 ACQUA DISTRIBUIDORA DE PERFUMES E;07891033553570;MALBEC EDP 90ml;1,000;251,91;251,91;57,25;0,00;0,00;194,66;77,27;340,02;7,02;31,94;A;;
09/09/2026;024671 - 24671 ACQUA DISTRIBUIDORA DE PERFUMES E;07891033595556;HER CODE EDP TOUCH 50ml;2,000;377,54;188,77;207,30;0,00;0,00;170,24;45,09;82,12;6,14;38,08;A;;
09/09/2026;024671 - 24671 ACQUA DISTRIBUIDORA DE PERFUMES E;07891033902309;ESTJ THE BLEND PAIS/26;1,000;256,83;256,83;130,49;0,00;0,00;126,34;49,19;96,82;4,55;42,63;A;;
09/09/2026;024671 - 24671 ACQUA DISTRIBUIDORA DE PERFUMES E;07891033492459;COFFEE D/COL DUO MAN FOUG/AMB V2 100ml;1,000;164,90;164,90;42,13;0,00;0,00;122,77;74,45;291,41;4,43;47,06;A;;
09/09/2026;024671 - 24671 ACQUA DISTRIBUIDORA DE PERFUMES E;07891033902385;ESTJ MALBEC PAIS/26;1,000;228,47;228,47;117,67;0,00;0,00;110,80;48,50;94,16;3,99;51,05;A;;
09/09/2026;024671 - 24671 ACQUA DISTRIBUIDORA DE PERFUMES E;07891033882038;LILY CREM ACET DES HID CPO V9 250g;1,000;117,06;117,06;17,61;0,00;0,00;99,45;84,96;564,74;3,59;54,64;A;;
09/09/2026;024671 - 24671 ACQUA DISTRIBUIDORA DE PERFUMES E;07891033741038;GLAMOUR DES COL SEC BL 75ml V4;1,000;139,90;139,90;54,32;0,00;0,00;85,58;61,17;157,55;3,09;57,72;A;;
09/09/2026;024671 - 24671 ACQUA DISTRIBUIDORA DE PERFUMES E;07891033506774;CLASH DES COL 100ml;1,000;118,56;118,56;37,78;0,00;0,00;80,78;68,13;213,82;2,91;60,63;A;;
09/09/2026;024671 - 24671 ACQUA DISTRIBUIDORA DE PERFUMES E;07891033882014;REF LILY CR ACET DES HID CPO V3 250g;1,000;91,87;91,87;13,91;0,00;0,00;77,96;84,86;560,46;2,81;63,44;A;;
09/09/2026;024671 - 24671 ACQUA DISTRIBUIDORA DE PERFUMES E;07891033536283;BOTIK GEL LIMP FAC VITAM C PRM 50g;6,000;73,59;12,26;0,00;0,00;0,00;73,59;100,00;0,00;2,65;66,10;A;;
09/09/2026;024671 - 24671 ACQUA DISTRIBUIDORA DE PERFUMES E;07891033877928;MAKE B BASE LIQ HYALURONIC 170Q 30ml;1,000;103,79;103,79;32,00;0,00;0,00;71,79;69,17;224,34;2,59;68,68;A;;
09/09/2026;024671 - 24671 ACQUA DISTRIBUIDORA DE PERFUMES E;07891033740437;LINDA DES COL V4 100ml;2,000;220,88;110,44;158,32;0,00;0,00;62,56;28,32;39,51;2,26;70,94;A;;
09/09/2026;024671 - 24671 ACQUA DISTRIBUIDORA DE PERFUMES E;07891033513956;BOTICA 214 EDP FIJI PAR FL ESPEC 90ml;2,000;247,01;123,50;185,26;0,00;0,00;61,75;25,00;33,33;2,23;73,17;A;;
09/09/2026;024671 - 24671 ACQUA DISTRIBUIDORA DE PERFUMES E;07891033954056;PMPCK LILY DES B/SPR LEAU/LILY BLANC;1,000;79,35;79,35;18,76;0,00;0,00;60,59;76,36;322,97;2,18;75,35;A;;
09/09/2026;024671 - 24671 ACQUA DISTRIBUIDORA DE PERFUMES E;07891033744381;ARBO DES COL 100ml V4;1,000;133,60;133,60;75,42;0,00;0,00;58,18;43,55;77,14;2,10;77,45;A;;
09/09/2026;024671 - 24671 ACQUA DISTRIBUIDORA DE PERFUMES E;07891033016761;NSPA OL MULTIF AMEIXA 85ml;1,000;114,31;114,31;58,93;0,00;0,00;55,38;48,45;93,98;2,00;79,44;A;;
09/09/2026;024671 - 24671 ACQUA DISTRIBUIDORA DE PERFUMES E;07891033511471;CBEM DES COL BDY SPLSH NUVEM V3 200ml;1,000;69,23;69,23;18,38;0,00;0,00;50,85;73,45;276,66;1,83;81,28;B;;
09/09/2026;024671 - 24671 ACQUA DISTRIBUIDORA DE PERFUMES E;07891033909810;NSPA DES COL BDY SPLSH AMEIX/INT 200ml;1,000;65,87;65,87;20,36;0,00;0,00;45,51;69,09;223,53;1,64;82,92;B;;
09/09/2026;024671 - 24671 ACQUA DISTRIBUIDORA DE PERFUMES E;07891033890286;MAKE B CORRET LIQ HYAL 170Q 68ml;1,000;56,93;56,93;14,92;0,00;0,00;42,01;73,79;281,57;1,51;84,43;B;;
09/09/2026;024671 - 24671 ACQUA DISTRIBUIDORA DE PERFUMES E;07891033825417;MAKE B BAS LIQ MATE SALICYLIC 130 30g;1,000;79,08;79,08;38,09;0,00;0,00;40,99;51,83;107,61;1,48;85,91;B;;
09/09/2026;024671 - 24671 ACQUA DISTRIBUIDORA DE PERFUMES E;07891033480593;REF LILY CR H DES ACET CPO LOVE 250g V2;4,000;99,95;24,99;60,92;0,00;0,00;39,03;39,05;64,07;1,41;87,32;B;;
09/09/2026;024671 - 24671 ACQUA DISTRIBUIDORA DE PERFUMES E;07891033957958;NSPA CR PERF DES HID CPO AMEIX/INT 400ml;1,000;54,51;54,51;16,96;0,00;0,00;37,55;68,89;221,40;1,35;88,67;B;;
09/09/2026;024671 - 24671 ACQUA DISTRIBUIDORA DE PERFUMES E;07891033482825;NSPA LOC DES HID CPO AMEI 400ml V6;1,000;71,16;71,16;33,93;0,00;0,00;37,23;52,32;109,73;1,34;90,01;B;;
09/09/2026;024671 - 24671 ACQUA DISTRIBUIDORA DE PERFUMES E;07891033883967;CBEM DES COL BDY SPLSH CER/FASES 200ml;1,000;49,31;49,31;13,54;0,00;0,00;35,77;72,54;264,18;1,29;91,30;B;;
09/09/2026;024671 - 24671 ACQUA DISTRIBUIDORA DE PERFUMES E;07891033748938;EGEO DES BDY SPR DOLCE 100ml V8 PCK;1,000;41,31;41,31;9,05;0,00;0,00;32,26;78,09;356,46;1,16;92,47;B;;
09/09/2026;024671 - 24671 ACQUA DISTRIBUIDORA DE PERFUMES E;07891033595815;MATCH MASC CAP NUTR/REGEN V2 250g;1,000;55,75;55,75;26,87;0,00;0,00;28,88;51,80;107,48;1,04;93,51;B;;
09/09/2026;024671 - 24671 ACQUA DISTRIBUIDORA DE PERFUMES E;07891033515318;FLORATTA DES BDY SPR BLUE 100ml V8;2,000;43,11;21,55;14,84;0,00;0,00;28,27;65,58;190,50;1,02;94,53;B;;
09/09/2026;024671 - 24671 ACQUA DISTRIBUIDORA DE PERFUMES E;07891033749652;MALBEC LOC DES HID CPO RPCK 200ml;1,000;36,74;36,74;14,00;0,00;0,00;22,74;61,89;162,43;0,82;95,35;C;;
09/09/2026;024671 - 24671 ACQUA DISTRIBUIDORA DE PERFUMES E;07891033856060;INSENSATEZ DES COL V4 100ml;1,000;83,92;83,92;61,48;0,00;0,00;22,44;26,74;36,50;0,81;96,15;C;;
09/09/2026;024671 - 24671 ACQUA DISTRIBUIDORA DE PERFUMES E;07891033522590;INTENSE BAT SUP/FRESH NUDE V3 34g;1,000;34,90;34,90;17,31;0,00;0,00;17,59;50,40;101,62;0,63;96,79;C;;
09/09/2026;024671 - 24671 ACQUA DISTRIBUIDORA DE PERFUMES E;07891033718153;EGEO CREM DES HID CPO SUFLE CHOC 250g;1,000;32,65;32,65;15,59;0,00;0,00;17,06;52,25;109,43;0,62;97,40;C;;
09/09/2026;024671 - 24671 ACQUA DISTRIBUIDORA DE PERFUMES E;07891033486960;LILY DES ANTIT AEROSSOL 75g V9;1,000;27,90;27,90;11,27;0,00;0,00;16,63;59,61;147,56;0,60;98,00;C;;
09/09/2026;024671 - 24671 ACQUA DISTRIBUIDORA DE PERFUMES E;07891033554089;BOTIK CR N FIR ROST/PESC RES/SIL PRM 10g;1,000;12,87;12,87;0,00;0,00;0,00;12,87;100,00;0,00;0,46;98,47;C;;
09/09/2026;024671 - 24671 ACQUA DISTRIBUIDORA DE PERFUMES E;07891033511648;CBEM DES ANTIT CR R/ALG V3 80g;1,000;20,22;20,22;10,70;0,00;0,00;9,52;47,08;88,97;0,34;98,81;C;;
09/09/2026;024671 - 24671 ACQUA DISTRIBUIDORA DE PERFUMES E;07891033595822;MATCH COND NUTRICAO REGEN V2 280ml;1,000;29,88;29,88;21,33;0,00;0,00;8,55;28,61;40,08;0,31;99,12;C;;
09/09/2026;024671 - 24671 ACQUA DISTRIBUIDORA DE PERFUMES E;07891033836970;MATCH SHAMP OL CONTROLADA 300ml;1,000;28,20;28,20;20,32;0,00;0,00;7,88;27,94;38,78;0,28;99,40;C;;
09/09/2026;024671 - 24671 ACQUA DISTRIBUIDORA DE PERFUMES E;07891033595839;MATCH SHAMP NUTR/REGEN V2 300ml;1,000;28,21;28,21;21,31;0,00;0,00;6,90;24,46;32,38;0,25;99,65;C;;
09/09/2026;024671 - 24671 ACQUA DISTRIBUIDORA DE PERFUMES E;07891033740314;COFFEE DES COL WOMAN 100ml V3;1,000;88,31;88,31;81,81;0,00;0,00;6,50;7,36;7,95;0,23;99,89;C;;
09/09/2026;024671 - 24671 ACQUA DISTRIBUIDORA DE PERFUMES E;07891033958030;NSPA SAB BARRA CP AMEIX/INT 90g;1,000;11,17;11,17;4,92;0,00;0,00;6,25;55,95;127,03;0,23;100,11;C;;
09/09/2026;024671 - 24671 ACQUA DISTRIBUIDORA DE PERFUMES E;07891033486151;CBEM LOC DES HID CPO L/MEL 200ml V2;1,000;22,22;22,22;16,25;0,00;0,00;5,97;26,87;36,74;0,22;100,33;C;;
09/09/2026;024671 - 24671 ACQUA DISTRIBUIDORA DE PERFUMES E;07891033537938;CBEM SAB BARRA FEIRA MARACUJA 2x80g;2,000;20,29;10,14;14,82;0,00;0,00;5,47;26,96;36,91;0,20;100,52;C;;
09/09/2026;024671 - 24671 ACQUA DISTRIBUIDORA DE PERFUMES E;07891033894024;CAIXA PRESENTE P BOT INST/25 VDA;1,000;5,00;5,00;0,00;0,00;0,00;5,00;100,00;0,00;0,18;100,70;C;;
09/09/2026;024671 - 24671 ACQUA DISTRIBUIDORA DE PERFUMES E;07891033894017;CX PRESENTE M BOTI INST/25 VDA;1,000;9,85;9,85;7,37;0,00;0,00;2,48;25,18;33,65;0,09;100,79;C;;
09/09/2026;024671 - 24671 ACQUA DISTRIBUIDORA DE PERFUMES E;07891033499458;REF CBEM LOC DES H CPO ROS/ALG V3 350ml;1,000;23,39;23,39;20,95;0,00;0,00;2,44;10,43;11,65;0,09;100,88;C;;
09/09/2026;024671 - 24671 ACQUA DISTRIBUIDORA DE PERFUMES E;07891033946310;BOTIK CR NUTR FIR ROS/PESC R/SIL PRM 10g;2,000;16,36;8,18;15,08;0,00;0,00;1,28;7,82;8,49;0,05;100,93;C;;
09/09/2026;024671 - 24671 ACQUA DISTRIBUIDORA DE PERFUMES E;07891033908226;SACOLA M BOTICARIO INST/25;2,000;0,02;0,01;3,12;0,00;0,00;-3,10;-15500,00;-99,36;-0,11;100,82;C;;
09/09/2026;024671 - 24671 ACQUA DISTRIBUIDORA DE PERFUMES E;07891033836994;MATCH COND OL CONTROLADA 280ml;1,000;15,41;15,41;21,34;0,00;0,00;-5,93;-38,48;-27,79;-0,21;100,60;C;;
09/09/2026;024671 - 24671 ACQUA DISTRIBUIDORA DE PERFUMES E;07891033908219;SACOLA P BOTICARIO INST/25;6,000;0,06;0,01;7,86;0,00;0,00;-7,80;-13000,00;-99,24;-0,28;100,32;C;;
09/09/2026;024671 - 24671 ACQUA DISTRIBUIDORA DE PERFUMES E;07891033957996;NSPA CR PERF DES HID CP AMX/INT PRM 50ml;4,000;0,04;0,01;8,92;0,00;0,00;-8,88;-22200,00;-99,55;-0,32;100,00;C;;
10/09/2026;024303 - 24303 ACQUA DISTRIBUIDORA DE PERFUMES E;07891033956494;ESTJ ZAAD INTENSE PAIS/26;2,000;487,88;243,94;246,76;0,00;0,00;241,12;49,42;97,71;14,30;14,30;A;;
10/09/2026;024303 - 24303 ACQUA DISTRIBUIDORA DE PERFUMES E;07891033899579;ESTJ HER COD CLIMAX AMOR/26;1,000;249,68;249,68;113,67;0,00;0,00;136,01;54,47;119,65;8,07;22,37;A;;
10/09/2026;024303 - 24303 ACQUA DISTRIBUIDORA DE PERFUMES E;07891033878963;FLORATTA EDP RED PASSION V2 75ml;1,000;229,90;229,90;99,82;0,00;0,00;130,08;56,58;130,31;7,72;30,09;A;;
10/09/2026;024303 - 24303 ACQUA DISTRIBUIDORA DE PERFUMES E;07891033497652;UOMINI DES COL V6 100ml;2,000;186,98;93,49;67,50;0,00;0,00;119,48;63,90;177,01;7,09;37,17;A;;
10/09/2026;024303 - 24303 ACQUA DISTRIBUIDORA DE PERFUMES E;07891033902385;ESTJ MALBEC PAIS/26;1,000;196,97;196,97;88,24;0,00;0,00;108,73;55,20;123,22;6,45;43,62;A;;
10/09/2026;024303 - 24303 ACQUA DISTRIBUIDORA DE PERFUMES E;07891033899609;ESTJ LILY L EAU AMOR/26;1,000;192,80;192,80;105,61;0,00;0,00;87,19;45,22;82,56;5,17;48,79;A;;
10/09/2026;024303 - 24303 ACQUA DISTRIBUIDORA DE PERFUMES E;07891033826889;EGEO DES COL DOLCE C/CAR 90ml;2,000;186,63;93,31;114,94;0,00;0,00;71,69;38,41;62,37;4,25;53,05;A;;
10/09/2026;024303 - 24303 ACQUA DISTRIBUIDORA DE PERFUMES E;07891033905133;MALBEC DES COL V7 100ml;1,000;156,00;156,00;87,42;0,00;0,00;68,58;43,96;78,45;4,07;57,11;A;;
10/09/2026;024303 - 24303 ACQUA DISTRIBUIDORA DE PERFUMES E;07891033741038;GLAMOUR DES COL SEC BL 75ml V4;1,000;139,90;139,90;71,43;0,00;0,00;68,47;48,94;95,86;4,06;61,17;A;;
10/09/2026;024303 - 24303 ACQUA DISTRIBUIDORA DE PERFUMES E;07891033957958;NSPA CR PERF DES HID CPO AMEIX/INT 400ml;2,000;137,01;68,50;71,48;0,00;0,00;65,53;47,83;91,68;3,89;65,06;A;;
10/09/2026;024303 - 24303 ACQUA DISTRIBUIDORA DE PERFUMES E;07891033577590;BOT SUN PR FAC C/C FPS70 A/F COR 04 40ml;1,000;79,90;79,90;16,42;0,00;0,00;63,48;79,45;386,60;3,77;68,83;A;;
10/09/2026;024303 - 24303 ACQUA DISTRIBUIDORA DE PERFUMES E;07891033533862;BOTIK PROT SOL FAC FPS 80 AC/HIAL 40ml;1,000;80,31;80,31;26,28;0,00;0,00;54,03;67,28;205,59;3,20;72,03;A;;
10/09/2026;024303 - 24303 ACQUA DISTRIBUIDORA DE PERFUMES E;07891033901517;MATCH MASC CAP SCIENCE RECONS V4 250g;1,000;66,10;66,10;16,11;0,00;0,00;49,99;75,63;310,30;2,97;75,00;A;;
10/09/2026;024303 - 24303 ACQUA DISTRIBUIDORA DE PERFUMES E;07891033498789;CBEM LOC DES HID CPO BOA NOITE V2 400ml;1,000;78,90;78,90;29,18;0,00;0,00;49,72;63,02;170,39;2,95;77,95;A;;
10/09/2026;024303 - 24303 ACQUA DISTRIBUIDORA DE PERFUMES E;07891033854837;FLORATTA DES BDY SPRAY RED V2 100ml;1,000;52,90;52,90;8,28;0,00;0,00;44,62;84,35;538,89;2,65;80,59;B;;
10/09/2026;024303 - 24303 ACQUA DISTRIBUIDORA DE PERFUMES E;07891033883950;CBEM DES COL BDY SPLSH ROS/ALG V4 200ml;1,000;79,90;79,90;36,90;0,00;0,00;43,00;53,82;116,53;2,55;83,14;B;;
10/09/2026;024303 - 24303 ACQUA DISTRIBUIDORA DE PERFUMES E;07891033577583;BOT SUN PR FAC C/C FPS70 A/F COR 03 40ml;1,000;72,17;72,17;29,61;0,00;0,00;42,56;58,97;143,74;2,52;85,67;B;;
10/09/2026;024303 - 24303 ACQUA DISTRIBUIDORA DE PERFUMES E;07891033740437;LINDA DES COL V4 100ml;1,000;113,50;113,50;79,93;0,00;0,00;33,57;29,58;42,00;1,99;87,66;B;;
10/09/2026;024303 - 24303 ACQUA DISTRIBUIDORA DE PERFUMES E;07891033520169;NSPA CREM HID MAOS AMEI DOUR 75g;1,000;56,63;56,63;24,65;0,00;0,00;31,98;56,47;129,74;1,90;89,56;B;;
10/09/2026;024303 - 24303 ACQUA DISTRIBUIDORA DE PERFUMES E;07891033511662;CBEM SAB BARRA ROSA/ALGODAO V8 2x80g;3,000;52,94;17,65;21,81;0,00;0,00;31,13;58,80;142,73;1,85;91,40;B;;
10/09/2026;024303 - 24303 ACQUA DISTRIBUIDORA DE PERFUMES E;07891033874910;BOTIK GEL LIMP F MCL AC MAND/SAL V2 150g;1,000;36,46;36,46;10,83;0,00;0,00;25,63;70,30;236,66;1,52;92,92;B;;
10/09/2026;024303 - 24303 ACQUA DISTRIBUIDORA DE PERFUMES E;07891033568055;MATCH COND SCIENCE RECONSTRUCAO 280ml;1,000;47,18;47,18;21,62;0,00;0,00;25,56;54,18;118,22;1,52;94,44;B;;
10/09/2026;024303 - 24303 ACQUA DISTRIBUIDORA DE PERFUMES E;07891033568192;MATCH SHAMP SCIENCE RECONSTRUCAO 300ml;1,000;45,29;45,29;21,43;0,00;0,00;23,86;52,68;111,34;1,42;95,85;C;;
10/09/2026;024303 - 24303 ACQUA DISTRIBUIDORA DE PERFUMES E;07891033946310;BOTIK CR NUTR FIR ROS/PESC R/SIL PRM 10g;2,000;32,87;16,43;15,24;0,00;0,00;17,63;53,64;115,68;1,05;96,90;C;;
10/09/2026;024303 - 24303 ACQUA DISTRIBUIDORA DE PERFUMES E;07891033491506;MATCH SPR CAP MULTIBENEFICIOS V2 150ml;1,000;32,90;32,90;15,70;0,00;0,00;17,20;52,28;109,55;1,02;97,92;C;;
10/09/2026;024303 - 24303 ACQUA DISTRIBUIDORA DE PERFUMES E;07891033766017;INTENSE LAP BAT VINHO 12g;1,000;21,90;21,90;6,39;0,00;0,00;15,51;70,82;242,72;0,92;98,84;C;;
10/09/2026;024303 - 24303 ACQUA DISTRIBUIDORA DE PERFUMES E;07891033578337;NSPA SAB LIQ PERF CPO CER/ROUGE 250ml;1,000;36,04;36,04;21,22;0,00;0,00;14,82;41,12;69,84;0,88;99,72;C;;
10/09/2026;024303 - 24303 ACQUA DISTRIBUIDORA DE PERFUMES E;07891033894017;CX PRESENTE M BOTI INST/25 VDA;1,000;12,25;12,25;0,00;0,00;0,00;12,25;100,00;0,00;0,73;100,45;C;;
10/09/2026;024303 - 24303 ACQUA DISTRIBUIDORA DE PERFUMES E;07891033535088;CBEM LOC DES HID CPO SHOW BNH V2 400ml;1,000;27,01;27,01;26,67;0,00;0,00;0,34;1,26;1,27;0,02;100,47;C;;
10/09/2026;024303 - 24303 ACQUA DISTRIBUIDORA DE PERFUMES E;07891033908196;SACOLA PP BOTICARIO INST/25;1,000;0,01;0,01;0,71;0,00;0,00;-0,70;-7019,00;-98,59;-0,04;100,42;C;;
10/09/2026;024303 - 24303 ACQUA DISTRIBUIDORA DE PERFUMES E;07891033908233;SACOLA G O BOTICARIO INST/25;1,000;0,01;0,01;2,50;0,00;0,00;-2,49;-24919,00;-99,60;-0,15;100,28;C;;
10/09/2026;024303 - 24303 ACQUA DISTRIBUIDORA DE PERFUMES E;07891033908226;SACOLA M BOTICARIO INST/25;3,000;0,03;0,01;4,68;0,00;0,00;-4,65;-15500,00;-99,36;-0,28;100,00;C;;
10/09/2026;024617 - ACQUA DISTRIBUIDORA DE PERFUMES E COSMETICOS LTDA;07891033497652;UOMINI DES COL V6 100ml;4,000;360,36;90,09;143,56;0,00;0,00;216,80;60,16;151,02;12,85;12,85;A;;
10/09/2026;024617 - ACQUA DISTRIBUIDORA DE PERFUMES E COSMETICOS LTDA;07891033517046;GLAMOUR DES COL MIDNIGHT 75ml;1,000;193,88;193,88;37,39;0,00;0,00;156,49;80,71;418,53;9,27;22,12;A;;
10/09/2026;024617 - ACQUA DISTRIBUIDORA DE PERFUMES E COSMETICOS LTDA;07891033585267;QUASAR DES COL DEEP BLUE 100ml;2,000;282,60;141,30;151,36;0,00;0,00;131,24;46,44;86,71;7,78;29,90;A;;
10/09/2026;024617 - ACQUA DISTRIBUIDORA DE PERFUMES E COSMETICOS LTDA;07891033905133;MALBEC DES COL V7 100ml;1,000;174,90;174,90;44,53;0,00;0,00;130,37;74,54;292,77;7,72;37,62;A;;
10/09/2026;024617 - ACQUA DISTRIBUIDORA DE PERFUMES E COSMETICOS LTDA;07891033512423;QUASAR DES COL BRAVE V2 100ml;1,000;147,94;147,94;32,29;0,00;0,00;115,65;78,17;358,16;6,85;44,47;A;;
10/09/2026;024617 - ACQUA DISTRIBUIDORA DE PERFUMES E COSMETICOS LTDA;07891033766789;BOTICOLL STYLETTO DES COL 100ml V3;1,000;174,90;174,90;60,64;0,00;0,00;114,26;65,33;188,42;6,77;51,24;A;;
10/09/2026;024617 - ACQUA DISTRIBUIDORA DE PERFUMES E COSMETICOS LTDA;07891033877737;QUASAR DES COL RUSH V3 100ml;1,000;184,18;184,18;72,76;0,00;0,00;111,42;60,50;153,13;6,60;57,85;A;;
10/09/2026;024617 - ACQUA DISTRIBUIDORA DE PERFUMES E COSMETICOS LTDA;07891033583638;CBEM D/COL BDY SPLSH NUV/ALEG 200ml;2,000;143,59;71,79;40,10;0,00;0,00;103,49;72,07;258,08;6,13;63,98;A;;
10/09/2026;024617 - ACQUA DISTRIBUIDORA DE PERFUMES E COSMETICOS LTDA;07891033482962;FLORATTA DES COL ROSE BOUQUET 75ml;1,000;125,99;125,99;33,52;0,00;0,00;92,47;73,39;275,87;5,48;69,46;A;;
10/09/2026;024617 - ACQUA DISTRIBUIDORA DE PERFUMES E COSMETICOS LTDA;07891033492459;COFFEE D/COL DUO MAN FOUG/AMB V2 100ml;1,000;174,48;174,48;91,26;0,00;0,00;83,22;47,70;91,19;4,93;74,39;A;;
10/09/2026;024617 - ACQUA DISTRIBUIDORA DE PERFUMES E COSMETICOS LTDA;07891033744381;ARBO DES COL 100ml V4;1,000;120,09;120,09;38,92;0,00;0,00;81,17;67,59;208,56;4,81;79,20;A;;
10/09/2026;024617 - ACQUA DISTRIBUIDORA DE PERFUMES E COSMETICOS LTDA;07891033740437;LINDA DES COL V4 100ml;1,000;127,93;127,93;63,00;0,00;0,00;64,93;50,75;103,06;3,85;83,04;B;;
10/09/2026;024617 - ACQUA DISTRIBUIDORA DE PERFUMES E COSMETICOS LTDA;07891033880829;NSPA LOC DES HID CPO AMEIX/NEG V4 400ml;1,000;89,90;89,90;35,75;0,00;0,00;54,15;60,23;151,47;3,21;86,25;B;;
10/09/2026;024617 - ACQUA DISTRIBUIDORA DE PERFUMES E COSMETICOS LTDA;07891033744442;ARBO DES COL BOTANIC 100ml V2 RPCK;2,000;206,09;103,04;152,42;0,00;0,00;53,67;26,04;35,21;3,18;89,43;B;;
10/09/2026;024617 - ACQUA DISTRIBUIDORA DE PERFUMES E COSMETICOS LTDA;07891033826889;EGEO DES COL DOLCE C/CAR 90ml;1,000;113,90;113,90;63,60;0,00;0,00;50,30;44,16;79,09;2,98;92,41;B;;
10/09/2026;024617 - ACQUA DISTRIBUIDORA DE PERFUMES E COSMETICOS LTDA;07891033856060;INSENSATEZ DES COL V4 100ml;1,000;74,59;74,59;33,03;0,00;0,00;41,56;55,72;125,83;2,46;94,88;B;;
10/09/2026;024617 - ACQUA DISTRIBUIDORA DE PERFUMES E COSMETICOS LTDA;07891033826865;EGEO DES COL BLUE C/CAR 90ml;1,000;100,00;100,00;61,86;0,00;0,00;38,14;38,14;61,66;2,26;97,14;C;;
10/09/2026;024617 - ACQUA DISTRIBUIDORA DE PERFUMES E COSMETICOS LTDA;07891033536863;CBEM LOC DES HID CPO FEIRA BANANA 400ml;2,000;52,88;26,44;31,90;0,00;0,00;20,98;39,67;65,77;1,24;98,38;C;;
10/09/2026;024617 - ACQUA DISTRIBUIDORA DE PERFUMES E COSMETICOS LTDA;07891033831517;REF MATCH SHAMP LISO PROLONGADO 250ml;2,000;46,18;23,09;29,90;0,00;0,00;16,28;35,25;54,45;0,96;99,34;C;;
10/09/2026;024617 - ACQUA DISTRIBUIDORA DE PERFUMES E COSMETICOS LTDA;07891033947645;CBEM SAB BARRA LAVANDINHA 2x80g;1,000;19,88;19,88;8,81;0,00;0,00;11,07;55,68;125,65;0,66;100,00;C;;
10/09/2026;024668 - ACQUA DISTRIBUIDORA DE PERFUMES E COSMETICOS LTDA;07891033843879;MALBEC DES COL V6 100ml;2,000;307,16;153,58;82,80;0,00;0,00;224,36;73,04;270,97;7,19;7,19;A;;
10/09/2026;024668 - ACQUA DISTRIBUIDORA DE PERFUMES E COSMETICOS LTDA;07891033491544;COFFEE DES COL UNIQ WOM FL/GOURM 100ml;1,000;206,91;206,91;42,07;0,00;0,00;164,84;79,67;391,82;5,28;12,48;A;;
10/09/2026;024668 - ACQUA DISTRIBUIDORA DE PERFUMES E COSMETICOS LTDA;07891033843909;MALBEC DES COL MAGNETIC V3 100ml;1,000;222,35;222,35;63,44;0,00;0,00;158,91;71,47;250,49;5,09;17,57;A;;
10/09/2026;024668 - ACQUA DISTRIBUIDORA DE PERFUMES E COSMETICOS LTDA;07891033894710;BOTIK GEL/LIMP FAC CIC/PANT/CER PRM 50g;7,000;141,22;20,17;0,00;0,00;0,00;141,22;100,00;0,00;4,53;22,10;A;;
10/09/2026;024668 - ACQUA DISTRIBUIDORA DE PERFUMES E COSMETICOS LTDA;07891033878963;FLORATTA EDP RED PASSION V2 75ml;1,000;169,29;169,29;49,11;0,00;0,00;120,18;70,99;244,72;3,85;25,95;A;;
10/09/2026;024668 - ACQUA DISTRIBUIDORA DE PERFUMES E COSMETICOS LTDA;07891033497669;UOMINI DES COL BLACK V6 100ml;1,000;188,91;188,91;76,14;0,00;0,00;112,77;59,70;148,11;3,61;29,56;A;;
10/09/2026;024668 - ACQUA DISTRIBUIDORA DE PERFUMES E COSMETICOS LTDA;07891033744381;ARBO DES COL 100ml V4;2,000;261,20;130,60;150,74;0,00;0,00;110,46;42,29;73,28;3,54;33,11;A;;
10/09/2026;024668 - ACQUA DISTRIBUIDORA DE PERFUMES E COSMETICOS LTDA;07891033035304;CAIXA M INST 2021 VERDE ECONOMICA;32,000;101,45;3,17;0,00;0,00;0,00;101,45;100,00;0,00;3,25;36,36;A;;
10/09/2026;024668 - ACQUA DISTRIBUIDORA DE PERFUMES E COSMETICOS LTDA;07891033842131;EGEO DES COL VAN VIBE 90ml;1,000;129,90;129,90;32,78;0,00;0,00;97,12;74,77;296,28;3,11;39,47;A;;
10/09/2026;024668 - ACQUA DISTRIBUIDORA DE PERFUMES E COSMETICOS LTDA;07891033583720;FLORATTA DES COL ROM/VER V2 75ml;1,000;118,70;118,70;31,54;0,00;0,00;87,16;73,43;276,35;2,79;42,27;A;;
10/09/2026;024668 - ACQUA DISTRIBUIDORA DE PERFUMES E COSMETICOS LTDA;07891033869909;LIZ DES COL AURA 100ml;1,000;148,66;148,66;65,13;0,00;0,00;83,53;56,19;128,25;2,68;44,94;A;;
10/09/2026;024668 - ACQUA DISTRIBUIDORA DE PERFUMES E COSMETICOS LTDA;07891033524686;BOTIK GEL LIM FAC MIC AC MAN/SAL 50g PRM;4,000;82,81;20,70;0,00;0,00;0,00;82,81;100,00;0,00;2,65;47,60;A;;
10/09/2026;024668 - ACQUA DISTRIBUIDORA DE PERFUMES E COSMETICOS LTDA;07891033878031;MAKE B BATOM PREENCH HYAL CINNAMON 4g;2,000;114,77;57,38;35,42;0,00;0,00;79,35;69,14;224,03;2,54;50,14;A;;
10/09/2026;024668 - ACQUA DISTRIBUIDORA DE PERFUMES E COSMETICOS LTDA;07891033841820;LILY DES COL BDY SPLSH 200ml;1,000;96,35;96,35;21,18;0,00;0,00;75,17;78,02;354,91;2,41;52,55;A;;
10/09/2026;024668 - ACQUA DISTRIBUIDORA DE PERFUMES E COSMETICOS LTDA;07891033479085;DREAM DES COL SPLSH VIAG/ENC 200ml V2;1,000;119,90;119,90;46,76;0,00;0,00;73,14;61,00;156,42;2,34;54,90;A;;
10/09/2026;024668 - ACQUA DISTRIBUIDORA DE PERFUMES E COSMETICOS LTDA;07891033486342;DREAM DES COL SPLSH AMOR NO AR 200ml V2;1,000;115,65;115,65;46,09;0,00;0,00;69,56;60,15;150,92;2,23;57,12;A;;
10/09/2026;024668 - ACQUA DISTRIBUIDORA DE PERFUMES E COSMETICOS LTDA;07891033865055;REF CASA 214 AROMAT VAR VAN/SUBLIM 250ml;1,000;94,52;94,52;25,69;0,00;0,00;68,83;72,82;267,93;2,21;59,33;A;;
10/09/2026;024668 - ACQUA DISTRIBUIDORA DE PERFUMES E COSMETICOS LTDA;07891033856459;BOTICA 214 EDP ARAB/OASIS FOUG/AMB 90ml;1,000;165,05;165,05;97,06;0,00;0,00;67,99;41,19;70,05;2,18;61,51;A;;
10/09/2026;024668 - ACQUA DISTRIBUIDORA DE PERFUMES E COSMETICOS LTDA;07891033518029;BOTI BABY COL SOL V2 100ml;1,000;84,96;84,96;17,73;0,00;0,00;67,23;79,13;379,19;2,16;63,67;A;;
10/09/2026;024668 - ACQUA DISTRIBUIDORA DE PERFUMES E COSMETICOS LTDA;07891033906703;MAKE B BAS LIQ MATE SALICYLIC 260N 30g;1,000;87,25;87,25;20,46;0,00;0,00;66,79;76,55;326,44;2,14;65,81;A;;
10/09/2026;024668 - ACQUA DISTRIBUIDORA DE PERFUMES E COSMETICOS LTDA;07891033512362;CBEM DES COL BDY SPLSH PESSEGUR V2 200ml;1,000;82,28;82,28;18,06;0,00;0,00;64,22;78,05;355,59;2,06;67,87;A;;
10/09/2026;024668 - ACQUA DISTRIBUIDORA DE PERFUMES E COSMETICOS LTDA;07891033483037;FLORATTA DES COL RED V2 75ml;1,000;122,09;122,09;59,82;0,00;0,00;62,27;51,00;104,10;2,00;69,86;A;;
10/09/2026;024668 - ACQUA DISTRIBUIDORA DE PERFUMES E COSMETICOS LTDA;07891033581320;CBEM D/COL BDY SPLSH DEL/CHOCOLAT 200ml;1,000;93,90;93,90;31,89;0,00;0,00;62,01;66,04;194,45;1,99;71,85;A;;
10/09/2026;024668 - ACQUA DISTRIBUIDORA DE PERFUMES E COSMETICOS LTDA;07891033553662;ARBO DES COL ATLANTICA 100ml;1,000;136,44;136,44;75,37;0,00;0,00;61,07;44,76;81,03;1,96;73,81;A;;
10/09/2026;024668 - ACQUA DISTRIBUIDORA DE PERFUMES E COSMETICOS LTDA;07891033514410;DR BOTICA COL POCAO FORCA 120ml V2;1,000;76,04;76,04;17,98;0,00;0,00;58,06;76,35;322,91;1,86;75,67;A;;
10/09/2026;024668 - ACQUA DISTRIBUIDORA DE PERFUMES E COSMETICOS LTDA;07891033511235;CBEM DES COL BDY SPLSH BOA NOIT V2 200ml;1,000;91,48;91,48;36,52;0,00;0,00;54,96;60,08;150,49;1,76;77,43;A;;
10/09/2026;024668 - ACQUA DISTRIBUIDORA DE PERFUMES E COSMETICOS LTDA;07891033511655;CBEM SAB BARRA ROSA/ALGODAO 4x80g;3,000;94,16;31,39;41,34;0,00;0,00;52,82;56,10;127,77;1,69;79,12;A;;
10/09/2026;024668 - ACQUA DISTRIBUIDORA DE PERFUMES E COSMETICOS LTDA;07891033826889;EGEO DES COL DOLCE C/CAR 90ml;1,000;113,90;113,90;61,24;0,00;0,00;52,66;46,23;85,99;1,69;80,81;B;;
10/09/2026;024668 - ACQUA DISTRIBUIDORA DE PERFUMES E COSMETICOS LTDA;07891033909810;NSPA DES COL BDY SPLSH AMEIX/INT 200ml;1,000;71,03;71,03;20,36;0,00;0,00;50,67;71,34;248,87;1,62;82,44;B;;
10/09/2026;024668 - ACQUA DISTRIBUIDORA DE PERFUMES E COSMETICOS LTDA;07891033740437;LINDA DES COL V4 100ml;1,000;128,90;128,90;78,75;0,00;0,00;50,15;38,91;63,68;1,61;84,04;B;;
10/09/2026;024668 - ACQUA DISTRIBUIDORA DE PERFUMES E COSMETICOS LTDA;07891033578290;NSPA LOC DES AVELUD CPO CER/ROUGE 400ml;1,000;67,17;67,17;17,56;0,00;0,00;49,61;73,86;282,52;1,59;85,63;B;;
10/09/2026;024668 - ACQUA DISTRIBUIDORA DE PERFUMES E COSMETICOS LTDA;07891033957705;BOTIK GEL/LIMP FAC CIC/PANT/CER 200g;1,000;60,52;60,52;13,80;0,00;0,00;46,72;77,20;338,55;1,50;87,13;B;;
10/09/2026;024668 - ACQUA DISTRIBUIDORA DE PERFUMES E COSMETICOS LTDA;07891033487844;ZAAD DES ANTIT AER 75g V7;2,000;67,80;33,90;23,24;0,00;0,00;44,56;65,72;191,74;1,43;88,56;B;;
10/09/2026;024668 - ACQUA DISTRIBUIDORA DE PERFUMES E COSMETICOS LTDA;07891033886951;CBEM LOC DES HID CP R/ALG N/FORM 200ml;1,000;51,21;51,21;8,83;0,00;0,00;42,38;82,76;479,95;1,36;89,92;B;;
10/09/2026;024668 - ACQUA DISTRIBUIDORA DE PERFUMES E COSMETICOS LTDA;07891033957958;NSPA CR PERF DES HID CPO AMEIX/INT 400ml;1,000;58,78;58,78;16,95;0,00;0,00;41,83;71,16;246,78;1,34;91,26;B;;
10/09/2026;024668 - ACQUA DISTRIBUIDORA DE PERFUMES E COSMETICOS LTDA;07891033499038;CBEM LOC DES HID CPO PESSEGURA V2 200ml;1,000;49,34;49,34;9,02;0,00;0,00;40,32;81,72;447,01;1,29;92,55;B;;
10/09/2026;024668 - ACQUA DISTRIBUIDORA DE PERFUMES E COSMETICOS LTDA;07891033869886;LIZ CREM DES HID CPO AURA 250g;1,000;63,66;63,66;28,55;0,00;0,00;35,11;55,15;122,98;1,13;93,68;B;;
10/09/2026;024668 - ACQUA DISTRIBUIDORA DE PERFUMES E COSMETICOS LTDA;07891033578337;NSPA SAB LIQ PERF CPO CER/ROUGE 250ml;1,000;44,75;44,75;11,54;0,00;0,00;33,21;74,21;287,78;1,06;94,74;B;;
10/09/2026;024668 - ACQUA DISTRIBUIDORA DE PERFUMES E COSMETICOS LTDA;07891033850549;EGEO DES COL DOLCE ILLUSION 90ml;1,000;89,01;89,01;61,22;0,00;0,00;27,79;31,22;45,39;0,89;95,63;C;;
10/09/2026;024668 - ACQUA DISTRIBUIDORA DE PERFUMES E COSMETICOS LTDA;07891033957989;NSPA CR PERF DES HID CP AMEIX/INT 180ml;1,000;48,55;48,55;21,23;0,00;0,00;27,32;56,27;128,69;0,88;96,51;C;;
10/09/2026;024668 - ACQUA DISTRIBUIDORA DE PERFUMES E COSMETICOS LTDA;07891033944996;CBEM SAB BARRA PESSEGURA V3 4x80g;1,000;33,73;33,73;10,70;0,00;0,00;23,03;68,28;215,23;0,74;97,25;C;;
10/09/2026;024668 - ACQUA DISTRIBUIDORA DE PERFUMES E COSMETICOS LTDA;07891033896639;CBEM SAB BARRA DELEITE ESPEC 2x90g;1,000;28,90;28,90;9,96;0,00;0,00;18,94;65,54;190,16;0,61;97,85;C;;
10/09/2026;024668 - ACQUA DISTRIBUIDORA DE PERFUMES E COSMETICOS LTDA;07891033756285;INTENSE PO COMPACTO FACIAL 30 5g;1,000;46,71;46,71;29,02;0,00;0,00;17,69;37,87;60,96;0,57;98,42;C;;
10/09/2026;024668 - ACQUA DISTRIBUIDORA DE PERFUMES E COSMETICOS LTDA;07891033896943;MATCH COND ESC/HID 280ml;1,000;38,37;38,37;21,32;0,00;0,00;17,05;44,44;79,97;0,55;98,97;C;;
10/09/2026;024668 - ACQUA DISTRIBUIDORA DE PERFUMES E COSMETICOS LTDA;07891033896936;MATCH SHAMP ESC/HID 300ml;1,000;36,83;36,83;21,32;0,00;0,00;15,51;42,11;72,75;0,50;99,46;C;;
10/09/2026;024668 - ACQUA DISTRIBUIDORA DE PERFUMES E COSMETICOS LTDA;07891033498932;CBEM LOC DES HID CPO ROS/ALG V3 400ml;1,000;44,13;44,13;28,85;0,00;0,00;15,28;34,62;52,96;0,49;99,95;C;;
10/09/2026;024668 - ACQUA DISTRIBUIDORA DE PERFUMES E COSMETICOS LTDA;07891033765980;INTENSE LAP BAT NUDE 12g;1,000;24,11;24,11;12,89;0,00;0,00;11,22;46,54;87,04;0,36;100,31;C;;
10/09/2026;024668 - ACQUA DISTRIBUIDORA DE PERFUMES E COSMETICOS LTDA;07891033511662;CBEM SAB BARRA ROSA/ALGODAO V8 2x80g;1,000;17,91;17,91;7,21;0,00;0,00;10,70;59,74;148,40;0,34;100,66;C;;
10/09/2026;024668 - ACQUA DISTRIBUIDORA DE PERFUMES E COSMETICOS LTDA;07891033582365;CBEM LOC DES HID CPO NUV/ALEGRIA 400ml;1,000;22,06;22,06;14,02;0,00;0,00;8,04;36,45;57,35;0,26;100,91;C;;
10/09/2026;024668 - ACQUA DISTRIBUIDORA DE PERFUMES E COSMETICOS LTDA;07891033512317;CBEM SAB BARRA CEREJA LIVRE V2 2x80g;1,000;13,94;13,94;7,45;0,00;0,00;6,49;46,56;87,11;0,21;101,12;C;;
10/09/2026;024668 - ACQUA DISTRIBUIDORA DE PERFUMES E COSMETICOS LTDA;07891033882984;ZAAD EDP INFINITY PRM 10ml;1,000;1,50;1,50;6,42;0,00;0,00;-4,92;-328,00;-76,64;-0,16;100,97;C;;
10/09/2026;024668 - ACQUA DISTRIBUIDORA DE PERFUMES E COSMETICOS LTDA;07891033894697;BOTIK SRUM FAC ALT/POT AC/HIAL PRM 10ml;1,000;1,50;1,50;7,19;0,00;0,00;-5,69;-379,33;-79,14;-0,18;100,78;C;;
10/09/2026;024668 - ACQUA DISTRIBUIDORA DE PERFUMES E COSMETICOS LTDA;07891033957996;NSPA CR PERF DES HID CP AMX/INT PRM 50ml;11,000;0,11;0,01;24,53;0,00;0,00;-24,42;-22200,00;-99,55;-0,78;100,00;C;;
10/09/2026;024669 - 24669 ACQUA DISTRIBUIDORA DE PERFUMES E;07891033843879;MALBEC DES COL V6 100ml;2,000;298,65;149,32;82,80;0,00;0,00;215,85;72,28;260,69;8,83;8,83;A;;
10/09/2026;024669 - 24669 ACQUA DISTRIBUIDORA DE PERFUMES E;07891033550838;NEXT COLONIA 75ml;3,000;293,95;97,98;94,08;0,00;0,00;199,87;67,99;212,45;8,17;17,00;A;;
10/09/2026;024669 - 24669 ACQUA DISTRIBUIDORA DE PERFUMES E;07891033492503;COFFEE D/C DUO/WOM/ORIENT/AMAD V2 100ml;1,000;215,00;215,00;43,17;0,00;0,00;171,83;79,92;398,03;7,03;24,03;A;;
10/09/2026;024669 - 24669 ACQUA DISTRIBUIDORA DE PERFUMES E;07891033899586;ESTJ MALBEC X AMOR/26;1,000;218,07;218,07;90,80;0,00;0,00;127,27;58,36;140,17;5,21;29,24;A;;
10/09/2026;024669 - 24669 ACQUA DISTRIBUIDORA DE PERFUMES E;07891033487011;EGEO DES COL BEAT 90ml V2;1,000;164,90;164,90;39,73;0,00;0,00;125,17;75,91;315,05;5,12;34,36;A;;
10/09/2026;024669 - 24669 ACQUA DISTRIBUIDORA DE PERFUMES E;07891033855674;ESTJ MALBEC BLACK PAIS/25;1,000;232,69;232,69;122,03;0,00;0,00;110,66;47,56;90,68;4,53;38,88;A;;
10/09/2026;024669 - 24669 ACQUA DISTRIBUIDORA DE PERFUMES E;07891033483075;FLORATTA DES COL F/SECRET V3 75ml;1,000;141,67;141,67;34,67;0,00;0,00;107,00;75,53;308,62;4,38;43,26;A;;
10/09/2026;024669 - 24669 ACQUA DISTRIBUIDORA DE PERFUMES E;07891033864324;ESTJ EGEO DOLCE REG/25;1,000;159,89;159,89;67,83;0,00;0,00;92,06;57,58;135,72;3,77;47,02;A;;
10/09/2026;024669 - 24669 ACQUA DISTRIBUIDORA DE PERFUMES E;07891033520527;CELEBRE DES COL MASC AGORA 100ml;1,000;108,53;108,53;19,97;0,00;0,00;88,56;81,60;443,47;3,62;50,64;A;;
10/09/2026;024669 - 24669 ACQUA DISTRIBUIDORA DE PERFUMES E;07891033841820;LILY DES COL BDY SPLSH 200ml;1,000;89,49;89,49;21,18;0,00;0,00;68,31;76,33;322,52;2,79;53,44;A;;
10/09/2026;024669 - 24669 ACQUA DISTRIBUIDORA DE PERFUMES E;07891033860593;SOPHIE SPLSH CPO/CAB SHIM CHAP/CIN 110ml;1,000;79,90;79,90;15,86;0,00;0,00;64,04;80,15;403,78;2,62;56,06;A;;
10/09/2026;024669 - 24669 ACQUA DISTRIBUIDORA DE PERFUMES E;07891033740437;LINDA DES COL V4 100ml;1,000;119,40;119,40;55,69;0,00;0,00;63,71;53,36;114,40;2,61;58,66;A;;
10/09/2026;024669 - 24669 ACQUA DISTRIBUIDORA DE PERFUMES E;07891033524686;BOTIK GEL LIM FAC MIC AC MAN/SAL 50g PRM;4,000;62,49;15,62;0,00;0,00;0,00;62,49;100,00;0,00;2,56;61,22;A;;
10/09/2026;024669 - 24669 ACQUA DISTRIBUIDORA DE PERFUMES E;07891033498123;EGEO DES COL ORIGNL 90ml V2;1,000;122,90;122,90;61,18;0,00;0,00;61,72;50,22;100,88;2,52;63,74;A;;
10/09/2026;024669 - 24669 ACQUA DISTRIBUIDORA DE PERFUMES E;07891033882090;ESTJ NSPA AMEIXA REG/25;1,000;105,90;105,90;44,19;0,00;0,00;61,71;58,27;139,65;2,52;66,27;A;;
10/09/2026;024669 - 24669 ACQUA DISTRIBUIDORA DE PERFUMES E;07891033880829;NSPA LOC DES HID CPO AMEIX/NEG V4 400ml;1,000;78,53;78,53;16,87;0,00;0,00;61,66;78,52;365,50;2,52;68,79;A;;
10/09/2026;024669 - 24669 ACQUA DISTRIBUIDORA DE PERFUMES E;07891033903818;PMPCK MALBEC DES BODY SPRAY;1,000;79,35;79,35;19,13;0,00;0,00;60,22;75,89;314,79;2,46;71,25;A;;
10/09/2026;024669 - 24669 ACQUA DISTRIBUIDORA DE PERFUMES E;07891033957989;NSPA CR PERF DES HID CP AMEIX/INT 180ml;2,000;106,43;53,21;51,10;0,00;0,00;55,33;51,99;108,28;2,26;73,52;A;;
10/09/2026;024669 - 24669 ACQUA DISTRIBUIDORA DE PERFUMES E;07891033857968;ELYSEE CREM DES HID CPO ACET V2 250g;1,000;89,88;89,88;34,88;0,00;0,00;55,00;61,19;157,68;2,25;75,76;A;;
10/09/2026;024669 - 24669 ACQUA DISTRIBUIDORA DE PERFUMES E;07891033897896;MATCH MASC CAP NUTRICAO PROFUNDA V3 70g;4,000;91,02;22,75;38,84;0,00;0,00;52,18;57,33;134,35;2,13;77,90;A;;
10/09/2026;024669 - 24669 ACQUA DISTRIBUIDORA DE PERFUMES E;07891033499038;CBEM LOC DES HID CPO PESSEGURA V2 200ml;1,000;56,90;56,90;9,02;0,00;0,00;47,88;84,15;530,82;1,96;79,86;A;;
10/09/2026;024669 - 24669 ACQUA DISTRIBUIDORA DE PERFUMES E;07891033909810;NSPA DES COL BDY SPLSH AMEIX/INT 200ml;1,000;87,20;87,20;42,28;0,00;0,00;44,92;51,51;106,24;1,84;81,69;B;;
10/09/2026;024669 - 24669 ACQUA DISTRIBUIDORA DE PERFUMES E;07891033828159;MAKE B DEMAQ BIF MICLR 110ml V3;1,000;71,57;71,57;27,45;0,00;0,00;44,12;61,65;160,73;1,80;83,50;B;;
10/09/2026;024669 - 24669 ACQUA DISTRIBUIDORA DE PERFUMES E;07891033751648;SOPHIE CREM PENT CACH 200ML;1,000;43,66;43,66;0,00;0,00;0,00;43,66;100,00;0,00;1,79;85,28;B;;
10/09/2026;024669 - 24669 ACQUA DISTRIBUIDORA DE PERFUMES E;07891033816248;MAKE B BAT MATE C/AC POLIGL HOT BROWN 4g;1,000;58,14;58,14;18,60;0,00;0,00;39,54;68,01;212,58;1,62;86,90;B;;
10/09/2026;024669 - 24669 ACQUA DISTRIBUIDORA DE PERFUMES E;07891033594382;EGEO DES COL CHOC HIGH 10ml PRM;4,000;59,44;14,86;24,36;0,00;0,00;35,08;59,02;144,01;1,43;88,34;B;;
10/09/2026;024669 - 24669 ACQUA DISTRIBUIDORA DE PERFUMES E;07891033733675;EGEO DES BDY SPR BLUE 100ml V2 PCK;1,000;41,90;41,90;8,18;0,00;0,00;33,72;80,48;412,22;1,38;89,72;B;;
10/09/2026;024669 - 24669 ACQUA DISTRIBUIDORA DE PERFUMES E;07891033595167;REF NSPA LOC DES HID CPO AMEI/NEG 350ml;1,000;60,04;60,04;27,08;0,00;0,00;32,96;54,90;121,71;1,35;91,06;B;;
10/09/2026;024669 - 24669 ACQUA DISTRIBUIDORA DE PERFUMES E;07891033044818;BOTIK CREM HID FAC FIRM AC/POLIGL 50g;1,000;66,20;66,20;35,36;0,00;0,00;30,84;46,59;87,22;1,26;92,33;B;;
10/09/2026;024669 - 24669 ACQUA DISTRIBUIDORA DE PERFUMES E;07891033846825;MALBEC SAB BARRA CUIDADOS 2x80g;1,000;31,90;31,90;7,43;0,00;0,00;24,47;76,71;329,34;1,00;93,33;B;;
10/09/2026;024669 - 24669 ACQUA DISTRIBUIDORA DE PERFUMES E;07891033896943;MATCH COND ESC/HID 280ml;1,000;44,70;44,70;21,32;0,00;0,00;23,38;52,30;109,66;0,96;94,28;B;;
10/09/2026;024669 - 24669 ACQUA DISTRIBUIDORA DE PERFUMES E;07891033511679;CBEM DES ANTIT CREM S/PERF V2 80g;1,000;33,02;33,02;10,45;0,00;0,00;22,57;68,35;215,98;0,92;95,21;C;;
10/09/2026;024669 - 24669 ACQUA DISTRIBUIDORA DE PERFUMES E;07891033896936;MATCH SHAMP ESC/HID 300ml;1,000;42,90;42,90;21,32;0,00;0,00;21,58;50,30;101,22;0,88;96,09;C;;
10/09/2026;024669 - 24669 ACQUA DISTRIBUIDORA DE PERFUMES E;07891033945382;NSPA SAB BARRA CORP AMEI/NEG V4 2x90g;1,000;26,12;26,12;8,85;0,00;0,00;17,27;66,12;195,14;0,71;96,79;C;;
10/09/2026;024669 - 24669 ACQUA DISTRIBUIDORA DE PERFUMES E;07891033945108;BOTIK BALM LAB HID AC/HIALUR V2 32g;1,000;28,15;28,15;11,11;0,00;0,00;17,04;60,53;153,38;0,70;97,49;C;;
10/09/2026;024669 - 24669 ACQUA DISTRIBUIDORA DE PERFUMES E;07891033520053;REF NSPA LOC RAD D H CPO AMEI DOUR 350ml;1,000;25,32;25,32;11,41;0,00;0,00;13,91;54,94;121,91;0,57;98,06;C;;
10/09/2026;024669 - 24669 ACQUA DISTRIBUIDORA DE PERFUMES E;07891033535088;CBEM LOC DES HID CPO SHOW BNH V2 400ml;1,000;25,33;25,33;12,08;0,00;0,00;13,25;52,31;109,69;0,54;98,60;C;;
10/09/2026;024669 - 24669 ACQUA DISTRIBUIDORA DE PERFUMES E;07891033511662;CBEM SAB BARRA ROSA/ALGODAO V8 2x80g;1,000;17,91;17,91;7,21;0,00;0,00;10,70;59,74;148,40;0,44;99,04;C;;
10/09/2026;024669 - 24669 ACQUA DISTRIBUIDORA DE PERFUMES E;07891033539710;CBEM MASC CAP SCH FEIRA PASTA ABAC 30ml;1,000;16,21;16,21;7,25;0,00;0,00;8,96;55,27;123,59;0,37;99,41;C;;
10/09/2026;024669 - 24669 ACQUA DISTRIBUIDORA DE PERFUMES E;07891033950126;COFFEE D/COL WOM/ADD OR/FRUT PRM V2 10ml;1,000;15,80;15,80;7,47;0,00;0,00;8,33;52,72;111,51;0,34;99,75;C;;
10/09/2026;024669 - 24669 ACQUA DISTRIBUIDORA DE PERFUMES E;07891033569915;CBEM COND MANGA FEIRA BRASIL 170ml;1,000;17,25;17,25;10,55;0,00;0,00;6,70;38,84;63,51;0,27;100,02;C;;
10/09/2026;024669 - 24669 ACQUA DISTRIBUIDORA DE PERFUMES E;07891033909544;GLAMOUR DES COL INTENSE PRM 10ml;1,000;10,11;10,11;6,19;0,00;0,00;3,92;38,77;63,33;0,16;100,18;C;;
10/09/2026;024669 - 24669 ACQUA DISTRIBUIDORA DE PERFUMES E;07891033492862;ZAAD BALM POS BARBA 40g V3;1,000;8,28;8,28;8,27;0,00;0,00;0,01;0,12;0,12;0,00;100,18;C;;
10/09/2026;024669 - 24669 ACQUA DISTRIBUIDORA DE PERFUMES E;07891033957996;NSPA CR PERF DES HID CP AMX/INT PRM 50ml;2,000;0,02;0,01;4,46;0,00;0,00;-4,44;-22200,00;-99,55;-0,18;100,00;C;;
10/09/2026;024670 - ACQUA DISTRIBUIDORA DE PERFUMES E COSMETICOS LTDA;07891033905133;MALBEC DES COL V7 100ml;4,000;631,97;157,99;178,88;0,00;0,00;453,09;71,69;253,29;16,39;16,39;A;;
10/09/2026;024670 - ACQUA DISTRIBUIDORA DE PERFUMES E COSMETICOS LTDA;07891033740437;LINDA DES COL V4 100ml;2,000;249,23;124,61;86,86;0,00;0,00;162,37;65,15;186,93;5,87;22,26;A;;
10/09/2026;024670 - ACQUA DISTRIBUIDORA DE PERFUMES E COSMETICOS LTDA;07891033535187;ELYSEE EDP V2 50ml;1,000;209,38;209,38;60,48;0,00;0,00;148,90;71,11;246,20;5,39;27,65;A;;
10/09/2026;024670 - ACQUA DISTRIBUIDORA DE PERFUMES E COSMETICOS LTDA;07891033881352;FLORATTA EDP ROSE SUCREE 75ml;1,000;186,00;186,00;51,60;0,00;0,00;134,40;72,26;260,47;4,86;32,51;A;;
10/09/2026;024670 - ACQUA DISTRIBUIDORA DE PERFUMES E COSMETICOS LTDA;07891033880829;NSPA LOC DES HID CPO AMEIX/NEG V4 400ml;2,000;166,77;83,38;33,70;0,00;0,00;133,07;79,79;394,87;4,81;37,32;A;;
10/09/2026;024670 - ACQUA DISTRIBUIDORA DE PERFUMES E COSMETICOS LTDA;07891033882038;LILY CREM ACET DES HID CPO V9 250g;1,000;142,37;142,37;17,60;0,00;0,00;124,77;87,64;708,92;4,51;41,83;A;;
10/09/2026;024670 - ACQUA DISTRIBUIDORA DE PERFUMES E COSMETICOS LTDA;07891033862061;ESTJ HER CODE REG/25;1,000;227,15;227,15;104,78;0,00;0,00;122,37;53,87;116,79;4,43;46,26;A;;
10/09/2026;024670 - ACQUA DISTRIBUIDORA DE PERFUMES E COSMETICOS LTDA;07891033506774;CLASH DES COL 100ml;1,000;137,63;137,63;37,78;0,00;0,00;99,85;72,55;264,29;3,61;49,87;A;;
10/09/2026;024670 - ACQUA DISTRIBUIDORA DE PERFUMES E COSMETICOS LTDA;07891033826858;EGEO DES COL BOMB BLACK C/CAR 90ml;1,000;115,56;115,56;28,79;0,00;0,00;86,77;75,09;301,39;3,14;53,01;A;;
10/09/2026;024670 - ACQUA DISTRIBUIDORA DE PERFUMES E COSMETICOS LTDA;07891033482801;NSPA DES COL BDY SPLSH AMEI/NEG 200ml V2;1,000;105,30;105,30;19,86;0,00;0,00;85,44;81,14;430,21;3,09;56,10;A;;
10/09/2026;024670 - ACQUA DISTRIBUIDORA DE PERFUMES E COSMETICOS LTDA;07891033553570;MALBEC EDP 90ml;1,000;198,14;198,14;115,35;0,00;0,00;82,79;41,78;71,77;2,99;59,09;A;;
10/09/2026;024670 - ACQUA DISTRIBUIDORA DE PERFUMES E COSMETICOS LTDA;07891033050093;MA CHERIE DES COL 100ml V6;1,000;110,98;110,98;31,91;0,00;0,00;79,07;71,25;247,79;2,86;61,95;A;;
10/09/2026;024670 - ACQUA DISTRIBUIDORA DE PERFUMES E COSMETICOS LTDA;07891033553662;ARBO DES COL ATLANTICA 100ml;1,000;118,18;118,18;40,16;0,00;0,00;78,02;66,02;194,27;2,82;64,78;A;;
10/09/2026;024670 - ACQUA DISTRIBUIDORA DE PERFUMES E COSMETICOS LTDA;07891033857968;ELYSEE CREM DES HID CPO ACET V2 250g;1,000;102,05;102,05;35,46;0,00;0,00;66,59;65,25;187,79;2,41;67,19;A;;
10/09/2026;024670 - ACQUA DISTRIBUIDORA DE PERFUMES E COSMETICOS LTDA;07891033958016;NSPA OL GLOR DES HID CPO AMEIX/INT 200ml;1,000;84,90;84,90;22,63;0,00;0,00;62,27;73,35;275,17;2,25;69,44;A;;
10/09/2026;024670 - ACQUA DISTRIBUIDORA DE PERFUMES E COSMETICOS LTDA;07891033533862;BOTIK PROT SOL FAC FPS 80 AC/HIAL 40ml;1,000;85,43;85,43;26,85;0,00;0,00;58,58;68,57;218,18;2,12;71,56;A;;
10/09/2026;024670 - ACQUA DISTRIBUIDORA DE PERFUMES E COSMETICOS LTDA;07891033554072;BOTIK CR NUTR FIRM ROS/PESC RESV/SIL 40g;1,000;124,90;124,90;66,56;0,00;0,00;58,34;46,71;87,65;2,11;73,67;A;;
10/09/2026;024670 - ACQUA DISTRIBUIDORA DE PERFUMES E COSMETICOS LTDA;07891033499571;REF NSPA LOC DES HID CPO ORQ NOIRE 350ml;1,000;69,90;69,90;12,67;0,00;0,00;57,23;81,87;451,70;2,07;75,74;A;;
10/09/2026;024670 - ACQUA DISTRIBUIDORA DE PERFUMES E COSMETICOS LTDA;07891033854196;NSPA CR PERF DES CPO ROS/SECRETAS 400ml;1,000;86,13;86,13;33,25;0,00;0,00;52,88;61,40;159,04;1,91;77,65;A;;
10/09/2026;024670 - ACQUA DISTRIBUIDORA DE PERFUMES E COSMETICOS LTDA;07891033486809;REF NSPA LOC FIRM D H CPO QUIN 400ml V2;1,000;69,90;69,90;17,53;0,00;0,00;52,37;74,92;298,75;1,89;79,54;A;;
10/09/2026;024670 - ACQUA DISTRIBUIDORA DE PERFUMES E COSMETICOS LTDA;07891033850976;NSPA OL GLOR DES HID CPO AMEIX/NEG 200ml;1,000;95,72;95,72;43,66;0,00;0,00;52,06;54,39;119,24;1,88;81,43;B;;
10/09/2026;024670 - ACQUA DISTRIBUIDORA DE PERFUMES E COSMETICOS LTDA;07891033554034;BOTIK SRUM FAC ALT/POT RESV/SILICIO 30ml;1,000;125,90;125,90;74,19;0,00;0,00;51,71;41,07;69,70;1,87;83,30;B;;
10/09/2026;024670 - ACQUA DISTRIBUIDORA DE PERFUMES E COSMETICOS LTDA;07891033882014;REF LILY CR ACET DES HID CPO V3 250g;1,000;88,87;88,87;39,29;0,00;0,00;49,58;55,79;126,19;1,79;85,09;B;;
10/09/2026;024670 - ACQUA DISTRIBUIDORA DE PERFUMES E COSMETICOS LTDA;07891033903818;PMPCK MALBEC DES BODY SPRAY;1,000;66,35;66,35;19,11;0,00;0,00;47,24;71,20;247,20;1,71;86,80;B;;
10/09/2026;024670 - ACQUA DISTRIBUIDORA DE PERFUMES E COSMETICOS LTDA;07891033826889;EGEO DES COL DOLCE C/CAR 90ml;1,000;101,32;101,32;56,88;0,00;0,00;44,44;43,86;78,13;1,61;88,41;B;;
10/09/2026;024670 - ACQUA DISTRIBUIDORA DE PERFUMES E COSMETICOS LTDA;07891033860777;COFFEE DES ANTIT AER ORIENT/AMB 125ml;4,000;94,40;23,60;50,88;0,00;0,00;43,52;46,10;85,53;1,57;89,98;B;;
10/09/2026;024670 - ACQUA DISTRIBUIDORA DE PERFUMES E COSMETICOS LTDA;07891033893669;NSPA DES COL BDY SPLSH ROSAS/SCRT 200ml;1,000;84,22;84,22;42,45;0,00;0,00;41,77;49,60;98,40;1,51;91,49;B;;
10/09/2026;024670 - ACQUA DISTRIBUIDORA DE PERFUMES E COSMETICOS LTDA;07891033966066;BOTIK BALM HID LAB FPS 15 32g;3,000;91,25;30,42;53,94;0,00;0,00;37,31;40,89;69,17;1,35;92,84;B;;
10/09/2026;024670 - ACQUA DISTRIBUIDORA DE PERFUMES E COSMETICOS LTDA;07891033489978;NSPA OL DES HID CPO AMEI 200ml V3;1,000;55,89;55,89;21,34;0,00;0,00;34,55;61,82;161,90;1,25;94,09;B;;
10/09/2026;024670 - ACQUA DISTRIBUIDORA DE PERFUMES E COSMETICOS LTDA;07891033878024;MAKE B BATOM PREENCH HYAL NUDE CHIC 4g;1,000;58,21;58,21;26,92;0,00;0,00;31,29;53,75;116,23;1,13;95,22;C;;
10/09/2026;024670 - ACQUA DISTRIBUIDORA DE PERFUMES E COSMETICOS LTDA;07891033882984;ZAAD EDP INFINITY PRM 10ml;3,000;45,86;15,29;19,32;0,00;0,00;26,54;57,87;137,37;0,96;96,18;C;;
10/09/2026;024670 - ACQUA DISTRIBUIDORA DE PERFUMES E COSMETICOS LTDA;07891033848089;BOTIK REPAR LAB CIC/PANT/CER 75ml;2,000;56,76;28,38;32,90;0,00;0,00;23,86;42,04;72,52;0,86;97,04;C;;
10/09/2026;024670 - ACQUA DISTRIBUIDORA DE PERFUMES E COSMETICOS LTDA;07891033497652;UOMINI DES COL V6 100ml;2,000;175,48;87,74;152,36;0,00;0,00;23,12;13,18;15,17;0,84;97,88;C;;
10/09/2026;024670 - ACQUA DISTRIBUIDORA DE PERFUMES E COSMETICOS LTDA;07891033957972;REF NSPA CR PERF DES HID CP AM/INT 350ml;1,000;49,76;49,76;28,35;0,00;0,00;21,41;43,03;75,52;0,77;98,66;C;;
10/09/2026;024670 - ACQUA DISTRIBUIDORA DE PERFUMES E COSMETICOS LTDA;07891033051250;MA CHERIE LOC DESC HID CPO 200ml;1,000;43,47;43,47;25,76;0,00;0,00;17,71;40,74;68,75;0,64;99,30;C;;
10/09/2026;024670 - ACQUA DISTRIBUIDORA DE PERFUMES E COSMETICOS LTDA;07891033521562;INTENSE BAT LIQ TINT 16H SUPF 425 V3 5ml;1,000;36,27;36,27;25,50;0,00;0,00;10,77;29,69;42,24;0,39;99,69;C;;
10/09/2026;024670 - ACQUA DISTRIBUIDORA DE PERFUMES E COSMETICOS LTDA;07891033512317;CBEM SAB BARRA CEREJA LIVRE V2 2x80g;1,000;16,95;16,95;7,39;0,00;0,00;9,56;56,40;129,36;0,35;100,03;C;;
10/09/2026;024670 - ACQUA DISTRIBUIDORA DE PERFUMES E COSMETICOS LTDA;07891033480593;REF LILY CR H DES ACET CPO LOVE 250g V2;1,000;23,24;23,24;15,23;0,00;0,00;8,01;34,47;52,59;0,29;100,32;C;;
10/09/2026;024670 - ACQUA DISTRIBUIDORA DE PERFUMES E COSMETICOS LTDA;07891033957996;NSPA CR PERF DES HID CP AMX/INT PRM 50ml;4,000;0,04;0,01;8,92;0,00;0,00;-8,88;-22200,00;-99,55;-0,32;100,00;C;;
10/09/2026;024671 - 24671 ACQUA DISTRIBUIDORA DE PERFUMES E;07891033902378;ESTJ ZAAD PAIS/26;1,000;289,40;289,40;119,71;0,00;0,00;169,69;58,64;141,75;12,36;12,36;A;;
10/09/2026;024671 - 24671 ACQUA DISTRIBUIDORA DE PERFUMES E;07891033045396;BOTIK CR FAC FIRMADOR AC/HIAL 40g V2;1,000;147,28;147,28;44,75;0,00;0,00;102,53;69,62;229,12;7,47;19,83;A;;
10/09/2026;024671 - 24671 ACQUA DISTRIBUIDORA DE PERFUMES E;07891033771387;BOTIK CR CON OLH RED/RUG AC/HIAL CAF 15g;1,000;126,10;126,10;26,14;0,00;0,00;99,96;79,27;382,40;7,28;27,11;A;;
10/09/2026;024671 - 24671 ACQUA DISTRIBUIDORA DE PERFUMES E;07891033277070;BOTICOLL CONNEXION DES COL 100ml V2;1,000;129,51;129,51;31,94;0,00;0,00;97,57;75,34;305,48;7,11;34,22;A;;
10/09/2026;024671 - 24671 ACQUA DISTRIBUIDORA DE PERFUMES E;07891033553662;ARBO DES COL ATLANTICA 100ml;1,000;135,27;135,27;38,77;0,00;0,00;96,50;71,34;248,90;7,03;41,25;A;;
10/09/2026;024671 - 24671 ACQUA DISTRIBUIDORA DE PERFUMES E;07891033843879;MALBEC DES COL V6 100ml;1,000;174,90;174,90;82,64;0,00;0,00;92,26;52,75;111,64;6,72;47,97;A;;
10/09/2026;024671 - 24671 ACQUA DISTRIBUIDORA DE PERFUMES E;07891033902385;ESTJ MALBEC PAIS/26;1,000;200,98;200,98;117,67;0,00;0,00;83,31;41,45;70,80;6,07;54,04;A;;
10/09/2026;024671 - 24671 ACQUA DISTRIBUIDORA DE PERFUMES E;07891033482962;FLORATTA DES COL ROSE BOUQUET 75ml;1,000;109,99;109,99;33,15;0,00;0,00;76,84;69,86;231,79;5,60;59,64;A;;
10/09/2026;024671 - 24671 ACQUA DISTRIBUIDORA DE PERFUMES E;07891033826889;EGEO DES COL DOLCE C/CAR 90ml;1,000;87,35;87,35;30,23;0,00;0,00;57,12;65,39;188,95;4,16;63,80;A;;
10/09/2026;024671 - 24671 ACQUA DISTRIBUIDORA DE PERFUMES E;07891033909810;NSPA DES COL BDY SPLSH AMEIX/INT 200ml;1,000;76,73;76,73;20,36;0,00;0,00;56,37;73,47;276,87;4,11;67,91;A;;
10/09/2026;024671 - 24671 ACQUA DISTRIBUIDORA DE PERFUMES E;07891033874910;BOTIK GEL LIMP F MCL AC MAND/SAL V2 150g;1,000;59,71;59,71;10,73;0,00;0,00;48,98;82,03;456,48;3,57;71,48;A;;
10/09/2026;024671 - 24671 ACQUA DISTRIBUIDORA DE PERFUMES E;07891033538386;BOTIK PROT SOL FAC FPS 50 AC/HIAL 40ml;2,000;94,47;47,23;47,70;0,00;0,00;46,77;49,51;98,05;3,41;74,88;A;;
10/09/2026;024671 - 24671 ACQUA DISTRIBUIDORA DE PERFUMES E;07891033957958;NSPA CR PERF DES HID CPO AMEIX/INT 400ml;1,000;63,51;63,51;16,96;0,00;0,00;46,55;73,30;274,47;3,39;78,28;A;;
10/09/2026;024671 - 24671 ACQUA DISTRIBUIDORA DE PERFUMES E;07891033903818;PMPCK MALBEC DES BODY SPRAY;1,000;64,28;64,28;19,13;0,00;0,00;45,15;70,24;236,02;3,29;81,56;B;;
10/09/2026;024671 - 24671 ACQUA DISTRIBUIDORA DE PERFUMES E;07891033854837;FLORATTA DES BDY SPRAY RED V2 100ml;1,000;52,90;52,90;8,18;0,00;0,00;44,72;84,54;546,70;3,26;84,82;B;;
10/09/2026;024671 - 24671 ACQUA DISTRIBUIDORA DE PERFUMES E;07891033906697;MAKE B BAS LIQ MATE SALICYLIC 265Q 30g;1,000;79,97;79,97;36,15;0,00;0,00;43,82;54,80;121,22;3,19;88,02;B;;
10/09/2026;024671 - 24671 ACQUA DISTRIBUIDORA DE PERFUMES E;07891033872718;MAKE B BAT CREM U/BALLET LACE ROSE 36g;1,000;59,19;59,19;25,70;0,00;0,00;33,49;56,58;130,31;2,44;90,45;B;;
10/09/2026;024671 - 24671 ACQUA DISTRIBUIDORA DE PERFUMES E;07891033574384;MAKE B BAT GLOSS C/AC POLIGL CORAL 36g;1,000;54,95;54,95;21,80;0,00;0,00;33,15;60,33;152,06;2,42;92,87;B;;
10/09/2026;024671 - 24671 ACQUA DISTRIBUIDORA DE PERFUMES E;07891033738311;EGEO CREM DES HID CPO DOLCE 100ml;1,000;34,43;34,43;5,70;0,00;0,00;28,73;83,44;504,04;2,09;94,96;B;;
10/09/2026;024671 - 24671 ACQUA DISTRIBUIDORA DE PERFUMES E;07891033536283;BOTIK GEL LIMP FAC VITAM C PRM 50g;3,000;27,28;9,09;0,00;0,00;0,00;27,28;100,00;0,00;1,99;96,95;C;;
10/09/2026;024671 - 24671 ACQUA DISTRIBUIDORA DE PERFUMES E;07891033856060;INSENSATEZ DES COL V4 100ml;1,000;84,03;84,03;61,48;0,00;0,00;22,55;26,84;36,68;1,64;98,59;C;;
10/09/2026;024671 - 24671 ACQUA DISTRIBUIDORA DE PERFUMES E;07891033583577;CBEM SAB BARRA PESSEGUR/GOST 4x80g;1,000;22,93;22,93;11,89;0,00;0,00;11,04;48,15;92,85;0,80;99,40;C;;
10/09/2026;024671 - 24671 ACQUA DISTRIBUIDORA DE PERFUMES E;07891033767564;MALBEC SAB BARRA 2x80g;1,000;18,36;18,36;9,40;0,00;0,00;8,96;48,80;95,32;0,65;100,05;C;;
10/09/2026;024671 - 24671 ACQUA DISTRIBUIDORA DE PERFUMES E;07891033958030;NSPA SAB BARRA CP AMEIX/INT 90g;1,000;13,01;13,01;4,92;0,00;0,00;8,09;62,18;164,43;0,59;100,64;C;;
10/09/2026;024671 - 24671 ACQUA DISTRIBUIDORA DE PERFUMES E;07891033894017;CX PRESENTE M BOTI INST/25 VDA;1,000;9,40;9,40;7,37;0,00;0,00;2,03;21,60;27,54;0,15;100,79;C;;
10/09/2026;024671 - 24671 ACQUA DISTRIBUIDORA DE PERFUMES E;07891033908226;SACOLA M BOTICARIO INST/25;1,000;0,01;0,01;1,56;0,00;0,00;-1,55;-15500,00;-99,36;-0,11;100,67;C;;
10/09/2026;024671 - 24671 ACQUA DISTRIBUIDORA DE PERFUMES E;07891033908219;SACOLA P BOTICARIO INST/25;2,000;0,02;0,01;2,62;0,00;0,00;-2,60;-13000,00;-99,24;-0,19;100,49;C;;
10/09/2026;024671 - 24671 ACQUA DISTRIBUIDORA DE PERFUMES E;07891033957996;NSPA CR PERF DES HID CP AMX/INT PRM 50ml;3,000;0,03;0,01;6,69;0,00;0,00;-6,66;-22200,00;-99,55;-0,49;100,00;C;;
11/09/2026;024303 - 24303 ACQUA DISTRIBUIDORA DE PERFUMES E;07891033899586;ESTJ MALBEC X AMOR/26;1,000;254,90;254,90;91,75;0,00;0,00;163,15;64,01;177,82;14,38;14,38;A;;
11/09/2026;024303 - 24303 ACQUA DISTRIBUIDORA DE PERFUMES E;07891033905133;MALBEC DES COL V7 100ml;2,000;306,40;153,20;174,84;0,00;0,00;131,56;42,94;75,25;11,59;25,97;A;;
11/09/2026;024303 - 24303 ACQUA DISTRIBUIDORA DE PERFUMES E;07891033520251;BOTI BABY SAB LIQ GLIC V2 400ml;3,000;192,50;64,17;74,31;0,00;0,00;118,19;61,40;159,05;10,41;36,38;A;;
11/09/2026;024303 - 24303 ACQUA DISTRIBUIDORA DE PERFUMES E;07891033872725;NSPA DES COL BDY SPLSH UVA MERLOT 200ml;1,000;109,90;109,90;20,10;0,00;0,00;89,80;81,71;446,77;7,91;44,30;A;;
11/09/2026;024303 - 24303 ACQUA DISTRIBUIDORA DE PERFUMES E;07891033482962;FLORATTA DES COL ROSE BOUQUET 75ml;1,000;113,15;113,15;33,50;0,00;0,00;79,65;70,39;237,76;7,02;51,31;A;;
11/09/2026;024303 - 24303 ACQUA DISTRIBUIDORA DE PERFUMES E;07891033841820;LILY DES COL BDY SPLSH 200ml;1,000;91,70;91,70;21,40;0,00;0,00;70,30;76,66;328,50;6,19;57,51;A;;
11/09/2026;024303 - 24303 ACQUA DISTRIBUIDORA DE PERFUMES E;07891033826865;EGEO DES COL BLUE C/CAR 90ml;1,000;99,21;99,21;32,86;0,00;0,00;66,35;66,88;201,92;5,85;63,36;A;;
11/09/2026;024303 - 24303 ACQUA DISTRIBUIDORA DE PERFUMES E;07891033744381;ARBO DES COL 100ml V4;1,000;139,90;139,90;76,21;0,00;0,00;63,69;45,53;83,57;5,61;68,97;A;;
11/09/2026;024303 - 24303 ACQUA DISTRIBUIDORA DE PERFUMES E;07891033941995;DR BOTICA COL POCAO/CORAG V3 120ml;1,000;89,99;89,99;40,98;0,00;0,00;49,01;54,46;119,59;4,32;73,29;A;;
11/09/2026;024303 - 24303 ACQUA DISTRIBUIDORA DE PERFUMES E;07891033816262;MAKE B BAT MATE C/AC POLIGL ROS FABUL 4g;1,000;64,90;64,90;26,73;0,00;0,00;38,17;58,81;142,80;3,36;76,65;A;;
11/09/2026;024303 - 24303 ACQUA DISTRIBUIDORA DE PERFUMES E;07891033489978;NSPA OL DES HID CPO AMEI 200ml V3;1,000;59,58;59,58;21,55;0,00;0,00;38,03;63,83;176,47;3,35;80,00;A;;
11/09/2026;024303 - 24303 ACQUA DISTRIBUIDORA DE PERFUMES E;07891033958016;NSPA OL GLOR DES HID CPO AMEIX/INT 200ml;1,000;77,94;77,94;44,17;0,00;0,00;33,77;43,33;76,45;2,98;82,98;B;;
11/09/2026;024303 - 24303 ACQUA DISTRIBUIDORA DE PERFUMES E;07891033578825;LILY DES BDY SPR LEAU/LILY BLANC 100ml;1,000;41,90;41,90;8,92;0,00;0,00;32,98;78,71;369,73;2,91;85,88;B;;
11/09/2026;024303 - 24303 ACQUA DISTRIBUIDORA DE PERFUMES E;07891033856718;CBEM LOC DES HID CPO CER/FAS 400ml;1,000;48,69;48,69;16,02;0,00;0,00;32,67;67,10;203,93;2,88;88,76;B;;
11/09/2026;024303 - 24303 ACQUA DISTRIBUIDORA DE PERFUMES E;07891033741038;GLAMOUR DES COL SEC BL 75ml V4;1,000;102,58;102,58;71,43;0,00;0,00;31,15;30,37;43,61;2,74;91,51;B;;
11/09/2026;024303 - 24303 ACQUA DISTRIBUIDORA DE PERFUMES E;07891033899692;ESTJ CBEM AMORUDA AMOR/26;1,000;74,02;74,02;42,91;0,00;0,00;31,11;42,03;72,50;2,74;94,25;B;;
11/09/2026;024303 - 24303 ACQUA DISTRIBUIDORA DE PERFUMES E;07891033962938;GLAMOUR LOC DES HID CPO INTENSE 200ml;1,000;51,26;51,26;24,42;0,00;0,00;26,84;52,36;109,91;2,37;96,61;C;;
11/09/2026;024303 - 24303 ACQUA DISTRIBUIDORA DE PERFUMES E;07891033957989;NSPA CR PERF DES HID CP AMEIX/INT 180ml;1,000;47,86;47,86;25,81;0,00;0,00;22,05;46,07;85,43;1,94;98,56;C;;
11/09/2026;024303 - 24303 ACQUA DISTRIBUIDORA DE PERFUMES E;07891033946310;BOTIK CR NUTR FIR ROS/PESC R/SIL PRM 10g;2,000;28,74;14,37;15,24;0,00;0,00;13,50;46,97;88,58;1,19;99,75;C;;
11/09/2026;024303 - 24303 ACQUA DISTRIBUIDORA DE PERFUMES E;07891033511662;CBEM SAB BARRA ROSA/ALGODAO V8 2x80g;1,000;18,27;18,27;7,27;0,00;0,00;11,00;60,21;151,31;0,97;100,71;C;;
11/09/2026;024303 - 24303 ACQUA DISTRIBUIDORA DE PERFUMES E;07891033894017;CX PRESENTE M BOTI INST/25 VDA;1,000;8,99;8,99;0,00;0,00;0,00;8,99;100,00;0,00;0,79;101,51;C;;
11/09/2026;024303 - 24303 ACQUA DISTRIBUIDORA DE PERFUMES E;07891033908219;SACOLA P BOTICARIO INST/25;2,000;0,02;0,01;2,62;0,00;0,00;-2,60;-13000,00;-99,24;-0,23;101,28;C;;
11/09/2026;024303 - 24303 ACQUA DISTRIBUIDORA DE PERFUMES E;07891033957996;NSPA CR PERF DES HID CP AMX/INT PRM 50ml;3,000;0,03;0,01;6,78;0,00;0,00;-6,75;-22500,00;-99,56;-0,59;100,68;C;;
11/09/2026;024303 - 24303 ACQUA DISTRIBUIDORA DE PERFUMES E;07891033908226;SACOLA M BOTICARIO INST/25;5,000;0,05;0,01;7,80;0,00;0,00;-7,75;-15500,00;-99,36;-0,68;100,00;C;;
11/09/2026;024617 - ACQUA DISTRIBUIDORA DE PERFUMES E COSMETICOS LTDA;07891033826865;EGEO DES COL BLUE C/CAR 90ml;2,000;227,80;113,90;123,72;0,00;0,00;104,08;45,69;84,13;17,53;17,53;A;;
11/09/2026;024617 - ACQUA DISTRIBUIDORA DE PERFUMES E COSMETICOS LTDA;07891033856459;BOTICA 214 EDP ARAB/OASIS FOUG/AMB 90ml;1,000;199,90;199,90;100,69;0,00;0,00;99,21;49,63;98,53;16,71;34,24;A;;
11/09/2026;024617 - ACQUA DISTRIBUIDORA DE PERFUMES E COSMETICOS LTDA;07891033843879;MALBEC DES COL V6 100ml;1,000;174,90;174,90;83,50;0,00;0,00;91,40;52,26;109,46;15,39;49,64;A;;
11/09/2026;024617 - ACQUA DISTRIBUIDORA DE PERFUMES E COSMETICOS LTDA;07891033903764;PMPCK QUASAR DES BODY SPRAY RUSH;1,000;74,85;74,85;17,00;0,00;0,00;57,85;77,29;340,29;9,74;59,38;A;;
11/09/2026;024617 - ACQUA DISTRIBUIDORA DE PERFUMES E COSMETICOS LTDA;07891033880775;NSPA LOC DES HID CPO AMEIXA V7 400ml;1,000;89,90;89,90;35,74;0,00;0,00;54,16;60,24;151,54;9,12;68,50;A;;
11/09/2026;024617 - ACQUA DISTRIBUIDORA DE PERFUMES E COSMETICOS LTDA;07891033521647;DR BOTICA CR PENT POC/TR/NO CRESP 350ml;1,000;67,90;67,90;27,78;0,00;0,00;40,12;59,09;144,42;6,76;75,26;A;;
11/09/2026;024617 - ACQUA DISTRIBUIDORA DE PERFUMES E COSMETICOS LTDA;07891033013173;PMPCK MALBEC DES ANTIT AER 2x75g;1,000;59,85;59,85;27,18;0,00;0,00;32,67;54,59;120,20;5,50;80,76;B;;
11/09/2026;024617 - ACQUA DISTRIBUIDORA DE PERFUMES E COSMETICOS LTDA;07891033514021;BOTICA 214 DES ANT AER FIJ P/FG/ES 125ml;1,000;39,90;39,90;11,09;0,00;0,00;28,81;72,21;259,78;4,85;85,62;B;;
11/09/2026;024617 - ACQUA DISTRIBUIDORA DE PERFUMES E COSMETICOS LTDA;07891033493623;MALBEC DES ANTIT AER 75g/125ml V10;1,000;39,90;39,90;11,81;0,00;0,00;28,09;70,40;237,85;4,73;90,35;B;;
11/09/2026;024617 - ACQUA DISTRIBUIDORA DE PERFUMES E COSMETICOS LTDA;07891033894222;NSPA LOC DES HID CPO ORQ/NOIRE V2 400ml;1,000;60,90;60,90;35,73;0,00;0,00;25,17;41,33;70,45;4,24;94,59;B;;
11/09/2026;024617 - ACQUA DISTRIBUIDORA DE PERFUMES E COSMETICOS LTDA;07891033520220;BOTI BABY LOC HID CPO 200ml;1,000;47,90;47,90;27,26;0,00;0,00;20,64;43,09;75,72;3,48;98,06;C;;
11/09/2026;024617 - ACQUA DISTRIBUIDORA DE PERFUMES E COSMETICOS LTDA;07891033974368;CAIXA LACO M BOTI PAIS 2026 UNIT;1,000;11,50;11,50;0,00;0,00;0,00;11,50;100,00;0,00;1,94;100,00;C;;
11/09/2026;024668 - ACQUA DISTRIBUIDORA DE PERFUMES E COSMETICOS LTDA;07891033894710;BOTIK GEL/LIMP FAC CIC/PANT/CER PRM 50g;15,000;324,39;21,63;0,00;0,00;0,00;324,39;100,00;0,00;6,85;6,85;A;;
11/09/2026;024668 - ACQUA DISTRIBUIDORA DE PERFUMES E COSMETICOS LTDA;07891033506774;CLASH DES COL 100ml;5,000;646,16;129,23;353,85;0,00;0,00;292,31;45,24;82,61;6,18;13,03;A;;
11/09/2026;024668 - ACQUA DISTRIBUIDORA DE PERFUMES E COSMETICOS LTDA;07891033583737;FLORATTA DES COL RED BLOSSOM V2 75ml;3,000;317,86;105,95;80,04;0,00;0,00;237,82;74,82;297,13;5,02;18,06;A;;
11/09/2026;024668 - ACQUA DISTRIBUIDORA DE PERFUMES E COSMETICOS LTDA;07891033480609;LILY CREM DES HID ACET CPO 250g V8;3,000;368,48;122,83;176,88;0,00;0,00;191,60;52,00;108,32;4,05;22,10;A;;
11/09/2026;024668 - ACQUA DISTRIBUIDORA DE PERFUMES E COSMETICOS LTDA;07891033775170;LILY EDP LOVE 75ML V2;1,000;276,60;276,60;89,75;0,00;0,00;186,85;67,55;208,19;3,95;26,05;A;;
11/09/2026;024668 - ACQUA DISTRIBUIDORA DE PERFUMES E COSMETICOS LTDA;07891033492527;COFFEE D/C SEDUC/WOM/FLORIEN/FR V6 100ml;1,000;220,01;220,01;48,90;0,00;0,00;171,11;77,77;349,92;3,62;29,67;A;;
11/09/2026;024668 - ACQUA DISTRIBUIDORA DE PERFUMES E COSMETICOS LTDA;07891033830596;CELEBRE DES COL FOUG AROM FORC 100ml;2,000;205,06;102,53;42,28;0,00;0,00;162,78;79,38;385,00;3,44;33,11;A;;
11/09/2026;024668 - ACQUA DISTRIBUIDORA DE PERFUMES E COSMETICOS LTDA;07891033839711;LILY DES COL LEAU DE 75ml;2,000;332,57;166,28;174,56;0,00;0,00;158,01;47,51;90,52;3,34;36,44;A;;
11/09/2026;024668 - ACQUA DISTRIBUIDORA DE PERFUMES E COSMETICOS LTDA;07891033878963;FLORATTA EDP RED PASSION V2 75ml;1,000;191,94;191,94;49,11;0,00;0,00;142,83;74,41;290,84;3,02;39,46;A;;
11/09/2026;024668 - ACQUA DISTRIBUIDORA DE PERFUMES E COSMETICOS LTDA;07891033520299;BOTICOLL PORTINARI D/COL ABSOLUTO 100ml;1,000;219,90;219,90;80,49;0,00;0,00;139,41;63,40;173,20;2,95;42,41;A;;
11/09/2026;024668 - ACQUA DISTRIBUIDORA DE PERFUMES E COSMETICOS LTDA;07891033909810;NSPA DES COL BDY SPLSH AMEIX/INT 200ml;2,000;171,46;85,73;40,72;0,00;0,00;130,74;76,25;321,07;2,76;45,17;A;;
11/09/2026;024668 - ACQUA DISTRIBUIDORA DE PERFUMES E COSMETICOS LTDA;07891033492497;COFFEE D/C WOM/FLORIENT/AMBAR V4 100ml;1,000;171,22;171,22;43,35;0,00;0,00;127,87;74,68;294,97;2,70;47,87;A;;
11/09/2026;024668 - ACQUA DISTRIBUIDORA DE PERFUMES E COSMETICOS LTDA;07891033902378;ESTJ ZAAD PAIS/26;1,000;236,37;236,37;119,71;0,00;0,00;116,66;49,35;97,45;2,46;50,34;A;;
11/09/2026;024668 - ACQUA DISTRIBUIDORA DE PERFUMES E COSMETICOS LTDA;07891033896530;EGEO DES COL VANILLA UBESESSION 90ml;1,000;145,93;145,93;29,64;0,00;0,00;116,29;79,69;392,34;2,46;52,79;A;;
11/09/2026;024668 - ACQUA DISTRIBUIDORA DE PERFUMES E COSMETICOS LTDA;07891033334247;ESTJ FLORATTA FLOWERS SORT REG/22;1,000;205,87;205,87;91,46;0,00;0,00;114,41;55,57;125,09;2,42;55,21;A;;
11/09/2026;024668 - ACQUA DISTRIBUIDORA DE PERFUMES E COSMETICOS LTDA;07891033767007;LIZ DES COL 100ml;1,000;157,41;157,41;45,84;0,00;0,00;111,57;70,88;243,39;2,36;57,57;A;;
11/09/2026;024668 - ACQUA DISTRIBUIDORA DE PERFUMES E COSMETICOS LTDA;07891033878987;BOTICOLL CONNEXION DES COL V3 100ml;1,000;139,90;139,90;29,88;0,00;0,00;110,02;78,64;368,21;2,32;59,89;A;;
11/09/2026;024668 - ACQUA DISTRIBUIDORA DE PERFUMES E COSMETICOS LTDA;07891033583720;FLORATTA DES COL ROM/VER V2 75ml;1,000;136,90;136,90;31,54;0,00;0,00;105,36;76,96;334,05;2,23;62,12;A;;
11/09/2026;024668 - ACQUA DISTRIBUIDORA DE PERFUMES E COSMETICOS LTDA;07891033826889;EGEO DES COL DOLCE C/CAR 90ml;3,000;287,33;95,78;183,72;0,00;0,00;103,61;36,06;56,40;2,19;64,31;A;;
11/09/2026;024668 - ACQUA DISTRIBUIDORA DE PERFUMES E COSMETICOS LTDA;07891033747221;LILY EDP 30ML V2;1,000;177,78;177,78;81,74;0,00;0,00;96,04;54,02;117,49;2,03;66,34;A;;
11/09/2026;024668 - ACQUA DISTRIBUIDORA DE PERFUMES E COSMETICOS LTDA;07891033905133;MALBEC DES COL V7 100ml;1,000;140,43;140,43;44,54;0,00;0,00;95,89;68,28;215,29;2,03;68,36;A;;
11/09/2026;024668 - ACQUA DISTRIBUIDORA DE PERFUMES E COSMETICOS LTDA;07891033501250;MALBEC DES BDY SPR ULTRA BLEU 100ml;2,000;103,98;51,99;16,62;0,00;0,00;87,36;84,02;525,63;1,85;70,21;A;;
11/09/2026;024668 - ACQUA DISTRIBUIDORA DE PERFUMES E COSMETICOS LTDA;07891033595167;REF NSPA LOC DES HID CPO AMEI/NEG 350ml;2,000;110,94;55,47;24,34;0,00;0,00;86,60;78,06;355,79;1,83;72,04;A;;
11/09/2026;024668 - ACQUA DISTRIBUIDORA DE PERFUMES E COSMETICOS LTDA;07891033514410;DR BOTICA COL POCAO FORCA 120ml V2;1,000;92,19;92,19;17,98;0,00;0,00;74,21;80,50;412,74;1,57;73,61;A;;
11/09/2026;024668 - ACQUA DISTRIBUIDORA DE PERFUMES E COSMETICOS LTDA;07891033856718;CBEM LOC DES HID CPO CER/FAS 400ml;2,000;104,28;52,14;31,60;0,00;0,00;72,68;69,70;230,00;1,54;75,14;A;;
11/09/2026;024668 - ACQUA DISTRIBUIDORA DE PERFUMES E COSMETICOS LTDA;07891033740437;LINDA DES COL V4 100ml;2,000;226,32;113,16;157,50;0,00;0,00;68,82;30,41;43,70;1,45;76,60;A;;
11/09/2026;024668 - ACQUA DISTRIBUIDORA DE PERFUMES E COSMETICOS LTDA;07891033512393;CBEM DES COL BDY SPLSH CER/LIV V2 200ml;1,000;85,41;85,41;19,22;0,00;0,00;66,19;77,50;344,38;1,40;78,00;A;;
11/09/2026;024668 - ACQUA DISTRIBUIDORA DE PERFUMES E COSMETICOS LTDA;07891033744381;ARBO DES COL 100ml V4;1,000;138,90;138,90;75,37;0,00;0,00;63,53;45,74;84,29;1,34;79,34;A;;
11/09/2026;024668 - ACQUA DISTRIBUIDORA DE PERFUMES E COSMETICOS LTDA;07891033035304;CAIXA M INST 2021 VERDE ECONOMICA;19,000;62,41;3,28;0,00;0,00;0,00;62,41;100,00;0,00;1,32;80,66;B;;
11/09/2026;024668 - ACQUA DISTRIBUIDORA DE PERFUMES E COSMETICOS LTDA;07891033539215;DR BOTICA COL POC/CORAC V2 120ml;1,000;79,41;79,41;17,15;0,00;0,00;62,26;78,40;363,03;1,32;81,97;B;;
11/09/2026;024668 - ACQUA DISTRIBUIDORA DE PERFUMES E COSMETICOS LTDA;07891033524686;BOTIK GEL LIM FAC MIC AC MAN/SAL 50g PRM;3,000;60,47;20,16;0,00;0,00;0,00;60,47;100,00;0,00;1,28;83,25;B;;
11/09/2026;024668 - ACQUA DISTRIBUIDORA DE PERFUMES E COSMETICOS LTDA;07891033833726;GLAMOUR DES COL 30ml;1,000;93,52;93,52;36,69;0,00;0,00;56,83;60,77;154,89;1,20;84,45;B;;
11/09/2026;024668 - ACQUA DISTRIBUIDORA DE PERFUMES E COSMETICOS LTDA;07891033957958;NSPA CR PERF DES HID CPO AMEIX/INT 400ml;1,000;69,21;69,21;16,95;0,00;0,00;52,26;75,51;308,32;1,10;85,56;B;;
11/09/2026;024668 - ACQUA DISTRIBUIDORA DE PERFUMES E COSMETICOS LTDA;07891033909957;CBEM SAB LIQ CPO 2/1 CER/FASES 200ml;2,000;68,84;34,42;17,46;0,00;0,00;51,38;74,64;294,27;1,09;86,64;B;;
11/09/2026;024668 - ACQUA DISTRIBUIDORA DE PERFUMES E COSMETICOS LTDA;07891033860586;SOPHIE SPLSH CPO/CAB SHIM BRLH/INT 110ml;1,000;64,15;64,15;15,46;0,00;0,00;48,69;75,90;314,94;1,03;87,67;B;;
11/09/2026;024668 - ACQUA DISTRIBUIDORA DE PERFUMES E COSMETICOS LTDA;07891033957989;NSPA CR PERF DES HID CP AMEIX/INT 180ml;2,000;90,77;45,38;42,46;0,00;0,00;48,31;53,22;113,78;1,02;88,69;B;;
11/09/2026;024668 - ACQUA DISTRIBUIDORA DE PERFUMES E COSMETICOS LTDA;07891033841820;LILY DES COL BDY SPLSH 200ml;1,000;68,64;68,64;21,18;0,00;0,00;47,46;69,14;224,08;1,00;89,69;B;;
11/09/2026;024668 - ACQUA DISTRIBUIDORA DE PERFUMES E COSMETICOS LTDA;07891033958016;NSPA OL GLOR DES HID CPO AMEIX/INT 200ml;1,000;69,19;69,19;22,63;0,00;0,00;46,56;67,29;205,74;0,98;90,68;B;;
11/09/2026;024668 - ACQUA DISTRIBUIDORA DE PERFUMES E COSMETICOS LTDA;07891033595556;HER CODE EDP TOUCH 50ml;1,000;149,68;149,68;103,65;0,00;0,00;46,03;30,75;44,41;0,97;91,65;B;;
11/09/2026;024668 - ACQUA DISTRIBUIDORA DE PERFUMES E COSMETICOS LTDA;07891033480586;LILY CR HID DES ACET CPO LOVE 250g V3;1,000;97,95;97,95;57,61;0,00;0,00;40,34;41,18;70,02;0,85;92,50;B;;
11/09/2026;024668 - ACQUA DISTRIBUIDORA DE PERFUMES E COSMETICOS LTDA;07891033748938;EGEO DES BDY SPR DOLCE 100ml V8 PCK;1,000;48,37;48,37;9,05;0,00;0,00;39,32;81,29;434,48;0,83;93,33;B;;
11/09/2026;024668 - ACQUA DISTRIBUIDORA DE PERFUMES E COSMETICOS LTDA;07891033588138;MAKE B BALM LAB NIGH/PLUMP LIP/CHRO 36g;1,000;62,91;62,91;29,09;0,00;0,00;33,82;53,76;116,26;0,71;94,05;B;;
11/09/2026;024668 - ACQUA DISTRIBUIDORA DE PERFUMES E COSMETICOS LTDA;07891033871018;MAKE B BALM LAB N/PEEL LIP/CHRO INC 36g;1,000;62,91;62,91;29,11;0,00;0,00;33,80;53,73;116,11;0,71;94,76;B;;
11/09/2026;024668 - ACQUA DISTRIBUIDORA DE PERFUMES E COSMETICOS LTDA;07891033958023;NSPA ACUC ESF CPO AMEIX/INT 180g;1,000;58,87;58,87;26,12;0,00;0,00;32,75;55,63;125,38;0,69;95,45;C;;
11/09/2026;024668 - ACQUA DISTRIBUIDORA DE PERFUMES E COSMETICOS LTDA;07891033493623;MALBEC DES ANTIT AER 75g/125ml V10;1,000;39,90;39,90;11,68;0,00;0,00;28,22;70,73;241,61;0,60;96,05;C;;
11/09/2026;024668 - ACQUA DISTRIBUIDORA DE PERFUMES E COSMETICOS LTDA;07891033733675;EGEO DES BDY SPR BLUE 100ml V2 PCK;1,000;35,77;35,77;8,98;0,00;0,00;26,79;74,90;298,33;0,57;96,62;C;;
11/09/2026;024668 - ACQUA DISTRIBUIDORA DE PERFUMES E COSMETICOS LTDA;07891033889136;CBEM SPR INTIMO CER/FASES 75ml;1,000;39,73;39,73;12,62;0,00;1,45;25,66;64,59;214,82;0,54;97,16;C;;
11/09/2026;024668 - ACQUA DISTRIBUIDORA DE PERFUMES E COSMETICOS LTDA;07891033738311;EGEO CREM DES HID CPO DOLCE 100ml;1,000;37,49;37,49;16,65;0,00;0,00;20,84;55,59;125,17;0,44;97,60;C;;
11/09/2026;024668 - ACQUA DISTRIBUIDORA DE PERFUMES E COSMETICOS LTDA;07891033883615;NSPA SAB BARRA AMEIXA V3 2x90g;1,000;26,05;26,05;10,52;0,00;0,00;15,53;59,62;147,62;0,33;97,93;C;;
11/09/2026;024668 - ACQUA DISTRIBUIDORA DE PERFUMES E COSMETICOS LTDA;07891033856725;CBEM LOC DES HID CPO CER/FAS 200ml;1,000;36,49;36,49;21,01;0,00;0,00;15,48;42,42;73,68;0,33;98,25;C;;
11/09/2026;024668 - ACQUA DISTRIBUIDORA DE PERFUMES E COSMETICOS LTDA;07891033539291;MALBEC DES ANTIT AER GOLD V3 75g;1,000;32,92;32,92;17,95;0,00;0,00;14,97;45,47;83,40;0,32;98,57;C;;
11/09/2026;024668 - ACQUA DISTRIBUIDORA DE PERFUMES E COSMETICOS LTDA;07891033512317;CBEM SAB BARRA CEREJA LIVRE V2 2x80g;1,000;22,41;22,41;7,45;0,00;0,00;14,96;66,76;200,81;0,32;98,89;C;;
11/09/2026;024668 - ACQUA DISTRIBUIDORA DE PERFUMES E COSMETICOS LTDA;07891033958030;NSPA SAB BARRA CP AMEIX/INT 90g;2,000;23,46;11,73;9,84;0,00;0,00;13,62;58,06;138,41;0,29;99,17;C;;
11/09/2026;024668 - ACQUA DISTRIBUIDORA DE PERFUMES E COSMETICOS LTDA;07891033486533;ELYSEE DES ANTIT AEROSSOL 75g V3;1,000;25,11;25,11;11,57;0,00;0,00;13,54;53,92;117,03;0,29;99,46;C;;
11/09/2026;024668 - ACQUA DISTRIBUIDORA DE PERFUMES E COSMETICOS LTDA;07891033581382;BOTI NECESS PINK STARS PES;1,000;36,35;36,35;21,68;0,00;1,33;13,34;36,71;67,67;0,28;99,74;C;;
11/09/2026;024668 - ACQUA DISTRIBUIDORA DE PERFUMES E COSMETICOS LTDA;07891033486571;EGEO DES ANTIT AEROSSOL DOLCE 75g V9;1,000;23,29;23,29;10,88;0,00;0,00;12,41;53,28;114,06;0,26;100,00;C;;
11/09/2026;024668 - ACQUA DISTRIBUIDORA DE PERFUMES E COSMETICOS LTDA;07891033856794;CBEM SAB BARRA CER/FASES 4x80g;1,000;23,81;23,81;13,80;0,00;0,00;10,01;42,04;72,54;0,21;100,22;C;;
11/09/2026;024668 - ACQUA DISTRIBUIDORA DE PERFUMES E COSMETICOS LTDA;07891033894017;CX PRESENTE M BOTI INST/25 VDA;1,000;10,49;10,49;7,37;0,00;0,00;3,12;29,74;42,33;0,07;100,28;C;;
11/09/2026;024668 - ACQUA DISTRIBUIDORA DE PERFUMES E COSMETICOS LTDA;07891033957996;NSPA CR PERF DES HID CP AMX/INT PRM 50ml;6,000;0,06;0,01;13,38;0,00;0,00;-13,32;-22200,00;-99,55;-0,28;100,00;C;;
11/09/2026;024669 - 24669 ACQUA DISTRIBUIDORA DE PERFUMES E;07891033841820;LILY DES COL BDY SPLSH 200ml;4,000;323,15;80,79;84,72;0,00;0,00;238,43;73,78;281,43;8,60;8,60;A;;
11/09/2026;024669 - 24669 ACQUA DISTRIBUIDORA DE PERFUMES E;07891033479504;ZAAD EDP 95ml V6;1,000;274,68;274,68;79,82;0,00;0,00;194,86;70,94;244,12;7,03;15,64;A;;
11/09/2026;024669 - 24669 ACQUA DISTRIBUIDORA DE PERFUMES E;07891033479498;THE BLEND EDP 100ml V2;1,000;287,94;287,94;98,91;0,00;0,00;189,03;65,65;191,11;6,82;22,46;A;;
11/09/2026;024669 - 24669 ACQUA DISTRIBUIDORA DE PERFUMES E;07891033881352;FLORATTA EDP ROSE SUCREE 75ml;1,000;203,76;203,76;51,59;0,00;0,00;152,17;74,68;294,96;5,49;27,95;A;;
11/09/2026;024669 - 24669 ACQUA DISTRIBUIDORA DE PERFUMES E;07891033490257;FLORATTA DES BDY SPR ROSE 100ml V8;3,000;158,65;52,88;26,16;0,00;0,00;132,49;83,51;506,46;4,78;32,73;A;;
11/09/2026;024669 - 24669 ACQUA DISTRIBUIDORA DE PERFUMES E;07891033740437;LINDA DES COL V4 100ml;2,000;225,70;112,85;111,38;0,00;0,00;114,32;50,65;102,64;4,13;36,86;A;;
11/09/2026;024669 - 24669 ACQUA DISTRIBUIDORA DE PERFUMES E;07891033826858;EGEO DES COL BOMB BLACK C/CAR 90ml;2,000;215,23;107,61;122,36;0,00;0,00;92,87;43,15;75,90;3,35;40,21;A;;
11/09/2026;024669 - 24669 ACQUA DISTRIBUIDORA DE PERFUMES E;07891033595556;HER CODE EDP TOUCH 50ml;1,000;153,36;153,36;61,82;0,00;0,00;91,54;59,69;148,08;3,30;43,51;A;;
11/09/2026;024669 - 24669 ACQUA DISTRIBUIDORA DE PERFUMES E;07891033872725;NSPA DES COL BDY SPLSH UVA MERLOT 200ml;1,000;109,35;109,35;19,40;0,00;0,00;89,95;82,26;463,66;3,25;46,76;A;;
11/09/2026;024669 - 24669 ACQUA DISTRIBUIDORA DE PERFUMES E;07891033830602;CELEBRE DES COL FLOR FRUT FORC 100ml;1,000;96,96;96,96;24,06;0,00;0,00;72,90;75,19;302,99;2,63;49,39;A;;
11/09/2026;024669 - 24669 ACQUA DISTRIBUIDORA DE PERFUMES E;07891033514410;DR BOTICA COL POCAO FORCA 120ml V2;1,000;88,96;88,96;17,98;0,00;0,00;70,98;79,79;394,77;2,56;51,95;A;;
11/09/2026;024669 - 24669 ACQUA DISTRIBUIDORA DE PERFUMES E;07891033589784;NSPA LOC NUTR DES CPO UVA MERLOT 400ml;1,000;89,45;89,45;18,51;0,00;0,00;70,94;79,31;383,25;2,56;54,51;A;;
11/09/2026;024669 - 24669 ACQUA DISTRIBUIDORA DE PERFUMES E;07891033524686;BOTIK GEL LIM FAC MIC AC MAN/SAL 50g PRM;5,000;70,61;14,12;0,00;0,00;0,00;70,61;100,00;0,00;2,55;57,06;A;;
11/09/2026;024669 - 24669 ACQUA DISTRIBUIDORA DE PERFUMES E;07891033941995;DR BOTICA COL POCAO/CORAG V3 120ml;1,000;85,19;85,19;17,82;0,00;0,00;67,37;79,08;378,06;2,43;59,49;A;;
11/09/2026;024669 - 24669 ACQUA DISTRIBUIDORA DE PERFUMES E;07891033550838;NEXT COLONIA 75ml;1,000;92,94;92,94;31,36;0,00;0,00;61,58;66,26;196,36;2,22;61,71;A;;
11/09/2026;024669 - 24669 ACQUA DISTRIBUIDORA DE PERFUMES E;07891033527984;MAKE B BB SEN MULTI 220 260 25g;1,000;78,94;78,94;19,24;0,00;0,00;59,70;75,63;310,29;2,15;63,87;A;;
11/09/2026;024669 - 24669 ACQUA DISTRIBUIDORA DE PERFUMES E;07891033964192;MAKE B MASC/CILIOS SCANDAL FULL 10g;1,000;80,68;80,68;23,25;0,00;0,00;57,43;71,18;247,01;2,07;65,94;A;;
11/09/2026;024669 - 24669 ACQUA DISTRIBUIDORA DE PERFUMES E;07891033880119;MAKE B BAT LIQ MAT AC/POL EXO/ROS V2 5ml;1,000;69,90;69,90;15,57;0,00;0,00;54,33;77,73;348,94;1,96;67,90;A;;
11/09/2026;024669 - 24669 ACQUA DISTRIBUIDORA DE PERFUMES E;07891033889112;LILY SAB BARRA V2 2x90g;2,000;83,84;41,92;31,72;0,00;0,00;52,12;62,17;164,31;1,88;69,78;A;;
11/09/2026;024669 - 24669 ACQUA DISTRIBUIDORA DE PERFUMES E;07891033897827;MALBEC ESPUM P/BARB SENSIT CUID V4 200ml;1,000;62,18;62,18;15,10;0,00;0,00;47,08;75,72;311,79;1,70;71,48;A;;
11/09/2026;024669 - 24669 ACQUA DISTRIBUIDORA DE PERFUMES E;07891033828159;MAKE B DEMAQ BIF MICLR 110ml V3;1,000;68,35;68,35;27,45;0,00;0,00;40,90;59,84;149,00;1,48;72,95;A;;
11/09/2026;024669 - 24669 ACQUA DISTRIBUIDORA DE PERFUMES E;07891033590513;MAKE B BAT LIQ RETIN 3 H RED VELVET 6ml;1,000;58,40;58,40;17,78;0,00;0,00;40,62;69,55;228,46;1,47;74,42;A;;
11/09/2026;024669 - 24669 ACQUA DISTRIBUIDORA DE PERFUMES E;07891033903818;PMPCK MALBEC DES BODY SPRAY;1,000;59,49;59,49;19,13;0,00;0,00;40,36;67,84;210,98;1,46;75,88;A;;
11/09/2026;024669 - 24669 ACQUA DISTRIBUIDORA DE PERFUMES E;07891033527953;MAKE B BB SEN MULTI 160 220 25g;1,000;58,74;58,74;21,60;0,00;0,00;37,14;63,23;171,94;1,34;77,22;A;;
11/09/2026;024669 - 24669 ACQUA DISTRIBUIDORA DE PERFUMES E;07891033859474;HER CODE LOC DES HID CPO CLIMAX 200ml;1,000;49,35;49,35;12,65;0,00;0,00;36,70;74,37;290,12;1,32;78,54;A;;
11/09/2026;024669 - 24669 ACQUA DISTRIBUIDORA DE PERFUMES E;07891033733675;EGEO DES BDY SPR BLUE 100ml V2 PCK;1,000;41,90;41,90;8,18;0,00;0,00;33,72;80,48;412,22;1,22;79,76;A;;
11/09/2026;024669 - 24669 ACQUA DISTRIBUIDORA DE PERFUMES E;07891033744381;ARBO DES COL 100ml V4;1,000;104,88;104,88;71,73;0,00;0,00;33,15;31,61;46,21;1,20;80,96;B;;
11/09/2026;024669 - 24669 ACQUA DISTRIBUIDORA DE PERFUMES E;07891033553747;ARBO DES COL ATLANTICA PRM 10ML;1,000;37,29;37,29;6,41;0,00;0,00;30,88;82,81;481,75;1,11;82,07;B;;
11/09/2026;024669 - 24669 ACQUA DISTRIBUIDORA DE PERFUMES E;07891033868681;CLASH CR PRE E POS BARBA 150g;1,000;40,61;40,61;11,10;0,00;0,00;29,51;72,67;265,86;1,06;83,13;B;;
11/09/2026;024669 - 24669 ACQUA DISTRIBUIDORA DE PERFUMES E;07891033487455;DR BOTICA CREM PENT POC TIRA NO150g V2;1,000;44,42;44,42;17,42;0,00;0,00;27,00;60,78;154,99;0,97;84,11;B;;
11/09/2026;024669 - 24669 ACQUA DISTRIBUIDORA DE PERFUMES E;07891033909544;GLAMOUR DES COL INTENSE PRM 10ml;1,000;32,32;32,32;6,19;0,00;0,00;26,13;80,85;422,13;0,94;85,05;B;;
11/09/2026;024669 - 24669 ACQUA DISTRIBUIDORA DE PERFUMES E;07891033874910;BOTIK GEL LIMP F MCL AC MAND/SAL V2 150g;1,000;40,24;40,24;14,90;0,00;0,00;25,34;62,97;170,07;0,91;85,97;B;;
11/09/2026;024669 - 24669 ACQUA DISTRIBUIDORA DE PERFUMES E;07891033514366;DR BOTICA SAB BARRA POC/CORAG 3x80g V2;1,000;36,20;36,20;14,44;0,00;0,00;21,76;60,11;150,69;0,79;86,75;B;;
11/09/2026;024669 - 24669 ACQUA DISTRIBUIDORA DE PERFUMES E;07891033897841;MALBEC COND TRAT ANTICASPA CUID V4 250ml;1,000;20,93;20,93;0,00;0,00;0,00;20,93;100,00;0,00;0,76;87,51;B;;
11/09/2026;024669 - 24669 ACQUA DISTRIBUIDORA DE PERFUMES E;07891033846825;MALBEC SAB BARRA CUIDADOS 2x80g;1,000;27,62;27,62;7,43;0,00;0,00;20,19;73,10;271,74;0,73;88,24;B;;
11/09/2026;024669 - 24669 ACQUA DISTRIBUIDORA DE PERFUMES E;07891033855483;REF MATCH COND NUTR/PROF V2 250ml;1,000;35,91;35,91;15,78;0,00;0,00;20,13;56,06;127,57;0,73;88,96;B;;
11/09/2026;024669 - 24669 ACQUA DISTRIBUIDORA DE PERFUMES E;07891033528165;INTENSE BRLH LAB INCOLOR 5ml;1,000;39,55;39,55;20,44;0,00;0,00;19,11;48,32;93,49;0,69;89,65;B;;
11/09/2026;024669 - 24669 ACQUA DISTRIBUIDORA DE PERFUMES E;07891033831517;REF MATCH SHAMP LISO PROLONGADO 250ml;2,000;48,42;24,21;29,66;0,00;0,00;18,76;38,74;63,25;0,68;90,33;B;;
11/09/2026;024669 - 24669 ACQUA DISTRIBUIDORA DE PERFUMES E;07891033864294;NEXT PASTA MODEL CAP PRM 30g;1,000;25,76;25,76;7,45;0,00;0,00;18,31;71,08;245,77;0,66;90,99;B;;
11/09/2026;024669 - 24669 ACQUA DISTRIBUIDORA DE PERFUMES E;07891033490899;MATCH SHAMP NUTR REGENERADORA 300ml;1,000;29,67;29,67;11,54;0,00;0,00;18,13;61,11;157,11;0,65;91,64;B;;
11/09/2026;024669 - 24669 ACQUA DISTRIBUIDORA DE PERFUMES E;07891033526710;FLORATTA CR DES HID CPO ROSE 75g;1,000;26,90;26,90;8,78;0,00;0,00;18,12;67,36;206,38;0,65;92,30;B;;
11/09/2026;024669 - 24669 ACQUA DISTRIBUIDORA DE PERFUMES E;07891033945108;BOTIK BALM LAB HID AC/HIALUR V2 32g;1,000;29,16;29,16;11,11;0,00;0,00;18,05;61,90;162,47;0,65;92,95;B;;
11/09/2026;024669 - 24669 ACQUA DISTRIBUIDORA DE PERFUMES E;07891033508822;CBEM SAB BARRA BOA NOITE V2 4x80g;1,000;31,45;31,45;13,79;0,00;0,00;17,66;56,15;128,06;0,64;93,59;B;;
11/09/2026;024669 - 24669 ACQUA DISTRIBUIDORA DE PERFUMES E;07891033570799;DR BOTICA SHAMP POC ESPUM V3 200ml;1,000;35,40;35,40;18,07;0,00;0,00;17,33;48,95;95,90;0,63;94,21;B;;
11/09/2026;024669 - 24669 ACQUA DISTRIBUIDORA DE PERFUMES E;07891033863747;DR BOTICA CR PENT POC/TR/NO LIS PRM 65ml;1,000;15,42;15,42;0,00;0,00;0,00;15,42;100,00;0,00;0,56;94,77;B;;
11/09/2026;024669 - 24669 ACQUA DISTRIBUIDORA DE PERFUMES E;07891033518012;BOTI BABY SAB LIQ GLIC V2 200ml;1,000;25,60;25,60;10,42;0,00;0,00;15,18;59,30;145,68;0,55;95,32;C;;
11/09/2026;024669 - 24669 ACQUA DISTRIBUIDORA DE PERFUMES E;07891033492862;ZAAD BALM POS BARBA 40g V3;2,000;31,06;15,53;16,54;0,00;0,00;14,52;46,75;87,79;0,52;95,84;C;;
11/09/2026;024669 - 24669 ACQUA DISTRIBUIDORA DE PERFUMES E;07891033533411;INTENSE BAT CREM VERM 310 V2 38g;1,000;29,76;29,76;15,40;0,00;0,00;14,36;48,25;93,25;0,52;96,36;C;;
11/09/2026;024669 - 24669 ACQUA DISTRIBUIDORA DE PERFUMES E;07891033879250;INTENSE BAT MAT 330 V8 38g;1,000;28,41;28,41;14,53;0,00;0,00;13,88;48,86;95,53;0,50;96,86;C;;
11/09/2026;024669 - 24669 ACQUA DISTRIBUIDORA DE PERFUMES E;07891033909988;CBEM SAB LIQ CPO DEL/CARAMEL 150ml;1,000;31,57;31,57;17,93;0,00;0,00;13,64;43,21;76,07;0,49;97,35;C;;
11/09/2026;024669 - 24669 ACQUA DISTRIBUIDORA DE PERFUMES E;07891033894017;CX PRESENTE M BOTI INST/25 VDA;1,000;12,25;12,25;0,00;0,00;0,00;12,25;100,00;0,00;0,44;97,79;C;;
11/09/2026;024669 - 24669 ACQUA DISTRIBUIDORA DE PERFUMES E;07891033595822;MATCH COND NUTRICAO REGEN V2 280ml;1,000;31,37;31,37;21,33;0,00;0,00;10,04;32,01;47,07;0,36;98,16;C;;
11/09/2026;024669 - 24669 ACQUA DISTRIBUIDORA DE PERFUMES E;07891033511662;CBEM SAB BARRA ROSA/ALGODAO V8 2x80g;1,000;17,03;17,03;7,21;0,00;0,00;9,82;57,66;136,20;0,35;98,51;C;;
11/09/2026;024669 - 24669 ACQUA DISTRIBUIDORA DE PERFUMES E;07891033511655;CBEM SAB BARRA ROSA/ALGODAO 4x80g;1,000;23,52;23,52;13,78;0,00;0,00;9,74;41,41;70,68;0,35;98,86;C;;
11/09/2026;024669 - 24669 ACQUA DISTRIBUIDORA DE PERFUMES E;07891033501885;CBEM SAB LIQ ESF CPO SHOW/BNH 150ml;1,000;24,59;24,59;14,88;0,00;0,00;9,71;39,49;65,26;0,35;99,21;C;;
11/09/2026;024669 - 24669 ACQUA DISTRIBUIDORA DE PERFUMES E;07891033521593;INTENSE BAT LIQ TINT 16H SUPF 245 V3 5ml;1,000;36,09;36,09;27,20;0,00;0,00;8,89;24,63;32,68;0,32;99,53;C;;
11/09/2026;024669 - 24669 ACQUA DISTRIBUIDORA DE PERFUMES E;07891033594382;EGEO DES COL CHOC HIGH 10ml PRM;1,000;13,67;13,67;6,09;0,00;0,00;7,58;55,45;124,47;0,27;99,81;C;;
11/09/2026;024669 - 24669 ACQUA DISTRIBUIDORA DE PERFUMES E;07891033879601;INTENSE BAT MAT 130 V4 38g;1,000;19,46;19,46;14,53;0,00;0,00;4,93;25,33;33,93;0,18;99,98;C;;
11/09/2026;024669 - 24669 ACQUA DISTRIBUIDORA DE PERFUMES E;07891033574773;SOPHIE NEXT DES ROLL DIVERT2 MEMR 55ml;2,000;27,70;13,85;22,82;0,00;0,00;4,88;17,62;21,38;0,18;100,16;C;;
11/09/2026;024669 - 24669 ACQUA DISTRIBUIDORA DE PERFUMES E;07891033957996;NSPA CR PERF DES HID CP AMX/INT PRM 50ml;2,000;0,02;0,01;4,46;0,00;0,00;-4,44;-22200,00;-99,55;-0,16;100,00;C;;
11/09/2026;024670 - ACQUA DISTRIBUIDORA DE PERFUMES E COSMETICOS LTDA;07891033740437;LINDA DES COL V4 100ml;5,000;561,05;112,21;217,15;0,00;0,00;343,90;61,30;158,37;7,84;7,84;A;;
11/09/2026;024670 - ACQUA DISTRIBUIDORA DE PERFUMES E COSMETICOS LTDA;07891033598762;BOTIK CR MULTIREP FAC CIC/PANT/CER 30g;7,000;376,32;53,76;94,99;0,00;0,00;281,33;74,76;296,17;6,41;14,25;A;;
11/09/2026;024670 - ACQUA DISTRIBUIDORA DE PERFUMES E COSMETICOS LTDA;07891033903108;ZAAD EDP V7 95ml;1,000;309,90;309,90;80,53;0,00;0,00;229,37;74,01;284,83;5,23;19,48;A;;
11/09/2026;024670 - ACQUA DISTRIBUIDORA DE PERFUMES E COSMETICOS LTDA;07891033880225;BOTICA 214 EDP FOUG/AR V/FIRENZ V2 90ml;1,000;220,70;220,70;46,17;0,00;0,00;174,53;79,08;378,02;3,98;23,45;A;;
11/09/2026;024670 - ACQUA DISTRIBUIDORA DE PERFUMES E COSMETICOS LTDA;07891033476305;BOTICA 214 EDP DARK MINT 90ml V2;1,000;220,70;220,70;48,52;0,00;0,00;172,18;78,02;354,86;3,92;27,38;A;;
11/09/2026;024670 - ACQUA DISTRIBUIDORA DE PERFUMES E COSMETICOS LTDA;07891033533862;BOTIK PROT SOL FAC FPS 80 AC/HIAL 40ml;2,000;195,87;97,93;53,70;0,00;0,00;142,17;72,58;264,75;3,24;30,62;A;;
11/09/2026;024670 - ACQUA DISTRIBUIDORA DE PERFUMES E COSMETICOS LTDA;07891033861699;ESTJ MALBEC JUMBO REG/25;1,000;233,85;233,85;95,89;0,00;0,00;137,96;59,00;143,87;3,14;33,76;A;;
11/09/2026;024670 - ACQUA DISTRIBUIDORA DE PERFUMES E COSMETICOS LTDA;07891033835508;BOTIK SRUM ALT/POT RETIN PURO 30ml;1,000;174,40;174,40;40,39;0,00;0,00;134,01;76,84;331,79;3,05;36,82;A;;
11/09/2026;024670 - ACQUA DISTRIBUIDORA DE PERFUMES E COSMETICOS LTDA;07891033844005;MALBEC DES COL BLEU V2 100ml;1,000;220,68;220,68;90,52;0,00;0,00;130,16;58,98;143,79;2,97;39,78;A;;
11/09/2026;024670 - ACQUA DISTRIBUIDORA DE PERFUMES E COSMETICOS LTDA;07891033874910;BOTIK GEL LIMP F MCL AC MAND/SAL V2 150g;3,000;157,02;52,34;32,16;0,00;0,00;124,86;79,52;388,25;2,85;42,63;A;;
11/09/2026;024670 - ACQUA DISTRIBUIDORA DE PERFUMES E COSMETICOS LTDA;07891033856442;BOTICA 214 EDP ARAB/OASIS FLOR/FRUT 75ml;1,000;220,70;220,70;96,32;0,00;0,00;124,38;56,36;129,13;2,83;45,46;A;;
11/09/2026;024670 - ACQUA DISTRIBUIDORA DE PERFUMES E COSMETICOS LTDA;07891033909810;NSPA DES COL BDY SPLSH AMEIX/INT 200ml;2,000;156,00;78,00;40,72;0,00;0,00;115,28;73,90;283,10;2,63;48,09;A;;
11/09/2026;024670 - ACQUA DISTRIBUIDORA DE PERFUMES E COSMETICOS LTDA;07891033905133;MALBEC DES COL V7 100ml;1,000;151,17;151,17;44,72;0,00;0,00;106,45;70,42;238,04;2,43;50,52;A;;
11/09/2026;024670 - ACQUA DISTRIBUIDORA DE PERFUMES E COSMETICOS LTDA;07891033957958;NSPA CR PERF DES HID CPO AMEIX/INT 400ml;2,000;135,63;67,81;33,90;0,00;0,00;101,73;75,01;300,09;2,32;52,84;A;;
11/09/2026;024670 - ACQUA DISTRIBUIDORA DE PERFUMES E COSMETICOS LTDA;07891033888955;LIZ DES COL D ESSENCE 100ml;1,000;143,90;143,90;42,97;0,00;0,00;100,93;70,14;234,88;2,30;55,14;A;;
11/09/2026;024670 - ACQUA DISTRIBUIDORA DE PERFUMES E COSMETICOS LTDA;07891033890705;MAKE B BASE LIQ HYALURONIC 275N 30ml;1,000;132,90;132,90;33,65;0,00;0,00;99,25;74,68;294,95;2,26;57,40;A;;
11/09/2026;024670 - ACQUA DISTRIBUIDORA DE PERFUMES E COSMETICOS LTDA;07891033553662;ARBO DES COL ATLANTICA 100ml;1,000;138,00;138,00;40,16;0,00;0,00;97,84;70,90;243,63;2,23;59,63;A;;
11/09/2026;024670 - ACQUA DISTRIBUIDORA DE PERFUMES E COSMETICOS LTDA;07891033595556;HER CODE EDP TOUCH 50ml;1,000;152,13;152,13;55,20;0,00;0,00;96,93;63,72;175,60;2,21;61,84;A;;
11/09/2026;024670 - ACQUA DISTRIBUIDORA DE PERFUMES E COSMETICOS LTDA;07891033050093;MA CHERIE DES COL 100ml V6;1,000;117,22;117,22;31,91;0,00;0,00;85,31;72,78;267,35;1,94;63,78;A;;
11/09/2026;024670 - ACQUA DISTRIBUIDORA DE PERFUMES E COSMETICOS LTDA;07891033531592;ESTJ DR BOTICA POCAO DA AVENTURA V2;1,000;107,90;107,90;28,62;0,00;0,00;79,28;73,48;277,01;1,81;65,59;A;;
11/09/2026;024670 - ACQUA DISTRIBUIDORA DE PERFUMES E COSMETICOS LTDA;07891033767007;LIZ DES COL 100ml;1,000;142,61;142,61;63,53;0,00;0,00;79,08;55,45;124,48;1,80;67,39;A;;
11/09/2026;024670 - ACQUA DISTRIBUIDORA DE PERFUMES E COSMETICOS LTDA;07891033481811;LILY OL PERF DES CPO 150ml V11;1,000;95,99;95,99;19,49;0,00;0,00;76,50;79,70;392,51;1,74;69,13;A;;
11/09/2026;024670 - ACQUA DISTRIBUIDORA DE PERFUMES E COSMETICOS LTDA;07891033826902;EGEO DES COL RED C/CART 90ml;1,000;138,35;138,35;62,89;0,00;0,00;75,46;54,54;119,99;1,72;70,85;A;;
11/09/2026;024670 - ACQUA DISTRIBUIDORA DE PERFUMES E COSMETICOS LTDA;07891033278589;MAKE B LAP RETR P/OLH PRET PCK;2,000;129,92;64,96;55,36;0,00;0,00;74,56;57,39;134,68;1,70;72,55;A;;
11/09/2026;024670 - ACQUA DISTRIBUIDORA DE PERFUMES E COSMETICOS LTDA;07891033706693;SOPHIE COL LIKE 100ml;1,000;96,35;96,35;23,15;0,00;0,00;73,20;75,97;316,20;1,67;74,22;A;;
11/09/2026;024670 - ACQUA DISTRIBUIDORA DE PERFUMES E COSMETICOS LTDA;07891033741038;GLAMOUR DES COL SEC BL 75ml V4;1,000;123,42;123,42;54,32;0,00;0,00;69,10;55,99;127,21;1,57;75,80;A;;
11/09/2026;024670 - ACQUA DISTRIBUIDORA DE PERFUMES E COSMETICOS LTDA;07891033583720;FLORATTA DES COL ROM/VER V2 75ml;1,000;99,24;99,24;31,52;0,00;0,00;67,72;68,24;214,85;1,54;77,34;A;;
11/09/2026;024670 - ACQUA DISTRIBUIDORA DE PERFUMES E COSMETICOS LTDA;07891033842148;EGEO DES COL SPCY VIBE C/CAR 90ml;1,000;117,61;117,61;50,92;0,00;0,00;66,69;56,70;130,97;1,52;78,86;A;;
11/09/2026;024670 - ACQUA DISTRIBUIDORA DE PERFUMES E COSMETICOS LTDA;07891033013029;PMPCK LILY DES ANTIT AER 2x75g;2,000;116,31;58,15;52,28;0,00;0,00;64,03;55,05;122,48;1,46;80,32;B;;
11/09/2026;024670 - ACQUA DISTRIBUIDORA DE PERFUMES E COSMETICOS LTDA;07891033836840;DR BOTICA COL POC/AVENTURA 120ml;1,000;80,50;80,50;19,21;0,00;0,00;61,29;76,14;319,05;1,40;81,72;B;;
11/09/2026;024670 - ACQUA DISTRIBUIDORA DE PERFUMES E COSMETICOS LTDA;07891033589876;NSPA OL BIF DES HID CPO UVA MERL 200ml;1,000;83,46;83,46;22,83;0,00;0,00;60,63;72,65;265,57;1,38;83,10;B;;
11/09/2026;024670 - ACQUA DISTRIBUIDORA DE PERFUMES E COSMETICOS LTDA;07891033508815;CBEM DES COL BDY SPLSH DELEITE V3 200ml;1,000;87,30;87,30;36,50;0,00;0,00;50,80;58,19;139,18;1,16;84,26;B;;
11/09/2026;024670 - ACQUA DISTRIBUIDORA DE PERFUMES E COSMETICOS LTDA;07891033511471;CBEM DES COL BDY SPLSH NUVEM V3 200ml;1,000;68,60;68,60;18,67;0,00;0,00;49,93;72,78;267,43;1,14;85,39;B;;
11/09/2026;024670 - ACQUA DISTRIBUIDORA DE PERFUMES E COSMETICOS LTDA;07891033957989;NSPA CR PERF DES HID CP AMEIX/INT 180ml;2,000;98,26;49,13;51,08;0,00;0,00;47,18;48,02;92,36;1,08;86,47;B;;
11/09/2026;024670 - ACQUA DISTRIBUIDORA DE PERFUMES E COSMETICOS LTDA;07891033839605;ARBO DES ANTIT AER 75ml V9;2,000;68,80;34,40;23,50;0,00;0,00;45,30;65,84;192,77;1,03;87,50;B;;
11/09/2026;024670 - ACQUA DISTRIBUIDORA DE PERFUMES E COSMETICOS LTDA;07891033954056;PMPCK LILY DES B/SPR LEAU/LILY BLANC;1,000;63,76;63,76;18,74;0,00;0,00;45,02;70,61;240,23;1,03;88,53;B;;
11/09/2026;024670 - ACQUA DISTRIBUIDORA DE PERFUMES E COSMETICOS LTDA;07891033487851;MALBEC DES BDY SPR 100ml V4 PCK;1,000;52,90;52,90;8,51;0,00;0,00;44,39;83,91;521,62;1,01;89,54;B;;
11/09/2026;024670 - ACQUA DISTRIBUIDORA DE PERFUMES E COSMETICOS LTDA;07891033890323;MAKE B CORRET LIQ HYAL 275N 68ml;1,000;57,81;57,81;15,41;0,00;0,00;42,40;73,34;275,15;0,97;90,51;B;;
11/09/2026;024670 - ACQUA DISTRIBUIDORA DE PERFUMES E COSMETICOS LTDA;07891033901517;MATCH MASC CAP SCIENCE RECONS V4 250g;1,000;69,90;69,90;27,82;0,00;0,00;42,08;60,20;151,26;0,96;91,46;B;;
11/09/2026;024670 - ACQUA DISTRIBUIDORA DE PERFUMES E COSMETICOS LTDA;07891033826889;EGEO DES COL DOLCE C/CAR 90ml;1,000;98,44;98,44;56,88;0,00;0,00;41,56;42,22;73,07;0,95;92,41;B;;
11/09/2026;024670 - ACQUA DISTRIBUIDORA DE PERFUMES E COSMETICOS LTDA;07891033958023;NSPA ACUC ESF CPO AMEIX/INT 180g;1,000;65,09;65,09;26,13;0,00;0,00;38,96;59,86;149,10;0,89;93,30;B;;
11/09/2026;024670 - ACQUA DISTRIBUIDORA DE PERFUMES E COSMETICOS LTDA;07891033878031;MAKE B BATOM PREENCH HYAL CINNAMON 4g;1,000;55,72;55,72;17,70;0,00;0,00;38,02;68,23;214,80;0,87;94,17;B;;
11/09/2026;024670 - ACQUA DISTRIBUIDORA DE PERFUMES E COSMETICOS LTDA;07891033539215;DR BOTICA COL POC/CORAC V2 120ml;1,000;76,77;76,77;40,54;0,00;0,00;36,23;47,19;89,37;0,83;94,99;B;;
11/09/2026;024670 - ACQUA DISTRIBUIDORA DE PERFUMES E COSMETICOS LTDA;07891033856794;CBEM SAB BARRA CER/FASES 4x80g;2,000;51,96;25,98;20,86;0,00;0,00;31,10;59,85;149,09;0,71;95,70;C;;
11/09/2026;024670 - ACQUA DISTRIBUIDORA DE PERFUMES E COSMETICOS LTDA;07891033013173;PMPCK MALBEC DES ANTIT AER 2x75g;1,000;56,46;56,46;26,89;0,00;0,00;29,57;52,37;109,97;0,67;96,37;C;;
11/09/2026;024670 - ACQUA DISTRIBUIDORA DE PERFUMES E COSMETICOS LTDA;07891033511655;CBEM SAB BARRA ROSA/ALGODAO 4x80g;2,000;55,65;27,82;27,56;0,00;0,00;28,09;50,48;101,92;0,64;97,01;C;;
11/09/2026;024670 - ACQUA DISTRIBUIDORA DE PERFUMES E COSMETICOS LTDA;07891033706839;DR BOTICA SAB BARRA TRIO BNH CORAC 3x80g;1,000;39,61;39,61;13,89;0,00;0,00;25,72;64,93;185,17;0,59;97,60;C;;
11/09/2026;024670 - ACQUA DISTRIBUIDORA DE PERFUMES E COSMETICOS LTDA;07891033866717;MATCH SHAMP CIEN/CURV V2 300ml;1,000;46,26;46,26;21,31;0,00;0,00;24,95;53,93;117,08;0,57;98,17;C;;
11/09/2026;024670 - ACQUA DISTRIBUIDORA DE PERFUMES E COSMETICOS LTDA;07891033051250;MA CHERIE LOC DESC HID CPO 200ml;1,000;45,91;45,91;25,76;0,00;0,00;20,15;43,89;78,22;0,46;98,63;C;;
11/09/2026;024670 - ACQUA DISTRIBUIDORA DE PERFUMES E COSMETICOS LTDA;07891033400874;MAKE B PINCEL CORRETIVO FIBRAS DUPLAS;1,000;34,02;34,02;16,93;0,00;0,00;17,09;50,24;100,95;0,39;99,02;C;;
11/09/2026;024670 - ACQUA DISTRIBUIDORA DE PERFUMES E COSMETICOS LTDA;07891033958030;NSPA SAB BARRA CP AMEIX/INT 90g;2,000;25,87;12,93;9,84;0,00;0,00;16,03;61,96;162,91;0,37;99,38;C;;
11/09/2026;024670 - ACQUA DISTRIBUIDORA DE PERFUMES E COSMETICOS LTDA;07891033866687;MATCH COND HID CIEN/CURV V2 300ml;1,000;31,78;31,78;20,86;0,00;0,00;10,92;34,36;52,35;0,25;99,63;C;;
11/09/2026;024670 - ACQUA DISTRIBUIDORA DE PERFUMES E COSMETICOS LTDA;07891033512317;CBEM SAB BARRA CEREJA LIVRE V2 2x80g;1,000;16,87;16,87;7,39;0,00;0,00;9,48;56,19;128,28;0,22;99,85;C;;
11/09/2026;024670 - ACQUA DISTRIBUIDORA DE PERFUMES E COSMETICOS LTDA;07891033946310;BOTIK CR NUTR FIR ROS/PESC R/SIL PRM 10g;1,000;14,19;14,19;7,54;0,00;0,00;6,65;46,86;88,20;0,15;100,00;C;;
11/09/2026;024671 - 24671 ACQUA DISTRIBUIDORA DE PERFUMES E;07891033775170;LILY EDP LOVE 75ML V2;1,000;262,91;262,91;104,35;0,00;0,00;158,56;60,31;151,95;10,41;10,41;A;;
11/09/2026;024671 - 24671 ACQUA DISTRIBUIDORA DE PERFUMES E;07891033481392;COFFEE DES COL WOMAN SEDUC 100ml V5;1,000;191,80;191,80;41,82;0,00;0,00;149,98;78,20;358,63;9,84;20,25;A;;
11/09/2026;024671 - 24671 ACQUA DISTRIBUIDORA DE PERFUMES E;07891033767007;LIZ DES COL 100ml;1,000;154,22;154,22;36,23;0,00;0,00;117,99;76,51;325,67;7,74;27,99;A;;
11/09/2026;024671 - 24671 ACQUA DISTRIBUIDORA DE PERFUMES E;07891033740437;LINDA DES COL V4 100ml;3,000;346,20;115,40;237,48;0,00;0,00;108,72;31,40;45,78;7,14;35,13;A;;
11/09/2026;024671 - 24671 ACQUA DISTRIBUIDORA DE PERFUMES E;07891033957958;NSPA CR PERF DES HID CPO AMEIX/INT 400ml;2,000;142,27;71,13;33,92;0,00;0,00;108,35;76,16;319,43;7,11;42,24;A;;
11/09/2026;024671 - 24671 ACQUA DISTRIBUIDORA DE PERFUMES E;07891033882014;REF LILY CR ACET DES HID CPO V3 250g;1,000;94,92;94,92;13,91;0,00;0,00;81,01;85,35;582,39;5,32;47,56;A;;
11/09/2026;024671 - 24671 ACQUA DISTRIBUIDORA DE PERFUMES E;07891033536283;BOTIK GEL LIMP FAC VITAM C PRM 50g;5,000;74,71;14,94;0,00;0,00;0,00;74,71;100,00;0,00;4,90;52,46;A;;
11/09/2026;024671 - 24671 ACQUA DISTRIBUIDORA DE PERFUMES E;07891033826865;EGEO DES COL BLUE C/CAR 90ml;1,000;93,56;93,56;32,52;0,00;0,00;61,04;65,24;187,70;4,01;56,47;A;;
11/09/2026;024671 - 24671 ACQUA DISTRIBUIDORA DE PERFUMES E;07891033897902;CBEM DES COL BDY SPLSH LAVANDINHA 200ml;1,000;94,90;94,90;36,50;0,00;0,00;58,40;61,54;160,00;3,83;60,30;A;;
11/09/2026;024671 - 24671 ACQUA DISTRIBUIDORA DE PERFUMES E;07891033744381;ARBO DES COL 100ml V4;1,000;132,66;132,66;75,42;0,00;0,00;57,24;43,15;75,89;3,76;64,06;A;;
11/09/2026;024671 - 24671 ACQUA DISTRIBUIDORA DE PERFUMES E;07891033586790;ESTJ CASA 214 VANILLA SUBLIME;1,000;199,95;199,95;147,21;0,00;0,00;52,74;26,38;35,83;3,46;67,52;A;;
11/09/2026;024671 - 24671 ACQUA DISTRIBUIDORA DE PERFUMES E;07891033511471;CBEM DES COL BDY SPLSH NUVEM V3 200ml;1,000;67,89;67,89;18,38;0,00;0,00;49,51;72,93;269,37;3,25;70,77;A;;
11/09/2026;024671 - 24671 ACQUA DISTRIBUIDORA DE PERFUMES E;07891033583638;CBEM D/COL BDY SPLSH NUV/ALEG 200ml;1,000;65,64;65,64;19,84;0,00;0,00;45,80;69,77;230,85;3,01;73,77;A;;
11/09/2026;024671 - 24671 ACQUA DISTRIBUIDORA DE PERFUMES E;07891033515318;FLORATTA DES BDY SPR BLUE 100ml V8;3,000;67,42;22,47;22,26;0,00;0,00;45,16;66,98;202,88;2,96;76,74;A;;
11/09/2026;024671 - 24671 ACQUA DISTRIBUIDORA DE PERFUMES E;07891033511303;CBEM DES COL BDY SPLSH BEIJINHO V2 200ml;1,000;63,32;63,32;18,76;0,00;0,00;44,56;70,37;237,53;2,92;79,66;A;;
11/09/2026;024671 - 24671 ACQUA DISTRIBUIDORA DE PERFUMES E;07891033883967;CBEM DES COL BDY SPLSH CER/FASES 200ml;1,000;53,96;53,96;13,54;0,00;0,00;40,42;74,91;298,52;2,65;82,31;B;;
11/09/2026;024671 - 24671 ACQUA DISTRIBUIDORA DE PERFUMES E;07891033947645;CBEM SAB BARRA LAVANDINHA 2x80g;2,000;49,80;24,90;14,22;0,00;0,00;35,58;71,45;250,21;2,34;84,65;B;;
11/09/2026;024671 - 24671 ACQUA DISTRIBUIDORA DE PERFUMES E;07891033856060;INSENSATEZ DES COL V4 100ml;2,000;157,93;78,96;122,96;0,00;0,00;34,97;22,14;28,44;2,30;86,95;B;;
11/09/2026;024671 - 24671 ACQUA DISTRIBUIDORA DE PERFUMES E;07891033533893;NSPA SAB LIQ PERF AMEIXA NEGRA 250ml;1,000;46,33;46,33;12,23;0,00;0,00;34,10;73,60;278,82;2,24;89,18;B;;
11/09/2026;024671 - 24671 ACQUA DISTRIBUIDORA DE PERFUMES E;07891033946730;CBEM GEL LIMP FAC FEIR TANGERINA V2 150g;1,000;43,11;43,11;15,55;0,00;0,00;27,56;63,93;177,23;1,81;90,99;B;;
11/09/2026;024671 - 24671 ACQUA DISTRIBUIDORA DE PERFUMES E;07891033512614;QUASAR DES B/SPR BLUE RPCK 100ml;1,000;35,60;35,60;9,68;0,00;0,00;25,92;72,81;267,77;1,70;92,69;B;;
11/09/2026;024671 - 24671 ACQUA DISTRIBUIDORA DE PERFUMES E;07891033839612;ARBO DES BDY SPR 100ml V6;1,000;45,90;45,90;21,68;0,00;0,00;24,22;52,77;111,72;1,59;94,28;B;;
11/09/2026;024671 - 24671 ACQUA DISTRIBUIDORA DE PERFUMES E;07891033490257;FLORATTA DES BDY SPR ROSE 100ml V8;1,000;32,20;32,20;8,71;0,00;0,00;23,49;72,95;269,69;1,54;95,82;C;;
11/09/2026;024671 - 24671 ACQUA DISTRIBUIDORA DE PERFUMES E;07891033513956;BOTICA 214 EDP FIJI PAR FL ESPEC 90ml;1,000;113,54;113,54;92,63;0,00;0,00;20,91;18,42;22,57;1,37;97,20;C;;
11/09/2026;024671 - 24671 ACQUA DISTRIBUIDORA DE PERFUMES E;07891033839605;ARBO DES ANTIT AER 75ml V9;1,000;27,40;27,40;11,73;0,00;0,00;15,67;57,19;133,59;1,03;98,23;C;;
11/09/2026;024671 - 24671 ACQUA DISTRIBUIDORA DE PERFUMES E;07891033856794;CBEM SAB BARRA CER/FASES 4x80g;1,000;25,51;25,51;12,60;0,00;0,00;12,91;50,61;102,46;0,85;99,07;C;;
11/09/2026;024671 - 24671 ACQUA DISTRIBUIDORA DE PERFUMES E;07891033511648;CBEM DES ANTIT CR R/ALG V3 80g;1,000;23,31;23,31;10,70;0,00;0,00;12,61;54,10;117,85;0,83;99,90;C;;
11/09/2026;024671 - 24671 ACQUA DISTRIBUIDORA DE PERFUMES E;07891033517572;CBEM SAB BARR CPO SHOW BNH 100g;1,000;10,38;10,38;6,26;0,00;0,00;4,12;39,69;65,81;0,27;100,17;C;;
11/09/2026;024671 - 24671 ACQUA DISTRIBUIDORA DE PERFUMES E;07891033908219;SACOLA P BOTICARIO INST/25;2,000;0,02;0,01;2,62;0,00;0,00;-2,60;-13000,00;-99,24;-0,17;100,00;C;;
12/09/2026;024303 - 24303 ACQUA DISTRIBUIDORA DE PERFUMES E;07891033899586;ESTJ MALBEC X AMOR/26;1,000;224,66;224,66;91,75;0,00;0,00;132,91;59,16;144,86;8,83;8,83;A;;
12/09/2026;024303 - 24303 ACQUA DISTRIBUIDORA DE PERFUMES E;07891033839711;LILY DES COL LEAU DE 75ml;1,000;170,34;170,34;43,29;0,00;0,00;127,05;74,59;293,49;8,44;17,27;A;;
12/09/2026;024303 - 24303 ACQUA DISTRIBUIDORA DE PERFUMES E;07891033490257;FLORATTA DES BDY SPR ROSE 100ml V8;4,000;168,67;42,17;43,80;0,00;0,00;124,87;74,03;285,09;8,30;25,57;A;;
12/09/2026;024303 - 24303 ACQUA DISTRIBUIDORA DE PERFUMES E;07891033841820;LILY DES COL BDY SPLSH 200ml;2,000;161,52;80,76;42,80;0,00;0,00;118,72;73,50;277,38;7,89;33,45;A;;
12/09/2026;024303 - 24303 ACQUA DISTRIBUIDORA DE PERFUMES E;07891033483150;FLORATTA DES COL GOLD V3 75ml;1,000;145,06;145,06;28,20;0,00;0,00;116,86;80,56;414,40;7,76;41,22;A;;
12/09/2026;024303 - 24303 ACQUA DISTRIBUIDORA DE PERFUMES E;07891033956494;ESTJ ZAAD INTENSE PAIS/26;1,000;234,43;234,43;123,38;0,00;0,00;111,05;47,37;90,01;7,38;48,60;A;;
12/09/2026;024303 - 24303 ACQUA DISTRIBUIDORA DE PERFUMES E;07891033899609;ESTJ LILY L EAU AMOR/26;1,000;189,98;189,98;105,61;0,00;0,00;84,37;44,41;79,89;5,61;54,20;A;;
12/09/2026;024303 - 24303 ACQUA DISTRIBUIDORA DE PERFUMES E;07891033482801;NSPA DES COL BDY SPLSH AMEI/NEG 200ml V2;1,000;79,76;79,76;19,89;0,00;0,00;59,87;75,06;301,01;3,98;58,18;A;;
12/09/2026;024303 - 24303 ACQUA DISTRIBUIDORA DE PERFUMES E;07891033013029;PMPCK LILY DES ANTIT AER 2x75g;2,000;109,50;54,75;52,84;0,00;0,00;56,66;51,74;107,23;3,76;61,94;A;;
12/09/2026;024303 - 24303 ACQUA DISTRIBUIDORA DE PERFUMES E;07891033874910;BOTIK GEL LIMP F MCL AC MAND/SAL V2 150g;1,000;63,64;63,64;10,83;0,00;0,00;52,81;82,98;487,63;3,51;65,45;A;;
12/09/2026;024303 - 24303 ACQUA DISTRIBUIDORA DE PERFUMES E;07891033740437;LINDA DES COL V4 100ml;1,000;131,90;131,90;79,93;0,00;0,00;51,97;39,40;65,02;3,45;68,90;A;;
12/09/2026;024303 - 24303 ACQUA DISTRIBUIDORA DE PERFUMES E;07891033741038;GLAMOUR DES COL SEC BL 75ml V4;1,000;123,31;123,31;71,43;0,00;0,00;51,88;42,07;72,63;3,45;72,35;A;;
12/09/2026;024303 - 24303 ACQUA DISTRIBUIDORA DE PERFUMES E;07891033826889;EGEO DES COL DOLCE C/CAR 90ml;1,000;107,88;107,88;57,47;0,00;0,00;50,41;46,73;87,72;3,35;75,70;A;;
12/09/2026;024303 - 24303 ACQUA DISTRIBUIDORA DE PERFUMES E;07891033880829;NSPA LOC DES HID CPO AMEIX/NEG V4 400ml;1,000;65,24;65,24;17,03;0,00;0,00;48,21;73,90;283,09;3,20;78,90;A;;
12/09/2026;024303 - 24303 ACQUA DISTRIBUIDORA DE PERFUMES E;07891033720521;EGEO MOUS CREM HID DES CPO D MER 250g V6;1,000;75,68;75,68;28,05;0,00;0,00;47,63;62,94;169,80;3,16;82,07;B;;
12/09/2026;024303 - 24303 ACQUA DISTRIBUIDORA DE PERFUMES E;07891033945399;LILY HAIR MIST ACETINADO 50ml;1,000;99,90;99,90;54,61;0,00;0,00;45,29;45,34;82,93;3,01;85,08;B;;
12/09/2026;024303 - 24303 ACQUA DISTRIBUIDORA DE PERFUMES E;07891033833573;FLORATTA DES COL SPLASH BLUE 200ml;1,000;81,20;81,20;36,74;0,00;0,00;44,46;54,75;121,01;2,95;88,03;B;;
12/09/2026;024303 - 24303 ACQUA DISTRIBUIDORA DE PERFUMES E;07891033487790;BOTICOLL PORTINARI DES BDY SPR 100ml V7;1,000;43,88;43,88;9,00;0,00;0,00;34,88;79,49;387,56;2,32;90,35;B;;
12/09/2026;024303 - 24303 ACQUA DISTRIBUIDORA DE PERFUMES E;07891033856718;CBEM LOC DES HID CPO CER/FAS 400ml;1,000;47,50;47,50;16,02;0,00;0,00;31,48;66,27;196,50;2,09;92,44;B;;
12/09/2026;024303 - 24303 ACQUA DISTRIBUIDORA DE PERFUMES E;07891033883950;CBEM DES COL BDY SPLSH ROS/ALG V4 200ml;1,000;67,89;67,89;36,90;0,00;0,00;30,99;45,65;83,98;2,06;94,50;B;;
12/09/2026;024303 - 24303 ACQUA DISTRIBUIDORA DE PERFUMES E;07891033748938;EGEO DES BDY SPR DOLCE 100ml V8 PCK;1,000;50,11;50,11;24,32;0,00;0,00;25,79;51,47;106,04;1,71;96,21;C;;
12/09/2026;024303 - 24303 ACQUA DISTRIBUIDORA DE PERFUMES E;07891033894017;CX PRESENTE M BOTI INST/25 VDA;2,000;22,02;11,01;0,00;0,00;0,00;22,02;100,00;0,00;1,46;97,67;C;;
12/09/2026;024303 - 24303 ACQUA DISTRIBUIDORA DE PERFUMES E;07891033511655;CBEM SAB BARRA ROSA/ALGODAO 4x80g;1,000;33,05;33,05;13,90;0,00;0,00;19,15;57,94;137,77;1,27;98,95;C;;
12/09/2026;024303 - 24303 ACQUA DISTRIBUIDORA DE PERFUMES E;07891033512317;CBEM SAB BARRA CEREJA LIVRE V2 2x80g;1,000;20,65;20,65;7,45;0,00;0,00;13,20;63,92;177,18;0,88;99,82;C;;
12/09/2026;024303 - 24303 ACQUA DISTRIBUIDORA DE PERFUMES E;07891033498963;CBEM LOC DES HID CPO ROS/ALG V3 200ml;1,000;32,21;32,21;21,11;0,00;0,00;11,10;34,46;52,58;0,74;100,56;C;;
12/09/2026;024303 - 24303 ACQUA DISTRIBUIDORA DE PERFUMES E;07891033511662;CBEM SAB BARRA ROSA/ALGODAO V8 2x80g;1,000;16,91;16,91;7,27;0,00;0,00;9,64;57,01;132,60;0,64;101,20;C;;
12/09/2026;024303 - 24303 ACQUA DISTRIBUIDORA DE PERFUMES E;07891033486960;LILY DES ANTIT AEROSSOL 75g V9;1,000;21,97;21,97;17,60;0,00;0,00;4,37;19,89;24,83;0,29;101,49;C;;
12/09/2026;024303 - 24303 ACQUA DISTRIBUIDORA DE PERFUMES E;07891033908226;SACOLA M BOTICARIO INST/25;3,000;0,03;0,01;4,68;0,00;0,00;-4,65;-15500,00;-99,36;-0,31;101,18;C;;
12/09/2026;024303 - 24303 ACQUA DISTRIBUIDORA DE PERFUMES E;07891033908219;SACOLA P BOTICARIO INST/25;4,000;0,04;0,01;5,24;0,00;0,00;-5,20;-13000,00;-99,24;-0,35;100,84;C;;
12/09/2026;024303 - 24303 ACQUA DISTRIBUIDORA DE PERFUMES E;07891033499595;NSPA LOC DES HID CPO ORQ NOIRE 200ml;1,000;0,01;0,01;12,62;0,00;0,00;-12,61;-126100,00;-99,92;-0,84;100,00;C;;
12/09/2026;024617 - ACQUA DISTRIBUIDORA DE PERFUMES E COSMETICOS LTDA;07891033820528;NSPA DES COL BODY SPLASH JAS/SAMB 200ml;4,000;339,31;84,83;80,60;0,00;0,00;258,71;76,25;320,98;13,47;13,47;A;;
12/09/2026;024617 - ACQUA DISTRIBUIDORA DE PERFUMES E COSMETICOS LTDA;07891033892617;BOTICA 214 EDP GOLD/GARD V3 75ml;1,000;230,35;230,35;104,57;0,00;0,00;125,78;54,60;120,28;6,55;20,02;A;;
12/09/2026;024617 - ACQUA DISTRIBUIDORA DE PERFUMES E COSMETICOS LTDA;07891033595556;HER CODE EDP TOUCH 50ml;1,000;182,34;182,34;70,27;0,00;0,00;112,07;61,46;159,48;5,83;25,85;A;;
12/09/2026;024617 - ACQUA DISTRIBUIDORA DE PERFUMES E COSMETICOS LTDA;07891033826858;EGEO DES COL BOMB BLACK C/CAR 90ml;1,000;129,80;129,80;29,10;0,00;0,00;100,70;77,58;346,05;5,24;31,09;A;;
12/09/2026;024617 - ACQUA DISTRIBUIDORA DE PERFUMES E COSMETICOS LTDA;07891033826889;EGEO DES COL DOLCE C/CAR 90ml;2,000;227,70;113,85;127,20;0,00;0,00;100,50;44,14;79,01;5,23;36,33;A;;
12/09/2026;024617 - ACQUA DISTRIBUIDORA DE PERFUMES E COSMETICOS LTDA;07891033874910;BOTIK GEL LIMP F MCL AC MAND/SAL V2 150g;5,000;229,25;45,85;132,60;0,00;0,00;96,65;42,16;72,89;5,03;41,36;A;;
12/09/2026;024617 - ACQUA DISTRIBUIDORA DE PERFUMES E COSMETICOS LTDA;07891033856459;BOTICA 214 EDP ARAB/OASIS FOUG/AMB 90ml;1,000;195,35;195,35;100,69;0,00;0,00;94,66;48,46;94,01;4,93;46,29;A;;
12/09/2026;024617 - ACQUA DISTRIBUIDORA DE PERFUMES E COSMETICOS LTDA;07891033766789;BOTICOLL STYLETTO DES COL 100ml V3;1,000;153,61;153,61;60,64;0,00;0,00;92,97;60,52;153,31;4,84;51,13;A;;
12/09/2026;024617 - ACQUA DISTRIBUIDORA DE PERFUMES E COSMETICOS LTDA;07891033500222;HER CODE EDP 50ml;1,000;203,65;203,65;111,79;0,00;0,00;91,86;45,11;82,17;4,78;55,91;A;;
12/09/2026;024617 - ACQUA DISTRIBUIDORA DE PERFUMES E COSMETICOS LTDA;07891033513956;BOTICA 214 EDP FIJI PAR FL ESPEC 90ml;3,000;399,02;133,01;308,31;0,00;0,00;90,71;22,73;29,42;4,72;60,63;A;;
12/09/2026;024617 - ACQUA DISTRIBUIDORA DE PERFUMES E COSMETICOS LTDA;07891033482801;NSPA DES COL BDY SPLSH AMEI/NEG 200ml V2;1,000;109,00;109,00;19,86;0,00;0,00;89,14;81,78;448,84;4,64;65,27;A;;
12/09/2026;024617 - ACQUA DISTRIBUIDORA DE PERFUMES E COSMETICOS LTDA;07891033744442;ARBO DES COL BOTANIC 100ml V2 RPCK;3,000;306,46;102,15;228,63;0,00;0,00;77,83;25,40;34,04;4,05;69,33;A;;
12/09/2026;024617 - ACQUA DISTRIBUIDORA DE PERFUMES E COSMETICOS LTDA;07891033550838;NEXT COLONIA 75ml;1,000;105,45;105,45;31,70;0,00;0,00;73,75;69,94;232,65;3,84;73,17;A;;
12/09/2026;024617 - ACQUA DISTRIBUIDORA DE PERFUMES E COSMETICOS LTDA;07891033706686;SOPHIE COL HELLO 100ml;1,000;119,00;119,00;49,51;0,00;0,00;69,49;58,39;140,36;3,62;76,78;A;;
12/09/2026;024617 - ACQUA DISTRIBUIDORA DE PERFUMES E COSMETICOS LTDA;07891033518029;BOTI BABY COL SOL V2 100ml;1,000;97,90;97,90;40,40;0,00;0,00;57,50;58,73;142,33;2,99;79,78;A;;
12/09/2026;024617 - ACQUA DISTRIBUIDORA DE PERFUMES E COSMETICOS LTDA;07891033520190;BOTI BABY SHAMP V2 200ml;2,000;70,63;35,31;26,38;0,00;0,00;44,25;62,65;167,74;2,30;82,08;B;;
12/09/2026;024617 - ACQUA DISTRIBUIDORA DE PERFUMES E COSMETICOS LTDA;07891033897827;MALBEC ESPUM P/BARB SENSIT CUID V4 200ml;1,000;73,81;73,81;33,60;0,00;0,00;40,21;54,48;119,67;2,09;84,17;B;;
12/09/2026;024617 - ACQUA DISTRIBUIDORA DE PERFUMES E COSMETICOS LTDA;07891033880119;MAKE B BAT LIQ MAT AC/POL EXO/ROS V2 5ml;1,000;69,15;69,15;29,41;0,00;0,00;39,74;57,47;135,12;2,07;86,24;B;;
12/09/2026;024617 - ACQUA DISTRIBUIDORA DE PERFUMES E COSMETICOS LTDA;07891033538386;BOTIK PROT SOL FAC FPS 50 AC/HIAL 40ml;1,000;58,90;58,90;23,86;0,00;0,00;35,04;59,49;146,86;1,82;88,07;B;;
12/09/2026;024617 - ACQUA DISTRIBUIDORA DE PERFUMES E COSMETICOS LTDA;07891033598243;REF NSPA CR PERF DES CPO ORQ/LUM 350ml;1,000;60,68;60,68;27,84;0,00;0,00;32,84;54,12;117,96;1,71;89,78;B;;
12/09/2026;024617 - ACQUA DISTRIBUIDORA DE PERFUMES E COSMETICOS LTDA;07891033880171;MAKE B BAT LIQ MAT AC/POL RED/BOO V2 5ml;1,000;62,05;62,05;29,41;0,00;0,00;32,64;52,60;110,98;1,70;91,48;B;;
12/09/2026;024617 - ACQUA DISTRIBUIDORA DE PERFUMES E COSMETICOS LTDA;07891033880157;MAKE B BAT LIQ MAT AC/POL DEEP/RO V2 5ml;1,000;60,85;60,85;29,41;0,00;0,00;31,44;51,67;106,90;1,64;93,11;B;;
12/09/2026;024617 - ACQUA DISTRIBUIDORA DE PERFUMES E COSMETICOS LTDA;07891033839612;ARBO DES BDY SPR 100ml V6;1,000;51,30;51,30;21,68;0,00;0,00;29,62;57,74;136,62;1,54;94,65;B;;
12/09/2026;024617 - ACQUA DISTRIBUIDORA DE PERFUMES E COSMETICOS LTDA;07891033514021;BOTICA 214 DES ANT AER FIJ P/FG/ES 125ml;1,000;38,70;38,70;11,09;0,00;0,00;27,61;71,34;248,96;1,44;96,09;C;;
12/09/2026;024617 - ACQUA DISTRIBUIDORA DE PERFUMES E COSMETICOS LTDA;07891033013173;PMPCK MALBEC DES ANTIT AER 2x75g;1,000;52,57;52,57;27,18;0,00;0,00;25,39;48,30;93,41;1,32;97,41;C;;
12/09/2026;024617 - ACQUA DISTRIBUIDORA DE PERFUMES E COSMETICOS LTDA;07891033576401;ARBO NECESSAIRE PES;1,000;42,54;42,54;19,85;0,00;1,55;21,14;49,69;114,31;1,10;98,51;C;;
12/09/2026;024617 - ACQUA DISTRIBUIDORA DE PERFUMES E COSMETICOS LTDA;07891033536801;QUASAR DES ROLL BLUE V10 55ml;1,000;20,59;20,59;6,60;0,00;0,00;13,99;67,95;211,97;0,73;99,24;C;;
12/09/2026;024617 - ACQUA DISTRIBUIDORA DE PERFUMES E COSMETICOS LTDA;07891033885602;MALBEC DES ANTIT ROLL V10 55ml;1,000;20,60;20,60;12,51;0,00;0,00;8,09;39,27;64,67;0,42;99,66;C;;
12/09/2026;024617 - ACQUA DISTRIBUIDORA DE PERFUMES E COSMETICOS LTDA;07891033521630;INTENSE BAT CREM 250 V7 38g;1,000;22,41;22,41;15,96;0,00;0,00;6,45;28,78;40,41;0,34;100,00;C;;
12/09/2026;024668 - ACQUA DISTRIBUIDORA DE PERFUMES E COSMETICOS LTDA;07891033905133;MALBEC DES COL V7 100ml;5,000;778,59;155,72;222,70;0,00;0,00;555,89;71,40;249,61;13,60;13,60;A;;
12/09/2026;024668 - ACQUA DISTRIBUIDORA DE PERFUMES E COSMETICOS LTDA;07891033830596;CELEBRE DES COL FOUG AROM FORC 100ml;2,000;206,90;103,45;42,28;0,00;0,00;164,62;79,57;389,36;4,03;17,62;A;;
12/09/2026;024668 - ACQUA DISTRIBUIDORA DE PERFUMES E COSMETICOS LTDA;07891033771295;BOTIK SRM FAC ALT/POT PRENC AC/HIAL 30ml;1,000;197,48;197,48;34,71;0,00;0,00;162,77;82,42;468,94;3,98;21,61;A;;
12/09/2026;024668 - ACQUA DISTRIBUIDORA DE PERFUMES E COSMETICOS LTDA;07891033883646;QUASAR DES COL CLASSIC V2 100ml;1,000;189,90;189,90;28,10;0,00;0,00;161,80;85,20;575,80;3,96;25,56;A;;
12/09/2026;024668 - ACQUA DISTRIBUIDORA DE PERFUMES E COSMETICOS LTDA;07891033902378;ESTJ ZAAD PAIS/26;1,000;266,36;266,36;119,71;0,00;0,00;146,65;55,06;122,50;3,59;29,15;A;;
12/09/2026;024668 - ACQUA DISTRIBUIDORA DE PERFUMES E COSMETICOS LTDA;07891033744381;ARBO DES COL 100ml V4;3,000;366,42;122,14;226,11;0,00;0,00;140,31;38,29;62,05;3,43;32,58;A;;
12/09/2026;024668 - ACQUA DISTRIBUIDORA DE PERFUMES E COSMETICOS LTDA;07891033506514;ARBO DES COL INT 100ml;1,000;176,81;176,81;36,61;0,00;0,00;140,20;79,29;382,96;3,43;36,01;A;;
12/09/2026;024668 - ACQUA DISTRIBUIDORA DE PERFUMES E COSMETICOS LTDA;07891033483617;BOTICOLL ANNI DES COL 200ml V2;1,000;183,01;183,01;46,28;0,00;0,00;136,73;74,71;295,44;3,34;39,36;A;;
12/09/2026;024668 - ACQUA DISTRIBUIDORA DE PERFUMES E COSMETICOS LTDA;07891033487905;REFIL MALBEC DES BDY SPR REG 100ml PK V5;4,000;140,23;35,06;24,24;0,00;0,00;115,99;82,71;478,51;2,84;42,20;A;;
12/09/2026;024668 - ACQUA DISTRIBUIDORA DE PERFUMES E COSMETICOS LTDA;07891033492459;COFFEE D/COL DUO MAN FOUG/AMB V2 100ml;1,000;156,60;156,60;44,51;0,00;0,00;112,09;71,58;251,83;2,74;44,94;A;;
12/09/2026;024668 - ACQUA DISTRIBUIDORA DE PERFUMES E COSMETICOS LTDA;07891033524686;BOTIK GEL LIM FAC MIC AC MAN/SAL 50g PRM;5,000;107,24;21,45;0,00;0,00;0,00;107,24;100,00;0,00;2,62;47,56;A;;
12/09/2026;024668 - ACQUA DISTRIBUIDORA DE PERFUMES E COSMETICOS LTDA;07891033483150;FLORATTA DES COL GOLD V3 75ml;1,000;174,90;174,90;68,75;0,00;0,00;106,15;60,69;154,40;2,60;50,16;A;;
12/09/2026;024668 - ACQUA DISTRIBUIDORA DE PERFUMES E COSMETICOS LTDA;07891033527526;GLAMOUR DES COL SCRT BLACK INTENSE 75ml;1,000;148,31;148,31;43,87;0,00;0,00;104,44;70,42;238,07;2,55;52,71;A;;
12/09/2026;024668 - ACQUA DISTRIBUIDORA DE PERFUMES E COSMETICOS LTDA;07891033826858;EGEO DES COL BOMB BLACK C/CAR 90ml;1,000;129,90;129,90;28,79;0,00;0,00;101,11;77,84;351,20;2,47;55,19;A;;
12/09/2026;024668 - ACQUA DISTRIBUIDORA DE PERFUMES E COSMETICOS LTDA;07891033566860;KIT DR BOTICA MAGICO TEATRO BONECOS;1,000;159,90;159,90;69,11;0,00;0,00;90,79;56,78;131,37;2,22;57,41;A;;
12/09/2026;024668 - ACQUA DISTRIBUIDORA DE PERFUMES E COSMETICOS LTDA;07891033771387;BOTIK CR CON OLH RED/RUG AC/HIAL CAF 15g;1,000;144,47;144,47;56,47;0,00;0,00;88,00;60,91;155,83;2,15;59,56;A;;
12/09/2026;024668 - ACQUA DISTRIBUIDORA DE PERFUMES E COSMETICOS LTDA;07891033842131;EGEO DES COL VAN VIBE 90ml;1,000;116,83;116,83;32,78;0,00;0,00;84,05;71,94;256,41;2,06;61,62;A;;
12/09/2026;024668 - ACQUA DISTRIBUIDORA DE PERFUMES E COSMETICOS LTDA;07891033483075;FLORATTA DES COL F/SECRET V3 75ml;1,000;152,25;152,25;68,48;0,00;0,00;83,77;55,02;122,33;2,05;63,66;A;;
12/09/2026;024668 - ACQUA DISTRIBUIDORA DE PERFUMES E COSMETICOS LTDA;07891033499601;NSPA DES COL BDY SPLSH ORQ NOIRE 200ml;1,000;101,08;101,08;17,92;0,00;0,00;83,16;82,27;464,06;2,03;65,70;A;;
12/09/2026;024668 - ACQUA DISTRIBUIDORA DE PERFUMES E COSMETICOS LTDA;07891033539215;DR BOTICA COL POC/CORAC V2 120ml;1,000;98,90;98,90;17,15;0,00;0,00;81,75;82,66;476,68;2,00;67,70;A;;
12/09/2026;024668 - ACQUA DISTRIBUIDORA DE PERFUMES E COSMETICOS LTDA;07891033531592;ESTJ DR BOTICA POCAO DA AVENTURA V2;1,000;107,90;107,90;28,63;0,00;0,00;79,27;73,47;276,88;1,94;69,64;A;;
12/09/2026;024668 - ACQUA DISTRIBUIDORA DE PERFUMES E COSMETICOS LTDA;07891033533862;BOTIK PROT SOL FAC FPS 80 AC/HIAL 40ml;1,000;105,92;105,92;26,86;0,00;0,00;79,06;74,64;294,34;1,93;71,57;A;;
12/09/2026;024668 - ACQUA DISTRIBUIDORA DE PERFUMES E COSMETICOS LTDA;07891033741038;GLAMOUR DES COL SEC BL 75ml V4;1,000;129,84;129,84;54,32;0,00;0,00;75,52;58,16;139,03;1,85;73,42;A;;
12/09/2026;024668 - ACQUA DISTRIBUIDORA DE PERFUMES E COSMETICOS LTDA;07891033859207;CBEM DES COL BDY SPLSH AMORUDA 200ml;1,000;94,90;94,90;19,78;0,00;0,00;75,12;79,16;379,78;1,84;75,26;A;;
12/09/2026;024668 - ACQUA DISTRIBUIDORA DE PERFUMES E COSMETICOS LTDA;07891033852932;ESTJ HER CODE AMOR/25;1,000;232,86;232,86;160,20;0,00;0,00;72,66;31,20;45,36;1,78;77,03;A;;
12/09/2026;024668 - ACQUA DISTRIBUIDORA DE PERFUMES E COSMETICOS LTDA;07891033826889;EGEO DES COL DOLCE C/CAR 90ml;2,000;194,29;97,14;122,48;0,00;0,00;71,81;36,96;58,63;1,76;78,79;A;;
12/09/2026;024668 - ACQUA DISTRIBUIDORA DE PERFUMES E COSMETICOS LTDA;07891033035304;CAIXA M INST 2021 VERDE ECONOMICA;21,000;68,37;3,26;0,00;0,00;0,00;68,37;100,00;0,00;1,67;80,46;B;;
12/09/2026;024668 - ACQUA DISTRIBUIDORA DE PERFUMES E COSMETICOS LTDA;07891033894710;BOTIK GEL/LIMP FAC CIC/PANT/CER PRM 50g;3,000;62,65;20,88;0,00;0,00;0,00;62,65;100,00;0,00;1,53;82,00;B;;
12/09/2026;024668 - ACQUA DISTRIBUIDORA DE PERFUMES E COSMETICOS LTDA;07891033766666;MEN DES COL GALBE 100ml V2;1,000;124,83;124,83;68,59;0,00;0,00;56,24;45,05;81,99;1,38;83,37;B;;
12/09/2026;024668 - ACQUA DISTRIBUIDORA DE PERFUMES E COSMETICOS LTDA;07891033946105;NSPA DES COL BDY/SPL ORQ/NOIRE V2 200ml;1,000;96,78;96,78;42,50;0,00;0,00;54,28;56,09;127,72;1,33;84,70;B;;
12/09/2026;024668 - ACQUA DISTRIBUIDORA DE PERFUMES E COSMETICOS LTDA;07891033874781;BOTIK GEL LIMP FAC VITAM C V2 200g;1,000;84,72;84,72;30,92;0,00;0,00;53,80;63,50;174,00;1,32;86,01;B;;
12/09/2026;024668 - ACQUA DISTRIBUIDORA DE PERFUMES E COSMETICOS LTDA;07891033958016;NSPA OL GLOR DES HID CPO AMEIX/INT 200ml;1,000;76,41;76,41;22,63;0,00;0,00;53,78;70,38;237,65;1,32;87,33;B;;
12/09/2026;024668 - ACQUA DISTRIBUIDORA DE PERFUMES E COSMETICOS LTDA;07891033479085;DREAM DES COL SPLSH VIAG/ENC 200ml V2;1,000;92,54;92,54;46,76;0,00;0,00;45,78;49,47;97,90;1,12;88,45;B;;
12/09/2026;024668 - ACQUA DISTRIBUIDORA DE PERFUMES E COSMETICOS LTDA;07891033051250;MA CHERIE LOC DESC HID CPO 200ml;1,000;55,09;55,09;10,32;0,00;0,00;44,77;81,27;433,82;1,10;89,55;B;;
12/09/2026;024668 - ACQUA DISTRIBUIDORA DE PERFUMES E COSMETICOS LTDA;07891033855841;NSPA OL GLOR DES HID CPO ORQ/LUM 200ml;1,000;83,87;83,87;40,47;0,00;0,00;43,40;51,75;107,24;1,06;90,61;B;;
12/09/2026;024668 - ACQUA DISTRIBUIDORA DE PERFUMES E COSMETICOS LTDA;07891033957958;NSPA CR PERF DES HID CPO AMEIX/INT 400ml;1,000;60,28;60,28;16,95;0,00;0,00;43,33;71,88;255,63;1,06;91,67;B;;
12/09/2026;024668 - ACQUA DISTRIBUIDORA DE PERFUMES E COSMETICOS LTDA;07891033552214;DR BOTICA COL POC/CRIATIV 120ml;1,000;76,33;76,33;38,59;0,00;0,00;37,74;49,44;97,80;0,92;92,59;B;;
12/09/2026;024668 - ACQUA DISTRIBUIDORA DE PERFUMES E COSMETICOS LTDA;07891033487851;MALBEC DES BDY SPR 100ml V4 PCK;1,000;41,72;41,72;8,52;0,00;0,00;33,20;79,58;389,67;0,81;93,40;B;;
12/09/2026;024668 - ACQUA DISTRIBUIDORA DE PERFUMES E COSMETICOS LTDA;07891033706839;DR BOTICA SAB BARRA TRIO BNH CORAC 3x80g;1,000;44,90;44,90;13,89;0,00;0,00;31,01;69,06;223,25;0,76;94,16;B;;
12/09/2026;024668 - ACQUA DISTRIBUIDORA DE PERFUMES E COSMETICOS LTDA;07891033290468;BOTICOLL CONNEX DES BDY SPR 100ml V6 PCK;1,000;52,90;52,90;24,05;0,00;0,00;28,85;54,54;119,96;0,71;94,87;B;;
12/09/2026;024668 - ACQUA DISTRIBUIDORA DE PERFUMES E COSMETICOS LTDA;07891033566051;DR BOTICA SHAMP POC ESPUM V3 400ml;1,000;51,49;51,49;23,07;0,00;0,00;28,42;55,20;123,19;0,70;95,56;C;;
12/09/2026;024668 - ACQUA DISTRIBUIDORA DE PERFUMES E COSMETICOS LTDA;07891033507979;DR BOTICA COND POC/BRLH 400ml V2;1,000;36,18;36,18;10,92;0,00;0,00;25,26;69,82;231,32;0,62;96,18;C;;
12/09/2026;024668 - ACQUA DISTRIBUIDORA DE PERFUMES E COSMETICOS LTDA;07891033493623;MALBEC DES ANTIT AER 75g/125ml V10;1,000;35,91;35,91;11,68;0,00;0,00;24,23;67,47;207,45;0,59;96,77;C;;
12/09/2026;024668 - ACQUA DISTRIBUIDORA DE PERFUMES E COSMETICOS LTDA;07891033552238;DR BOTICA SPR CAP DESEMB CHUV/IMAG 100ml;1,000;43,91;43,91;20,11;0,00;0,00;23,80;54,20;118,35;0,58;97,35;C;;
12/09/2026;024668 - ACQUA DISTRIBUIDORA DE PERFUMES E COSMETICOS LTDA;07891033740437;LINDA DES COL V4 100ml;1,000;101,51;101,51;78,75;0,00;0,00;22,76;22,42;28,90;0,56;97,91;C;;
12/09/2026;024668 - ACQUA DISTRIBUIDORA DE PERFUMES E COSMETICOS LTDA;07891033577538;MAKE B ESPNJ FAC SUPER BLEND PU;1,000;23,91;23,91;5,06;0,00;0,00;18,85;78,84;372,53;0,46;98,37;C;;
12/09/2026;024668 - ACQUA DISTRIBUIDORA DE PERFUMES E COSMETICOS LTDA;07891033581382;BOTI NECESS PINK STARS PES;1,000;41,90;41,90;21,68;0,00;1,53;18,69;44,61;93,27;0,46;98,83;C;;
12/09/2026;024668 - ACQUA DISTRIBUIDORA DE PERFUMES E COSMETICOS LTDA;07891033886944;CBEM LOC DES HID CP R/ALG N/FORM 400ml;1,000;46,94;46,94;28,87;0,00;0,00;18,07;38,50;62,59;0,44;99,27;C;;
12/09/2026;024668 - ACQUA DISTRIBUIDORA DE PERFUMES E COSMETICOS LTDA;07891033512317;CBEM SAB BARRA CEREJA LIVRE V2 2x80g;1,000;19,22;19,22;7,45;0,00;0,00;11,77;61,24;157,99;0,29;99,56;C;;
12/09/2026;024668 - ACQUA DISTRIBUIDORA DE PERFUMES E COSMETICOS LTDA;07891033511662;CBEM SAB BARRA ROSA/ALGODAO V8 2x80g;1,000;18,36;18,36;7,21;0,00;0,00;11,15;60,73;154,65;0,27;99,83;C;;
12/09/2026;024668 - ACQUA DISTRIBUIDORA DE PERFUMES E COSMETICOS LTDA;07891033799985;GLAMOUR DES BDY SPR SEC BL 100ml V3 PCK;1,000;30,90;30,90;24,05;0,00;0,00;6,85;22,17;28,48;0,17;100,00;C;;
12/09/2026;024669 - 24669 ACQUA DISTRIBUIDORA DE PERFUMES E;07891033882953;ZAAD EDP INFINITY 95ml;2,000;495,60;247,80;160,48;0,00;0,00;335,12;67,62;208,82;9,15;9,15;A;;
12/09/2026;024669 - 24669 ACQUA DISTRIBUIDORA DE PERFUMES E;07891033506774;CLASH DES COL 100ml;3,000;391,23;130,41;113,31;0,00;0,00;277,92;71,04;245,27;7,59;16,74;A;;
12/09/2026;024669 - 24669 ACQUA DISTRIBUIDORA DE PERFUMES E;07891033899579;ESTJ HER COD CLIMAX AMOR/26;2,000;497,17;248,58;224,96;0,00;0,00;272,21;54,75;121,00;7,43;24,17;A;;
12/09/2026;024669 - 24669 ACQUA DISTRIBUIDORA DE PERFUMES E;07891033879519;HADIYA EDP 75ml;1,000;308,83;308,83;140,42;0,00;0,00;168,41;54,53;119,93;4,60;28,77;A;;
12/09/2026;024669 - 24669 ACQUA DISTRIBUIDORA DE PERFUMES E;07891033947584;REF LILY CR ACET DES HID CPO 200g;2,000;168,82;84,41;26,90;0,00;0,00;141,92;84,07;527,58;3,88;32,65;A;;
12/09/2026;024669 - 24669 ACQUA DISTRIBUIDORA DE PERFUMES E;07891033841820;LILY DES COL BDY SPLSH 200ml;2,000;183,48;91,74;42,36;0,00;0,00;141,12;76,91;333,14;3,85;36,50;A;;
12/09/2026;024669 - 24669 ACQUA DISTRIBUIDORA DE PERFUMES E;07891033843879;MALBEC DES COL V6 100ml;1,000;174,90;174,90;41,40;0,00;0,00;133,50;76,33;322,46;3,65;40,15;A;;
12/09/2026;024669 - 24669 ACQUA DISTRIBUIDORA DE PERFUMES E;07891033826858;EGEO DES COL BOMB BLACK C/CAR 90ml;2,000;253,72;126,86;122,36;0,00;0,00;131,36;51,77;107,36;3,59;43,74;A;;
12/09/2026;024669 - 24669 ACQUA DISTRIBUIDORA DE PERFUMES E;07891033744381;ARBO DES COL 100ml V4;2,000;261,21;130,60;143,46;0,00;0,00;117,75;45,08;82,08;3,22;46,95;A;;
12/09/2026;024669 - 24669 ACQUA DISTRIBUIDORA DE PERFUMES E;07891033524686;BOTIK GEL LIM FAC MIC AC MAN/SAL 50g PRM;8,000;105,75;13,22;0,00;0,00;0,00;105,75;100,00;0,00;2,89;49,84;A;;
12/09/2026;024669 - 24669 ACQUA DISTRIBUIDORA DE PERFUMES E;07891033512430;QUASAR DES COL CLASSIC 100ml;1,000;157,12;157,12;64,18;0,00;0,00;92,94;59,15;144,81;2,54;52,38;A;;
12/09/2026;024669 - 24669 ACQUA DISTRIBUIDORA DE PERFUMES E;07891033957958;NSPA CR PERF DES HID CPO AMEIX/INT 400ml;2,000;152,80;76,40;70,74;0,00;0,00;82,06;53,70;116,00;2,24;54,62;A;;
12/09/2026;024669 - 24669 ACQUA DISTRIBUIDORA DE PERFUMES E;07891033514410;DR BOTICA COL POCAO FORCA 120ml V2;1,000;98,90;98,90;17,98;0,00;0,00;80,92;81,82;450,06;2,21;56,83;A;;
12/09/2026;024669 - 24669 ACQUA DISTRIBUIDORA DE PERFUMES E;07891033836840;DR BOTICA COL POC/AVENTURA 120ml;1,000;98,90;98,90;19,21;0,00;0,00;79,69;80,58;414,84;2,18;59,00;A;;
12/09/2026;024669 - 24669 ACQUA DISTRIBUIDORA DE PERFUMES E;07891033483037;FLORATTA DES COL RED V2 75ml;1,000;148,11;148,11;69,19;0,00;0,00;78,92;53,28;114,06;2,16;61,16;A;;
12/09/2026;024669 - 24669 ACQUA DISTRIBUIDORA DE PERFUMES E;07891033864645;ESTJ QUASAR CLASSIC REG/25;1,000;161,26;161,26;84,92;0,00;0,00;76,34;47,34;89,90;2,08;63,24;A;;
12/09/2026;024669 - 24669 ACQUA DISTRIBUIDORA DE PERFUMES E;07891033941995;DR BOTICA COL POCAO/CORAG V3 120ml;1,000;92,78;92,78;17,82;0,00;0,00;74,96;80,79;420,65;2,05;65,29;A;;
12/09/2026;024669 - 24669 ACQUA DISTRIBUIDORA DE PERFUMES E;07891033842131;EGEO DES COL VAN VIBE 90ml;1,000;107,48;107,48;32,78;0,00;0,00;74,70;69,50;227,88;2,04;67,33;A;;
12/09/2026;024669 - 24669 ACQUA DISTRIBUIDORA DE PERFUMES E;07891033740437;LINDA DES COL V4 100ml;1,000;118,71;118,71;55,69;0,00;0,00;63,02;53,09;113,16;1,72;69,05;A;;
12/09/2026;024669 - 24669 ACQUA DISTRIBUIDORA DE PERFUMES E;07891033909544;GLAMOUR DES COL INTENSE PRM 10ml;2,000;73,28;36,64;12,38;0,00;0,00;60,90;83,11;491,92;1,66;70,72;A;;
12/09/2026;024669 - 24669 ACQUA DISTRIBUIDORA DE PERFUMES E;07891033833566;FLORATTA DES COL SPLSH ROSE 200ml;1,000;94,91;94,91;36,74;0,00;0,00;58,17;61,29;158,33;1,59;72,30;A;;
12/09/2026;024669 - 24669 ACQUA DISTRIBUIDORA DE PERFUMES E;07891033554034;BOTIK SRUM FAC ALT/POT RESV/SILICIO 30ml;1,000;130,79;130,79;74,19;0,00;0,00;56,60;43,28;76,29;1,55;73,85;A;;
12/09/2026;024669 - 24669 ACQUA DISTRIBUIDORA DE PERFUMES E;07891033882984;ZAAD EDP INFINITY PRM 10ml;5,000;88,41;17,68;32,20;0,00;0,00;56,21;63,58;174,57;1,54;75,39;A;;
12/09/2026;024669 - 24669 ACQUA DISTRIBUIDORA DE PERFUMES E;07891033902422;ESTJ UOMINI PAIS/26;1,000;142,40;142,40;87,09;0,00;0,00;55,31;38,84;63,51;1,51;76,90;A;;
12/09/2026;024669 - 24669 ACQUA DISTRIBUIDORA DE PERFUMES E;07891033954056;PMPCK LILY DES B/SPR LEAU/LILY BLANC;1,000;71,42;71,42;18,74;0,00;0,00;52,68;73,76;281,11;1,44;78,33;A;;
12/09/2026;024669 - 24669 ACQUA DISTRIBUIDORA DE PERFUMES E;07891033957705;BOTIK GEL/LIMP FAC CIC/PANT/CER 200g;1,000;62,91;62,91;13,80;0,00;0,00;49,11;78,06;355,87;1,34;79,68;A;;
12/09/2026;024669 - 24669 ACQUA DISTRIBUIDORA DE PERFUMES E;07891033907120;MAKE B BAS LIQ MATE SALICYLIC 220Q 30g;1,000;83,73;83,73;36,15;0,00;0,00;47,58;56,83;131,62;1,30;80,97;B;;
12/09/2026;024669 - 24669 ACQUA DISTRIBUIDORA DE PERFUMES E;07891033890293;MAKE B CORRET LIQ HYAL 210Q 68ml;1,000;61,11;61,11;14,89;0,00;0,00;46,22;75,63;310,41;1,26;82,24;B;;
12/09/2026;024669 - 24669 ACQUA DISTRIBUIDORA DE PERFUMES E;07891033874439;CBEM LOC DES HID CPO AMORUDA 400ml;1,000;71,01;71,01;25,31;0,00;0,00;45,70;64,36;180,56;1,25;83,48;B;;
12/09/2026;024669 - 24669 ACQUA DISTRIBUIDORA DE PERFUMES E;07891033886951;CBEM LOC DES HID CP R/ALG N/FORM 200ml;1,000;51,21;51,21;8,83;0,00;0,00;42,38;82,76;479,95;1,16;84,64;B;;
12/09/2026;024669 - 24669 ACQUA DISTRIBUIDORA DE PERFUMES E;07891033501250;MALBEC DES BDY SPR ULTRA BLEU 100ml;1,000;50,07;50,07;8,31;0,00;0,00;41,76;83,40;502,53;1,14;85,78;B;;
12/09/2026;024669 - 24669 ACQUA DISTRIBUIDORA DE PERFUMES E;07891033476022;BOTI SUN PR FAC ANTIS ACQ FLD FPS70 40ml;1,000;57,10;57,10;15,58;0,00;0,00;41,52;72,71;266,50;1,13;86,92;B;;
12/09/2026;024669 - 24669 ACQUA DISTRIBUIDORA DE PERFUMES E;07891033475995;BOTI SUN PROT FAC ANTIOL A/FL FPS70 40ml;1,000;53,01;53,01;15,92;0,00;0,00;37,09;69,97;232,98;1,01;87,93;B;;
12/09/2026;024669 - 24669 ACQUA DISTRIBUIDORA DE PERFUMES E;07891033902194;CBEM DES COL BDY SPLSH DEL/CARAM 200ml;1,000;71,20;71,20;34,73;0,00;0,00;36,47;51,22;105,01;1,00;88,93;B;;
12/09/2026;024669 - 24669 ACQUA DISTRIBUIDORA DE PERFUMES E;07891033884414;CBEM DES COL BDY SPLSH NUVEM 60ml;1,000;46,80;46,80;10,53;0,00;0,00;36,27;77,50;344,44;0,99;89,92;B;;
12/09/2026;024669 - 24669 ACQUA DISTRIBUIDORA DE PERFUMES E;07891033511662;CBEM SAB BARRA ROSA/ALGODAO V8 2x80g;3,000;54,65;18,22;21,63;0,00;0,00;33,02;60,42;152,66;0,90;90,82;B;;
12/09/2026;024669 - 24669 ACQUA DISTRIBUIDORA DE PERFUMES E;07891033594382;EGEO DES COL CHOC HIGH 10ml PRM;1,000;37,43;37,43;6,09;0,00;0,00;31,34;83,73;514,61;0,86;91,67;B;;
12/09/2026;024669 - 24669 ACQUA DISTRIBUIDORA DE PERFUMES E;07891033044818;BOTIK CREM HID FAC FIRM AC/POLIGL 50g;1,000;66,51;66,51;35,36;0,00;0,00;31,15;46,84;88,09;0,85;92,52;B;;
12/09/2026;024669 - 24669 ACQUA DISTRIBUIDORA DE PERFUMES E;07891033874910;BOTIK GEL LIMP F MCL AC MAND/SAL V2 150g;1,000;43,26;43,26;14,90;0,00;0,00;28,36;65,56;190,34;0,77;93,30;B;;
12/09/2026;024669 - 24669 ACQUA DISTRIBUIDORA DE PERFUMES E;07891033469482;ARBO SHW GEL CAB/CPO 75g;1,000;33,04;33,04;5,22;0,00;0,00;27,82;84,20;532,95;0,76;94,06;B;;
12/09/2026;024669 - 24669 ACQUA DISTRIBUIDORA DE PERFUMES E;07891033839612;ARBO DES BDY SPR 100ml V6;1,000;50,07;50,07;24,05;0,00;0,00;26,02;51,97;108,19;0,71;94,77;B;;
12/09/2026;024669 - 24669 ACQUA DISTRIBUIDORA DE PERFUMES E;07891033530748;MALBEC DES ANTIT AER X 125ml;1,000;37,77;37,77;12,67;0,00;0,00;25,10;66,45;198,11;0,69;95,45;C;;
12/09/2026;024669 - 24669 ACQUA DISTRIBUIDORA DE PERFUMES E;07891033855476;CBEM SAB BARRA SORTIDO V2 4x80g;1,000;38,90;38,90;14,35;0,00;0,00;24,55;63,11;171,08;0,67;96,12;C;;
12/09/2026;024669 - 24669 ACQUA DISTRIBUIDORA DE PERFUMES E;07891033528165;INTENSE BRLH LAB INCOLOR 5ml;1,000;44,50;44,50;20,44;0,00;0,00;24,06;54,07;117,71;0,66;96,78;C;;
12/09/2026;024669 - 24669 ACQUA DISTRIBUIDORA DE PERFUMES E;07891033511655;CBEM SAB BARRA ROSA/ALGODAO 4x80g;1,000;35,01;35,01;13,78;0,00;0,00;21,23;60,64;154,06;0,58;97,36;C;;
12/09/2026;024669 - 24669 ACQUA DISTRIBUIDORA DE PERFUMES E;07891033526710;FLORATTA CR DES HID CPO ROSE 75g;1,000;26,08;26,08;8,78;0,00;0,00;17,30;66,33;197,04;0,47;97,83;C;;
12/09/2026;024669 - 24669 ACQUA DISTRIBUIDORA DE PERFUMES E;07891033871421;EGEO DES COL COGU PRM 10ml;1,000;16,11;16,11;0,00;0,00;0,00;16,11;100,00;0,00;0,44;98,27;C;;
12/09/2026;024669 - 24669 ACQUA DISTRIBUIDORA DE PERFUMES E;07891033945108;BOTIK BALM LAB HID AC/HIALUR V2 32g;1,000;25,08;25,08;11,11;0,00;0,00;13,97;55,70;125,74;0,38;98,66;C;;
12/09/2026;024669 - 24669 ACQUA DISTRIBUIDORA DE PERFUMES E;07891033512294;CBEM DES ANTIT ROLL ON R/ALG V3 55ml;1,000;26,91;26,91;13,70;0,00;0,00;13,21;49,09;96,42;0,36;99,02;C;;
12/09/2026;024669 - 24669 ACQUA DISTRIBUIDORA DE PERFUMES E;07891033511242;CBEM SAB BARRA BOA NOITE V2 2x80g;1,000;20,25;20,25;8,37;0,00;0,00;11,88;58,67;141,94;0,32;99,34;C;;
12/09/2026;024669 - 24669 ACQUA DISTRIBUIDORA DE PERFUMES E;07891033854820;FLORATTA DES BDY SPR F/SECRET V2 100ml;1,000;34,67;34,67;24,05;0,00;0,00;10,62;30,63;44,16;0,29;99,63;C;;
12/09/2026;024669 - 24669 ACQUA DISTRIBUIDORA DE PERFUMES E;07891033950126;COFFEE D/COL WOM/ADD OR/FRUT PRM V2 10ml;1,000;15,85;15,85;7,47;0,00;0,00;8,38;52,87;112,18;0,23;99,86;C;;
12/09/2026;024669 - 24669 ACQUA DISTRIBUIDORA DE PERFUMES E;07891033492862;ZAAD BALM POS BARBA 40g V3;1,000;16,15;16,15;8,27;0,00;0,00;7,88;48,79;95,28;0,22;100,07;C;;
12/09/2026;024669 - 24669 ACQUA DISTRIBUIDORA DE PERFUMES E;07891033507269;QUASAR DES ANTIT AER RUSH 75g/125ml;1,000;19,81;19,81;17,04;0,00;0,00;2,77;13,98;16,26;0,08;100,15;C;;
12/09/2026;024669 - 24669 ACQUA DISTRIBUIDORA DE PERFUMES E;07891033557660;BOTI BABY SAB LIQ GLICERINA 50ml PRM;2,000;0,02;0,01;5,52;0,00;0,00;-5,50;-27500,00;-99,64;-0,15;100,00;C;;
12/09/2026;024670 - ACQUA DISTRIBUIDORA DE PERFUMES E COSMETICOS LTDA;07891033740437;LINDA DES COL V4 100ml;10,000;1215,85;121,58;434,30;0,00;0,00;781,55;64,28;179,96;25,44;25,44;A;;
12/09/2026;024670 - ACQUA DISTRIBUIDORA DE PERFUMES E COSMETICOS LTDA;07891033905133;MALBEC DES COL V7 100ml;2,000;337,23;168,61;89,44;0,00;0,00;247,79;73,48;277,05;8,06;33,50;A;;
12/09/2026;024670 - ACQUA DISTRIBUIDORA DE PERFUMES E COSMETICOS LTDA;07891033896530;EGEO DES COL VANILLA UBESESSION 90ml;2,000;280,33;140,16;59,28;0,00;0,00;221,05;78,85;372,89;7,19;40,69;A;;
12/09/2026;024670 - ACQUA DISTRIBUIDORA DE PERFUMES E COSMETICOS LTDA;07891033473212;BOTIK SRUM ALT/POT ACID MAND/TRANEX 30ml;1,000;187,20;187,20;37,42;0,00;0,00;149,78;80,01;400,27;4,87;45,57;A;;
12/09/2026;024670 - ACQUA DISTRIBUIDORA DE PERFUMES E COSMETICOS LTDA;07891033497669;UOMINI DES COL BLACK V6 100ml;1,000;187,00;187,00;37,49;0,00;0,00;149,51;79,95;398,80;4,87;50,43;A;;
12/09/2026;024670 - ACQUA DISTRIBUIDORA DE PERFUMES E COSMETICOS LTDA;07891033841820;LILY DES COL BDY SPLSH 200ml;2,000;186,79;93,39;42,36;0,00;0,00;144,43;77,32;340,96;4,70;55,14;A;;
12/09/2026;024670 - ACQUA DISTRIBUIDORA DE PERFUMES E COSMETICOS LTDA;07891033881352;FLORATTA EDP ROSE SUCREE 75ml;1,000;177,03;177,03;51,60;0,00;0,00;125,43;70,85;243,08;4,08;59,22;A;;
12/09/2026;024670 - ACQUA DISTRIBUIDORA DE PERFUMES E COSMETICOS LTDA;07891033585267;QUASAR DES COL DEEP BLUE 100ml;2,000;264,75;132,37;149,80;0,00;0,00;114,95;43,42;76,74;3,74;62,96;A;;
12/09/2026;024670 - ACQUA DISTRIBUIDORA DE PERFUMES E COSMETICOS LTDA;07891033826858;EGEO DES COL BOMB BLACK C/CAR 90ml;1,000;126,00;126,00;28,79;0,00;0,00;97,21;77,15;337,65;3,16;66,12;A;;
12/09/2026;024670 - ACQUA DISTRIBUIDORA DE PERFUMES E COSMETICOS LTDA;07891033706693;SOPHIE COL LIKE 100ml;1,000;114,00;114,00;23,15;0,00;0,00;90,85;79,69;392,44;2,96;69,08;A;;
12/09/2026;024670 - ACQUA DISTRIBUIDORA DE PERFUMES E COSMETICOS LTDA;07891033498123;EGEO DES COL ORIGNL 90ml V2;1,000;112,28;112,28;24,56;0,00;0,00;87,72;78,13;357,17;2,85;71,93;A;;
12/09/2026;024670 - ACQUA DISTRIBUIDORA DE PERFUMES E COSMETICOS LTDA;07891033826889;EGEO DES COL DOLCE C/CAR 90ml;1,000;113,90;113,90;56,88;0,00;0,00;57,02;50,06;100,25;1,86;73,79;A;;
12/09/2026;024670 - ACQUA DISTRIBUIDORA DE PERFUMES E COSMETICOS LTDA;07891033539215;DR BOTICA COL POC/CORAC V2 120ml;1,000;96,87;96,87;40,54;0,00;0,00;56,33;58,15;138,95;1,83;75,62;A;;
12/09/2026;024670 - ACQUA DISTRIBUIDORA DE PERFUMES E COSMETICOS LTDA;07891033909810;NSPA DES COL BDY SPLSH AMEIX/INT 200ml;1,000;73,79;73,79;20,36;0,00;0,00;53,43;72,41;262,43;1,74;77,36;A;;
12/09/2026;024670 - ACQUA DISTRIBUIDORA DE PERFUMES E COSMETICOS LTDA;07891033854837;FLORATTA DES BDY SPRAY RED V2 100ml;2,000;68,33;34,16;16,36;0,00;0,00;51,97;76,06;317,67;1,69;79,05;A;;
12/09/2026;024670 - ACQUA DISTRIBUIDORA DE PERFUMES E COSMETICOS LTDA;07891033954056;PMPCK LILY DES B/SPR LEAU/LILY BLANC;1,000;68,62;68,62;18,74;0,00;0,00;49,88;72,69;266,17;1,62;80,68;B;;
12/09/2026;024670 - ACQUA DISTRIBUIDORA DE PERFUMES E COSMETICOS LTDA;07891033874781;BOTIK GEL LIMP FAC VITAM C V2 200g;1,000;76,45;76,45;30,90;0,00;0,00;45,55;59,58;147,41;1,48;82,16;B;;
12/09/2026;024670 - ACQUA DISTRIBUIDORA DE PERFUMES E COSMETICOS LTDA;07891033957958;NSPA CR PERF DES HID CPO AMEIX/INT 400ml;1,000;61,07;61,07;16,95;0,00;0,00;44,12;72,24;260,29;1,44;83,60;B;;
12/09/2026;024670 - ACQUA DISTRIBUIDORA DE PERFUMES E COSMETICOS LTDA;07891033871025;MAKE B BALM LAB CLR/REP LIP/CHR RED 36g;1,000;65,00;65,00;25,47;0,00;0,00;39,53;60,82;155,20;1,29;84,88;B;;
12/09/2026;024670 - ACQUA DISTRIBUIDORA DE PERFUMES E COSMETICOS LTDA;07891033535118;CBEM DES COL BDY SPLSH SHOW/BNH V2 200ml;1,000;75,90;75,90;36,50;0,00;0,00;39,40;51,91;107,95;1,28;86,16;B;;
12/09/2026;024670 - ACQUA DISTRIBUIDORA DE PERFUMES E COSMETICOS LTDA;07891033534104;REF NSPA SAB LIQ CPO PERF AMEI/NEG 200ml;1,000;46,92;46,92;9,42;0,00;0,00;37,50;79,92;398,09;1,22;87,38;B;;
12/09/2026;024670 - ACQUA DISTRIBUIDORA DE PERFUMES E COSMETICOS LTDA;07891033572113;AU MIGOS PETS COL ADULTOS 60ml;1,000;64,62;64,62;29,40;0,00;0,00;35,22;54,50;119,80;1,15;88,53;B;;
12/09/2026;024670 - ACQUA DISTRIBUIDORA DE PERFUMES E COSMETICOS LTDA;07891033595785;MATCH LEAV CAP NUTR/PROF V2 150ml;1,000;54,90;54,90;20,52;0,00;0,00;34,38;62,62;167,54;1,12;89,65;B;;
12/09/2026;024670 - ACQUA DISTRIBUIDORA DE PERFUMES E COSMETICOS LTDA;07891033598762;BOTIK CR MULTIREP FAC CIC/PANT/CER 30g;1,000;47,18;47,18;13,57;0,00;0,00;33,61;71,24;247,68;1,09;90,74;B;;
12/09/2026;024670 - ACQUA DISTRIBUIDORA DE PERFUMES E COSMETICOS LTDA;07891033748938;EGEO DES BDY SPR DOLCE 100ml V8 PCK;1,000;41,67;41,67;8,81;0,00;0,00;32,86;78,86;372,99;1,07;91,81;B;;
12/09/2026;024670 - ACQUA DISTRIBUIDORA DE PERFUMES E COSMETICOS LTDA;07891033572106;AU MIGOS PETS BANHO SECO ADULTOS 240ml;1,000;55,38;55,38;23,65;0,00;0,00;31,73;57,30;134,16;1,03;92,85;B;;
12/09/2026;024670 - ACQUA DISTRIBUIDORA DE PERFUMES E COSMETICOS LTDA;07891033957972;REF NSPA CR PERF DES HID CP AM/INT 350ml;1,000;53,81;53,81;28,35;0,00;0,00;25,46;47,31;89,81;0,83;93,67;B;;
12/09/2026;024670 - ACQUA DISTRIBUIDORA DE PERFUMES E COSMETICOS LTDA;07891033856725;CBEM LOC DES HID CPO CER/FAS 200ml;1,000;34,51;34,51;9,47;0,00;0,00;25,04;72,56;264,41;0,81;94,49;B;;
12/09/2026;024670 - ACQUA DISTRIBUIDORA DE PERFUMES E COSMETICOS LTDA;07891033946761;CBEM ESF FAC FEIRA MORANGO V2 100g;1,000;41,66;41,66;16,86;0,00;0,00;24,80;59,53;147,09;0,81;95,30;C;;
12/09/2026;024670 - ACQUA DISTRIBUIDORA DE PERFUMES E COSMETICOS LTDA;07891033511655;CBEM SAB BARRA ROSA/ALGODAO 4x80g;2,000;52,25;26,12;27,56;0,00;0,00;24,69;47,25;89,59;0,80;96,10;C;;
12/09/2026;024670 - ACQUA DISTRIBUIDORA DE PERFUMES E COSMETICOS LTDA;07891033957989;NSPA CR PERF DES HID CP AMEIX/INT 180ml;1,000;49,41;49,41;25,54;0,00;0,00;23,87;48,31;93,46;0,78;96,88;C;;
12/09/2026;024670 - ACQUA DISTRIBUIDORA DE PERFUMES E COSMETICOS LTDA;07891033512317;CBEM SAB BARRA CEREJA LIVRE V2 2x80g;2,000;36,73;18,36;14,78;0,00;0,00;21,95;59,76;148,51;0,71;97,59;C;;
12/09/2026;024670 - ACQUA DISTRIBUIDORA DE PERFUMES E COSMETICOS LTDA;07891033839605;ARBO DES ANTIT AER 75ml V9;2,000;44,30;22,15;23,50;0,00;0,00;20,80;46,95;88,51;0,68;98,27;C;;
12/09/2026;024670 - ACQUA DISTRIBUIDORA DE PERFUMES E COSMETICOS LTDA;07891033013173;PMPCK MALBEC DES ANTIT AER 2x75g;1,000;45,88;45,88;26,89;0,00;0,00;18,99;41,39;70,62;0,62;98,89;C;;
12/09/2026;024670 - ACQUA DISTRIBUIDORA DE PERFUMES E COSMETICOS LTDA;07891033866588;MATCH SHAMP LIS/PROL V2 300ml;1,000;33,21;33,21;21,37;0,00;0,00;11,84;35,65;55,40;0,39;99,27;C;;
12/09/2026;024670 - ACQUA DISTRIBUIDORA DE PERFUMES E COSMETICOS LTDA;07891033958030;NSPA SAB BARRA CP AMEIX/INT 90g;1,000;12,51;12,51;4,92;0,00;0,00;7,59;60,67;154,27;0,25;99,52;C;;
12/09/2026;024670 - ACQUA DISTRIBUIDORA DE PERFUMES E COSMETICOS LTDA;07891033856060;INSENSATEZ DES COL V4 100ml;2,000;130,39;65,19;122,96;0,00;0,00;7,43;5,70;6,04;0,24;99,76;C;;
12/09/2026;024670 - ACQUA DISTRIBUIDORA DE PERFUMES E COSMETICOS LTDA;07891033882984;ZAAD EDP INFINITY PRM 10ml;1,000;13,79;13,79;6,44;0,00;0,00;7,35;53,30;114,13;0,24;100,00;C;;
12/09/2026;024670 - ACQUA DISTRIBUIDORA DE PERFUMES E COSMETICOS LTDA;07891033974382;SACOLA UNIT M PAIS 2026 BOTI;2,000;0,02;0,01;0,00;0,00;0,00;0,02;100,00;0,00;0,00;100,00;C;;
12/09/2026;024671 - 24671 ACQUA DISTRIBUIDORA DE PERFUMES E;07891033878963;FLORATTA EDP RED PASSION V2 75ml;1,000;194,11;194,11;49,11;0,00;0,00;145,00;74,70;295,26;9,20;9,20;A;;
12/09/2026;024671 - 24671 ACQUA DISTRIBUIDORA DE PERFUMES E;07891033899609;ESTJ LILY L EAU AMOR/26;1,000;179,24;179,24;60,33;0,00;0,00;118,91;66,34;197,10;7,55;16,75;A;;
12/09/2026;024671 - 24671 ACQUA DISTRIBUIDORA DE PERFUMES E;07891033957958;NSPA CR PERF DES HID CPO AMEIX/INT 400ml;2,000;142,80;71,40;33,92;0,00;0,00;108,88;76,25;320,99;6,91;23,65;A;;
12/09/2026;024671 - 24671 ACQUA DISTRIBUIDORA DE PERFUMES E;07891033483136;FLORATTA DES COL ROSE V4 75ml;1,000;139,49;139,49;30,70;0,00;0,00;108,79;77,99;354,36;6,90;30,56;A;;
12/09/2026;024671 - 24671 ACQUA DISTRIBUIDORA DE PERFUMES E;07891033469314;ESTJ BOTICOLL SORTIDO REG/22;1,000;193,77;193,77;87,09;0,00;0,00;106,68;55,05;122,49;6,77;37,33;A;;
12/09/2026;024671 - 24671 ACQUA DISTRIBUIDORA DE PERFUMES E;07891033771387;BOTIK CR CON OLH RED/RUG AC/HIAL CAF 15g;1,000;123,76;123,76;26,14;0,00;0,00;97,62;78,88;373,45;6,19;43,52;A;;
12/09/2026;024671 - 24671 ACQUA DISTRIBUIDORA DE PERFUMES E;07891033486342;DREAM DES COL SPLSH AMOR NO AR 200ml V2;1,000;95,64;95,64;26,75;0,00;0,00;68,89;72,03;257,53;4,37;47,89;A;;
12/09/2026;024671 - 24671 ACQUA DISTRIBUIDORA DE PERFUMES E;07891033826896;EGEO DES COL CHOC C/CAR 90ml;1,000;124,90;124,90;56,88;0,00;0,00;68,02;54,46;119,59;4,32;52,21;A;;
12/09/2026;024671 - 24671 ACQUA DISTRIBUIDORA DE PERFUMES E;07891033947584;REF LILY CR ACET DES HID CPO 200g;1,000;79,67;79,67;13,44;0,00;0,00;66,23;83,13;492,78;4,20;56,41;A;;
12/09/2026;024671 - 24671 ACQUA DISTRIBUIDORA DE PERFUMES E;07891033826889;EGEO DES COL DOLCE C/CAR 90ml;1,000;93,25;93,25;30,23;0,00;0,00;63,02;67,58;208,47;4,00;60,41;A;;
12/09/2026;024671 - 24671 ACQUA DISTRIBUIDORA DE PERFUMES E;07891033954056;PMPCK LILY DES B/SPR LEAU/LILY BLANC;1,000;79,35;79,35;18,76;0,00;0,00;60,59;76,36;322,97;3,84;64,25;A;;
12/09/2026;024671 - 24671 ACQUA DISTRIBUIDORA DE PERFUMES E;07891033963997;HER CODE CR AVELD DES HID CP TOUCH 200g;1,000;92,03;92,03;31,95;0,00;0,00;60,08;65,28;188,04;3,81;68,07;A;;
12/09/2026;024671 - 24671 ACQUA DISTRIBUIDORA DE PERFUMES E;07891033909810;NSPA DES COL BDY SPLSH AMEIX/INT 200ml;1,000;79,90;79,90;20,36;0,00;0,00;59,54;74,52;292,44;3,78;71,84;A;;
12/09/2026;024671 - 24671 ACQUA DISTRIBUIDORA DE PERFUMES E;07891033539222;ESTJ DR BOTICA CORACAO V2;1,000;111,61;111,61;54,67;0,00;0,00;56,94;51,02;104,15;3,61;75,46;A;;
12/09/2026;024671 - 24671 ACQUA DISTRIBUIDORA DE PERFUMES E;07891033480586;LILY CR HID DES ACET CPO LOVE 250g V3;1,000;90,04;90,04;35,26;0,00;0,00;54,78;60,84;155,36;3,48;78,93;A;;
12/09/2026;024671 - 24671 ACQUA DISTRIBUIDORA DE PERFUMES E;07891033595556;HER CODE EDP TOUCH 50ml;1,000;155,48;155,48;103,65;0,00;0,00;51,83;33,34;50,00;3,29;82,22;B;;
12/09/2026;024671 - 24671 ACQUA DISTRIBUIDORA DE PERFUMES E;07891033718771;BOTICOLL CRAZY DES COL FEELINGS 100ml;1,000;85,88;85,88;41,41;0,00;0,00;44,47;51,78;107,39;2,82;85,04;B;;
12/09/2026;024671 - 24671 ACQUA DISTRIBUIDORA DE PERFUMES E;07891033583638;CBEM D/COL BDY SPLSH NUV/ALEG 200ml;1,000;64,15;64,15;19,84;0,00;0,00;44,31;69,07;223,34;2,81;87,86;B;;
12/09/2026;024671 - 24671 ACQUA DISTRIBUIDORA DE PERFUMES E;07891033536283;BOTIK GEL LIMP FAC VITAM C PRM 50g;5,000;41,57;8,31;0,00;0,00;0,00;41,57;100,00;0,00;2,64;90,49;B;;
12/09/2026;024671 - 24671 ACQUA DISTRIBUIDORA DE PERFUMES E;07891033582365;CBEM LOC DES HID CPO NUV/ALEGRIA 400ml;1,000;63,34;63,34;26,38;0,00;0,00;36,96;58,35;140,11;2,35;92,84;B;;
12/09/2026;024671 - 24671 ACQUA DISTRIBUIDORA DE PERFUMES E;07891033738311;EGEO CREM DES HID CPO DOLCE 100ml;1,000;36,76;36,76;5,70;0,00;0,00;31,06;84,49;544,91;1,97;94,81;B;;
12/09/2026;024671 - 24671 ACQUA DISTRIBUIDORA DE PERFUMES E;07891033582389;CBEM SAB LIQ CPO NUV/ALEGRIA 150ml;1,000;38,46;38,46;9,36;0,00;0,00;29,10;75,66;310,90;1,85;96,66;C;;
12/09/2026;024671 - 24671 ACQUA DISTRIBUIDORA DE PERFUMES E;07891033576401;ARBO NECESSAIRE PES;1,000;43,90;43,90;19,70;0,00;1,60;22,60;51,48;122,84;1,43;98,09;C;;
12/09/2026;024671 - 24671 ACQUA DISTRIBUIDORA DE PERFUMES E;07891033582396;CBEM SAB BARRA NUV/ALEGRIA 4x80g;1,000;31,23;31,23;12,18;0,00;0,00;19,05;61,00;156,40;1,21;99,30;C;;
12/09/2026;024671 - 24671 ACQUA DISTRIBUIDORA DE PERFUMES E;07891033583577;CBEM SAB BARRA PESSEGUR/GOST 4x80g;1,000;24,49;24,49;11,89;0,00;0,00;12,60;51,45;105,97;0,80;100,10;C;;
12/09/2026;024671 - 24671 ACQUA DISTRIBUIDORA DE PERFUMES E;07891033908226;SACOLA M BOTICARIO INST/25;1,000;0,01;0,01;1,56;0,00;0,00;-1,55;-15500,00;-99,36;-0,10;100,00;C;;
13/09/2026;024617 - ACQUA DISTRIBUIDORA DE PERFUMES E COSMETICOS LTDA;07891033509317;ESTJ NSPA 3 AMEIXAS REG/22;1,000;102,90;102,90;44,03;0,00;0,00;58,87;57,21;133,70;23,40;23,40;A;;
13/09/2026;024617 - ACQUA DISTRIBUIDORA DE PERFUMES E COSMETICOS LTDA;07891033526192;MAKE B MASC CIL SCANDAL L C/OL COCO 10g;1,000;99,90;99,90;42,09;0,00;0,00;57,81;57,87;137,35;22,98;46,39;A;;
13/09/2026;024617 - ACQUA DISTRIBUIDORA DE PERFUMES E COSMETICOS LTDA;07891033511914;MAKE B BALM LAB MICR TINT GRAP WINE 36g;1,000;69,90;69,90;26,51;0,00;0,00;43,39;62,07;163,67;17,25;63,64;A;;
13/09/2026;024617 - ACQUA DISTRIBUIDORA DE PERFUMES E COSMETICOS LTDA;07891033885206;MAKE B BAT CR C/AC POL WATERMEL V2 36g;1,000;64,90;64,90;26,61;0,00;0,00;38,29;59,00;143,89;15,22;78,86;A;;
13/09/2026;024617 - ACQUA DISTRIBUIDORA DE PERFUMES E COSMETICOS LTDA;07891033511471;CBEM DES COL BDY SPLSH NUVEM V3 200ml;1,000;66,24;66,24;36,88;0,00;0,00;29,36;44,32;79,61;11,67;90,53;B;;
13/09/2026;024617 - ACQUA DISTRIBUIDORA DE PERFUMES E COSMETICOS LTDA;07891033877713;MAKE B BLUSH COMP BERRY MINI PRM 15g;1,000;33,08;33,08;9,27;0,00;0,00;23,81;71,98;256,85;9,47;100,00;C;;
14/09/2026;024303 - 24303 ACQUA DISTRIBUIDORA DE PERFUMES E;07891033468980;ZAAD EDP EXPEDITION 95ml;1,000;297,42;297,42;76,39;0,00;0,00;221,03;74,32;289,34;14,21;14,21;A;;
14/09/2026;024303 - 24303 ACQUA DISTRIBUIDORA DE PERFUMES E;07891033899579;ESTJ HER COD CLIMAX AMOR/26;1,000;260,65;260,65;113,67;0,00;0,00;146,98;56,39;129,30;9,45;23,66;A;;
14/09/2026;024303 - 24303 ACQUA DISTRIBUIDORA DE PERFUMES E;07891033902385;ESTJ MALBEC PAIS/26;1,000;213,15;213,15;88,24;0,00;0,00;124,91;58,60;141,56;8,03;31,70;A;;
14/09/2026;024303 - 24303 ACQUA DISTRIBUIDORA DE PERFUMES E;07891033514410;DR BOTICA COL POCAO FORCA 120ml V2;3,000;241,65;80,55;122,94;0,00;0,00;118,71;49,12;96,56;7,63;39,33;A;;
14/09/2026;024303 - 24303 ACQUA DISTRIBUIDORA DE PERFUMES E;07891033492459;COFFEE D/COL DUO MAN FOUG/AMB V2 100ml;1,000;161,91;161,91;44,98;0,00;0,00;116,93;72,22;259,96;7,52;46,85;A;;
14/09/2026;024303 - 24303 ACQUA DISTRIBUIDORA DE PERFUMES E;07891033506774;CLASH DES COL 100ml;1,000;130,00;130,00;38,18;0,00;0,00;91,82;70,63;240,49;5,90;52,75;A;;
14/09/2026;024303 - 24303 ACQUA DISTRIBUIDORA DE PERFUMES E;07891033766659;MEN DES COL ONLY 100ml V2;2,000;157,41;78,70;71,70;0,00;0,00;85,71;54,45;119,54;5,51;58,27;A;;
14/09/2026;024303 - 24303 ACQUA DISTRIBUIDORA DE PERFUMES E;07891033905133;MALBEC DES COL V7 100ml;1,000;165,09;165,09;87,42;0,00;0,00;77,67;47,05;88,85;4,99;63,26;A;;
14/09/2026;024303 - 24303 ACQUA DISTRIBUIDORA DE PERFUMES E;07891033520527;CELEBRE DES COL MASC AGORA 100ml;1,000;104,22;104,22;40,19;0,00;0,00;64,03;61,44;159,32;4,12;67,38;A;;
14/09/2026;024303 - 24303 ACQUA DISTRIBUIDORA DE PERFUMES E;07891033741038;GLAMOUR DES COL SEC BL 75ml V4;1,000;132,05;132,05;71,43;0,00;0,00;60,62;45,91;84,87;3,90;71,28;A;;
14/09/2026;024303 - 24303 ACQUA DISTRIBUIDORA DE PERFUMES E;07891033826896;EGEO DES COL CHOC C/CAR 90ml;1,000;116,96;116,96;59,86;0,00;0,00;57,10;48,82;95,39;3,67;74,95;A;;
14/09/2026;024303 - 24303 ACQUA DISTRIBUIDORA DE PERFUMES E;07891033499540;NSPA LOC DES HID FIRM QUINOA 400ml V2;1,000;89,90;89,90;34,24;0,00;0,00;55,66;61,91;162,56;3,58;78,53;A;;
14/09/2026;024303 - 24303 ACQUA DISTRIBUIDORA DE PERFUMES E;07891033880829;NSPA LOC DES HID CPO AMEIX/NEG V4 400ml;1,000;70,46;70,46;17,03;0,00;0,00;53,43;75,83;313,74;3,44;81,96;B;;
14/09/2026;024303 - 24303 ACQUA DISTRIBUIDORA DE PERFUMES E;07891033826889;EGEO DES COL DOLCE C/CAR 90ml;1,000;102,51;102,51;57,47;0,00;0,00;45,04;43,94;78,37;2,90;84,86;B;;
14/09/2026;024303 - 24303 ACQUA DISTRIBUIDORA DE PERFUMES E;07891033740437;LINDA DES COL V4 100ml;1,000;124,51;124,51;79,93;0,00;0,00;44,58;35,80;55,77;2,87;87,73;B;;
14/09/2026;024303 - 24303 ACQUA DISTRIBUIDORA DE PERFUMES E;07891033489992;NSPA OL DES HID CPO AMEI/NEG 200ml V3;1,000;85,00;85,00;40,88;0,00;0,00;44,12;51,91;107,93;2,84;90,56;B;;
14/09/2026;024303 - 24303 ACQUA DISTRIBUIDORA DE PERFUMES E;07891033598762;BOTIK CR MULTIREP FAC CIC/PANT/CER 30g;1,000;56,61;56,61;13,48;0,00;0,00;43,13;76,19;319,96;2,77;93,34;B;;
14/09/2026;024303 - 24303 ACQUA DISTRIBUIDORA DE PERFUMES E;07891033883950;CBEM DES COL BDY SPLSH ROS/ALG V4 200ml;1,000;79,90;79,90;36,90;0,00;0,00;43,00;53,82;116,53;2,77;96,10;C;;
14/09/2026;024303 - 24303 ACQUA DISTRIBUIDORA DE PERFUMES E;07891033490257;FLORATTA DES BDY SPR ROSE 100ml V8;1,000;34,11;34,11;10,95;0,00;0,00;23,16;67,90;211,51;1,49;97,59;C;;
14/09/2026;024303 - 24303 ACQUA DISTRIBUIDORA DE PERFUMES E;07891033511662;CBEM SAB BARRA ROSA/ALGODAO V8 2x80g;2,000;36,09;18,04;14,54;0,00;0,00;21,55;59,71;148,21;1,39;98,98;C;;
14/09/2026;024303 - 24303 ACQUA DISTRIBUIDORA DE PERFUMES E;07891033511655;CBEM SAB BARRA ROSA/ALGODAO 4x80g;2,000;47,79;23,89;27,80;0,00;0,00;19,99;41,83;71,91;1,29;100,26;C;;
14/09/2026;024303 - 24303 ACQUA DISTRIBUIDORA DE PERFUMES E;07891033894017;CX PRESENTE M BOTI INST/25 VDA;1,000;11,03;11,03;0,00;0,00;0,00;11,03;100,00;0,00;0,71;100,97;C;;
14/09/2026;024303 - 24303 ACQUA DISTRIBUIDORA DE PERFUMES E;07891033882984;ZAAD EDP INFINITY PRM 10ml;1,000;15,22;15,22;6,49;0,00;0,00;8,73;57,36;134,51;0,56;101,53;C;;
14/09/2026;024303 - 24303 ACQUA DISTRIBUIDORA DE PERFUMES E;07891033512317;CBEM SAB BARRA CEREJA LIVRE V2 2x80g;1,000;8,94;8,94;7,45;0,00;0,00;1,49;16,67;20,00;0,10;101,63;C;;
14/09/2026;024303 - 24303 ACQUA DISTRIBUIDORA DE PERFUMES E;07891033908233;SACOLA G O BOTICARIO INST/25;2,000;0,02;0,01;5,00;0,00;0,00;-4,98;-24919,00;-99,60;-0,32;101,31;C;;
14/09/2026;024303 - 24303 ACQUA DISTRIBUIDORA DE PERFUMES E;07891033908219;SACOLA P BOTICARIO INST/25;7,000;0,07;0,01;9,17;0,00;0,00;-9,10;-13000,00;-99,24;-0,59;100,72;C;;
14/09/2026;024303 - 24303 ACQUA DISTRIBUIDORA DE PERFUMES E;07891033957996;NSPA CR PERF DES HID CP AMX/INT PRM 50ml;5,000;0,05;0,01;11,30;0,00;0,00;-11,25;-22500,00;-99,56;-0,72;100,00;C;;
14/09/2026;024617 - ACQUA DISTRIBUIDORA DE PERFUMES E COSMETICOS LTDA;07891033861699;ESTJ MALBEC JUMBO REG/25;1,000;245,36;245,36;96,89;0,00;0,00;148,47;60,51;153,24;14,63;14,63;A;;
14/09/2026;024617 - ACQUA DISTRIBUIDORA DE PERFUMES E COSMETICOS LTDA;07891033878963;FLORATTA EDP RED PASSION V2 75ml;1,000;222,31;222,31;99,88;0,00;0,00;122,43;55,07;122,58;12,06;26,69;A;;
14/09/2026;024617 - ACQUA DISTRIBUIDORA DE PERFUMES E COSMETICOS LTDA;07891033826858;EGEO DES COL BOMB BLACK C/CAR 90ml;1,000;128,57;128,57;29,10;0,00;0,00;99,47;77,37;341,82;9,80;36,49;A;;
14/09/2026;024617 - ACQUA DISTRIBUIDORA DE PERFUMES E COSMETICOS LTDA;07891033877973;MAKE B BASE LIQ HYALURONIC 220Q 30ml;1,000;131,23;131,23;42,70;0,00;0,00;88,53;67,46;207,33;8,72;45,21;A;;
14/09/2026;024617 - ACQUA DISTRIBUIDORA DE PERFUMES E COSMETICOS LTDA;07891033492459;COFFEE D/COL DUO MAN FOUG/AMB V2 100ml;1,000;173,96;173,96;91,26;0,00;0,00;82,70;47,54;90,62;8,15;53,36;A;;
14/09/2026;024617 - ACQUA DISTRIBUIDORA DE PERFUMES E COSMETICOS LTDA;07891033486342;DREAM DES COL SPLSH AMOR NO AR 200ml V2;1,000;119,90;119,90;46,58;0,00;0,00;73,32;61,15;157,41;7,22;60,58;A;;
14/09/2026;024617 - ACQUA DISTRIBUIDORA DE PERFUMES E COSMETICOS LTDA;07891033909810;NSPA DES COL BDY SPLSH AMEIX/INT 200ml;1,000;89,83;89,83;20,36;0,00;0,00;69,47;77,33;341,21;6,84;67,43;A;;
14/09/2026;024617 - ACQUA DISTRIBUIDORA DE PERFUMES E COSMETICOS LTDA;07891033878222;MAKE B PLT BL/FUS/CLIP BRWN/BL MINI 25g;1,000;88,77;88,77;19,84;0,00;0,00;68,93;77,65;347,43;6,79;74,22;A;;
14/09/2026;024617 - ACQUA DISTRIBUIDORA DE PERFUMES E COSMETICOS LTDA;07891033740437;LINDA DES COL V4 100ml;1,000;131,90;131,90;63,00;0,00;0,00;68,90;52,24;109,37;6,79;81,01;B;;
14/09/2026;024617 - ACQUA DISTRIBUIDORA DE PERFUMES E COSMETICOS LTDA;07891033842131;EGEO DES COL VAN VIBE 90ml;1,000;128,57;128,57;61,87;0,00;0,00;66,70;51,88;107,81;6,57;87,58;B;;
14/09/2026;024617 - ACQUA DISTRIBUIDORA DE PERFUMES E COSMETICOS LTDA;07891033944996;CBEM SAB BARRA PESSEGURA V3 4x80g;2,000;77,30;38,65;27,82;0,00;0,00;49,48;64,01;177,86;4,87;92,45;B;;
14/09/2026;024617 - ACQUA DISTRIBUIDORA DE PERFUMES E COSMETICOS LTDA;07891033509560;CLASH DES BDY SPR 100ml;1,000;51,15;51,15;24,30;0,00;0,00;26,85;52,49;110,49;2,65;95,10;C;;
14/09/2026;024617 - ACQUA DISTRIBUIDORA DE PERFUMES E COSMETICOS LTDA;07891033874910;BOTIK GEL LIMP F MCL AC MAND/SAL V2 150g;1,000;48,25;48,25;26,52;0,00;0,00;21,73;45,04;81,94;2,14;97,24;C;;
14/09/2026;024617 - ACQUA DISTRIBUIDORA DE PERFUMES E COSMETICOS LTDA;07891033511464;CBEM DES ANTIT ROL NUVEM V3 55ml;1,000;29,90;29,90;13,84;0,00;0,00;16,06;53,71;116,04;1,58;98,82;C;;
14/09/2026;024617 - ACQUA DISTRIBUIDORA DE PERFUMES E COSMETICOS LTDA;07891033471478;CBEM DES ROLL INV PROTECT 55ml;2,000;37,80;18,90;25,84;0,00;0,00;11,96;31,64;46,28;1,18;100,00;C;;
14/09/2026;024668 - ACQUA DISTRIBUIDORA DE PERFUMES E COSMETICOS LTDA;07891033879519;HADIYA EDP 75ml;1,000;398,00;398,00;173,46;0,00;0,00;224,54;56,42;129,45;7,07;7,07;A;;
14/09/2026;024668 - ACQUA DISTRIBUIDORA DE PERFUMES E COSMETICOS LTDA;07891033514410;DR BOTICA COL POCAO FORCA 120ml V2;2,000;192,83;96,41;35,96;0,00;0,00;156,87;81,35;436,23;4,94;12,00;A;;
14/09/2026;024668 - ACQUA DISTRIBUIDORA DE PERFUMES E COSMETICOS LTDA;07891033535187;ELYSEE EDP V2 50ml;1,000;213,88;213,88;60,49;0,00;0,00;153,39;71,72;253,58;4,83;16,83;A;;
14/09/2026;024668 - ACQUA DISTRIBUIDORA DE PERFUMES E COSMETICOS LTDA;07891033506774;CLASH DES COL 100ml;2,000;267,69;133,84;141,54;0,00;0,00;126,15;47,13;89,13;3,97;20,80;A;;
14/09/2026;024668 - ACQUA DISTRIBUIDORA DE PERFUMES E COSMETICOS LTDA;07891033905133;MALBEC DES COL V7 100ml;2,000;295,66;147,83;173,04;0,00;0,00;122,62;41,47;70,86;3,86;24,66;A;;
14/09/2026;024668 - ACQUA DISTRIBUIDORA DE PERFUMES E COSMETICOS LTDA;07891033492503;COFFEE D/C DUO/WOM/ORIENT/AMAD V2 100ml;1,000;206,91;206,91;90,32;0,00;0,00;116,59;56,35;129,09;3,67;28,33;A;;
14/09/2026;024668 - ACQUA DISTRIBUIDORA DE PERFUMES E COSMETICOS LTDA;07891033843879;MALBEC DES COL V6 100ml;1,000;157,41;157,41;41,40;0,00;0,00;116,01;73,70;280,22;3,65;31,98;A;;
14/09/2026;024668 - ACQUA DISTRIBUIDORA DE PERFUMES E COSMETICOS LTDA;07891033868957;LILY DES COL LEAU/LILY BLANCHE 75ml;1,000;196,42;196,42;87,97;0,00;0,00;108,45;55,21;123,28;3,41;35,40;A;;
14/09/2026;024668 - ACQUA DISTRIBUIDORA DE PERFUMES E COSMETICOS LTDA;07891033222490;FREE DES COL BOTICOLL 100ml V4;1,000;166,01;166,01;59,49;0,00;0,00;106,52;64,16;179,06;3,35;38,75;A;;
14/09/2026;024668 - ACQUA DISTRIBUIDORA DE PERFUMES E COSMETICOS LTDA;07891033483037;FLORATTA DES COL RED V2 75ml;1,000;174,90;174,90;68,43;0,00;0,00;106,47;60,87;155,59;3,35;42,10;A;;
14/09/2026;024668 - ACQUA DISTRIBUIDORA DE PERFUMES E COSMETICOS LTDA;07891033880775;NSPA LOC DES HID CPO AMEIXA V7 400ml;2,000;163,62;81,81;57,16;0,00;0,00;106,46;65,07;186,25;3,35;45,45;A;;
14/09/2026;024668 - ACQUA DISTRIBUIDORA DE PERFUMES E COSMETICOS LTDA;07891033826858;EGEO DES COL BOMB BLACK C/CAR 90ml;1,000;123,06;123,06;28,79;0,00;0,00;94,27;76,60;327,44;2,97;48,42;A;;
14/09/2026;024668 - ACQUA DISTRIBUIDORA DE PERFUMES E COSMETICOS LTDA;07891033740437;LINDA DES COL V4 100ml;2,000;246,60;123,30;157,50;0,00;0,00;89,10;36,13;56,57;2,80;51,22;A;;
14/09/2026;024668 - ACQUA DISTRIBUIDORA DE PERFUMES E COSMETICOS LTDA;07891033947584;REF LILY CR ACET DES HID CPO 200g;1,000;99,90;99,90;13,44;0,00;0,00;86,46;86,55;643,30;2,72;53,94;A;;
14/09/2026;024668 - ACQUA DISTRIBUIDORA DE PERFUMES E COSMETICOS LTDA;07891033766666;MEN DES COL GALBE 100ml V2;1,000;153,90;153,90;68,59;0,00;0,00;85,31;55,43;124,38;2,68;56,63;A;;
14/09/2026;024668 - ACQUA DISTRIBUIDORA DE PERFUMES E COSMETICOS LTDA;07891033894710;BOTIK GEL/LIMP FAC CIC/PANT/CER PRM 50g;5,000;83,57;16,71;0,00;0,00;0,00;83,57;100,00;0,00;2,63;59,26;A;;
14/09/2026;024668 - ACQUA DISTRIBUIDORA DE PERFUMES E COSMETICOS LTDA;07891033909537;GLAMOUR DES COL INTENSE 75ml;1,000;156,87;156,87;77,13;0,00;0,00;79,74;50,83;103,38;2,51;61,77;A;;
14/09/2026;024668 - ACQUA DISTRIBUIDORA DE PERFUMES E COSMETICOS LTDA;07891033741038;GLAMOUR DES COL SEC BL 75ml V4;1,000;125,91;125,91;54,32;0,00;0,00;71,59;56,86;131,79;2,25;64,02;A;;
14/09/2026;024668 - ACQUA DISTRIBUIDORA DE PERFUMES E COSMETICOS LTDA;07891033861804;ESTJ EGEO DOLCE NAT/25;1,000;133,05;133,05;64,21;0,00;0,00;68,84;51,74;107,21;2,17;66,19;A;;
14/09/2026;024668 - ACQUA DISTRIBUIDORA DE PERFUMES E COSMETICOS LTDA;07891033909810;NSPA DES COL BDY SPLSH AMEIX/INT 200ml;1,000;88,26;88,26;20,36;0,00;0,00;67,90;76,93;333,50;2,14;68,32;A;;
14/09/2026;024668 - ACQUA DISTRIBUIDORA DE PERFUMES E COSMETICOS LTDA;07891033830596;CELEBRE DES COL FOUG AROM FORC 100ml;1,000;112,97;112,97;45,87;0,00;0,00;67,10;59,40;146,28;2,11;70,44;A;;
14/09/2026;024668 - ACQUA DISTRIBUIDORA DE PERFUMES E COSMETICOS LTDA;07891033841820;LILY DES COL BDY SPLSH 200ml;1,000;86,93;86,93;21,18;0,00;0,00;65,75;75,64;310,43;2,07;72,51;A;;
14/09/2026;024668 - ACQUA DISTRIBUIDORA DE PERFUMES E COSMETICOS LTDA;07891033526185;MAKE B MASC CIL VOL EXTRM PRETA V2 10g;1,000;76,41;76,41;12,72;0,00;0,00;63,69;83,35;500,71;2,00;74,51;A;;
14/09/2026;024668 - ACQUA DISTRIBUIDORA DE PERFUMES E COSMETICOS LTDA;07891033885633;NSPA DES COL BDY SPLSH AMEIXA V3 200ml;1,000;104,38;104,38;42,48;0,00;0,00;61,90;59,30;145,72;1,95;76,46;A;;
14/09/2026;024668 - ACQUA DISTRIBUIDORA DE PERFUMES E COSMETICOS LTDA;07891033820528;NSPA DES COL BODY SPLASH JAS/SAMB 200ml;1,000;77,20;77,20;19,95;0,00;0,00;57,25;74,16;286,97;1,80;78,26;A;;
14/09/2026;024668 - ACQUA DISTRIBUIDORA DE PERFUMES E COSMETICOS LTDA;07891033830602;CELEBRE DES COL FLOR FRUT FORC 100ml;1,000;102,44;102,44;45,88;0,00;0,00;56,56;55,21;123,28;1,78;80,04;B;;
14/09/2026;024668 - ACQUA DISTRIBUIDORA DE PERFUMES E COSMETICOS LTDA;07891033907137;MAKE B BAS LIQ MATE SALICYLIC 215Q 30g;1,000;92,69;92,69;36,15;0,00;0,00;56,54;61,00;156,40;1,78;81,82;B;;
14/09/2026;024668 - ACQUA DISTRIBUIDORA DE PERFUMES E COSMETICOS LTDA;07891033880102;MAKE B BAT LIQ MAT AC/POL DARK/RG V2 5ml;1,000;68,90;68,90;13,76;0,00;0,00;55,14;80,03;400,73;1,74;83,55;B;;
14/09/2026;024668 - ACQUA DISTRIBUIDORA DE PERFUMES E COSMETICOS LTDA;07891033890262;MAKE B CORRET LIQ HYAL 120N 68ml;1,000;67,38;67,38;14,97;0,00;0,00;52,41;77,78;350,10;1,65;85,20;B;;
14/09/2026;024668 - ACQUA DISTRIBUIDORA DE PERFUMES E COSMETICOS LTDA;07891033890323;MAKE B CORRET LIQ HYAL 275N 68ml;1,000;67,38;67,38;15,41;0,00;0,00;51,97;77,13;337,25;1,64;86,84;B;;
14/09/2026;024668 - ACQUA DISTRIBUIDORA DE PERFUMES E COSMETICOS LTDA;07891033035304;CAIXA M INST 2021 VERDE ECONOMICA;15,000;48,74;3,25;0,00;0,00;0,00;48,74;100,00;0,00;1,53;88,37;B;;
14/09/2026;024668 - ACQUA DISTRIBUIDORA DE PERFUMES E COSMETICOS LTDA;07891033962938;GLAMOUR LOC DES HID CPO INTENSE 200ml;1,000;54,86;54,86;11,18;0,00;0,00;43,68;79,62;390,70;1,37;89,75;B;;
14/09/2026;024668 - ACQUA DISTRIBUIDORA DE PERFUMES E COSMETICOS LTDA;07891033808885;UOMINI DES BDY SPR INFINITE 100ml;1,000;49,49;49,49;8,16;0,00;0,00;41,33;83,51;506,50;1,30;91,05;B;;
14/09/2026;024668 - ACQUA DISTRIBUIDORA DE PERFUMES E COSMETICOS LTDA;07891033886975;CBEM LOC DES HID CP CER/LIV N/FORM 400ml;1,000;68,34;68,34;28,85;0,00;0,00;39,49;57,78;136,88;1,24;92,29;B;;
14/09/2026;024668 - ACQUA DISTRIBUIDORA DE PERFUMES E COSMETICOS LTDA;07891033826889;EGEO DES COL DOLCE C/CAR 90ml;1,000;98,66;98,66;61,24;0,00;0,00;37,42;37,93;61,10;1,18;93,47;B;;
14/09/2026;024668 - ACQUA DISTRIBUIDORA DE PERFUMES E COSMETICOS LTDA;07891033820467;NSPA LOC DES CPO A/STRES JAS/SAMB 200ml;1,000;61,39;61,39;25,76;0,00;0,00;35,63;58,04;138,32;1,12;94,59;B;;
14/09/2026;024668 - ACQUA DISTRIBUIDORA DE PERFUMES E COSMETICOS LTDA;07891033520237;BOTI BABY LOC HID CPO 400ml;1,000;70,40;70,40;36,57;0,00;0,00;33,83;48,05;92,51;1,06;95,66;C;;
14/09/2026;024668 - ACQUA DISTRIBUIDORA DE PERFUMES E COSMETICOS LTDA;07891033887026;REF CBEM LOC D H CP PESSEG N/FORM 350ml;1,000;33,85;33,85;9,73;0,00;0,00;24,12;71,26;247,89;0,76;96,42;C;;
14/09/2026;024668 - ACQUA DISTRIBUIDORA DE PERFUMES E COSMETICOS LTDA;07891033944996;CBEM SAB BARRA PESSEGURA V3 4x80g;1,000;33,96;33,96;10,70;0,00;0,00;23,26;68,49;217,38;0,73;97,15;C;;
14/09/2026;024668 - ACQUA DISTRIBUIDORA DE PERFUMES E COSMETICOS LTDA;07891033947645;CBEM SAB BARRA LAVANDINHA 2x80g;1,000;24,90;24,90;8,73;0,00;0,00;16,17;64,94;185,22;0,51;97,66;C;;
14/09/2026;024668 - ACQUA DISTRIBUIDORA DE PERFUMES E COSMETICOS LTDA;07891033524686;BOTIK GEL LIM FAC MIC AC MAN/SAL 50g PRM;1,000;13,58;13,58;0,00;0,00;0,00;13,58;100,00;0,00;0,43;98,08;C;;
14/09/2026;024668 - ACQUA DISTRIBUIDORA DE PERFUMES E COSMETICOS LTDA;07891033868704;CLASH SAB BARR 2x80g;1,000;23,21;23,21;9,94;0,00;0,00;13,27;57,17;133,50;0,42;98,50;C;;
14/09/2026;024668 - ACQUA DISTRIBUIDORA DE PERFUMES E COSMETICOS LTDA;07891033486533;ELYSEE DES ANTIT AEROSSOL 75g V3;1,000;24,67;24,67;11,57;0,00;0,00;13,10;53,10;113,22;0,41;98,91;C;;
14/09/2026;024668 - ACQUA DISTRIBUIDORA DE PERFUMES E COSMETICOS LTDA;07891033885602;MALBEC DES ANTIT ROLL V10 55ml;1,000;18,24;18,24;5,16;0,00;0,00;13,08;71,71;253,49;0,41;99,33;C;;
14/09/2026;024668 - ACQUA DISTRIBUIDORA DE PERFUMES E COSMETICOS LTDA;07891033511662;CBEM SAB BARRA ROSA/ALGODAO V8 2x80g;1,000;17,32;17,32;7,21;0,00;0,00;10,11;58,37;140,22;0,32;99,64;C;;
14/09/2026;024668 - ACQUA DISTRIBUIDORA DE PERFUMES E COSMETICOS LTDA;07891033511648;CBEM DES ANTIT CR R/ALG V3 80g;1,000;25,11;25,11;16,04;0,00;0,00;9,07;36,12;56,55;0,29;99,93;C;;
14/09/2026;024668 - ACQUA DISTRIBUIDORA DE PERFUMES E COSMETICOS LTDA;07891033958030;NSPA SAB BARRA CP AMEIX/INT 90g;1,000;13,90;13,90;4,92;0,00;0,00;8,98;64,60;182,52;0,28;100,21;C;;
14/09/2026;024668 - ACQUA DISTRIBUIDORA DE PERFUMES E COSMETICOS LTDA;07891033536801;QUASAR DES ROLL BLUE V10 55ml;1,000;18,24;18,24;11,50;0,00;0,00;6,74;36,95;58,61;0,21;100,42;C;;
14/09/2026;024668 - ACQUA DISTRIBUIDORA DE PERFUMES E COSMETICOS LTDA;07891033024834;INTENSE LAP P/OLHO POP PRETO 11g;1,000;12,51;12,51;6,92;0,00;0,00;5,59;44,68;80,78;0,18;100,60;C;;
14/09/2026;024668 - ACQUA DISTRIBUIDORA DE PERFUMES E COSMETICOS LTDA;07891033894017;CX PRESENTE M BOTI INST/25 VDA;1,000;11,89;11,89;7,37;0,00;0,00;4,52;38,02;61,33;0,14;100,74;C;;
14/09/2026;024668 - ACQUA DISTRIBUIDORA DE PERFUMES E COSMETICOS LTDA;07891033799985;GLAMOUR DES BDY SPR SEC BL 100ml V3 PCK;1,000;27,81;27,81;24,05;0,00;0,00;3,76;13,52;15,63;0,12;100,86;C;;
14/09/2026;024668 - ACQUA DISTRIBUIDORA DE PERFUMES E COSMETICOS LTDA;07891033908196;SACOLA PP BOTICARIO INST/25;1,000;0,01;0,01;0,71;0,00;0,00;-0,70;-7019,00;-98,59;-0,02;100,84;C;;
14/09/2026;024668 - ACQUA DISTRIBUIDORA DE PERFUMES E COSMETICOS LTDA;07891033957996;NSPA CR PERF DES HID CP AMX/INT PRM 50ml;12,000;0,12;0,01;26,76;0,00;0,00;-26,64;-22200,00;-99,55;-0,84;100,00;C;;
14/09/2026;024669 - 24669 ACQUA DISTRIBUIDORA DE PERFUMES E;07891033837564;COFFEE DES COL WOMAN LUCKY 100ML;2,000;275,80;137,90;75,28;0,00;0,00;200,52;72,70;266,37;6,73;6,73;A;;
14/09/2026;024669 - 24669 ACQUA DISTRIBUIDORA DE PERFUMES E;07891033843923;MALBEC DES COL BLACK V2 100ml;1,000;225,04;225,04;53,57;0,00;0,00;171,47;76,20;320,09;5,76;12,49;A;;
14/09/2026;024669 - 24669 ACQUA DISTRIBUIDORA DE PERFUMES E;07891033779895;LILY EDP LUMIERE 75ML;1,000;245,36;245,36;81,40;0,00;0,00;163,96;66,82;201,43;5,51;18,00;A;;
14/09/2026;024669 - 24669 ACQUA DISTRIBUIDORA DE PERFUMES E;07891033775248;LILY EDP 75ML V2;1,000;282,70;282,70;127,14;0,00;0,00;155,56;55,03;122,35;5,22;23,22;A;;
14/09/2026;024669 - 24669 ACQUA DISTRIBUIDORA DE PERFUMES E;07891033826858;EGEO DES COL BOMB BLACK C/CAR 90ml;2,000;237,94;118,97;122,36;0,00;0,00;115,58;48,58;94,46;3,88;27,11;A;;
14/09/2026;024669 - 24669 ACQUA DISTRIBUIDORA DE PERFUMES E;07891033835508;BOTIK SRUM ALT/POT RETIN PURO 30ml;1,000;156,24;156,24;40,82;0,00;0,00;115,42;73,87;282,75;3,88;30,98;A;;
14/09/2026;024669 - 24669 ACQUA DISTRIBUIDORA DE PERFUMES E;07891033843879;MALBEC DES COL V6 100ml;1,000;156,48;156,48;41,40;0,00;0,00;115,08;73,54;277,97;3,86;34,85;A;;
14/09/2026;024669 - 24669 ACQUA DISTRIBUIDORA DE PERFUMES E;07891033767007;LIZ DES COL 100ml;1,000;147,75;147,75;36,24;0,00;0,00;111,51;75,47;307,70;3,75;38,59;A;;
14/09/2026;024669 - 24669 ACQUA DISTRIBUIDORA DE PERFUMES E;07891033277070;BOTICOLL CONNEXION DES COL 100ml V2;1,000;128,83;128,83;32,31;0,00;0,00;96,52;74,92;298,73;3,24;41,83;A;;
14/09/2026;024669 - 24669 ACQUA DISTRIBUIDORA DE PERFUMES E;07891033524686;BOTIK GEL LIM FAC MIC AC MAN/SAL 50g PRM;7,000;95,65;13,66;0,00;0,00;0,00;95,65;100,00;0,00;3,21;45,05;A;;
14/09/2026;024669 - 24669 ACQUA DISTRIBUIDORA DE PERFUMES E;07891033497669;UOMINI DES COL BLACK V6 100ml;1,000;169,49;169,49;76,13;0,00;0,00;93,36;55,08;122,63;3,14;48,18;A;;
14/09/2026;024669 - 24669 ACQUA DISTRIBUIDORA DE PERFUMES E;07891033779901;LILY CREM ACET HID DES CPO LUMIERE 250g;1,000;129,09;129,09;37,85;0,00;0,00;91,24;70,68;241,06;3,06;51,25;A;;
14/09/2026;024669 - 24669 ACQUA DISTRIBUIDORA DE PERFUMES E;07891033487455;DR BOTICA CREM PENT POC TIRA NO150g V2;3,000;140,00;46,67;52,26;0,00;0,00;87,74;62,67;167,89;2,95;54,19;A;;
14/09/2026;024669 - 24669 ACQUA DISTRIBUIDORA DE PERFUMES E;07891033957989;NSPA CR PERF DES HID CP AMEIX/INT 180ml;4,000;187,19;46,80;102,20;0,00;0,00;84,99;45,40;83,16;2,85;57,05;A;;
14/09/2026;024669 - 24669 ACQUA DISTRIBUIDORA DE PERFUMES E;07891033826889;EGEO DES COL DOLCE C/CAR 90ml;1,000;113,90;113,90;31,11;0,00;0,00;82,79;72,69;266,12;2,78;59,83;A;;
14/09/2026;024669 - 24669 ACQUA DISTRIBUIDORA DE PERFUMES E;07891033500222;HER CODE EDP 50ml;1,000;189,48;189,48;106,72;0,00;0,00;82,76;43,68;77,55;2,78;62,61;A;;
14/09/2026;024669 - 24669 ACQUA DISTRIBUIDORA DE PERFUMES E;07891033479085;DREAM DES COL SPLSH VIAG/ENC 200ml V2;1,000;107,91;107,91;28,20;0,00;0,00;79,71;73,87;282,66;2,68;65,28;A;;
14/09/2026;024669 - 24669 ACQUA DISTRIBUIDORA DE PERFUMES E;07891033842131;EGEO DES COL VAN VIBE 90ml;1,000;112,48;112,48;32,78;0,00;0,00;79,70;70,86;243,14;2,68;67,96;A;;
14/09/2026;024669 - 24669 ACQUA DISTRIBUIDORA DE PERFUMES E;07891033882014;REF LILY CR ACET DES HID CPO V3 250g;1,000;89,91;89,91;13,91;0,00;0,00;76,00;84,53;546,37;2,55;70,51;A;;
14/09/2026;024669 - 24669 ACQUA DISTRIBUIDORA DE PERFUMES E;07891033882038;LILY CREM ACET DES HID CPO V9 250g;1,000;132,47;132,47;58,96;0,00;0,00;73,51;55,49;124,68;2,47;72,98;A;;
14/09/2026;024669 - 24669 ACQUA DISTRIBUIDORA DE PERFUMES E;07891033050093;MA CHERIE DES COL 100ml V6;1,000;123,46;123,46;62,06;0,00;0,00;61,40;49,73;98,94;2,06;75,04;A;;
14/09/2026;024669 - 24669 ACQUA DISTRIBUIDORA DE PERFUMES E;07891033550838;NEXT COLONIA 75ml;1,000;89,12;89,12;31,36;0,00;0,00;57,76;64,81;184,18;1,94;76,98;A;;
14/09/2026;024669 - 24669 ACQUA DISTRIBUIDORA DE PERFUMES E;07891033577507;BOT SUN PR FAC C/C FPS70 A/F C 1.0 40ml;1,000;71,91;71,91;15,42;0,00;0,00;56,49;78,56;366,34;1,90;78,88;A;;
14/09/2026;024669 - 24669 ACQUA DISTRIBUIDORA DE PERFUMES E;07891033740437;LINDA DES COL V4 100ml;1,000;111,41;111,41;55,69;0,00;0,00;55,72;50,01;100,05;1,87;80,75;B;;
14/09/2026;024669 - 24669 ACQUA DISTRIBUIDORA DE PERFUMES E;07891033498123;EGEO DES COL ORIGNL 90ml V2;1,000;109,97;109,97;61,18;0,00;0,00;48,79;44,37;79,75;1,64;82,39;B;;
14/09/2026;024669 - 24669 ACQUA DISTRIBUIDORA DE PERFUMES E;07891033514687;BOTIK CR HID FAC ANTIOX VITAM C V2 50g;1,000;66,01;66,01;25,20;0,00;0,00;40,81;61,82;161,94;1,37;83,76;B;;
14/09/2026;024669 - 24669 ACQUA DISTRIBUIDORA DE PERFUMES E;07891033946174;MATCH CR P/PENT CACH CIEN/CURV V2 450ml;1,000;64,90;64,90;24,95;0,00;0,00;39,95;61,56;160,12;1,34;85,10;B;;
14/09/2026;024669 - 24669 ACQUA DISTRIBUIDORA DE PERFUMES E;07891033950126;COFFEE D/COL WOM/ADD OR/FRUT PRM V2 10ml;2,000;52,78;26,39;14,94;0,00;0,00;37,84;71,69;253,28;1,27;86,38;B;;
14/09/2026;024669 - 24669 ACQUA DISTRIBUIDORA DE PERFUMES E;07891033520237;BOTI BABY LOC HID CPO 400ml;1,000;71,03;71,03;35,22;0,00;0,00;35,81;50,42;101,68;1,20;87,58;B;;
14/09/2026;024669 - 24669 ACQUA DISTRIBUIDORA DE PERFUMES E;07891033945108;BOTIK BALM LAB HID AC/HIALUR V2 32g;2,000;55,64;27,82;22,22;0,00;0,00;33,42;60,06;150,41;1,12;88,70;B;;
14/09/2026;024669 - 24669 ACQUA DISTRIBUIDORA DE PERFUMES E;07891033880164;MAKE B BAT LIQ MAT AC/POL BRW/WIN V2 5ml;1,000;59,49;59,49;29,10;0,00;0,00;30,39;51,08;104,43;1,02;89,72;B;;
14/09/2026;024669 - 24669 ACQUA DISTRIBUIDORA DE PERFUMES E;07891033567980;MATCH MASC CAP SCIENCE PRE/POS QUIM 250g;1,000;56,44;56,44;27,64;0,00;0,00;28,80;51,03;104,20;0,97;90,69;B;;
14/09/2026;024669 - 24669 ACQUA DISTRIBUIDORA DE PERFUMES E;07891033874910;BOTIK GEL LIMP F MCL AC MAND/SAL V2 150g;1,000;42,98;42,98;14,90;0,00;0,00;28,08;65,33;188,46;0,94;91,63;B;;
14/09/2026;024669 - 24669 ACQUA DISTRIBUIDORA DE PERFUMES E;07891033528967;ARBO DES COL VERDE PRM 10ml;1,000;34,37;34,37;6,73;0,00;0,00;27,64;80,42;410,70;0,93;92,56;B;;
14/09/2026;024669 - 24669 ACQUA DISTRIBUIDORA DE PERFUMES E;07891033909544;GLAMOUR DES COL INTENSE PRM 10ml;1,000;33,71;33,71;6,19;0,00;0,00;27,52;81,64;444,59;0,92;93,48;B;;
14/09/2026;024669 - 24669 ACQUA DISTRIBUIDORA DE PERFUMES E;07891033567973;MATCH COND SCIENCE PRE/POS QUIM 280ml;1,000;40,29;40,29;15,15;0,00;0,00;25,14;62,40;165,94;0,84;94,33;B;;
14/09/2026;024669 - 24669 ACQUA DISTRIBUIDORA DE PERFUMES E;07891033567966;MATCH SHAMP SCIENCE PRE/POS QUIM 300ml;1,000;38,69;38,69;14,16;0,00;0,00;24,53;63,40;173,23;0,82;95,15;C;;
14/09/2026;024669 - 24669 ACQUA DISTRIBUIDORA DE PERFUMES E;07891033958030;NSPA SAB BARRA CP AMEIX/INT 90g;3,000;35,40;11,80;14,82;0,00;0,00;20,58;58,14;138,87;0,69;95,84;C;;
14/09/2026;024669 - 24669 ACQUA DISTRIBUIDORA DE PERFUMES E;07891033883653;NSPA SAB BARRA AMEIXA V5 3x90g;1,000;34,65;34,65;14,54;0,00;0,00;20,11;58,04;138,31;0,68;96,52;C;;
14/09/2026;024669 - 24669 ACQUA DISTRIBUIDORA DE PERFUMES E;07891033844876;LINDA LOC DES HID CPO IRRESISTIVEL 200ml;1,000;41,62;41,62;21,77;0,00;0,00;19,85;47,69;91,18;0,67;97,19;C;;
14/09/2026;024669 - 24669 ACQUA DISTRIBUIDORA DE PERFUMES E;07891033511655;CBEM SAB BARRA ROSA/ALGODAO 4x80g;2,000;45,94;22,97;27,56;0,00;0,00;18,38;40,01;66,69;0,62;97,80;C;;
14/09/2026;024669 - 24669 ACQUA DISTRIBUIDORA DE PERFUMES E;07891033044818;BOTIK CREM HID FAC FIRM AC/POLIGL 50g;1,000;52,50;52,50;35,36;0,00;0,00;17,14;32,65;48,47;0,58;98,38;C;;
14/09/2026;024669 - 24669 ACQUA DISTRIBUIDORA DE PERFUMES E;07891033492862;ZAAD BALM POS BARBA 40g V3;2,000;31,79;15,89;16,54;0,00;0,00;15,25;47,97;92,20;0,51;98,89;C;;
14/09/2026;024669 - 24669 ACQUA DISTRIBUIDORA DE PERFUMES E;07891033512263;CBEM SAB BARRA NUVEM V5 2x80g;1,000;21,04;21,04;9,17;0,00;0,00;11,87;56,42;129,44;0,40;99,29;C;;
14/09/2026;024669 - 24669 ACQUA DISTRIBUIDORA DE PERFUMES E;07891033767564;MALBEC SAB BARRA 2x80g;1,000;20,18;20,18;9,41;0,00;0,00;10,77;53,37;114,45;0,36;99,65;C;;
14/09/2026;024669 - 24669 ACQUA DISTRIBUIDORA DE PERFUMES E;07891033511662;CBEM SAB BARRA ROSA/ALGODAO V8 2x80g;1,000;17,91;17,91;7,21;0,00;0,00;10,70;59,74;148,40;0,36;100,01;C;;
14/09/2026;024669 - 24669 ACQUA DISTRIBUIDORA DE PERFUMES E;07891033512317;CBEM SAB BARRA CEREJA LIVRE V2 2x80g;1,000;15,97;15,97;7,39;0,00;0,00;8,58;53,73;116,10;0,29;100,30;C;;
14/09/2026;024669 - 24669 ACQUA DISTRIBUIDORA DE PERFUMES E;07891033957996;NSPA CR PERF DES HID CP AMX/INT PRM 50ml;4,000;0,04;0,01;8,92;0,00;0,00;-8,88;-22200,00;-99,55;-0,30;100,00;C;;
14/09/2026;024670 - ACQUA DISTRIBUIDORA DE PERFUMES E COSMETICOS LTDA;07891033905133;MALBEC DES COL V7 100ml;3,000;492,45;164,15;134,16;0,00;0,00;358,29;72,76;267,06;10,40;10,40;A;;
14/09/2026;024670 - ACQUA DISTRIBUIDORA DE PERFUMES E COSMETICOS LTDA;07891033740437;LINDA DES COL V4 100ml;4,000;443,11;110,78;173,72;0,00;0,00;269,39;60,80;155,07;7,82;18,23;A;;
14/09/2026;024670 - ACQUA DISTRIBUIDORA DE PERFUMES E COSMETICOS LTDA;07891033878987;BOTICOLL CONNEXION DES COL V3 100ml;2,000;247,69;123,84;58,06;0,00;0,00;189,63;76,56;326,61;5,51;23,73;A;;
14/09/2026;024670 - ACQUA DISTRIBUIDORA DE PERFUMES E COSMETICOS LTDA;07891033481439;ELYSEE EDP BLANC 50ml V2;1,000;225,32;225,32;62,35;0,00;0,00;162,97;72,33;261,38;4,73;28,46;A;;
14/09/2026;024670 - ACQUA DISTRIBUIDORA DE PERFUMES E COSMETICOS LTDA;07891033779888;LILY EDP ABSOLU 75ML V2;1,000;282,94;282,94;127,94;0,00;0,00;155,00;54,78;121,15;4,50;32,96;A;;
14/09/2026;024670 - ACQUA DISTRIBUIDORA DE PERFUMES E COSMETICOS LTDA;07891033839711;LILY DES COL LEAU DE 75ml;1,000;191,51;191,51;43,84;0,00;0,00;147,67;77,11;336,84;4,29;37,25;A;;
14/09/2026;024670 - ACQUA DISTRIBUIDORA DE PERFUMES E COSMETICOS LTDA;07891033486649;BOTICOLL PORTINARI DES COL 100ml V5;1,000;176,02;176,02;35,13;0,00;0,00;140,89;80,04;401,05;4,09;41,34;A;;
14/09/2026;024670 - ACQUA DISTRIBUIDORA DE PERFUMES E COSMETICOS LTDA;07891033744381;ARBO DES COL 100ml V4;3,000;356,13;118,71;226,11;0,00;0,00;130,02;36,51;57,50;3,78;45,12;A;;
14/09/2026;024670 - ACQUA DISTRIBUIDORA DE PERFUMES E COSMETICOS LTDA;07891033899579;ESTJ HER COD CLIMAX AMOR/26;1,000;239,96;239,96;112,48;0,00;0,00;127,48;53,13;113,34;3,70;48,82;A;;
14/09/2026;024670 - ACQUA DISTRIBUIDORA DE PERFUMES E COSMETICOS LTDA;07891033553570;MALBEC EDP 90ml;1,000;239,96;239,96;115,35;0,00;0,00;124,61;51,93;108,03;3,62;52,44;A;;
14/09/2026;024670 - ACQUA DISTRIBUIDORA DE PERFUMES E COSMETICOS LTDA;07891033473212;BOTIK SRUM ALT/POT ACID MAND/TRANEX 30ml;2,000;181,20;90,60;74,84;0,00;0,00;106,36;58,70;142,12;3,09;55,53;A;;
14/09/2026;024670 - ACQUA DISTRIBUIDORA DE PERFUMES E COSMETICOS LTDA;07891033868957;LILY DES COL LEAU/LILY BLANCHE 75ml;1,000;193,43;193,43;87,90;0,00;0,00;105,53;54,56;120,06;3,06;58,59;A;;
14/09/2026;024670 - ACQUA DISTRIBUIDORA DE PERFUMES E COSMETICOS LTDA;07891033197347;THATY DES COL BOTICOLL 100ML;2,000;153,72;76,86;51,30;0,00;0,00;102,42;66,63;199,65;2,97;61,57;A;;
14/09/2026;024670 - ACQUA DISTRIBUIDORA DE PERFUMES E COSMETICOS LTDA;07891033050093;MA CHERIE DES COL 100ml V6;1,000;131,08;131,08;31,91;0,00;0,00;99,17;75,66;310,78;2,88;64,45;A;;
14/09/2026;024670 - ACQUA DISTRIBUIDORA DE PERFUMES E COSMETICOS LTDA;07891033506774;CLASH DES COL 100ml;1,000;126,11;126,11;37,78;0,00;0,00;88,33;70,04;233,80;2,56;67,01;A;;
14/09/2026;024670 - ACQUA DISTRIBUIDORA DE PERFUMES E COSMETICOS LTDA;07891033303632;EGEO DES COL CHERRY BLAST 90ml;2,000;138,30;69,15;50,18;0,00;0,00;88,12;63,72;175,61;2,56;69,57;A;;
14/09/2026;024670 - ACQUA DISTRIBUIDORA DE PERFUMES E COSMETICOS LTDA;07891033894468;LILY CR AC DES HID CP LEAU/LILY SOL 200g;1,000;109,30;109,30;22,39;0,00;0,00;86,91;79,52;388,16;2,52;72,09;A;;
14/09/2026;024670 - ACQUA DISTRIBUIDORA DE PERFUMES E COSMETICOS LTDA;07891033776856;LILY CREM DES HID ACET CPO ABSOLU 250g;1,000;132,56;132,56;55,46;0,00;0,00;77,10;58,16;139,02;2,24;74,33;A;;
14/09/2026;024670 - ACQUA DISTRIBUIDORA DE PERFUMES E COSMETICOS LTDA;07891033482962;FLORATTA DES COL ROSE BOUQUET 75ml;1,000;100,86;100,86;33,15;0,00;0,00;67,71;67,13;204,25;1,97;76,30;A;;
14/09/2026;024670 - ACQUA DISTRIBUIDORA DE PERFUMES E COSMETICOS LTDA;07891033874910;BOTIK GEL LIMP F MCL AC MAND/SAL V2 150g;1,000;74,90;74,90;10,72;0,00;0,00;64,18;85,69;598,69;1,86;78,16;A;;
14/09/2026;024670 - ACQUA DISTRIBUIDORA DE PERFUMES E COSMETICOS LTDA;07891033963997;HER CODE CR AVELD DES HID CP TOUCH 200g;1,000;88,90;88,90;31,96;0,00;0,00;56,94;64,05;178,16;1,65;79,81;A;;
14/09/2026;024670 - ACQUA DISTRIBUIDORA DE PERFUMES E COSMETICOS LTDA;07891033511471;CBEM DES COL BDY SPLSH NUVEM V3 200ml;1,000;72,75;72,75;18,67;0,00;0,00;54,08;74,34;289,66;1,57;81,38;B;;
14/09/2026;024670 - ACQUA DISTRIBUIDORA DE PERFUMES E COSMETICOS LTDA;07891033850549;EGEO DES COL DOLCE ILLUSION 90ml;1,000;78,21;78,21;28,51;0,00;0,00;49,70;63,55;174,32;1,44;82,83;B;;
14/09/2026;024670 - ACQUA DISTRIBUIDORA DE PERFUMES E COSMETICOS LTDA;07891033909810;NSPA DES COL BDY SPLSH AMEIX/INT 200ml;1,000;69,14;69,14;20,36;0,00;0,00;48,78;70,55;239,59;1,42;84,24;B;;
14/09/2026;024670 - ACQUA DISTRIBUIDORA DE PERFUMES E COSMETICOS LTDA;07891033889136;CBEM SPR INTIMO CER/FASES 75ml;2,000;75,23;37,61;25,24;0,00;2,75;47,24;62,80;198,06;1,37;85,62;B;;
14/09/2026;024670 - ACQUA DISTRIBUIDORA DE PERFUMES E COSMETICOS LTDA;07891033514670;BOTIK SRUM FAC ALT POT VITAM C 30ml;1,000;86,61;86,61;42,28;0,00;0,00;44,33;51,18;104,85;1,29;86,90;B;;
14/09/2026;024670 - ACQUA DISTRIBUIDORA DE PERFUMES E COSMETICOS LTDA;07891033595174;REF NSPA LOC DES HID CPO AMEIXA 350ml;1,000;54,28;54,28;10,51;0,00;0,00;43,77;80,64;416,46;1,27;88,17;B;;
14/09/2026;024670 - ACQUA DISTRIBUIDORA DE PERFUMES E COSMETICOS LTDA;07891033598755;BOTIK AGUA MICLR FAC CIC/PANT/CER 200ml;1,000;69,90;69,90;28,20;0,00;0,00;41,70;59,66;147,87;1,21;89,38;B;;
14/09/2026;024670 - ACQUA DISTRIBUIDORA DE PERFUMES E COSMETICOS LTDA;07891033044825;BOTIK LOC HID ANTIOL ACI POL FAC 110ml;1,000;60,78;60,78;19,44;0,00;0,00;41,34;68,02;212,65;1,20;90,59;B;;
14/09/2026;024670 - ACQUA DISTRIBUIDORA DE PERFUMES E COSMETICOS LTDA;07891033483754;ELYSEE CR DES HID ACET CPO BLANC 250g V2;1,000;93,25;93,25;53,68;0,00;0,00;39,57;42,43;73,71;1,15;91,73;B;;
14/09/2026;024670 - ACQUA DISTRIBUIDORA DE PERFUMES E COSMETICOS LTDA;07891033582365;CBEM LOC DES HID CPO NUV/ALEGRIA 400ml;1,000;65,70;65,70;26,38;0,00;0,00;39,32;59,85;149,05;1,14;92,88;B;;
14/09/2026;024670 - ACQUA DISTRIBUIDORA DE PERFUMES E COSMETICOS LTDA;07891033577491;BOT SUN PR FAC C/C FPS70 A/F COR 02 40ml;2,000;64,44;32,22;30,06;0,00;0,00;34,38;53,35;114,37;1,00;93,87;B;;
14/09/2026;024670 - ACQUA DISTRIBUIDORA DE PERFUMES E COSMETICOS LTDA;07891033583638;CBEM D/COL BDY SPLSH NUV/ALEG 200ml;1,000;66,53;66,53;36,50;0,00;0,00;30,03;45,14;82,27;0,87;94,75;B;;
14/09/2026;024670 - ACQUA DISTRIBUIDORA DE PERFUMES E COSMETICOS LTDA;07891033489824;INTENSE BAS LIQ CORRET REB HD C30 24g V2;1,000;56,63;56,63;29,95;0,00;0,00;26,68;47,11;89,08;0,77;95,52;C;;
14/09/2026;024670 - ACQUA DISTRIBUIDORA DE PERFUMES E COSMETICOS LTDA;07891033512317;CBEM SAB BARRA CEREJA LIVRE V2 2x80g;3,000;47,63;15,88;22,17;0,00;0,00;25,46;53,45;114,84;0,74;96,26;C;;
14/09/2026;024670 - ACQUA DISTRIBUIDORA DE PERFUMES E COSMETICOS LTDA;07891033511655;CBEM SAB BARRA ROSA/ALGODAO 4x80g;2,000;51,36;25,68;27,56;0,00;0,00;23,80;46,34;86,36;0,69;96,95;C;;
14/09/2026;024670 - ACQUA DISTRIBUIDORA DE PERFUMES E COSMETICOS LTDA;07891033883431;CAIXA LAÇO P  MAES 25 BOTI;3,000;22,39;7,46;0,00;0,00;0,00;22,39;100,00;0,00;0,65;97,60;C;;
14/09/2026;024670 - ACQUA DISTRIBUIDORA DE PERFUMES E COSMETICOS LTDA;07891033490257;FLORATTA DES BDY SPR ROSE 100ml V8;1,000;30,56;30,56;8,71;0,00;0,00;21,85;71,50;250,86;0,63;98,24;C;;
14/09/2026;024670 - ACQUA DISTRIBUIDORA DE PERFUMES E COSMETICOS LTDA;07891033503957;BOTI SUN PROT SOL CPO FPS30 200g;2,000;71,10;35,55;52,14;0,00;0,00;18,96;26,67;36,36;0,55;98,79;C;;
14/09/2026;024670 - ACQUA DISTRIBUIDORA DE PERFUMES E COSMETICOS LTDA;07891033533381;INTENSE BAT CREM POP ROSA 223 V2 38g;1,000;31,05;31,05;15,00;0,00;0,00;16,05;51,69;107,00;0,47;99,25;C;;
14/09/2026;024670 - ACQUA DISTRIBUIDORA DE PERFUMES E COSMETICOS LTDA;07891033957989;NSPA CR PERF DES HID CP AMEIX/INT 180ml;1,000;40,86;40,86;25,54;0,00;0,00;15,32;37,49;59,98;0,44;99,70;C;;
14/09/2026;024670 - ACQUA DISTRIBUIDORA DE PERFUMES E COSMETICOS LTDA;07891033879632;CBEM OL CPO TERMICO CER/FASES 110ml;1,000;22,44;22,44;11,36;0,00;0,00;11,08;49,38;97,54;0,32;100,02;C;;
14/09/2026;024670 - ACQUA DISTRIBUIDORA DE PERFUMES E COSMETICOS LTDA;07891033967438;BOTIK SRUM FAC ANTIOX ILUM 30ml;1,000;86,61;86,61;78,03;0,00;0,00;8,58;9,91;11,00;0,25;100,27;C;;
14/09/2026;024670 - ACQUA DISTRIBUIDORA DE PERFUMES E COSMETICOS LTDA;07891033946310;BOTIK CR NUTR FIR ROS/PESC R/SIL PRM 10g;1,000;15,58;15,58;7,54;0,00;0,00;8,04;51,60;106,63;0,23;100,50;C;;
14/09/2026;024670 - ACQUA DISTRIBUIDORA DE PERFUMES E COSMETICOS LTDA;07891033888528;CARTAO PRESENTE BOTICARIO MAES 25 UNIT;1,000;0,49;0,49;0,00;0,00;0,00;0,49;100,00;0,00;0,01;100,52;C;;
14/09/2026;024670 - ACQUA DISTRIBUIDORA DE PERFUMES E COSMETICOS LTDA;07891033957996;NSPA CR PERF DES HID CP AMX/INT PRM 50ml;8,000;0,08;0,01;17,84;0,00;0,00;-17,76;-22200,00;-99,55;-0,52;100,00;C;;
14/09/2026;024671 - 24671 ACQUA DISTRIBUIDORA DE PERFUMES E;07891033878963;FLORATTA EDP RED PASSION V2 75ml;2,000;403,17;201,58;98,22;0,00;0,00;304,95;75,64;310,48;23,28;23,28;A;;
14/09/2026;024671 - 24671 ACQUA DISTRIBUIDORA DE PERFUMES E;07891033483136;FLORATTA DES COL ROSE V4 75ml;1,000;165,63;165,63;30,70;0,00;0,00;134,93;81,46;439,51;10,30;33,58;A;;
14/09/2026;024671 - 24671 ACQUA DISTRIBUIDORA DE PERFUMES E;07891033956494;ESTJ ZAAD INTENSE PAIS/26;1,000;235,60;235,60;111,24;0,00;0,00;124,36;52,78;111,79;9,49;43,08;A;;
14/09/2026;024671 - 24671 ACQUA DISTRIBUIDORA DE PERFUMES E;07891033514489;FLORATTA DES COL GOLD 75ml V2;1,000;149,36;149,36;30,27;0,00;0,00;119,09;79,73;393,43;9,09;52,17;A;;
14/09/2026;024671 - 24671 ACQUA DISTRIBUIDORA DE PERFUMES E;07891033303632;EGEO DES COL CHERRY BLAST 90ml;2,000;141,22;70,61;50,44;0,00;0,00;90,78;64,28;179,98;6,93;59,10;A;;
14/09/2026;024671 - 24671 ACQUA DISTRIBUIDORA DE PERFUMES E;07891033506774;CLASH DES COL 100ml;1,000;123,74;123,74;37,77;0,00;0,00;85,97;69,48;227,61;6,56;65,67;A;;
14/09/2026;024671 - 24671 ACQUA DISTRIBUIDORA DE PERFUMES E;07891033482962;FLORATTA DES COL ROSE BOUQUET 75ml;1,000;113,15;113,15;33,15;0,00;0,00;80,00;70,70;241,33;6,11;71,77;A;;
14/09/2026;024671 - 24671 ACQUA DISTRIBUIDORA DE PERFUMES E;07891033508815;CBEM DES COL BDY SPLSH DELEITE V3 200ml;1,000;82,66;82,66;18,86;0,00;0,00;63,80;77,18;338,28;4,87;76,64;A;;
14/09/2026;024671 - 24671 ACQUA DISTRIBUIDORA DE PERFUMES E;07891033512621;QUASAR DES COL FIRE V2 100ml;2,000;179,83;89,91;128,22;0,00;0,00;51,61;28,70;40,25;3,94;80,58;B;;
14/09/2026;024671 - 24671 ACQUA DISTRIBUIDORA DE PERFUMES E;07891033302475;EGEO DES COL PINA BLAST 90ml;1,000;70,45;70,45;24,73;0,00;0,00;45,72;64,90;184,88;3,49;84,08;B;;
14/09/2026;024671 - 24671 ACQUA DISTRIBUIDORA DE PERFUMES E;07891033487011;EGEO DES COL BEAT 90ml V2;1,000;70,45;70,45;29,67;0,00;0,00;40,78;57,89;137,45;3,11;87,19;B;;
14/09/2026;024671 - 24671 ACQUA DISTRIBUIDORA DE PERFUMES E;07891033536283;BOTIK GEL LIMP FAC VITAM C PRM 50g;2,000;27,42;13,71;0,00;0,00;0,00;27,42;100,00;0,00;2,09;89,28;B;;
14/09/2026;024671 - 24671 ACQUA DISTRIBUIDORA DE PERFUMES E;07891033493623;MALBEC DES ANTIT AER 75g/125ml V10;1,000;36,40;36,40;11,68;0,00;0,00;24,72;67,91;211,64;1,89;91,17;B;;
14/09/2026;024671 - 24671 ACQUA DISTRIBUIDORA DE PERFUMES E;07891033944996;CBEM SAB BARRA PESSEGURA V3 4x80g;1,000;33,22;33,22;12,70;0,00;0,00;20,52;61,77;161,57;1,57;92,74;B;;
14/09/2026;024671 - 24671 ACQUA DISTRIBUIDORA DE PERFUMES E;07891033498963;CBEM LOC DES HID CPO ROS/ALG V3 200ml;1,000;37,90;37,90;19,55;0,00;0,00;18,35;48,42;93,86;1,40;94,14;B;;
14/09/2026;024671 - 24671 ACQUA DISTRIBUIDORA DE PERFUMES E;07891033947645;CBEM SAB BARRA LAVANDINHA 2x80g;1,000;24,90;24,90;7,11;0,00;0,00;17,79;71,45;250,21;1,36;95,50;C;;
14/09/2026;024671 - 24671 ACQUA DISTRIBUIDORA DE PERFUMES E;07891033548033;CBEM HID FAC FEIRA BANANA 80g;2,000;49,90;24,95;32,46;0,00;0,00;17,44;34,95;53,73;1,33;96,83;C;;
14/09/2026;024671 - 24671 ACQUA DISTRIBUIDORA DE PERFUMES E;07891033946730;CBEM GEL LIMP FAC FEIR TANGERINA V2 150g;2,000;47,90;23,95;31,10;0,00;0,00;16,80;35,07;54,02;1,28;98,11;C;;
14/09/2026;024671 - 24671 ACQUA DISTRIBUIDORA DE PERFUMES E;07891033850549;EGEO DES COL DOLCE ILLUSION 90ml;1,000;74,32;74,32;57,63;0,00;0,00;16,69;22,46;28,96;1,27;99,38;C;;
14/09/2026;024671 - 24671 ACQUA DISTRIBUIDORA DE PERFUMES E;07891033554089;BOTIK CR N FIR ROST/PESC RES/SIL PRM 10g;1,000;14,43;14,43;0,00;0,00;0,00;14,43;100,00;0,00;1,10;100,49;C;;
14/09/2026;024671 - 24671 ACQUA DISTRIBUIDORA DE PERFUMES E;07891033946761;CBEM ESF FAC FEIRA MORANGO V2 100g;2,000;35,99;17,99;33,76;0,00;0,00;2,23;6,20;6,61;0,17;100,66;C;;
14/09/2026;024671 - 24671 ACQUA DISTRIBUIDORA DE PERFUMES E;07891033908226;SACOLA M BOTICARIO INST/25;1,000;0,01;0,01;1,56;0,00;0,00;-1,55;-15500,00;-99,36;-0,12;100,54;C;;
14/09/2026;024671 - 24671 ACQUA DISTRIBUIDORA DE PERFUMES E;07891033908219;SACOLA P BOTICARIO INST/25;2,000;0,02;0,01;2,62;0,00;0,00;-2,60;-13000,00;-99,24;-0,20;100,34;C;;
14/09/2026;024671 - 24671 ACQUA DISTRIBUIDORA DE PERFUMES E;07891033957996;NSPA CR PERF DES HID CP AMX/INT PRM 50ml;2,000;0,02;0,01;4,46;0,00;0,00;-4,44;-22200,00;-99,55;-0,34;100,00;C;;
15/09/2026;024303 - 24303 ACQUA DISTRIBUIDORA DE PERFUMES E;07891033595556;HER CODE EDP TOUCH 50ml;22,000;2380,85;108,22;1360,04;0,00;0,00;1020,81;42,88;75,06;11,90;11,90;A;;
15/09/2026;024303 - 24303 ACQUA DISTRIBUIDORA DE PERFUMES E;07891033479054;BOTICOLL ACQUA FRESCA DES COL 100ml V2;13,000;1065,60;81,97;470,86;0,00;0,00;594,74;55,81;126,31;6,93;18,83;A;;
15/09/2026;024303 - 24303 ACQUA DISTRIBUIDORA DE PERFUMES E;07891033520527;CELEBRE DES COL MASC AGORA 100ml;32,000;1767,36;55,23;1286,08;0,00;0,00;481,28;27,23;37,42;5,61;24,44;A;;
15/09/2026;024303 - 24303 ACQUA DISTRIBUIDORA DE PERFUMES E;07891033482801;NSPA DES COL BDY SPLSH AMEI/NEG 200ml V2;8,000;505,44;63,18;159,12;0,00;0,00;346,32;68,52;217,65;4,04;28,48;A;;
15/09/2026;024303 - 24303 ACQUA DISTRIBUIDORA DE PERFUMES E;07891033587292;BOTICA 214 EDP SEV/DOR FOUG/AROM 90ml;4,000;516,32;129,08;185,16;0,00;0,00;331,16;64,14;178,85;3,86;32,34;A;;
15/09/2026;024303 - 24303 ACQUA DISTRIBUIDORA DE PERFUMES E;07891033830602;CELEBRE DES COL FLOR FRUT FORC 100ml;11,000;673,97;61,27;376,53;0,00;0,00;297,44;44,13;79,00;3,47;35,81;A;;
15/09/2026;024303 - 24303 ACQUA DISTRIBUIDORA DE PERFUMES E;07891033520442;CELEBRE DES COL FEM AGORA 100ml;21,000;1112,64;52,98;843,99;0,00;0,00;268,65;24,15;31,83;3,13;38,94;A;;
15/09/2026;024303 - 24303 ACQUA DISTRIBUIDORA DE PERFUMES E;07891033595167;REF NSPA LOC DES HID CPO AMEI/NEG 350ml;20,000;787,23;39,36;541,00;0,00;0,00;246,23;31,28;45,51;2,87;41,81;A;;
15/09/2026;024303 - 24303 ACQUA DISTRIBUIDORA DE PERFUMES E;07891033826865;EGEO DES COL BLUE C/CAR 90ml;3,000;341,70;113,90;98,58;0,00;0,00;243,12;71,15;246,62;2,83;44,64;A;;
15/09/2026;024303 - 24303 ACQUA DISTRIBUIDORA DE PERFUMES E;07891033842148;EGEO DES COL SPCY VIBE C/CAR 90ml;7,000;596,40;85,20;398,23;0,00;0,00;198,17;33,23;49,76;2,31;46,95;A;;
15/09/2026;024303 - 24303 ACQUA DISTRIBUIDORA DE PERFUMES E;07891033740437;LINDA DES COL V4 100ml;8,000;835,43;104,43;639,44;0,00;0,00;195,99;23,46;30,65;2,28;49,24;A;;
15/09/2026;024303 - 24303 ACQUA DISTRIBUIDORA DE PERFUMES E;07891033843909;MALBEC DES COL MAGNETIC V3 100ml;1,000;259,90;259,90;64,09;0,00;0,00;195,81;75,34;305,52;2,28;51,52;A;;
15/09/2026;024303 - 24303 ACQUA DISTRIBUIDORA DE PERFUMES E;07891033842285;GLAMOUR DES BDY SPR 100ml V6 PCK;17,000;480,33;28,25;303,62;0,00;0,00;176,71;36,79;58,20;2,06;53,58;A;;
15/09/2026;024303 - 24303 ACQUA DISTRIBUIDORA DE PERFUMES E;07891033741038;GLAMOUR DES COL SEC BL 75ml V4;6,000;600,75;100,12;428,58;0,00;0,00;172,17;28,66;40,17;2,01;55,59;A;;
15/09/2026;024303 - 24303 ACQUA DISTRIBUIDORA DE PERFUMES E;07891033497669;UOMINI DES COL BLACK V6 100ml;1,000;209,90;209,90;37,89;0,00;0,00;172,01;81,95;453,97;2,01;57,59;A;;
15/09/2026;024303 - 24303 ACQUA DISTRIBUIDORA DE PERFUMES E;07891033861675;ESTJ LILY JUMBO REG/25;1,000;309,90;309,90;139,29;0,00;0,00;170,61;55,05;122,49;1,99;59,58;A;;
15/09/2026;024303 - 24303 ACQUA DISTRIBUIDORA DE PERFUMES E;07891033581320;CBEM D/COL BDY SPLSH DEL/CHOCOLAT 200ml;6,000;308,40;51,40;145,56;0,00;0,00;162,84;52,80;111,87;1,90;61,48;A;;
15/09/2026;024303 - 24303 ACQUA DISTRIBUIDORA DE PERFUMES E;07891033903108;ZAAD EDP V7 95ml;1,000;288,31;288,31;145,73;0,00;0,00;142,58;49,45;97,84;1,66;63,14;A;;
15/09/2026;024303 - 24303 ACQUA DISTRIBUIDORA DE PERFUMES E;07891033880775;NSPA LOC DES HID CPO AMEIXA V7 400ml;21,000;892,08;42,48;751,17;0,00;0,00;140,91;15,80;18,76;1,64;64,79;A;;
15/09/2026;024303 - 24303 ACQUA DISTRIBUIDORA DE PERFUMES E;07891033817566;LINDA DES COL IRRESISTIVEL 100ml;2,000;212,91;106,45;72,72;0,00;0,00;140,19;65,84;192,78;1,63;66,42;A;;
15/09/2026;024303 - 24303 ACQUA DISTRIBUIDORA DE PERFUMES E;07891033822386;BOTICOLL DES COL THATY 200ml;1,000;174,35;174,35;37,66;0,00;0,00;136,69;78,40;362,96;1,59;68,01;A;;
15/09/2026;024303 - 24303 ACQUA DISTRIBUIDORA DE PERFUMES E;07891033842131;EGEO DES COL VAN VIBE 90ml;2,000;251,22;125,61;114,94;0,00;0,00;136,28;54,25;118,57;1,59;69,60;A;;
15/09/2026;024303 - 24303 ACQUA DISTRIBUIDORA DE PERFUMES E;07891033826896;EGEO DES COL CHOC C/CAR 90ml;3,000;315,21;105,07;179,58;0,00;0,00;135,63;43,03;75,53;1,58;71,18;A;;
15/09/2026;024303 - 24303 ACQUA DISTRIBUIDORA DE PERFUMES E;07891033879823;ACCORDES DES BDY SPR V7 100ml;6,000;228,65;38,11;99,66;0,00;0,00;128,99;56,41;129,43;1,50;72,69;A;;
15/09/2026;024303 - 24303 ACQUA DISTRIBUIDORA DE PERFUMES E;07891033766666;MEN DES COL GALBE 100ml V2;1,000;154,90;154,90;33,73;0,00;0,00;121,17;78,22;359,24;1,41;74,10;A;;
15/09/2026;024303 - 24303 ACQUA DISTRIBUIDORA DE PERFUMES E;07891033902378;ESTJ ZAAD PAIS/26;1,000;238,69;238,69;120,98;0,00;0,00;117,71;49,32;97,30;1,37;75,47;A;;
15/09/2026;024303 - 24303 ACQUA DISTRIBUIDORA DE PERFUMES E;07891033894208;REF NSPA LOC DES H CP ORQ/NOIRE V2 350ml;9,000;363,90;40,43;248,13;0,00;0,00;115,77;31,81;46,66;1,35;76,82;A;;
15/09/2026;024303 - 24303 ACQUA DISTRIBUIDORA DE PERFUMES E;07891033486342;DREAM DES COL SPLSH AMOR NO AR 200ml V2;2,000;203,41;101,70;93,18;0,00;0,00;110,23;54,19;118,30;1,28;78,11;A;;
15/09/2026;024303 - 24303 ACQUA DISTRIBUIDORA DE PERFUMES E;07891033889136;CBEM SPR INTIMO CER/FASES 75ml;8,000;216,01;27,00;102,00;0,00;7,88;106,13;49,13;111,77;1,24;79,34;A;;
15/09/2026;024303 - 24303 ACQUA DISTRIBUIDORA DE PERFUMES E;07891033483037;FLORATTA DES COL RED V2 75ml;1,000;174,90;174,90;69,19;0,00;0,00;105,71;60,44;152,78;1,23;80,58;B;;
15/09/2026;024303 - 24303 ACQUA DISTRIBUIDORA DE PERFUMES E;07891033490257;FLORATTA DES BDY SPR ROSE 100ml V8;4,000;134,33;33,58;43,80;0,00;0,00;90,53;67,39;206,69;1,06;81,63;B;;
15/09/2026;024303 - 24303 ACQUA DISTRIBUIDORA DE PERFUMES E;07891033506774;CLASH DES COL 100ml;1,000;122,91;122,91;38,18;0,00;0,00;84,73;68,94;221,92;0,99;82,62;B;;
15/09/2026;024303 - 24303 ACQUA DISTRIBUIDORA DE PERFUMES E;07891033878987;BOTICOLL CONNEXION DES COL V3 100ml;2,000;143,87;71,93;59,76;0,00;0,00;84,11;58,46;140,75;0,98;83,60;B;;
15/09/2026;024303 - 24303 ACQUA DISTRIBUIDORA DE PERFUMES E;07891033483105;FLORATTA DES COL BLUE V2 75ml;1,000;138,67;138,67;62,32;0,00;0,00;76,35;55,06;122,51;0,89;84,49;B;;
15/09/2026;024303 - 24303 ACQUA DISTRIBUIDORA DE PERFUMES E;07891033757923;FLORATTA DES COL RED 75ml;1,000;138,67;138,67;62,72;0,00;0,00;75,95;54,77;121,09;0,89;85,38;B;;
15/09/2026;024303 - 24303 ACQUA DISTRIBUIDORA DE PERFUMES E;07891033498123;EGEO DES COL ORIGNL 90ml V2;1,000;122,90;122,90;61,86;0,00;0,00;61,04;49,67;98,67;0,71;86,09;B;;
15/09/2026;024303 - 24303 ACQUA DISTRIBUIDORA DE PERFUMES E;07891033771295;BOTIK SRM FAC ALT/POT PRENC AC/HIAL 30ml;1,000;95,00;95,00;35,08;0,00;0,00;59,92;63,07;170,81;0,70;86,79;B;;
15/09/2026;024303 - 24303 ACQUA DISTRIBUIDORA DE PERFUMES E;07891033515004;SOPHIE COL CANDY 100ml V2;1,000;109,07;109,07;49,43;0,00;0,00;59,64;54,68;120,66;0,70;87,48;B;;
15/09/2026;024303 - 24303 ACQUA DISTRIBUIDORA DE PERFUMES E;07891033859207;CBEM DES COL BDY SPLSH AMORUDA 200ml;1,000;94,90;94,90;36,88;0,00;0,00;58,02;61,14;157,32;0,68;88,16;B;;
15/09/2026;024303 - 24303 ACQUA DISTRIBUIDORA DE PERFUMES E;07891033826858;EGEO DES COL BOMB BLACK C/CAR 90ml;1,000;115,09;115,09;61,82;0,00;0,00;53,27;46,29;86,17;0,62;88,78;B;;
15/09/2026;024303 - 24303 ACQUA DISTRIBUIDORA DE PERFUMES E;07891033514670;BOTIK SRUM FAC ALT POT VITAM C 30ml;1,000;95,00;95,00;42,28;0,00;0,00;52,72;55,49;124,69;0,61;89,39;B;;
15/09/2026;024303 - 24303 ACQUA DISTRIBUIDORA DE PERFUMES E;07891033963997;HER CODE CR AVELD DES HID CP TOUCH 200g;1,000;98,10;98,10;46,81;0,00;0,00;51,29;52,28;109,57;0,60;89,99;B;;
15/09/2026;024303 - 24303 ACQUA DISTRIBUIDORA DE PERFUMES E;07891033839612;ARBO DES BDY SPR 100ml V6;4,000;141,98;35,49;91,56;0,00;0,00;50,42;35,51;55,07;0,59;90,58;B;;
15/09/2026;024303 - 24303 ACQUA DISTRIBUIDORA DE PERFUMES E;07891033941995;DR BOTICA COL POCAO/CORAG V3 120ml;1,000;89,96;89,96;40,98;0,00;0,00;48,98;54,45;119,52;0,57;91,15;B;;
15/09/2026;024303 - 24303 ACQUA DISTRIBUIDORA DE PERFUMES E;07891033945726;DR BOTICA COL POC/CRIATIV V2 120ml;1,000;89,96;89,96;40,98;0,00;0,00;48,98;54,45;119,52;0,57;91,72;B;;
15/09/2026;024303 - 24303 ACQUA DISTRIBUIDORA DE PERFUMES E;07891033514410;DR BOTICA COL POCAO FORCA 120ml V2;1,000;89,96;89,96;40,98;0,00;0,00;48,98;54,45;119,52;0,57;92,29;B;;
15/09/2026;024303 - 24303 ACQUA DISTRIBUIDORA DE PERFUMES E;07891033518029;BOTI BABY COL SOL V2 100ml;1,000;89,06;89,06;40,37;0,00;0,00;48,69;54,67;120,61;0,57;92,86;B;;
15/09/2026;024303 - 24303 ACQUA DISTRIBUIDORA DE PERFUMES E;07891033957972;REF NSPA CR PERF DES HID CP AM/INT 350ml;1,000;58,90;58,90;12,86;0,00;0,00;46,04;78,17;358,01;0,54;93,40;B;;
15/09/2026;024303 - 24303 ACQUA DISTRIBUIDORA DE PERFUMES E;07891033878963;FLORATTA EDP RED PASSION V2 75ml;1,000;145,82;145,82;99,81;0,00;0,00;46,01;31,55;46,10;0,54;93,93;B;;
15/09/2026;024303 - 24303 ACQUA DISTRIBUIDORA DE PERFUMES E;07891033587339;BOTICA 214 EDP SEV/DOR FLOR/FRUT 75ml;2,000;248,70;124,35;204,28;0,00;0,00;44,42;17,86;21,74;0,52;94,45;B;;
15/09/2026;024303 - 24303 ACQUA DISTRIBUIDORA DE PERFUMES E;07891033826889;EGEO DES COL DOLCE C/CAR 90ml;1,000;100,91;100,91;57,47;0,00;0,00;43,44;43,05;75,59;0,51;94,96;B;;
15/09/2026;024303 - 24303 ACQUA DISTRIBUIDORA DE PERFUMES E;07891033899692;ESTJ CBEM AMORUDA AMOR/26;1,000;84,90;84,90;42,91;0,00;0,00;41,99;49,46;97,86;0,49;95,45;C;;
15/09/2026;024303 - 24303 ACQUA DISTRIBUIDORA DE PERFUMES E;07891033860593;SOPHIE SPLSH CPO/CAB SHIM CHAP/CIN 110ml;1,000;72,68;72,68;32,97;0,00;0,00;39,71;54,64;120,44;0,46;95,91;C;;
15/09/2026;024303 - 24303 ACQUA DISTRIBUIDORA DE PERFUMES E;07891033277070;BOTICOLL CONNEXION DES COL 100ml V2;1,000;71,35;71,35;32,28;0,00;0,00;39,07;54,76;121,03;0,46;96,36;C;;
15/09/2026;024303 - 24303 ACQUA DISTRIBUIDORA DE PERFUMES E;07891033511662;CBEM SAB BARRA ROSA/ALGODAO V8 2x80g;5,000;73,38;14,68;36,35;0,00;0,00;37,03;50,46;101,87;0,43;96,80;C;;
15/09/2026;024303 - 24303 ACQUA DISTRIBUIDORA DE PERFUMES E;07891033873159;CBEM LOC DES HID CPO AMORUDA 200ml;1,000;56,90;56,90;21,10;0,00;0,00;35,80;62,92;169,67;0,42;97,21;C;;
15/09/2026;024303 - 24303 ACQUA DISTRIBUIDORA DE PERFUMES E;07891033874910;BOTIK GEL LIMP F MCL AC MAND/SAL V2 150g;1,000;45,39;45,39;10,83;0,00;0,00;34,56;76,14;319,11;0,40;97,62;C;;
15/09/2026;024303 - 24303 ACQUA DISTRIBUIDORA DE PERFUMES E;07891033489978;NSPA OL DES HID CPO AMEI 200ml V3;1,000;55,18;55,18;21,55;0,00;0,00;33,63;60,95;156,06;0,39;98,01;C;;
15/09/2026;024303 - 24303 ACQUA DISTRIBUIDORA DE PERFUMES E;07891033880829;NSPA LOC DES HID CPO AMEIX/NEG V4 400ml;1,000;50,34;50,34;17,03;0,00;0,00;33,31;66,17;195,60;0,39;98,40;C;;
15/09/2026;024303 - 24303 ACQUA DISTRIBUIDORA DE PERFUMES E;07891033512317;CBEM SAB BARRA CEREJA LIVRE V2 2x80g;3,000;55,59;18,53;22,35;0,00;0,00;33,24;59,79;148,72;0,39;98,78;C;;
15/09/2026;024303 - 24303 ACQUA DISTRIBUIDORA DE PERFUMES E;07891033520190;BOTI BABY SHAMP V2 200ml;1,000;44,90;44,90;17,87;0,00;0,00;27,03;60,20;151,26;0,32;99,10;C;;
15/09/2026;024303 - 24303 ACQUA DISTRIBUIDORA DE PERFUMES E;07891033511686;CBEM SAB LIQ INT CER LIVRE V2 200ml;1,000;42,42;42,42;16,57;0,00;0,00;25,85;60,94;156,00;0,30;99,40;C;;
15/09/2026;024303 - 24303 ACQUA DISTRIBUIDORA DE PERFUMES E;07891033946730;CBEM GEL LIMP FAC FEIR TANGERINA V2 150g;2,000;37,98;18,99;12,50;0,00;0,00;25,48;67,09;203,84;0,30;99,70;C;;
15/09/2026;024303 - 24303 ACQUA DISTRIBUIDORA DE PERFUMES E;07891033594665;LIZ DES COL FLORA 100ml;1,000;81,14;81,14;61,36;0,00;0,00;19,78;24,38;32,24;0,23;99,93;C;;
15/09/2026;024303 - 24303 ACQUA DISTRIBUIDORA DE PERFUMES E;07891033908523;ESTJ CELEBRE MASC SUA FORCA PAIS/26;1,000;57,50;57,50;38,92;0,00;0,00;18,58;32,31;47,74;0,22;100,14;C;;
15/09/2026;024303 - 24303 ACQUA DISTRIBUIDORA DE PERFUMES E;07891033733675;EGEO DES BDY SPR BLUE 100ml V2 PCK;1,000;41,90;41,90;24,30;0,00;0,00;17,60;42,00;72,43;0,21;100,35;C;;
15/09/2026;024303 - 24303 ACQUA DISTRIBUIDORA DE PERFUMES E;07891033487905;REFIL MALBEC DES BDY SPR REG 100ml PK V5;1,000;34,11;34,11;17,24;0,00;0,00;16,87;49,46;97,85;0,20;100,55;C;;
15/09/2026;024303 - 24303 ACQUA DISTRIBUIDORA DE PERFUMES E;07891033486960;LILY DES ANTIT AEROSSOL 75g V9;3,000;66,36;22,12;52,80;0,00;0,00;13,56;20,43;25,68;0,16;100,70;C;;
15/09/2026;024303 - 24303 ACQUA DISTRIBUIDORA DE PERFUMES E;07891033490165;ACCORDES DES BDY SPR 100ml V6;2,000;61,70;30,85;48,56;0,00;0,00;13,14;21,30;27,06;0,15;100,86;C;;
15/09/2026;024303 - 24303 ACQUA DISTRIBUIDORA DE PERFUMES E;07891033511655;CBEM SAB BARRA ROSA/ALGODAO 4x80g;1,000;26,09;26,09;13,90;0,00;0,00;12,19;46,72;87,70;0,14;101,00;C;;
15/09/2026;024303 - 24303 ACQUA DISTRIBUIDORA DE PERFUMES E;07891033883950;CBEM DES COL BDY SPLSH ROS/ALG V4 200ml;1,000;47,29;47,29;36,90;0,00;0,00;10,39;21,97;28,16;0,12;101,12;C;;
15/09/2026;024303 - 24303 ACQUA DISTRIBUIDORA DE PERFUMES E;07891033899678;ESTJ CELEBRE FOUG/AROM/FORC AMOR/26;1,000;57,50;57,50;49,34;0,00;0,00;8,16;14,19;16,54;0,10;101,22;C;;
15/09/2026;024303 - 24303 ACQUA DISTRIBUIDORA DE PERFUMES E;07891033882984;ZAAD EDP INFINITY PRM 10ml;1,000;13,87;13,87;6,49;0,00;0,00;7,38;53,21;113,71;0,09;101,30;C;;
15/09/2026;024303 - 24303 ACQUA DISTRIBUIDORA DE PERFUMES E;07891033883011;AU MIGOS PETS COL ADULT CHAMEGO 60ml;1,000;32,25;32,25;27,82;0,00;0,00;4,43;13,74;15,92;0,05;101,35;C;;
15/09/2026;024303 - 24303 ACQUA DISTRIBUIDORA DE PERFUMES E;07891033794171;ARBO DES BDY SPR BOTANIC 100ml V2;2,000;48,44;24,22;44,76;0,00;0,00;3,68;7,60;8,22;0,04;101,40;C;;
15/09/2026;024303 - 24303 ACQUA DISTRIBUIDORA DE PERFUMES E;07891033946310;BOTIK CR NUTR FIR ROS/PESC R/SIL PRM 10g;2,000;18,27;9,13;15,24;0,00;0,00;3,03;16,58;19,88;0,04;101,43;C;;
15/09/2026;024303 - 24303 ACQUA DISTRIBUIDORA DE PERFUMES E;07891033830596;CELEBRE DES COL FOUG AROM FORC 100ml;1,000;47,96;47,96;46,35;0,00;0,00;1,61;3,36;3,47;0,02;101,45;C;;
15/09/2026;024303 - 24303 ACQUA DISTRIBUIDORA DE PERFUMES E;07891033958030;NSPA SAB BARRA CP AMEIX/INT 90g;1,000;7,21;7,21;5,99;0,00;0,00;1,22;16,92;20,37;0,01;101,46;C;;
15/09/2026;024303 - 24303 ACQUA DISTRIBUIDORA DE PERFUMES E;07891033572076;AU MIGOS PETS SHAMP 5/1 ADULTOS 400ml;1,000;27,64;27,64;27,21;0,00;0,00;0,43;1,56;1,58;0,01;101,47;C;;
15/09/2026;024303 - 24303 ACQUA DISTRIBUIDORA DE PERFUMES E;07891033964444;SACOLA G MAES 2026 BOTI UNIT;1,000;0,01;0,01;0,00;0,00;0,00;0,01;100,00;0,00;0,00;101,47;C;;
15/09/2026;024303 - 24303 ACQUA DISTRIBUIDORA DE PERFUMES E;07891033499588;NSPA LOC DES HID CPO ORQ NOIRE 400ml;1,000;30,59;30,59;34,25;0,00;0,00;-3,66;-11,96;-10,69;-0,04;101,43;C;;
15/09/2026;024303 - 24303 ACQUA DISTRIBUIDORA DE PERFUMES E;07891033511648;CBEM DES ANTIT CR R/ALG V3 80g;1,000;12,09;12,09;16,20;0,00;0,00;-4,11;-34,00;-25,37;-0,05;101,38;C;;
15/09/2026;024303 - 24303 ACQUA DISTRIBUIDORA DE PERFUMES E;07891033957996;NSPA CR PERF DES HID CP AMX/INT PRM 50ml;3,000;0,03;0,01;6,78;0,00;0,00;-6,75;-22500,00;-99,56;-0,08;101,30;C;;
15/09/2026;024303 - 24303 ACQUA DISTRIBUIDORA DE PERFUMES E;07891033894222;NSPA LOC DES HID CPO ORQ/NOIRE V2 400ml;3,000;91,06;30,35;107,25;0,00;0,00;-16,19;-17,78;-15,10;-0,19;101,11;C;;
15/09/2026;024303 - 24303 ACQUA DISTRIBUIDORA DE PERFUMES E;07891033908226;SACOLA M BOTICARIO INST/25;27,000;0,21;0,01;42,12;0,00;0,00;-41,91;-19957,14;-99,50;-0,49;100,62;C;;
15/09/2026;024303 - 24303 ACQUA DISTRIBUIDORA DE PERFUMES E;07891033908219;SACOLA P BOTICARIO INST/25;41,000;0,28;0,01;53,71;0,00;0,00;-53,43;-19082,14;-99,48;-0,62;100,00;C;;
15/09/2026;024617 - ACQUA DISTRIBUIDORA DE PERFUMES E COSMETICOS LTDA;07891033826858;EGEO DES COL BOMB BLACK C/CAR 90ml;2,000;240,80;120,40;58,20;0,00;0,00;182,60;75,83;313,75;17,64;17,64;A;;
15/09/2026;024617 - ACQUA DISTRIBUIDORA DE PERFUMES E COSMETICOS LTDA;07891033595556;HER CODE EDP TOUCH 50ml;3,000;382,35;127,45;210,81;0,00;0,00;171,54;44,86;81,37;16,57;34,22;A;;
15/09/2026;024617 - ACQUA DISTRIBUIDORA DE PERFUMES E COSMETICOS LTDA;07891033595167;REF NSPA LOC DES HID CPO AMEI/NEG 350ml;5,000;174,75;34,95;60,85;0,00;0,00;113,90;65,18;187,18;11,00;45,22;A;;
15/09/2026;024617 - ACQUA DISTRIBUIDORA DE PERFUMES E COSMETICOS LTDA;07891033843879;MALBEC DES COL V6 100ml;1,000;174,90;174,90;83,50;0,00;0,00;91,40;52,26;109,46;8,83;54,05;A;;
15/09/2026;024617 - ACQUA DISTRIBUIDORA DE PERFUMES E COSMETICOS LTDA;07891033486854;COFFEE LOC HID DES CPO W/SEDUC 200ml V2;2,000;139,80;69,90;58,88;0,00;0,00;80,92;57,88;137,43;7,82;61,87;A;;
15/09/2026;024617 - ACQUA DISTRIBUIDORA DE PERFUMES E COSMETICOS LTDA;07891033766659;MEN DES COL ONLY 100ml V2;2,000;174,90;87,45;117,78;0,00;0,00;57,12;32,66;48,50;5,52;67,39;A;;
15/09/2026;024617 - ACQUA DISTRIBUIDORA DE PERFUMES E COSMETICOS LTDA;07891033475995;BOTI SUN PROT FAC ANTIOL A/FL FPS70 40ml;1,000;79,90;79,90;29,76;0,00;0,00;50,14;62,75;168,48;4,84;72,23;A;;
15/09/2026;024617 - ACQUA DISTRIBUIDORA DE PERFUMES E COSMETICOS LTDA;07891033520442;CELEBRE DES COL FEM AGORA 100ml;3,000;118,06;39,35;74,85;0,00;0,00;43,21;36,60;57,73;4,17;76,41;A;;
15/09/2026;024617 - ACQUA DISTRIBUIDORA DE PERFUMES E COSMETICOS LTDA;07891033483105;FLORATTA DES COL BLUE V2 75ml;1,000;104,90;104,90;62,32;0,00;0,00;42,58;40,59;68,32;4,11;80,52;B;;
15/09/2026;024617 - ACQUA DISTRIBUIDORA DE PERFUMES E COSMETICOS LTDA;07891033013173;PMPCK MALBEC DES ANTIT AER 2x75g;1,000;59,85;59,85;27,18;0,00;0,00;32,67;54,59;120,20;3,16;83,68;B;;
15/09/2026;024617 - ACQUA DISTRIBUIDORA DE PERFUMES E COSMETICOS LTDA;07891033877713;MAKE B BLUSH COMP BERRY MINI PRM 15g;1,000;39,90;39,90;9,27;0,00;0,00;30,63;76,77;330,42;2,96;86,64;B;;
15/09/2026;024617 - ACQUA DISTRIBUIDORA DE PERFUMES E COSMETICOS LTDA;07891033842285;GLAMOUR DES BDY SPR 100ml V6 PCK;4,000;98,80;24,70;75,40;0,00;0,00;23,40;23,68;31,03;2,26;88,90;B;;
15/09/2026;024617 - ACQUA DISTRIBUIDORA DE PERFUMES E COSMETICOS LTDA;07891033756278;INTENSE PO COMPACTO FACIAL 20 5g;1,000;51,90;51,90;29,31;0,00;0,00;22,59;43,53;77,07;2,18;91,08;B;;
15/09/2026;024617 - ACQUA DISTRIBUIDORA DE PERFUMES E COSMETICOS LTDA;07891033880775;NSPA LOC DES HID CPO AMEIXA V7 400ml;2,000;89,90;44,95;71,48;0,00;0,00;18,42;20,49;25,77;1,78;92,86;B;;
15/09/2026;024617 - ACQUA DISTRIBUIDORA DE PERFUMES E COSMETICOS LTDA;07891033944996;CBEM SAB BARRA PESSEGURA V3 4x80g;1,000;32,21;32,21;13,91;0,00;0,00;18,30;56,81;131,56;1,77;94,63;B;;
15/09/2026;024617 - ACQUA DISTRIBUIDORA DE PERFUMES E COSMETICOS LTDA;07891033842148;EGEO DES COL SPCY VIBE C/CAR 90ml;2,000;140,71;70,35;123,64;0,00;0,00;17,07;12,13;13,81;1,65;96,28;C;;
15/09/2026;024617 - ACQUA DISTRIBUIDORA DE PERFUMES E COSMETICOS LTDA;07891033808496;REF LILY CR AC HID DES CPO LUMIERE 250g;1,000;49,59;49,59;38,79;0,00;0,00;10,80;21,78;27,84;1,04;97,32;C;;
15/09/2026;024617 - ACQUA DISTRIBUIDORA DE PERFUMES E COSMETICOS LTDA;07891033520527;CELEBRE DES COL MASC AGORA 100ml;1,000;49,90;49,90;40,19;0,00;0,00;9,71;19,46;24,16;0,94;98,26;C;;
15/09/2026;024617 - ACQUA DISTRIBUIDORA DE PERFUMES E COSMETICOS LTDA;07891033830602;CELEBRE DES COL FLOR FRUT FORC 100ml;1,000;49,90;49,90;40,32;0,00;0,00;9,58;19,20;23,76;0,93;99,19;C;;
15/09/2026;024617 - ACQUA DISTRIBUIDORA DE PERFUMES E COSMETICOS LTDA;07891033946167;CELEBRE DES COL MASC AGORA V2 100ml;2,000;99,80;49,90;92,70;0,00;0,00;7,10;7,11;7,66;0,69;99,87;C;;
15/09/2026;024617 - ACQUA DISTRIBUIDORA DE PERFUMES E COSMETICOS LTDA;07891033889136;CBEM SPR INTIMO CER/FASES 75ml;1,000;18,59;18,59;12,75;0,00;0,68;5,16;27,76;45,80;0,50;100,37;C;;
15/09/2026;024617 - ACQUA DISTRIBUIDORA DE PERFUMES E COSMETICOS LTDA;07891033908219;SACOLA P BOTICARIO INST/25;1,000;0,01;0,01;1,31;0,00;0,00;-1,30;-13000,00;-99,24;-0,13;100,24;C;;
15/09/2026;024617 - ACQUA DISTRIBUIDORA DE PERFUMES E COSMETICOS LTDA;07891033587339;BOTICA 214 EDP SEV/DOR FLOR/FRUT 75ml;1,000;99,61;99,61;102,14;0,00;0,00;-2,53;-2,54;-2,48;-0,24;100,00;C;;
15/09/2026;024668 - ACQUA DISTRIBUIDORA DE PERFUMES E COSMETICOS LTDA;07891033741038;GLAMOUR DES COL SEC BL 75ml V4;8,000;926,35;115,79;434,56;0,00;0,00;491,79;53,09;113,17;6,04;6,04;A;;
15/09/2026;024668 - ACQUA DISTRIBUIDORA DE PERFUMES E COSMETICOS LTDA;07891033771295;BOTIK SRM FAC ALT/POT PRENC AC/HIAL 30ml;6,000;610,44;101,74;208,26;0,00;0,00;402,18;65,88;193,11;4,94;10,97;A;;
15/09/2026;024668 - ACQUA DISTRIBUIDORA DE PERFUMES E COSMETICOS LTDA;07891033197347;THATY DES COL BOTICOLL 100ML;8,000;580,41;72,55;205,20;0,00;0,00;375,21;64,65;182,85;4,60;15,58;A;;
15/09/2026;024668 - ACQUA DISTRIBUIDORA DE PERFUMES E COSMETICOS LTDA;07891033878987;BOTICOLL CONNEXION DES COL V3 100ml;7,000;569,45;81,35;209,16;0,00;0,00;360,29;63,27;172,26;4,42;20,00;A;;
15/09/2026;024668 - ACQUA DISTRIBUIDORA DE PERFUMES E COSMETICOS LTDA;07891033842148;EGEO DES COL SPCY VIBE C/CAR 90ml;10,000;843,19;84,32;509,20;0,00;0,00;333,99;39,61;65,59;4,10;24,10;A;;
15/09/2026;024668 - ACQUA DISTRIBUIDORA DE PERFUMES E COSMETICOS LTDA;07891033595556;HER CODE EDP TOUCH 50ml;12,000;1559,69;129,97;1243,80;0,00;0,00;315,89;20,25;25,40;3,88;27,97;A;;
15/09/2026;024668 - ACQUA DISTRIBUIDORA DE PERFUMES E COSMETICOS LTDA;07891033905133;MALBEC DES COL V7 100ml;4,000;657,57;164,39;346,08;0,00;0,00;311,49;47,37;90,01;3,82;31,80;A;;
15/09/2026;024668 - ACQUA DISTRIBUIDORA DE PERFUMES E COSMETICOS LTDA;07891033483105;FLORATTA DES COL BLUE V2 75ml;4,000;521,68;130,42;221,04;0,00;0,00;300,64;57,63;136,01;3,69;35,49;A;;
15/09/2026;024668 - ACQUA DISTRIBUIDORA DE PERFUMES E COSMETICOS LTDA;07891033490394;ZAAD DES COL BDY SPLSH 200ml;3,000;360,12;120,04;78,06;0,00;0,00;282,06;78,32;361,34;3,46;38,95;A;;
15/09/2026;024668 - ACQUA DISTRIBUIDORA DE PERFUMES E COSMETICOS LTDA;07891033946167;CELEBRE DES COL MASC AGORA V2 100ml;16,000;847,23;52,95;594,44;0,00;0,00;252,79;29,84;42,53;3,10;42,05;A;;
15/09/2026;024668 - ACQUA DISTRIBUIDORA DE PERFUMES E COSMETICOS LTDA;07891033843879;MALBEC DES COL V6 100ml;2,000;332,31;166,15;82,80;0,00;0,00;249,51;75,08;301,34;3,06;45,11;A;;
15/09/2026;024668 - ACQUA DISTRIBUIDORA DE PERFUMES E COSMETICOS LTDA;07891033512423;QUASAR DES COL BRAVE V2 100ml;2,000;301,80;150,90;67,92;0,00;0,00;233,88;77,50;344,35;2,87;47,98;A;;
15/09/2026;024668 - ACQUA DISTRIBUIDORA DE PERFUMES E COSMETICOS LTDA;07891033506774;CLASH DES COL 100ml;3,000;430,48;143,49;212,31;0,00;0,00;218,17;50,68;102,76;2,68;50,66;A;;
15/09/2026;024668 - ACQUA DISTRIBUIDORA DE PERFUMES E COSMETICOS LTDA;07891033880775;NSPA LOC DES HID CPO AMEIXA V7 400ml;5,000;355,76;71,15;142,90;0,00;0,00;212,86;59,83;148,96;2,61;53,27;A;;
15/09/2026;024668 - ACQUA DISTRIBUIDORA DE PERFUMES E COSMETICOS LTDA;07891033583720;FLORATTA DES COL ROM/VER V2 75ml;2,000;260,83;130,41;63,08;0,00;0,00;197,75;75,82;313,49;2,43;55,70;A;;
15/09/2026;024668 - ACQUA DISTRIBUIDORA DE PERFUMES E COSMETICOS LTDA;07891033878963;FLORATTA EDP RED PASSION V2 75ml;1,000;229,90;229,90;49,11;0,00;0,00;180,79;78,64;368,13;2,22;57,92;A;;
15/09/2026;024668 - ACQUA DISTRIBUIDORA DE PERFUMES E COSMETICOS LTDA;07891033500222;HER CODE EDP 50ml;1,000;224,63;224,63;57,77;0,00;0,00;166,86;74,28;288,84;2,05;59,97;A;;
15/09/2026;024668 - ACQUA DISTRIBUIDORA DE PERFUMES E COSMETICOS LTDA;07891033520442;CELEBRE DES COL FEM AGORA 100ml;15,000;733,08;48,87;585,00;0,00;0,00;148,08;20,20;25,31;1,82;61,79;A;;
15/09/2026;024668 - ACQUA DISTRIBUIDORA DE PERFUMES E COSMETICOS LTDA;07891033595167;REF NSPA LOC DES HID CPO AMEI/NEG 350ml;4,000;192,87;48,22;48,68;0,00;0,00;144,19;74,76;296,20;1,77;63,56;A;;
15/09/2026;024668 - ACQUA DISTRIBUIDORA DE PERFUMES E COSMETICOS LTDA;07891033830596;CELEBRE DES COL FOUG AROM FORC 100ml;6,000;419,93;69,99;276,42;0,00;0,00;143,51;34,17;51,92;1,76;65,32;A;;
15/09/2026;024668 - ACQUA DISTRIBUIDORA DE PERFUMES E COSMETICOS LTDA;07891033842285;GLAMOUR DES BDY SPR 100ml V6 PCK;16,000;441,75;27,61;301,60;0,00;0,00;140,15;31,73;46,47;1,72;67,04;A;;
15/09/2026;024668 - ACQUA DISTRIBUIDORA DE PERFUMES E COSMETICOS LTDA;07891033492459;COFFEE D/COL DUO MAN FOUG/AMB V2 100ml;1,000;167,77;167,77;44,51;0,00;0,00;123,26;73,47;276,93;1,51;68,55;A;;
15/09/2026;024668 - ACQUA DISTRIBUIDORA DE PERFUMES E COSMETICOS LTDA;07891033958016;NSPA OL GLOR DES HID CPO AMEIX/INT 200ml;2,000;162,73;81,36;45,26;0,00;0,00;117,47;72,19;259,54;1,44;69,99;A;;
15/09/2026;024668 - ACQUA DISTRIBUIDORA DE PERFUMES E COSMETICOS LTDA;07891033902385;ESTJ MALBEC PAIS/26;1,000;198,73;198,73;87,33;0,00;0,00;111,40;56,06;127,56;1,37;71,36;A;;
15/09/2026;024668 - ACQUA DISTRIBUIDORA DE PERFUMES E COSMETICOS LTDA;07891033482801;NSPA DES COL BDY SPLSH AMEI/NEG 200ml V2;2,000;150,96;75,48;39,72;0,00;0,00;111,24;73,69;280,06;1,37;72,72;A;;
15/09/2026;024668 - ACQUA DISTRIBUIDORA DE PERFUMES E COSMETICOS LTDA;07891033050093;MA CHERIE DES COL 100ml V6;1,000;140,17;140,17;33,43;0,00;0,00;106,74;76,15;319,29;1,31;74,03;A;;
15/09/2026;024668 - ACQUA DISTRIBUIDORA DE PERFUMES E COSMETICOS LTDA;07891033861750;ESTJ HER CODE TOUCH NAT/25;1,000;189,56;189,56;84,84;0,00;0,00;104,72;55,24;123,43;1,29;75,32;A;;
15/09/2026;024668 - ACQUA DISTRIBUIDORA DE PERFUMES E COSMETICOS LTDA;07891033740437;LINDA DES COL V4 100ml;2,000;252,36;126,18;157,50;0,00;0,00;94,86;37,59;60,23;1,16;76,48;A;;
15/09/2026;024668 - ACQUA DISTRIBUIDORA DE PERFUMES E COSMETICOS LTDA;07891033485086;LILY OL PRODIG ACET MULTIF 50ml;1,000;125,64;125,64;32,53;0,00;0,00;93,11;74,11;286,23;1,14;77,63;A;;
15/09/2026;024668 - ACQUA DISTRIBUIDORA DE PERFUMES E COSMETICOS LTDA;07891033896530;EGEO DES COL VANILLA UBESESSION 90ml;1,000;119,74;119,74;29,64;0,00;0,00;90,10;75,25;303,98;1,11;78,73;A;;
15/09/2026;024668 - ACQUA DISTRIBUIDORA DE PERFUMES E COSMETICOS LTDA;07891033856459;BOTICA 214 EDP ARAB/OASIS FOUG/AMB 90ml;1,000;186,42;186,42;97,06;0,00;0,00;89,36;47,93;92,07;1,10;79,83;A;;
15/09/2026;024668 - ACQUA DISTRIBUIDORA DE PERFUMES E COSMETICOS LTDA;07891033830602;CELEBRE DES COL FLOR FRUT FORC 100ml;19,000;961,95;50,63;878,83;0,00;0,00;83,12;8,64;9,46;1,02;80,85;B;;
15/09/2026;024668 - ACQUA DISTRIBUIDORA DE PERFUMES E COSMETICOS LTDA;07891033766666;MEN DES COL GALBE 100ml V2;1,000;147,55;147,55;68,59;0,00;0,00;78,96;53,51;115,12;0,97;81,82;B;;
15/09/2026;024668 - ACQUA DISTRIBUIDORA DE PERFUMES E COSMETICOS LTDA;07891033583737;FLORATTA DES COL RED BLOSSOM V2 75ml;1,000;104,80;104,80;26,68;0,00;0,00;78,12;74,54;292,80;0,96;82,78;B;;
15/09/2026;024668 - ACQUA DISTRIBUIDORA DE PERFUMES E COSMETICOS LTDA;07891033539222;ESTJ DR BOTICA CORACAO V2;1,000;127,90;127,90;54,68;0,00;0,00;73,22;57,25;133,91;0,90;83,68;B;;
15/09/2026;024668 - ACQUA DISTRIBUIDORA DE PERFUMES E COSMETICOS LTDA;07891033909810;NSPA DES COL BDY SPLSH AMEIX/INT 200ml;1,000;92,90;92,90;20,36;0,00;0,00;72,54;78,08;356,29;0,89;84,57;B;;
15/09/2026;024668 - ACQUA DISTRIBUIDORA DE PERFUMES E COSMETICOS LTDA;07891033518029;BOTI BABY COL SOL V2 100ml;1,000;90,00;90,00;17,73;0,00;0,00;72,27;80,30;407,61;0,89;85,45;B;;
15/09/2026;024668 - ACQUA DISTRIBUIDORA DE PERFUMES E COSMETICOS LTDA;07891033841820;LILY DES COL BDY SPLSH 200ml;1,000;91,59;91,59;21,18;0,00;0,00;70,41;76,88;332,44;0,86;86,32;B;;
15/09/2026;024668 - ACQUA DISTRIBUIDORA DE PERFUMES E COSMETICOS LTDA;07891033907502;MATCH LEAV IN ESC/HID 150ml;2,000;119,31;59,65;50,34;0,00;0,00;68,97;57,81;137,01;0,85;87,16;B;;
15/09/2026;024668 - ACQUA DISTRIBUIDORA DE PERFUMES E COSMETICOS LTDA;07891033479085;DREAM DES COL SPLSH VIAG/ENC 200ml V2;1,000;112,06;112,06;46,25;0,00;0,00;65,81;58,73;142,29;0,81;87,97;B;;
15/09/2026;024668 - ACQUA DISTRIBUIDORA DE PERFUMES E COSMETICOS LTDA;07891033483037;FLORATTA DES COL RED V2 75ml;1,000;123,19;123,19;68,43;0,00;0,00;54,76;44,45;80,02;0,67;88,64;B;;
15/09/2026;024668 - ACQUA DISTRIBUIDORA DE PERFUMES E COSMETICOS LTDA;07891033880102;MAKE B BAT LIQ MAT AC/POL DARK/RG V2 5ml;1,000;65,35;65,35;13,76;0,00;0,00;51,59;78,94;374,93;0,63;89,28;B;;
15/09/2026;024668 - ACQUA DISTRIBUIDORA DE PERFUMES E COSMETICOS LTDA;07891033511730;MAKE B GLOS LAB C/AC POLIG ROS/LOVER 5ml;1,000;65,35;65,35;16,03;0,00;0,00;49,32;75,47;307,67;0,61;89,88;B;;
15/09/2026;024668 - ACQUA DISTRIBUIDORA DE PERFUMES E COSMETICOS LTDA;07891033896936;MATCH SHAMP ESC/HID 300ml;2,000;89,43;44,71;42,64;0,00;0,00;46,79;52,32;109,73;0,57;90,46;B;;
15/09/2026;024668 - ACQUA DISTRIBUIDORA DE PERFUMES E COSMETICOS LTDA;07891033744381;ARBO DES COL 100ml V4;1,000;120,27;120,27;75,37;0,00;0,00;44,90;37,33;59,57;0,55;91,01;B;;
15/09/2026;024668 - ACQUA DISTRIBUIDORA DE PERFUMES E COSMETICOS LTDA;07891033854837;FLORATTA DES BDY SPRAY RED V2 100ml;1,000;52,90;52,90;8,18;0,00;0,00;44,72;84,54;546,70;0,55;91,56;B;;
15/09/2026;024668 - ACQUA DISTRIBUIDORA DE PERFUMES E COSMETICOS LTDA;07891033594665;LIZ DES COL FLORA 100ml;1,000;104,03;104,03;59,74;0,00;0,00;44,29;42,57;74,14;0,54;92,10;B;;
15/09/2026;024668 - ACQUA DISTRIBUIDORA DE PERFUMES E COSMETICOS LTDA;07891033278589;MAKE B LAP RETR P/OLH PRET PCK;1,000;69,90;69,90;25,75;0,00;0,00;44,15;63,16;171,46;0,54;92,64;B;;
15/09/2026;024668 - ACQUA DISTRIBUIDORA DE PERFUMES E COSMETICOS LTDA;07891033499038;CBEM LOC DES HID CPO PESSEGURA V2 200ml;1,000;52,72;52,72;9,02;0,00;0,00;43,70;82,89;484,48;0,54;93,18;B;;
15/09/2026;024668 - ACQUA DISTRIBUIDORA DE PERFUMES E COSMETICOS LTDA;07891033513956;BOTICA 214 EDP FIJI PAR FL ESPEC 90ml;1,000;143,90;143,90;101,69;0,00;0,00;42,21;29,33;41,51;0,52;93,70;B;;
15/09/2026;024668 - ACQUA DISTRIBUIDORA DE PERFUMES E COSMETICOS LTDA;07891033572113;AU MIGOS PETS COL ADULTOS 60ml;1,000;69,90;69,90;28,66;0,00;0,00;41,24;59,00;143,89;0,51;94,20;B;;
15/09/2026;024668 - ACQUA DISTRIBUIDORA DE PERFUMES E COSMETICOS LTDA;07891033480586;LILY CR HID DES ACET CPO LOVE 250g V3;1,000;97,89;97,89;57,61;0,00;0,00;40,28;41,15;69,92;0,49;94,70;B;;
15/09/2026;024668 - ACQUA DISTRIBUIDORA DE PERFUMES E COSMETICOS LTDA;07891033868681;CLASH CR PRE E POS BARBA 150g;1,000;46,90;46,90;11,10;0,00;0,00;35,80;76,33;322,52;0,44;95,14;C;;
15/09/2026;024668 - ACQUA DISTRIBUIDORA DE PERFUMES E COSMETICOS LTDA;07891033013173;PMPCK MALBEC DES ANTIT AER 2x75g;2,000;87,54;43,77;54,36;0,00;0,00;33,18;37,90;61,04;0,41;95,54;C;;
15/09/2026;024668 - ACQUA DISTRIBUIDORA DE PERFUMES E COSMETICOS LTDA;07891033572076;AU MIGOS PETS SHAMP 5/1 ADULTOS 400ml;1,000;59,90;59,90;26,96;0,00;0,00;32,94;54,99;122,18;0,40;95,95;C;;
15/09/2026;024668 - ACQUA DISTRIBUIDORA DE PERFUMES E COSMETICOS LTDA;07891033487905;REFIL MALBEC DES BDY SPR REG 100ml PK V5;1,000;37,90;37,90;6,06;0,00;0,00;31,84;84,01;525,41;0,39;96,34;C;;
15/09/2026;024668 - ACQUA DISTRIBUIDORA DE PERFUMES E COSMETICOS LTDA;07891033894208;REF NSPA LOC DES H CP ORQ/NOIRE V2 350ml;3,000;112,05;37,35;82,71;0,00;0,00;29,34;26,18;35,47;0,36;96,70;C;;
15/09/2026;024668 - ACQUA DISTRIBUIDORA DE PERFUMES E COSMETICOS LTDA;07891033896943;MATCH COND ESC/HID 280ml;1,000;49,90;49,90;21,32;0,00;0,00;28,58;57,27;134,05;0,35;97,05;C;;
15/09/2026;024668 - ACQUA DISTRIBUIDORA DE PERFUMES E COSMETICOS LTDA;07891033886883;CBEM LOC DES HID CPO NUVEM N/FORM 400ml;1,000;57,19;57,19;28,87;0,00;0,00;28,32;49,52;98,09;0,35;97,40;C;;
15/09/2026;024668 - ACQUA DISTRIBUIDORA DE PERFUMES E COSMETICOS LTDA;07891033570775;FLORATTA SHOWER GEL CPO BLUE V2 75g;1,000;33,00;33,00;5,07;0,00;0,00;27,93;84,64;550,89;0,34;97,74;C;;
15/09/2026;024668 - ACQUA DISTRIBUIDORA DE PERFUMES E COSMETICOS LTDA;07891033894017;CX PRESENTE M BOTI INST/25 VDA;8,000;84,79;10,60;58,96;0,00;0,00;25,83;30,46;43,81;0,32;98,06;C;;
15/09/2026;024668 - ACQUA DISTRIBUIDORA DE PERFUMES E COSMETICOS LTDA;07891033944996;CBEM SAB BARRA PESSEGURA V3 4x80g;1,000;36,04;36,04;10,70;0,00;0,00;25,34;70,31;236,82;0,31;98,37;C;;
15/09/2026;024668 - ACQUA DISTRIBUIDORA DE PERFUMES E COSMETICOS LTDA;07891033575916;CBEM DES COL BDY SPLSH PESSEGURA 60ml;1,000;34,60;34,60;10,12;0,00;0,00;24,48;70,75;241,90;0,30;98,67;C;;
15/09/2026;024668 - ACQUA DISTRIBUIDORA DE PERFUMES E COSMETICOS LTDA;07891033511679;CBEM DES ANTIT CREM S/PERF V2 80g;1,000;34,90;34,90;10,44;0,00;0,00;24,46;70,09;234,29;0,30;98,97;C;;
15/09/2026;024668 - ACQUA DISTRIBUIDORA DE PERFUMES E COSMETICOS LTDA;07891033493623;MALBEC DES ANTIT AER 75g/125ml V10;1,000;35,91;35,91;11,68;0,00;0,00;24,23;67,47;207,45;0,30;99,26;C;;
15/09/2026;024668 - ACQUA DISTRIBUIDORA DE PERFUMES E COSMETICOS LTDA;07891033538386;BOTIK PROT SOL FAC FPS 50 AC/HIAL 40ml;2,000;91,09;45,54;71,86;0,00;0,00;19,23;21,11;26,76;0,24;99,50;C;;
15/09/2026;024668 - ACQUA DISTRIBUIDORA DE PERFUMES E COSMETICOS LTDA;07891033958030;NSPA SAB BARRA CP AMEIX/INT 90g;3,000;33,33;11,11;14,76;0,00;0,00;18,57;55,72;125,81;0,23;99,73;C;;
15/09/2026;024668 - ACQUA DISTRIBUIDORA DE PERFUMES E COSMETICOS LTDA;07891033828470;MATCH MASC CAP LISO PROLONGADO 250g;1,000;41,53;41,53;26,90;0,00;0,00;14,63;35,23;54,39;0,18;99,91;C;;
15/09/2026;024668 - ACQUA DISTRIBUIDORA DE PERFUMES E COSMETICOS LTDA;07891033839605;ARBO DES ANTIT AER 75ml V9;1,000;20,99;20,99;11,73;0,00;0,00;9,26;44,12;78,94;0,11;100,02;C;;
15/09/2026;024668 - ACQUA DISTRIBUIDORA DE PERFUMES E COSMETICOS LTDA;07891033520527;CELEBRE DES COL MASC AGORA 100ml;1,000;51,58;51,58;45,87;0,00;0,00;5,71;11,07;12,45;0,07;100,09;C;;
15/09/2026;024668 - ACQUA DISTRIBUIDORA DE PERFUMES E COSMETICOS LTDA;07891033894222;NSPA LOC DES HID CPO ORQ/NOIRE V2 400ml;1,000;39,44;39,44;35,38;0,00;0,00;4,06;10,29;11,48;0,05;100,14;C;;
15/09/2026;024668 - ACQUA DISTRIBUIDORA DE PERFUMES E COSMETICOS LTDA;07891033471508;MEN DES ANTIT AER COOL PROTECT 90g/150ml;1,000;17,25;17,25;17,17;0,00;0,00;0,08;0,46;0,47;0,00;100,14;C;;
15/09/2026;024668 - ACQUA DISTRIBUIDORA DE PERFUMES E COSMETICOS LTDA;07891033277070;BOTICOLL CONNEXION DES COL 100ml V2;2,000;112,73;56,36;124,36;0,00;0,00;-11,63;-10,32;-9,35;-0,14;100,00;C;;
15/09/2026;024669 - 24669 ACQUA DISTRIBUIDORA DE PERFUMES E;07891033595556;HER CODE EDP TOUCH 50ml;6,000;743,61;123,93;370,92;0,00;0,00;372,69;50,12;100,48;8,61;8,61;A;;
15/09/2026;024669 - 24669 ACQUA DISTRIBUIDORA DE PERFUMES E;07891033277070;BOTICOLL CONNEXION DES COL 100ml V2;12,000;715,54;59,63;387,72;0,00;0,00;327,82;45,81;84,55;7,57;16,17;A;;
15/09/2026;024669 - 24669 ACQUA DISTRIBUIDORA DE PERFUMES E;07891033843879;MALBEC DES COL V6 100ml;2,000;310,87;155,43;82,80;0,00;0,00;228,07;73,37;275,45;5,27;21,44;A;;
15/09/2026;024669 - 24669 ACQUA DISTRIBUIDORA DE PERFUMES E;07891033766659;MEN DES COL ONLY 100ml V2;4,000;348,09;87,02;140,28;0,00;0,00;207,81;59,70;148,14;4,80;26,24;A;;
15/09/2026;024669 - 24669 ACQUA DISTRIBUIDORA DE PERFUMES E;07891033880775;NSPA LOC DES HID CPO AMEIXA V7 400ml;9,000;392,30;43,59;208,89;0,00;0,00;183,41;46,75;87,80;4,23;30,47;A;;
15/09/2026;024669 - 24669 ACQUA DISTRIBUIDORA DE PERFUMES E;07891033898169;THE BLEND EDP BOURBON V2 100ml;1,000;328,23;328,23;158,01;0,00;0,00;170,22;51,86;107,73;3,93;34,40;A;;
15/09/2026;024669 - 24669 ACQUA DISTRIBUIDORA DE PERFUMES E;07891033741038;GLAMOUR DES COL SEC BL 75ml V4;4,000;452,25;113,06;285,76;0,00;0,00;166,49;36,81;58,26;3,84;38,25;A;;
15/09/2026;024669 - 24669 ACQUA DISTRIBUIDORA DE PERFUMES E;07891033842148;EGEO DES COL SPCY VIBE C/CAR 90ml;5,000;411,32;82,26;254,60;0,00;0,00;156,72;38,10;61,56;3,62;41,87;A;;
15/09/2026;024669 - 24669 ACQUA DISTRIBUIDORA DE PERFUMES E;07891033482801;NSPA DES COL BDY SPLSH AMEI/NEG 200ml V2;5,000;320,95;64,19;165,55;0,00;0,00;155,40;48,42;93,87;3,59;45,45;A;;
15/09/2026;024669 - 24669 ACQUA DISTRIBUIDORA DE PERFUMES E;07891033839711;LILY DES COL LEAU DE 75ml;1,000;191,39;191,39;43,84;0,00;0,00;147,55;77,09;336,56;3,41;48,86;A;;
15/09/2026;024669 - 24669 ACQUA DISTRIBUIDORA DE PERFUMES E;07891033771295;BOTIK SRM FAC ALT/POT PRENC AC/HIAL 30ml;1,000;180,87;180,87;34,72;0,00;0,00;146,15;80,80;420,94;3,37;52,24;A;;
15/09/2026;024669 - 24669 ACQUA DISTRIBUIDORA DE PERFUMES E;07891033496808;LILY DES COL LEAU DE LILY SOLEIL 75ml;1,000;168,44;168,44;44,71;0,00;0,00;123,73;73,46;276,74;2,86;55,09;A;;
15/09/2026;024669 - 24669 ACQUA DISTRIBUIDORA DE PERFUMES E;07891033481415;ACCORDES DES COL 80ml V5;1,000;155,57;155,57;43,49;0,00;0,00;112,08;72,04;257,71;2,59;57,68;A;;
15/09/2026;024669 - 24669 ACQUA DISTRIBUIDORA DE PERFUMES E;07891033506774;CLASH DES COL 100ml;1,000;144,90;144,90;37,77;0,00;0,00;107,13;73,93;283,64;2,47;60,15;A;;
15/09/2026;024669 - 24669 ACQUA DISTRIBUIDORA DE PERFUMES E;07891033817566;LINDA DES COL IRRESISTIVEL 100ml;1,000;141,51;141,51;36,36;0,00;0,00;105,15;74,31;289,19;2,43;62,58;A;;
15/09/2026;024669 - 24669 ACQUA DISTRIBUIDORA DE PERFUMES E;07891033842285;GLAMOUR DES BDY SPR 100ml V6 PCK;7,000;230,89;32,98;131,95;0,00;0,00;98,94;42,85;74,98;2,28;64,87;A;;
15/09/2026;024669 - 24669 ACQUA DISTRIBUIDORA DE PERFUMES E;07891033512621;QUASAR DES COL FIRE V2 100ml;4,000;349,85;87,46;256,72;0,00;0,00;93,13;26,62;36,28;2,15;67,02;A;;
15/09/2026;024669 - 24669 ACQUA DISTRIBUIDORA DE PERFUMES E;07891033589302;ESTJ MA CHERIE 24;1,000;156,90;156,90;71,54;0,00;0,00;85,36;54,40;119,32;1,97;68,99;A;;
15/09/2026;024669 - 24669 ACQUA DISTRIBUIDORA DE PERFUMES E;07891033476008;BOTI SUN PR FAC ANTIS ACQ FLD FPS30 40ml;3,000;159,47;53,16;76,89;0,00;0,00;82,58;51,78;107,40;1,91;70,89;A;;
15/09/2026;024669 - 24669 ACQUA DISTRIBUIDORA DE PERFUMES E;07891033893096;ESTJ EGEO DOLCE MAES/26;1,000;183,00;183,00;100,67;0,00;0,00;82,33;44,99;81,78;1,90;72,80;A;;
15/09/2026;024669 - 24669 ACQUA DISTRIBUIDORA DE PERFUMES E;07891033594665;LIZ DES COL FLORA 100ml;2,000;201,61;100,80;119,48;0,00;0,00;82,13;40,74;68,74;1,90;74,69;A;;
15/09/2026;024669 - 24669 ACQUA DISTRIBUIDORA DE PERFUMES E;07891033706686;SOPHIE COL HELLO 100ml;1,000;102,76;102,76;22,98;0,00;0,00;79,78;77,64;347,17;1,84;76,53;A;;
15/09/2026;024669 - 24669 ACQUA DISTRIBUIDORA DE PERFUMES E;07891033511235;CBEM DES COL BDY SPLSH BOA NOIT V2 200ml;1,000;94,90;94,90;18,26;0,00;0,00;76,64;80,76;419,72;1,77;78,30;A;;
15/09/2026;024669 - 24669 ACQUA DISTRIBUIDORA DE PERFUMES E;07891033520527;CELEBRE DES COL MASC AGORA 100ml;3,000;135,21;45,07;59,91;0,00;0,00;75,30;55,69;125,69;1,74;80,04;B;;
15/09/2026;024669 - 24669 ACQUA DISTRIBUIDORA DE PERFUMES E;07891033882014;REF LILY CR ACET DES HID CPO V3 250g;1,000;88,19;88,19;13,91;0,00;0,00;74,28;84,23;534,00;1,72;81,76;B;;
15/09/2026;024669 - 24669 ACQUA DISTRIBUIDORA DE PERFUMES E;07891033826889;EGEO DES COL DOLCE C/CAR 90ml;1,000;102,51;102,51;31,11;0,00;0,00;71,40;69,65;229,51;1,65;83,41;B;;
15/09/2026;024669 - 24669 ACQUA DISTRIBUIDORA DE PERFUMES E;07891033483105;FLORATTA DES COL BLUE V2 75ml;1,000;98,86;98,86;28,42;0,00;0,00;70,44;71,25;247,85;1,63;85,03;B;;
15/09/2026;024669 - 24669 ACQUA DISTRIBUIDORA DE PERFUMES E;07891033836840;DR BOTICA COL POC/AVENTURA 120ml;1,000;89,01;89,01;19,21;0,00;0,00;69,80;78,42;363,35;1,61;86,64;B;;
15/09/2026;024669 - 24669 ACQUA DISTRIBUIDORA DE PERFUMES E;07891033740437;LINDA DES COL V4 100ml;2,000;178,53;89,26;111,38;0,00;0,00;67,15;37,61;60,29;1,55;88,19;B;;
15/09/2026;024669 - 24669 ACQUA DISTRIBUIDORA DE PERFUMES E;07891033830602;CELEBRE DES COL FLOR FRUT FORC 100ml;3,000;137,34;45,78;72,18;0,00;0,00;65,16;47,44;90,27;1,50;89,70;B;;
15/09/2026;024669 - 24669 ACQUA DISTRIBUIDORA DE PERFUMES E;07891033511662;CBEM SAB BARRA ROSA/ALGODAO V8 2x80g;6,000;107,16;17,86;43,26;0,00;0,00;63,90;59,63;147,71;1,48;91,17;B;;
15/09/2026;024669 - 24669 ACQUA DISTRIBUIDORA DE PERFUMES E;07891033511471;CBEM DES COL BDY SPLSH NUVEM V3 200ml;1,000;69,05;69,05;18,66;0,00;0,00;50,39;72,98;270,04;1,16;92,34;B;;
15/09/2026;024669 - 24669 ACQUA DISTRIBUIDORA DE PERFUMES E;07891033744381;ARBO DES COL 100ml V4;1,000;120,91;120,91;71,73;0,00;0,00;49,18;40,67;68,56;1,14;93,47;B;;
15/09/2026;024669 - 24669 ACQUA DISTRIBUIDORA DE PERFUMES E;07891033044825;BOTIK LOC HID ANTIOL ACI POL FAC 110ml;1,000;63,47;63,47;19,44;0,00;0,00;44,03;69,37;226,49;1,02;94,49;B;;
15/09/2026;024669 - 24669 ACQUA DISTRIBUIDORA DE PERFUMES E;07891033587339;BOTICA 214 EDP SEV/DOR FLOR/FRUT 75ml;2,000;232,96;116,48;190,12;0,00;0,00;42,84;18,39;22,53;0,99;95,48;C;;
15/09/2026;024669 - 24669 ACQUA DISTRIBUIDORA DE PERFUMES E;07891033856473;BOTICA 214 EDP ARAB/OAS FL/FRUT PRM 10ml;1,000;44,05;44,05;7,71;0,00;0,00;36,34;82,50;471,34;0,84;96,32;C;;
15/09/2026;024669 - 24669 ACQUA DISTRIBUIDORA DE PERFUMES E;07891033520442;CELEBRE DES COL FEM AGORA 100ml;4,000;175,29;43,82;140,16;0,00;0,00;35,13;20,04;25,06;0,81;97,13;C;;
15/09/2026;024669 - 24669 ACQUA DISTRIBUIDORA DE PERFUMES E;07891033595167;REF NSPA LOC DES HID CPO AMEI/NEG 350ml;4,000;138,83;34,71;108,32;0,00;0,00;30,51;21,98;28,17;0,70;97,83;C;;
15/09/2026;024669 - 24669 ACQUA DISTRIBUIDORA DE PERFUMES E;07891033880164;MAKE B BAT LIQ MAT AC/POL BRW/WIN V2 5ml;1,000;56,20;56,20;29,10;0,00;0,00;27,10;48,22;93,13;0,63;98,46;C;;
15/09/2026;024669 - 24669 ACQUA DISTRIBUIDORA DE PERFUMES E;07891033557660;BOTI BABY SAB LIQ GLICERINA 50ml PRM;3,000;31,82;10,61;8,28;0,00;0,00;23,54;73,98;284,30;0,54;99,00;C;;
15/09/2026;024669 - 24669 ACQUA DISTRIBUIDORA DE PERFUMES E;07891033874910;BOTIK GEL LIMP F MCL AC MAND/SAL V2 150g;2,000;44,06;22,03;29,80;0,00;0,00;14,26;32,36;47,85;0,33;99,33;C;;
15/09/2026;024669 - 24669 ACQUA DISTRIBUIDORA DE PERFUMES E;07891033958030;NSPA SAB BARRA CP AMEIX/INT 90g;2,000;22,91;11,45;9,88;0,00;0,00;13,03;56,87;131,88;0,30;99,63;C;;
15/09/2026;024669 - 24669 ACQUA DISTRIBUIDORA DE PERFUMES E;07891033586097;CASA 214 VELA PERF VANILLA SBLM 170g;1,000;74,95;74,95;59,19;0,00;2,74;13,02;17,38;26,63;0,30;99,93;C;;
15/09/2026;024669 - 24669 ACQUA DISTRIBUIDORA DE PERFUMES E;07891033883653;NSPA SAB BARRA AMEIXA V5 3x90g;2,000;39,18;19,59;29,08;0,00;0,00;10,10;25,78;34,73;0,23;100,17;C;;
15/09/2026;024669 - 24669 ACQUA DISTRIBUIDORA DE PERFUMES E;07891033884681;NSPA SAB BARRA AMEIXA V7 90g;1,000;13,59;13,59;5,97;0,00;0,00;7,62;56,07;127,64;0,18;100,34;C;;
15/09/2026;024669 - 24669 ACQUA DISTRIBUIDORA DE PERFUMES E;07891033553747;ARBO DES COL ATLANTICA PRM 10ML;2,000;14,61;7,30;12,82;0,00;0,00;1,79;12,25;13,96;0,04;100,38;C;;
15/09/2026;024669 - 24669 ACQUA DISTRIBUIDORA DE PERFUMES E;07891033946167;CELEBRE DES COL MASC AGORA V2 100ml;6,000;258,63;43,10;275,28;0,00;0,00;-16,65;-6,44;-6,05;-0,38;100,00;C;;
15/09/2026;024670 - ACQUA DISTRIBUIDORA DE PERFUMES E COSMETICOS LTDA;07891033595556;HER CODE EDP TOUCH 50ml;20,000;2495,62;124,78;1104,00;0,00;0,00;1391,62;55,76;126,05;17,29;17,29;A;;
15/09/2026;024670 - ACQUA DISTRIBUIDORA DE PERFUMES E COSMETICOS LTDA;07891033741038;GLAMOUR DES COL SEC BL 75ml V4;7,000;830,03;118,58;380,24;0,00;0,00;449,79;54,19;118,29;5,59;22,88;A;;
15/09/2026;024670 - ACQUA DISTRIBUIDORA DE PERFUMES E COSMETICOS LTDA;07891033817566;LINDA DES COL IRRESISTIVEL 100ml;5,000;629,77;125,95;181,80;0,00;0,00;447,97;71,13;246,41;5,57;28,44;A;;
15/09/2026;024670 - ACQUA DISTRIBUIDORA DE PERFUMES E COSMETICOS LTDA;07891033880775;NSPA LOC DES HID CPO AMEIXA V7 400ml;20,000;861,94;43,10;464,20;0,00;0,00;397,74;46,14;85,68;4,94;33,39;A;;
15/09/2026;024670 - ACQUA DISTRIBUIDORA DE PERFUMES E COSMETICOS LTDA;07891033878987;BOTICOLL CONNEXION DES COL V3 100ml;9,000;633,74;70,42;261,27;0,00;0,00;372,47;58,77;142,56;4,63;38,01;A;;
15/09/2026;024670 - ACQUA DISTRIBUIDORA DE PERFUMES E COSMETICOS LTDA;07891033839711;LILY DES COL LEAU DE 75ml;3,000;499,27;166,42;131,52;0,00;0,00;367,75;73,66;279,62;4,57;42,58;A;;
15/09/2026;024670 - ACQUA DISTRIBUIDORA DE PERFUMES E COSMETICOS LTDA;07891033740437;LINDA DES COL V4 100ml;4,000;499,68;124,92;173,72;0,00;0,00;325,96;65,23;187,64;4,05;46,63;A;;
15/09/2026;024670 - ACQUA DISTRIBUIDORA DE PERFUMES E COSMETICOS LTDA;07891033535187;ELYSEE EDP V2 50ml;2,000;404,91;202,45;120,96;0,00;0,00;283,95;70,13;234,75;3,53;50,16;A;;
15/09/2026;024670 - ACQUA DISTRIBUIDORA DE PERFUMES E COSMETICOS LTDA;07891033842148;EGEO DES COL SPCY VIBE C/CAR 90ml;11,000;821,21;74,66;560,12;0,00;0,00;261,09;31,79;46,61;3,24;53,41;A;;
15/09/2026;024670 - ACQUA DISTRIBUIDORA DE PERFUMES E COSMETICOS LTDA;07891033468980;ZAAD EDP EXPEDITION 95ml;1,000;334,40;334,40;75,64;0,00;0,00;258,76;77,38;342,09;3,21;56,62;A;;
15/09/2026;024670 - ACQUA DISTRIBUIDORA DE PERFUMES E COSMETICOS LTDA;07891033482801;NSPA DES COL BDY SPLSH AMEI/NEG 200ml V2;5,000;326,70;65,34;99,30;0,00;0,00;227,40;69,61;229,00;2,83;59,45;A;;
15/09/2026;024670 - ACQUA DISTRIBUIDORA DE PERFUMES E COSMETICOS LTDA;07891033479498;THE BLEND EDP 100ml V2;1,000;299,74;299,74;98,91;0,00;0,00;200,83;67,00;203,04;2,50;61,94;A;;
15/09/2026;024670 - ACQUA DISTRIBUIDORA DE PERFUMES E COSMETICOS LTDA;07891033767007;LIZ DES COL 100ml;2,000;297,97;148,98;127,06;0,00;0,00;170,91;57,36;134,51;2,12;64,06;A;;
15/09/2026;024670 - ACQUA DISTRIBUIDORA DE PERFUMES E COSMETICOS LTDA;07891033587292;BOTICA 214 EDP SEV/DOR FOUG/AROM 90ml;4,000;550,78;137,69;388,20;0,00;0,00;162,58;29,52;41,88;2,02;66,08;A;;
15/09/2026;024670 - ACQUA DISTRIBUIDORA DE PERFUMES E COSMETICOS LTDA;07891033520527;CELEBRE DES COL MASC AGORA 100ml;6,000;277,33;46,22;119,82;0,00;0,00;157,51;56,80;131,46;1,96;68,04;A;;
15/09/2026;024670 - ACQUA DISTRIBUIDORA DE PERFUMES E COSMETICOS LTDA;07891033520442;CELEBRE DES COL FEM AGORA 100ml;7,000;315,89;45,13;174,58;0,00;0,00;141,31;44,73;80,94;1,76;69,80;A;;
15/09/2026;024670 - ACQUA DISTRIBUIDORA DE PERFUMES E COSMETICOS LTDA;07891033595167;REF NSPA LOC DES HID CPO AMEI/NEG 350ml;6,000;208,26;34,71;73,02;0,00;0,00;135,24;64,94;185,21;1,68;71,48;A;;
15/09/2026;024670 - ACQUA DISTRIBUIDORA DE PERFUMES E COSMETICOS LTDA;07891033479054;BOTICOLL ACQUA FRESCA DES COL 100ml V2;3,000;203,04;67,68;72,69;0,00;0,00;130,35;64,20;179,32;1,62;73,10;A;;
15/09/2026;024670 - ACQUA DISTRIBUIDORA DE PERFUMES E COSMETICOS LTDA;07891033869909;LIZ DES COL AURA 100ml;1,000;157,41;157,41;33,29;0,00;0,00;124,12;78,85;372,84;1,54;74,64;A;;
15/09/2026;024670 - ACQUA DISTRIBUIDORA DE PERFUMES E COSMETICOS LTDA;07891033553570;MALBEC EDP 90ml;1,000;230,00;230,00;115,35;0,00;0,00;114,65;49,85;99,39;1,42;76,06;A;;
15/09/2026;024670 - ACQUA DISTRIBUIDORA DE PERFUMES E COSMETICOS LTDA;07891033500222;HER CODE EDP 50ml;1,000;170,26;170,26;57,75;0,00;0,00;112,51;66,08;194,82;1,40;77,46;A;;
15/09/2026;024670 - ACQUA DISTRIBUIDORA DE PERFUMES E COSMETICOS LTDA;07891033277070;BOTICOLL CONNEXION DES COL 100ml V2;3,000;206,88;68,96;95,91;0,00;0,00;110,97;53,64;115,70;1,38;78,84;A;;
15/09/2026;024670 - ACQUA DISTRIBUIDORA DE PERFUMES E COSMETICOS LTDA;07891033967247;BOTIK SRM FAC PREENCH/RUG 30ml;2,000;173,00;86,50;69,16;0,00;0,00;103,84;60,02;150,14;1,29;80,13;B;;
15/09/2026;024670 - ACQUA DISTRIBUIDORA DE PERFUMES E COSMETICOS LTDA;07891033902002;ESTJ HER CODE SPLASH MAES/26;1,000;138,72;138,72;40,99;0,00;0,00;97,73;70,45;238,42;1,21;81,34;B;;
15/09/2026;024670 - ACQUA DISTRIBUIDORA DE PERFUMES E COSMETICOS LTDA;07891033490257;FLORATTA DES BDY SPR ROSE 100ml V8;3,000;121,56;40,52;26,13;0,00;0,00;95,43;78,50;365,21;1,19;82,53;B;;
15/09/2026;024670 - ACQUA DISTRIBUIDORA DE PERFUMES E COSMETICOS LTDA;07891033577583;BOT SUN PR FAC C/C FPS70 A/F COR 03 40ml;4,000;154,90;38,72;62,36;0,00;0,00;92,54;59,74;148,40;1,15;83,68;B;;
15/09/2026;024670 - ACQUA DISTRIBUIDORA DE PERFUMES E COSMETICOS LTDA;07891033903214;ZAAD EDP MONDO V5 95ml;1,000;220,74;220,74;137,22;0,00;0,00;83,52;37,84;60,87;1,04;84,72;B;;
15/09/2026;024670 - ACQUA DISTRIBUIDORA DE PERFUMES E COSMETICOS LTDA;07891033857968;ELYSEE CREM DES HID CPO ACET V2 250g;1,000;117,68;117,68;35,46;0,00;0,00;82,22;69,87;231,87;1,02;85,74;B;;
15/09/2026;024670 - ACQUA DISTRIBUIDORA DE PERFUMES E COSMETICOS LTDA;07891033303632;EGEO DES COL CHERRY BLAST 90ml;2,000;130,75;65,37;50,18;0,00;0,00;80,57;61,62;160,56;1,00;86,74;B;;
15/09/2026;024670 - ACQUA DISTRIBUIDORA DE PERFUMES E COSMETICOS LTDA;07891033587339;BOTICA 214 EDP SEV/DOR FLOR/FRUT 75ml;1,000;118,69;118,69;45,22;0,00;0,00;73,47;61,90;162,47;0,91;87,65;B;;
15/09/2026;024670 - ACQUA DISTRIBUIDORA DE PERFUMES E COSMETICOS LTDA;07891033841820;LILY DES COL BDY SPLSH 200ml;1,000;91,97;91,97;21,18;0,00;0,00;70,79;76,97;334,23;0,88;88,53;B;;
15/09/2026;024670 - ACQUA DISTRIBUIDORA DE PERFUMES E COSMETICOS LTDA;07891033826865;EGEO DES COL BLUE C/CAR 90ml;1,000;98,50;98,50;31,04;0,00;0,00;67,46;68,49;217,33;0,84;89,37;B;;
15/09/2026;024670 - ACQUA DISTRIBUIDORA DE PERFUMES E COSMETICOS LTDA;07891033957958;NSPA CR PERF DES HID CPO AMEIX/INT 400ml;1,000;76,90;76,90;16,95;0,00;0,00;59,95;77,96;353,69;0,74;90,12;B;;
15/09/2026;024670 - ACQUA DISTRIBUIDORA DE PERFUMES E COSMETICOS LTDA;07891033882090;ESTJ NSPA AMEIXA REG/25;1,000;103,64;103,64;44,19;0,00;0,00;59,45;57,36;134,53;0,74;90,85;B;;
15/09/2026;024670 - ACQUA DISTRIBUIDORA DE PERFUMES E COSMETICOS LTDA;07891033511655;CBEM SAB BARRA ROSA/ALGODAO 4x80g;4,000;111,03;27,76;55,12;0,00;0,00;55,91;50,36;101,43;0,69;91,55;B;;
15/09/2026;024670 - ACQUA DISTRIBUIDORA DE PERFUMES E COSMETICOS LTDA;07891033909810;NSPA DES COL BDY SPLSH AMEIX/INT 200ml;1,000;73,30;73,30;20,36;0,00;0,00;52,94;72,22;260,02;0,66;92,21;B;;
15/09/2026;024670 - ACQUA DISTRIBUIDORA DE PERFUMES E COSMETICOS LTDA;07891033850549;EGEO DES COL DOLCE ILLUSION 90ml;1,000;78,42;78,42;28,51;0,00;0,00;49,91;63,64;175,06;0,62;92,83;B;;
15/09/2026;024670 - ACQUA DISTRIBUIDORA DE PERFUMES E COSMETICOS LTDA;07891033507047;MAKE B BLUSH PO C/A POLIG BERRY 55g;1,000;72,73;72,73;23,72;0,00;0,00;49,01;67,39;206,62;0,61;93,44;B;;
15/09/2026;024670 - ACQUA DISTRIBUIDORA DE PERFUMES E COSMETICOS LTDA;07891033856718;CBEM LOC DES HID CPO CER/FAS 400ml;2,000;101,76;50,88;54,24;0,00;0,00;47,52;46,70;87,61;0,59;94,03;B;;
15/09/2026;024670 - ACQUA DISTRIBUIDORA DE PERFUMES E COSMETICOS LTDA;07891033854837;FLORATTA DES BDY SPRAY RED V2 100ml;1,000;52,90;52,90;8,18;0,00;0,00;44,72;84,54;546,70;0,56;94,58;B;;
15/09/2026;024670 - ACQUA DISTRIBUIDORA DE PERFUMES E COSMETICOS LTDA;07891033958016;NSPA OL GLOR DES HID CPO AMEIX/INT 200ml;1,000;66,99;66,99;22,63;0,00;0,00;44,36;66,22;196,02;0,55;95,13;C;;
15/09/2026;024670 - ACQUA DISTRIBUIDORA DE PERFUMES E COSMETICOS LTDA;07891033889136;CBEM SPR INTIMO CER/FASES 75ml;5,000;106,14;21,23;63,10;0,00;3,87;39,17;36,90;68,21;0,49;95,62;C;;
15/09/2026;024670 - ACQUA DISTRIBUIDORA DE PERFUMES E COSMETICOS LTDA;07891033844876;LINDA LOC DES HID CPO IRRESISTIVEL 200ml;1,000;46,74;46,74;8,89;0,00;0,00;37,85;80,98;425,76;0,47;96,09;C;;
15/09/2026;024670 - ACQUA DISTRIBUIDORA DE PERFUMES E COSMETICOS LTDA;07891033883615;NSPA SAB BARRA AMEIXA V3 2x90g;2,000;54,72;27,36;21,04;0,00;0,00;33,68;61,55;160,08;0,42;96,51;C;;
15/09/2026;024670 - ACQUA DISTRIBUIDORA DE PERFUMES E COSMETICOS LTDA;07891033880126;MAKE B BAT LIQ MAT AC/POL G/BERR V2 5ml;1,000;60,45;60,45;29,10;0,00;0,00;31,35;51,86;107,73;0,39;96,90;C;;
15/09/2026;024670 - ACQUA DISTRIBUIDORA DE PERFUMES E COSMETICOS LTDA;07891033497652;UOMINI DES COL V6 100ml;2,000;182,53;91,26;152,36;0,00;0,00;30,17;16,53;19,80;0,37;97,27;C;;
15/09/2026;024670 - ACQUA DISTRIBUIDORA DE PERFUMES E COSMETICOS LTDA;07891033512317;CBEM SAB BARRA CEREJA LIVRE V2 2x80g;2,000;43,80;21,90;14,78;0,00;0,00;29,02;66,26;196,35;0,36;97,63;C;;
15/09/2026;024670 - ACQUA DISTRIBUIDORA DE PERFUMES E COSMETICOS LTDA;07891033880119;MAKE B BAT LIQ MAT AC/POL EXO/ROS V2 5ml;1,000;56,55;56,55;29,10;0,00;0,00;27,45;48,54;94,33;0,34;97,97;C;;
15/09/2026;024670 - ACQUA DISTRIBUIDORA DE PERFUMES E COSMETICOS LTDA;07891033475988;BOTI SUN PR FAC ANTIOL ACQ FL FPS30 40ml;1,000;49,34;49,34;22,69;0,00;0,00;26,65;54,01;117,45;0,33;98,31;C;;
15/09/2026;024670 - ACQUA DISTRIBUIDORA DE PERFUMES E COSMETICOS LTDA;07891033830619;CELEBRE LOC DES HID CPO FORC 200ml;1,000;40,83;40,83;15,38;0,00;0,00;25,45;62,33;165,47;0,32;98,62;C;;
15/09/2026;024670 - ACQUA DISTRIBUIDORA DE PERFUMES E COSMETICOS LTDA;07891033896936;MATCH SHAMP ESC/HID 300ml;1,000;46,06;46,06;21,32;0,00;0,00;24,74;53,71;116,04;0,31;98,93;C;;
15/09/2026;024670 - ACQUA DISTRIBUIDORA DE PERFUMES E COSMETICOS LTDA;07891033883431;CAIXA LAÇO P  MAES 25 BOTI;3,000;23,67;7,89;0,00;0,00;0,00;23,67;100,00;0,00;0,29;99,22;C;;
15/09/2026;024670 - ACQUA DISTRIBUIDORA DE PERFUMES E COSMETICOS LTDA;07891033856060;INSENSATEZ DES COL V4 100ml;1,000;79,50;79,50;61,48;0,00;0,00;18,02;22,67;29,31;0,22;99,45;C;;
15/09/2026;024670 - ACQUA DISTRIBUIDORA DE PERFUMES E COSMETICOS LTDA;07891033471485;CBEM DES ANT AER CLIN ULT/PROT 90g/150ml;2,000;41,32;20,66;24,74;0,00;0,00;16,58;40,13;67,02;0,21;99,65;C;;
15/09/2026;024670 - ACQUA DISTRIBUIDORA DE PERFUMES E COSMETICOS LTDA;07891033879632;CBEM OL CPO TERMICO CER/FASES 110ml;1,000;26,01;26,01;11,36;0,00;0,00;14,65;56,32;128,96;0,18;99,83;C;;
15/09/2026;024670 - ACQUA DISTRIBUIDORA DE PERFUMES E COSMETICOS LTDA;07891033830602;CELEBRE DES COL FLOR FRUT FORC 100ml;11,000;515,95;46,90;504,90;0,00;0,00;11,05;2,14;2,19;0,14;99,97;C;;
15/09/2026;024670 - ACQUA DISTRIBUIDORA DE PERFUMES E COSMETICOS LTDA;07891033511662;CBEM SAB BARRA ROSA/ALGODAO V8 2x80g;1,000;18,21;18,21;7,21;0,00;0,00;11,00;60,41;152,57;0,14;100,11;C;;
15/09/2026;024670 - ACQUA DISTRIBUIDORA DE PERFUMES E COSMETICOS LTDA;07891033882984;ZAAD EDP INFINITY PRM 10ml;1,000;16,96;16,96;6,44;0,00;0,00;10,52;62,03;163,35;0,13;100,24;C;;
15/09/2026;024670 - ACQUA DISTRIBUIDORA DE PERFUMES E COSMETICOS LTDA;07891033957996;NSPA CR PERF DES HID CP AMX/INT PRM 50ml;2,000;0,02;0,01;4,46;0,00;0,00;-4,44;-22200,00;-99,55;-0,06;100,18;C;;
15/09/2026;024670 - ACQUA DISTRIBUIDORA DE PERFUMES E COSMETICOS LTDA;07891033883653;NSPA SAB BARRA AMEIXA V5 3x90g;1,000;0,25;0,25;15,08;0,00;0,00;-14,83;-5932,00;-98,34;-0,18;100,00;C;;
15/09/2026;024671 - 24671 ACQUA DISTRIBUIDORA DE PERFUMES E;07891033595556;HER CODE EDP TOUCH 50ml;20,000;2391,55;119,58;1405,40;0,00;0,00;986,15;41,23;70,17;11,34;11,34;A;;
15/09/2026;024671 - 24671 ACQUA DISTRIBUIDORA DE PERFUMES E;07891033587339;BOTICA 214 EDP SEV/DOR FLOR/FRUT 75ml;9,000;1050,34;116,70;406,98;0,00;0,00;643,36;61,25;158,08;7,40;18,74;A;;
15/09/2026;024671 - 24671 ACQUA DISTRIBUIDORA DE PERFUMES E;07891033482801;NSPA DES COL BDY SPLSH AMEI/NEG 200ml V2;13,000;806,95;62,07;258,18;0,00;0,00;548,77;68,01;212,55;6,31;25,05;A;;
15/09/2026;024671 - 24671 ACQUA DISTRIBUIDORA DE PERFUMES E;07891033595167;REF NSPA LOC DES HID CPO AMEI/NEG 350ml;24,000;816,47;34,02;292,08;0,00;0,00;524,39;64,23;179,54;6,03;31,08;A;;
15/09/2026;024671 - 24671 ACQUA DISTRIBUIDORA DE PERFUMES E;07891033535187;ELYSEE EDP V2 50ml;3,000;613,02;204,34;181,44;0,00;0,00;431,58;70,40;237,86;4,96;36,05;A;;
15/09/2026;024671 - 24671 ACQUA DISTRIBUIDORA DE PERFUMES E;07891033479054;BOTICOLL ACQUA FRESCA DES COL 100ml V2;10,000;725,01;72,50;303,90;0,00;0,00;421,11;58,08;138,57;4,84;40,89;A;;
15/09/2026;024671 - 24671 ACQUA DISTRIBUIDORA DE PERFUMES E;07891033880775;NSPA LOC DES HID CPO AMEIXA V7 400ml;19,000;806,82;42,46;388,55;0,00;0,00;418,27;51,84;107,65;4,81;45,70;A;;
15/09/2026;024671 - 24671 ACQUA DISTRIBUIDORA DE PERFUMES E;07891033740437;LINDA DES COL V4 100ml;5,000;599,35;119,87;395,80;0,00;0,00;203,55;33,96;51,43;2,34;48,04;A;;
15/09/2026;024671 - 24671 ACQUA DISTRIBUIDORA DE PERFUMES E;07891033302475;EGEO DES COL PINA BLAST 90ml;3,000;242,59;80,86;74,19;0,00;0,00;168,40;69,42;226,98;1,94;49,98;A;;
15/09/2026;024671 - 24671 ACQUA DISTRIBUIDORA DE PERFUMES E;07891033878987;BOTICOLL CONNEXION DES COL V3 100ml;4,000;284,19;71,05;116,12;0,00;0,00;168,07;59,14;144,74;1,93;51,91;A;;
15/09/2026;024671 - 24671 ACQUA DISTRIBUIDORA DE PERFUMES E;07891033842148;EGEO DES COL SPCY VIBE C/CAR 90ml;8,000;638,77;79,85;489,84;0,00;0,00;148,93;23,32;30,40;1,71;53,63;A;;
15/09/2026;024671 - 24671 ACQUA DISTRIBUIDORA DE PERFUMES E;07891033483105;FLORATTA DES COL BLUE V2 75ml;2,000;189,01;94,50;56,86;0,00;0,00;132,15;69,92;232,41;1,52;55,15;A;;
15/09/2026;024671 - 24671 ACQUA DISTRIBUIDORA DE PERFUMES E;07891033963997;HER CODE CR AVELD DES HID CP TOUCH 200g;2,000;192,82;96,41;63,90;0,00;0,00;128,92;66,86;201,75;1,48;56,63;A;;
15/09/2026;024671 - 24671 ACQUA DISTRIBUIDORA DE PERFUMES E;07891033587292;BOTICA 214 EDP SEV/DOR FOUG/AROM 90ml;6,000;698,46;116,41;582,36;0,00;0,00;116,10;16,62;19,94;1,34;57,96;A;;
15/09/2026;024671 - 24671 ACQUA DISTRIBUIDORA DE PERFUMES E;07891033222490;FREE DES COL BOTICOLL 100ml V4;1,000;174,90;174,90;59,44;0,00;0,00;115,46;66,01;194,25;1,33;59,29;A;;
15/09/2026;024671 - 24671 ACQUA DISTRIBUIDORA DE PERFUMES E;07891033514489;FLORATTA DES COL GOLD 75ml V2;1,000;145,72;145,72;30,27;0,00;0,00;115,45;79,23;381,40;1,33;60,62;A;;
15/09/2026;024671 - 24671 ACQUA DISTRIBUIDORA DE PERFUMES E;07891033512621;QUASAR DES COL FIRE V2 100ml;4,000;368,99;92,25;256,44;0,00;0,00;112,55;30,50;43,89;1,29;61,91;A;;
15/09/2026;024671 - 24671 ACQUA DISTRIBUIDORA DE PERFUMES E;07891033536283;BOTIK GEL LIMP FAC VITAM C PRM 50g;12,000;111,76;9,31;0,00;0,00;0,00;111,76;100,00;0,00;1,29;63,20;A;;
15/09/2026;024671 - 24671 ACQUA DISTRIBUIDORA DE PERFUMES E;07891033492459;COFFEE D/COL DUO MAN FOUG/AMB V2 100ml;1,000;145,57;145,57;42,13;0,00;0,00;103,44;71,06;245,53;1,19;64,39;A;;
15/09/2026;024671 - 24671 ACQUA DISTRIBUIDORA DE PERFUMES E;07891033744381;ARBO DES COL 100ml V4;2,000;252,33;126,16;150,84;0,00;0,00;101,49;40,22;67,28;1,17;65,56;A;;
15/09/2026;024671 - 24671 ACQUA DISTRIBUIDORA DE PERFUMES E;07891033826858;EGEO DES COL BOMB BLACK C/CAR 90ml;1,000;129,90;129,90;28,81;0,00;0,00;101,09;77,82;350,89;1,16;66,72;A;;
15/09/2026;024671 - 24671 ACQUA DISTRIBUIDORA DE PERFUMES E;07891033958016;NSPA OL GLOR DES HID CPO AMEIX/INT 200ml;2,000;139,89;69,94;45,26;0,00;0,00;94,63;67,65;209,08;1,09;67,81;A;;
15/09/2026;024671 - 24671 ACQUA DISTRIBUIDORA DE PERFUMES E;07891033843879;MALBEC DES COL V6 100ml;1,000;174,90;174,90;82,64;0,00;0,00;92,26;52,75;111,64;1,06;68,87;A;;
15/09/2026;024671 - 24671 ACQUA DISTRIBUIDORA DE PERFUMES E;07891033757558;MAKE B BAS PO MINERAL 30 55G;1,000;115,38;115,38;25,28;0,00;0,00;90,10;78,09;356,41;1,04;69,90;A;;
15/09/2026;024671 - 24671 ACQUA DISTRIBUIDORA DE PERFUMES E;07891033506774;CLASH DES COL 100ml;1,000;120,07;120,07;37,77;0,00;0,00;82,30;68,54;217,90;0,95;70,85;A;;
15/09/2026;024671 - 24671 ACQUA DISTRIBUIDORA DE PERFUMES E;07891033520527;CELEBRE DES COL MASC AGORA 100ml;3,000;137,30;45,77;55,08;0,00;0,00;82,22;59,88;149,27;0,95;71,80;A;;
15/09/2026;024671 - 24671 ACQUA DISTRIBUIDORA DE PERFUMES E;07891033482962;FLORATTA DES COL ROSE BOUQUET 75ml;1,000;112,26;112,26;33,15;0,00;0,00;79,11;70,47;238,64;0,91;72,71;A;;
15/09/2026;024671 - 24671 ACQUA DISTRIBUIDORA DE PERFUMES E;07891033507566;MAKE B MASC CILIO POSTICOS PRETA 10g V3;1,000;99,90;99,90;21,53;0,00;0,00;78,37;78,45;364,00;0,90;73,61;A;;
15/09/2026;024671 - 24671 ACQUA DISTRIBUIDORA DE PERFUMES E;07891033585267;QUASAR DES COL DEEP BLUE 100ml;1,000;141,28;141,28;67,08;0,00;0,00;74,20;52,52;110,61;0,85;74,46;A;;
15/09/2026;024671 - 24671 ACQUA DISTRIBUIDORA DE PERFUMES E;07891033841820;LILY DES COL BDY SPLSH 200ml;1,000;92,52;92,52;21,18;0,00;0,00;71,34;77,11;336,83;0,82;75,28;A;;
15/09/2026;024671 - 24671 ACQUA DISTRIBUIDORA DE PERFUMES E;07891033483754;ELYSEE CR DES HID ACET CPO BLANC 250g V2;1,000;107,28;107,28;36,95;0,00;0,00;70,33;65,56;190,34;0,81;76,09;A;;
15/09/2026;024671 - 24671 ACQUA DISTRIBUIDORA DE PERFUMES E;07891033859368;HER CODE OL MASS CPO TOUCH 150ml;2,000;154,23;77,11;84,68;0,00;0,00;69,55;45,09;82,13;0,80;76,89;A;;
15/09/2026;024671 - 24671 ACQUA DISTRIBUIDORA DE PERFUMES E;07891033548873;ESTJ BOTI BABY CASCA V2;1,000;102,19;102,19;36,09;0,00;0,00;66,10;64,68;183,15;0,76;77,65;A;;
15/09/2026;024671 - 24671 ACQUA DISTRIBUIDORA DE PERFUMES E;07891033527984;MAKE B BB SEN MULTI 220 260 25g;1,000;83,73;83,73;19,24;0,00;0,00;64,49;77,02;335,19;0,74;78,39;A;;
15/09/2026;024671 - 24671 ACQUA DISTRIBUIDORA DE PERFUMES E;07891033830602;CELEBRE DES COL FLOR FRUT FORC 100ml;9,000;426,20;47,36;362,88;0,00;0,00;63,32;14,86;17,45;0,73;79,12;A;;
15/09/2026;024671 - 24671 ACQUA DISTRIBUIDORA DE PERFUMES E;07891033277070;BOTICOLL CONNEXION DES COL 100ml V2;2,000;126,35;63,17;63,88;0,00;0,00;62,47;49,44;97,79;0,72;79,84;A;;
15/09/2026;024671 - 24671 ACQUA DISTRIBUIDORA DE PERFUMES E;07891033740963;GLAMOUR DES COL 75ml V6;1,000;98,43;98,43;36,13;0,00;0,00;62,30;63,29;172,43;0,72;80,56;B;;
15/09/2026;024671 - 24671 ACQUA DISTRIBUIDORA DE PERFUMES E;07891033481811;LILY OL PERF DES CPO 150ml V11;1,000;80,43;80,43;19,51;0,00;0,00;60,92;75,74;312,25;0,70;81,26;B;;
15/09/2026;024671 - 24671 ACQUA DISTRIBUIDORA DE PERFUMES E;07891033954056;PMPCK LILY DES B/SPR LEAU/LILY BLANC;1,000;79,35;79,35;18,76;0,00;0,00;60,59;76,36;322,97;0,70;81,95;B;;
15/09/2026;024671 - 24671 ACQUA DISTRIBUIDORA DE PERFUMES E;07891033903818;PMPCK MALBEC DES BODY SPRAY;1,000;77,37;77,37;19,13;0,00;0,00;58,24;75,27;304,44;0,67;82,62;B;;
15/09/2026;024671 - 24671 ACQUA DISTRIBUIDORA DE PERFUMES E;07891033521722;DR BOTICA LOC HID CPO POC/NUVENS 400ml;1,000;70,25;70,25;16,18;0,00;0,00;54,07;76,97;334,18;0,62;83,25;B;;
15/09/2026;024671 - 24671 ACQUA DISTRIBUIDORA DE PERFUMES E;07891033894468;LILY CR AC DES HID CP LEAU/LILY SOL 200g;1,000;99,91;99,91;45,89;0,00;0,00;54,02;54,07;117,72;0,62;83,87;B;;
15/09/2026;024671 - 24671 ACQUA DISTRIBUIDORA DE PERFUMES E;07891033303632;EGEO DES COL CHERRY BLAST 90ml;1,000;79,20;79,20;25,22;0,00;0,00;53,98;68,16;214,04;0,62;84,49;B;;
15/09/2026;024671 - 24671 ACQUA DISTRIBUIDORA DE PERFUMES E;07891033947584;REF LILY CR ACET DES HID CPO 200g;1,000;75,88;75,88;22,75;0,00;0,00;53,13;70,02;233,54;0,61;85,10;B;;
15/09/2026;024671 - 24671 ACQUA DISTRIBUIDORA DE PERFUMES E;07891033512614;QUASAR DES B/SPR BLUE RPCK 100ml;2,000;71,93;35,96;19,36;0,00;0,00;52,57;73,08;271,54;0,60;85,70;B;;
15/09/2026;024671 - 24671 ACQUA DISTRIBUIDORA DE PERFUMES E;07891033857975;REF ELYSEE CR DES HID ACET CPO V2 200g;1,000;60,49;60,49;8,94;0,00;0,00;51,55;85,22;576,62;0,59;86,30;B;;
15/09/2026;024671 - 24671 ACQUA DISTRIBUIDORA DE PERFUMES E;07891033521647;DR BOTICA CR PENT POC/TR/NO CRESP 350ml;1,000;64,59;64,59;14,42;0,00;0,00;50,17;77,67;347,92;0,58;86,87;B;;
15/09/2026;024671 - 24671 ACQUA DISTRIBUIDORA DE PERFUMES E;07891033487011;EGEO DES COL BEAT 90ml V2;1,000;78,96;78,96;29,67;0,00;0,00;49,29;62,42;166,13;0,57;87,44;B;;
15/09/2026;024671 - 24671 ACQUA DISTRIBUIDORA DE PERFUMES E;07891033278589;MAKE B LAP RETR P/OLH PRET PCK;1,000;55,97;55,97;10,41;0,00;0,00;45,56;81,40;437,66;0,52;87,96;B;;
15/09/2026;024671 - 24671 ACQUA DISTRIBUIDORA DE PERFUMES E;07891033741038;GLAMOUR DES COL SEC BL 75ml V4;1,000;98,67;98,67;54,32;0,00;0,00;44,35;44,95;81,65;0,51;88,47;B;;
15/09/2026;024671 - 24671 ACQUA DISTRIBUIDORA DE PERFUMES E;07891033874781;BOTIK GEL LIMP FAC VITAM C V2 200g;1,000;75,18;75,18;30,91;0,00;0,00;44,27;58,89;143,22;0,51;88,98;B;;
15/09/2026;024671 - 24671 ACQUA DISTRIBUIDORA DE PERFUMES E;07891033513956;BOTICA 214 EDP FIJI PAR FL ESPEC 90ml;1,000;135,13;135,13;92,63;0,00;0,00;42,50;31,45;45,88;0,49;89,47;B;;
15/09/2026;024671 - 24671 ACQUA DISTRIBUIDORA DE PERFUMES E;07891033766659;MEN DES COL ONLY 100ml V2;3,000;229,08;76,36;187,20;0,00;0,00;41,88;18,28;22,37;0,48;89,95;B;;
15/09/2026;024671 - 24671 ACQUA DISTRIBUIDORA DE PERFUMES E;07891033842094;GLAMOUR DES COL GOLD GLAM 75ml;1,000;107,88;107,88;66,31;0,00;0,00;41,57;38,53;62,69;0,48;90,43;B;;
15/09/2026;024671 - 24671 ACQUA DISTRIBUIDORA DE PERFUMES E;07891033482825;NSPA LOC DES HID CPO AMEI 400ml V6;4,000;176,76;44,19;135,72;0,00;0,00;41,04;23,22;30,24;0,47;90,90;B;;
15/09/2026;024671 - 24671 ACQUA DISTRIBUIDORA DE PERFUMES E;07891033554089;BOTIK CR N FIR ROST/PESC RES/SIL PRM 10g;3,000;38,87;12,96;0,00;0,00;0,00;38,87;100,00;0,00;0,45;91,35;B;;
15/09/2026;024671 - 24671 ACQUA DISTRIBUIDORA DE PERFUMES E;07891033526383;MAKE B MASC CILIO 4K PANORAMIC 10g V2;1,000;59,90;59,90;21,06;0,00;0,00;38,84;64,84;184,43;0,45;91,80;B;;
15/09/2026;024671 - 24671 ACQUA DISTRIBUIDORA DE PERFUMES E;07891033883967;CBEM DES COL BDY SPLSH CER/FASES 200ml;1,000;51,63;51,63;13,54;0,00;0,00;38,09;73,77;281,31;0,44;92,24;B;;
15/09/2026;024671 - 24671 ACQUA DISTRIBUIDORA DE PERFUMES E;07891033874910;BOTIK GEL LIMP F MCL AC MAND/SAL V2 150g;1,000;48,00;48,00;10,73;0,00;0,00;37,27;77,65;347,34;0,43;92,66;B;;
15/09/2026;024671 - 24671 ACQUA DISTRIBUIDORA DE PERFUMES E;07891033526185;MAKE B MASC CIL VOL EXTRM PRETA V2 10g;1,000;72,61;72,61;35,38;0,00;0,00;37,23;51,27;105,23;0,43;93,09;B;;
15/09/2026;024671 - 24671 ACQUA DISTRIBUIDORA DE PERFUMES E;07891033499588;NSPA LOC DES HID CPO ORQ NOIRE 400ml;4,000;172,24;43,06;135,64;0,00;0,00;36,60;21,25;26,98;0,42;93,51;B;;
15/09/2026;024671 - 24671 ACQUA DISTRIBUIDORA DE PERFUMES E;07891033946730;CBEM GEL LIMP FAC FEIR TANGERINA V2 150g;4,000;95,21;23,80;62,20;0,00;0,00;33,01;34,67;53,07;0,38;93,89;B;;
15/09/2026;024671 - 24671 ACQUA DISTRIBUIDORA DE PERFUMES E;07891033581320;CBEM D/COL BDY SPLSH DEL/CHOCOLAT 200ml;1,000;51,66;51,66;21,24;0,00;0,00;30,42;58,89;143,22;0,35;94,24;B;;
15/09/2026;024671 - 24671 ACQUA DISTRIBUIDORA DE PERFUMES E;07891033868650;BOTI SUN PROT SOL CPO GEL CR FPS70 120g;2,000;88,01;44,00;60,98;0,00;0,00;27,03;30,71;44,33;0,31;94,55;B;;
15/09/2026;024671 - 24671 ACQUA DISTRIBUIDORA DE PERFUMES E;07891033880126;MAKE B BAT LIQ MAT AC/POL G/BERR V2 5ml;1,000;55,98;55,98;29,10;0,00;0,00;26,88;48,02;92,37;0,31;94,86;B;;
15/09/2026;024671 - 24671 ACQUA DISTRIBUIDORA DE PERFUMES E;07891033892617;BOTICA 214 EDP GOLD/GARD V3 75ml;2,000;233,63;116,81;206,94;0,00;0,00;26,69;11,42;12,90;0,31;95,17;C;;
15/09/2026;024671 - 24671 ACQUA DISTRIBUIDORA DE PERFUMES E;07891033520442;CELEBRE DES COL FEM AGORA 100ml;9,000;411,04;45,67;384,66;0,00;0,00;26,38;6,42;6,86;0,30;95,47;C;;
15/09/2026;024671 - 24671 ACQUA DISTRIBUIDORA DE PERFUMES E;07891033521227;DR BOTICA SHAMP POC/ESPUM LISOS 400ml;1,000;42,14;42,14;16,36;0,00;0,00;25,78;61,18;157,58;0,30;95,77;C;;
15/09/2026;024671 - 24671 ACQUA DISTRIBUIDORA DE PERFUMES E;07891033842285;GLAMOUR DES BDY SPR 100ml V6 PCK;18,000;457,88;25,44;432,90;0,00;0,00;24,98;5,46;5,77;0,29;96,06;C;;
15/09/2026;024671 - 24671 ACQUA DISTRIBUIDORA DE PERFUMES E;07891033490257;FLORATTA DES BDY SPR ROSE 100ml V8;1,000;33,29;33,29;8,71;0,00;0,00;24,58;73,84;282,20;0,28;96,34;C;;
15/09/2026;024671 - 24671 ACQUA DISTRIBUIDORA DE PERFUMES E;07891033548033;CBEM HID FAC FEIRA BANANA 80g;3,000;72,19;24,06;48,69;0,00;0,00;23,50;32,55;48,26;0,27;96,61;C;;
15/09/2026;024671 - 24671 ACQUA DISTRIBUIDORA DE PERFUMES E;07891033879151;LILY SERUM LEAVE CAP ACET V2 100ml;1,000;51,03;51,03;28,03;0,00;0,00;23,00;45,07;82,05;0,26;96,87;C;;
15/09/2026;024671 - 24671 ACQUA DISTRIBUIDORA DE PERFUMES E;07891033512294;CBEM DES ANTIT ROLL ON R/ALG V3 55ml;1,000;28,33;28,33;5,89;0,00;0,00;22,44;79,21;380,98;0,26;97,13;C;;
15/09/2026;024671 - 24671 ACQUA DISTRIBUIDORA DE PERFUMES E;07891033827015;MATCH COND HIDRATACAO ANTIF 280ml;1,000;42,68;42,68;20,33;0,00;0,00;22,35;52,37;109,94;0,26;97,39;C;;
15/09/2026;024671 - 24671 ACQUA DISTRIBUIDORA DE PERFUMES E;07891033499571;REF NSPA LOC DES HID CPO ORQ NOIRE 350ml;1,000;34,14;34,14;12,92;0,00;0,00;21,22;62,16;164,24;0,24;97,63;C;;
15/09/2026;024671 - 24671 ACQUA DISTRIBUIDORA DE PERFUMES E;07891033520763;MATCH SHAMP CIEN/CURV 300ml;1,000;40,97;40,97;20,32;0,00;0,00;20,65;50,40;101,62;0,24;97,87;C;;
15/09/2026;024671 - 24671 ACQUA DISTRIBUIDORA DE PERFUMES E;07891033521562;INTENSE BAT LIQ TINT 16H SUPF 425 V3 5ml;1,000;41,90;41,90;23,00;0,00;0,00;18,90;45,11;82,17;0,22;98,09;C;;
15/09/2026;024671 - 24671 ACQUA DISTRIBUIDORA DE PERFUMES E;07891033536801;QUASAR DES ROLL BLUE V10 55ml;2,000;41,80;20,90;22,98;0,00;0,00;18,82;45,02;81,90;0,22;98,31;C;;
15/09/2026;024671 - 24671 ACQUA DISTRIBUIDORA DE PERFUMES E;07891033582440;LINDA CREM DES HID CPO MAES/24 75ml;1,000;28,46;28,46;10,26;0,00;0,00;18,20;63,95;177,39;0,21;98,51;C;;
15/09/2026;024671 - 24671 ACQUA DISTRIBUIDORA DE PERFUMES E;07891033958030;NSPA SAB BARRA CP AMEIX/INT 90g;2,000;27,80;13,90;9,84;0,00;0,00;17,96;64,60;182,52;0,21;98,72;C;;
15/09/2026;024671 - 24671 ACQUA DISTRIBUIDORA DE PERFUMES E;07891033521364;DR BOTICA COND POC/BRILHO LISOS 400ml;1,000;42,80;42,80;24,93;0,00;0,00;17,87;41,75;71,68;0,21;98,93;C;;
15/09/2026;024671 - 24671 ACQUA DISTRIBUIDORA DE PERFUMES E;07891033839605;ARBO DES ANTIT AER 75ml V9;1,000;28,18;28,18;11,73;0,00;0,00;16,45;58,37;140,24;0,19;99,12;C;;
15/09/2026;024671 - 24671 ACQUA DISTRIBUIDORA DE PERFUMES E;07891033486960;LILY DES ANTIT AEROSSOL 75g V9;1,000;27,48;27,48;11,27;0,00;0,00;16,21;58,99;143,83;0,19;99,30;C;;
15/09/2026;024671 - 24671 ACQUA DISTRIBUIDORA DE PERFUMES E;07891033572076;AU MIGOS PETS SHAMP 5/1 ADULTOS 400ml;1,000;41,93;41,93;26,97;0,00;0,00;14,96;35,68;55,47;0,17;99,47;C;;
15/09/2026;024671 - 24671 ACQUA DISTRIBUIDORA DE PERFUMES E;07891033896585;CBEM MANTG DES HID CPO DELEITE 200g;1,000;40,50;40,50;25,89;0,00;0,00;14,61;36,07;56,43;0,17;99,64;C;;
15/09/2026;024671 - 24671 ACQUA DISTRIBUIDORA DE PERFUMES E;07891033521500;INTENSE BAT LIQ TINT 16H SUPF 535 V2 5ml;1,000;35,84;35,84;23,00;0,00;0,00;12,84;35,83;55,83;0,15;99,79;C;;
15/09/2026;024671 - 24671 ACQUA DISTRIBUIDORA DE PERFUMES E;07891033471485;CBEM DES ANT AER CLIN ULT/PROT 90g/150ml;2,000;37,14;18,57;24,78;0,00;0,00;12,36;33,28;49,88;0,14;99,93;C;;
15/09/2026;024671 - 24671 ACQUA DISTRIBUIDORA DE PERFUMES E;07891033511648;CBEM DES ANTIT CR R/ALG V3 80g;1,000;22,75;22,75;10,70;0,00;0,00;12,05;52,97;112,62;0,14;100,07;C;;
15/09/2026;024671 - 24671 ACQUA DISTRIBUIDORA DE PERFUMES E;07891033595822;MATCH COND NUTRICAO REGEN V2 280ml;1,000;31,81;31,81;21,33;0,00;0,00;10,48;32,95;49,13;0,12;100,19;C;;
15/09/2026;024671 - 24671 ACQUA DISTRIBUIDORA DE PERFUMES E;07891033499441;REF CBEM LOC DES H CPO PESSEGUR V2 350ml;1,000;30,73;30,73;21,26;0,00;0,00;9,47;30,82;44,54;0,11;100,30;C;;
15/09/2026;024671 - 24671 ACQUA DISTRIBUIDORA DE PERFUMES E;07891033595839;MATCH SHAMP NUTR/REGEN V2 300ml;1,000;30,09;30,09;21,31;0,00;0,00;8,78;29,18;41,20;0,10;100,40;C;;
15/09/2026;024671 - 24671 ACQUA DISTRIBUIDORA DE PERFUMES E;07891033562176;CBEM SPRAY INTIMO REFRESC CER/LIV 75ml;1,000;20,67;20,67;12,10;0,00;0,75;7,82;37,81;70,83;0,09;100,49;C;;
15/09/2026;024671 - 24671 ACQUA DISTRIBUIDORA DE PERFUMES E;07891033894208;REF NSPA LOC DES H CP ORQ/NOIRE V2 350ml;1,000;33,02;33,02;27,57;0,00;0,00;5,45;16,51;19,77;0,06;100,55;C;;
15/09/2026;024671 - 24671 ACQUA DISTRIBUIDORA DE PERFUMES E;07891033548040;CBEM HID FAC FEIRA MACA VERDE 80g;1,000;22,46;22,46;18,37;0,00;0,00;4,09;18,21;22,26;0,05;100,60;C;;
15/09/2026;024671 - 24671 ACQUA DISTRIBUIDORA DE PERFUMES E;07891033889136;CBEM SPR INTIMO CER/FASES 75ml;3,000;66,20;22,07;59,85;0,00;2,42;3,93;5,94;10,61;0,05;100,65;C;;
15/09/2026;024671 - 24671 ACQUA DISTRIBUIDORA DE PERFUMES E;07891033894017;CX PRESENTE M BOTI INST/25 VDA;1,000;10,56;10,56;7,37;0,00;0,00;3,19;30,21;43,28;0,04;100,68;C;;
15/09/2026;024671 - 24671 ACQUA DISTRIBUIDORA DE PERFUMES E;07891033908226;SACOLA M BOTICARIO INST/25;6,000;0,06;0,01;9,36;0,00;0,00;-9,30;-15500,00;-99,36;-0,11;100,58;C;;
15/09/2026;024671 - 24671 ACQUA DISTRIBUIDORA DE PERFUMES E;07891033520084;NSPA LOC RAD DES HID CPO AMEI DOUR 200ml;1,000;0,01;0,01;11,19;0,00;0,00;-11,18;-111800,00;-99,91;-0,13;100,45;C;;
15/09/2026;024671 - 24671 ACQUA DISTRIBUIDORA DE PERFUMES E;07891033908219;SACOLA P BOTICARIO INST/25;13,000;0,13;0,01;17,03;0,00;0,00;-16,90;-13000,00;-99,24;-0,19;100,25;C;;
15/09/2026;024671 - 24671 ACQUA DISTRIBUIDORA DE PERFUMES E;07891033598779;BOTIK CR MULTR FAC CIC/PANT/CER PRM 10g;3,000;0,03;0,01;22,02;0,00;0,00;-21,99;-73300,00;-99,86;-0,25;100,00;C;;
16/09/2026;024617 - ACQUA DISTRIBUIDORA DE PERFUMES E COSMETICOS LTDA;07891033880195;BOTICA 214 EDP DARK MINT V3 90ml;1,000;239,90;239,90;81,07;0,00;0,00;158,83;66,21;195,92;18,98;18,98;A;;
16/09/2026;024617 - ACQUA DISTRIBUIDORA DE PERFUMES E COSMETICOS LTDA;07891033878987;BOTICOLL CONNEXION DES COL V3 100ml;5,000;356,86;71,37;247,85;0,00;0,00;109,01;30,55;43,98;13,02;32,00;A;;
16/09/2026;024617 - ACQUA DISTRIBUIDORA DE PERFUMES E COSMETICOS LTDA;07891033482801;NSPA DES COL BDY SPLSH AMEI/NEG 200ml V2;2,000;131,61;65,80;39,72;0,00;0,00;91,89;69,82;231,34;10,98;42,98;A;;
16/09/2026;024617 - ACQUA DISTRIBUIDORA DE PERFUMES E COSMETICOS LTDA;07891033550838;NEXT COLONIA 75ml;1,000;105,00;105,00;31,70;0,00;0,00;73,30;69,81;231,23;8,76;51,74;A;;
16/09/2026;024617 - ACQUA DISTRIBUIDORA DE PERFUMES E COSMETICOS LTDA;07891033520442;CELEBRE DES COL FEM AGORA 100ml;3,000;146,48;48,83;74,85;0,00;0,00;71,63;48,90;95,70;8,56;60,30;A;;
16/09/2026;024617 - ACQUA DISTRIBUIDORA DE PERFUMES E COSMETICOS LTDA;07891033222490;FREE DES COL BOTICOLL 100ml V4;1,000;89,90;89,90;25,71;0,00;0,00;64,19;71,40;249,67;7,67;67,97;A;;
16/09/2026;024617 - ACQUA DISTRIBUIDORA DE PERFUMES E COSMETICOS LTDA;07891033583638;CBEM D/COL BDY SPLSH NUV/ALEG 200ml;1,000;75,06;75,06;20,05;0,00;0,00;55,01;73,29;274,36;6,57;74,54;A;;
16/09/2026;024617 - ACQUA DISTRIBUIDORA DE PERFUMES E COSMETICOS LTDA;07891033595167;REF NSPA LOC DES HID CPO AMEI/NEG 350ml;2,000;69,90;34,95;24,34;0,00;0,00;45,56;65,18;187,18;5,44;79,98;A;;
16/09/2026;024617 - ACQUA DISTRIBUIDORA DE PERFUMES E COSMETICOS LTDA;07891033513956;BOTICA 214 EDP FIJI PAR FL ESPEC 90ml;1,000;143,90;143,90;102,77;0,00;0,00;41,13;28,58;40,02;4,91;84,90;B;;
16/09/2026;024617 - ACQUA DISTRIBUIDORA DE PERFUMES E COSMETICOS LTDA;07891033850549;EGEO DES COL DOLCE ILLUSION 90ml;1,000;98,90;98,90;61,86;0,00;0,00;37,04;37,45;59,88;4,43;89,32;B;;
16/09/2026;024617 - ACQUA DISTRIBUIDORA DE PERFUMES E COSMETICOS LTDA;07891033518050;BOTI BABY CR REPAR 30ml;1,000;34,51;34,51;11,72;0,00;0,00;22,79;66,04;194,45;2,72;92,04;B;;
16/09/2026;024617 - ACQUA DISTRIBUIDORA DE PERFUMES E COSMETICOS LTDA;07891033587339;BOTICA 214 EDP SEV/DOR FLOR/FRUT 75ml;1,000;123,38;123,38;102,14;0,00;0,00;21,24;17,22;20,79;2,54;94,58;B;;
16/09/2026;024617 - ACQUA DISTRIBUIDORA DE PERFUMES E COSMETICOS LTDA;07891033945382;NSPA SAB BARRA CORP AMEI/NEG V4 2x90g;1,000;29,90;29,90;8,92;0,00;0,00;20,98;70,17;235,20;2,51;97,09;C;;
16/09/2026;024617 - ACQUA DISTRIBUIDORA DE PERFUMES E COSMETICOS LTDA;07891033830602;CELEBRE DES COL FLOR FRUT FORC 100ml;1,000;49,95;49,95;40,32;0,00;0,00;9,63;19,28;23,88;1,15;98,24;C;;
16/09/2026;024617 - ACQUA DISTRIBUIDORA DE PERFUMES E COSMETICOS LTDA;07891033842285;GLAMOUR DES BDY SPR 100ml V6 PCK;1,000;26,45;26,45;18,85;0,00;0,00;7,60;28,73;40,32;0,91;99,15;C;;
16/09/2026;024617 - ACQUA DISTRIBUIDORA DE PERFUMES E COSMETICOS LTDA;07891033499595;NSPA LOC DES HID CPO ORQ NOIRE 200ml;1,000;34,95;34,95;27,81;0,00;0,00;7,14;20,43;25,67;0,85;100,00;C;;
17/09/2026;024303 - 24303 ACQUA DISTRIBUIDORA DE PERFUMES E;07891033843992;MALBEC DES COL FLAME V2 100ml;1,000;259,90;259,90;95,09;0,00;0,00;164,81;63,41;173,32;14,40;14,40;A;;
17/09/2026;024303 - 24303 ACQUA DISTRIBUIDORA DE PERFUMES E;07891033878987;BOTICOLL CONNEXION DES COL V3 100ml;2,000;157,32;78,66;59,76;0,00;0,00;97,56;62,01;163,25;8,52;22,92;A;;
17/09/2026;024303 - 24303 ACQUA DISTRIBUIDORA DE PERFUMES E;07891033479504;ZAAD EDP 95ml V6;1,000;231,86;231,86;145,73;0,00;0,00;86,13;37,15;59,10;7,52;30,44;A;;
17/09/2026;024303 - 24303 ACQUA DISTRIBUIDORA DE PERFUMES E;07891033877973;MAKE B BASE LIQ HYALURONIC 220Q 30ml;1,000;109,00;109,00;32,44;0,00;0,00;76,56;70,24;236,00;6,69;37,13;A;;
17/09/2026;024303 - 24303 ACQUA DISTRIBUIDORA DE PERFUMES E;07891033533862;BOTIK PROT SOL FAC FPS 80 AC/HIAL 40ml;2,000;155,89;77,94;81,40;0,00;0,00;74,49;47,78;91,51;6,51;43,64;A;;
17/09/2026;024303 - 24303 ACQUA DISTRIBUIDORA DE PERFUMES E;07891033526383;MAKE B MASC CILIO 4K PANORAMIC 10g V2;1,000;81,94;81,94;21,29;0,00;0,00;60,65;74,02;284,88;5,30;48,93;A;;
17/09/2026;024303 - 24303 ACQUA DISTRIBUIDORA DE PERFUMES E;07891033744381;ARBO DES COL 100ml V4;1,000;135,76;135,76;76,21;0,00;0,00;59,55;43,86;78,14;5,20;54,14;A;;
17/09/2026;024303 - 24303 ACQUA DISTRIBUIDORA DE PERFUMES E;07891033757428;MAKE B BAS PO MINERAL 10 55G;1,000;110,64;110,64;54,19;0,00;0,00;56,45;51,02;104,17;4,93;59,07;A;;
17/09/2026;024303 - 24303 ACQUA DISTRIBUIDORA DE PERFUMES E;07891033856664;MAKE B PALETTE BLUSH PINK HIT V2 8g;1,000;98,34;98,34;57,07;0,00;0,00;41,27;41,97;72,31;3,60;62,67;A;;
17/09/2026;024303 - 24303 ACQUA DISTRIBUIDORA DE PERFUMES E;07891033483105;FLORATTA DES COL BLUE V2 75ml;1,000;101,83;101,83;62,32;0,00;0,00;39,51;38,80;63,40;3,45;66,12;A;;
17/09/2026;024303 - 24303 ACQUA DISTRIBUIDORA DE PERFUMES E;07891033518029;BOTI BABY COL SOL V2 100ml;1,000;76,26;76,26;40,37;0,00;0,00;35,89;47,06;88,90;3,14;69,26;A;;
17/09/2026;024303 - 24303 ACQUA DISTRIBUIDORA DE PERFUMES E;07891033889136;CBEM SPR INTIMO CER/FASES 75ml;3,000;76,87;25,62;38,25;0,00;2,81;35,81;46,59;100,97;3,13;72,39;A;;
17/09/2026;024303 - 24303 ACQUA DISTRIBUIDORA DE PERFUMES E;07891033051250;MA CHERIE LOC DESC HID CPO 200ml;1,000;59,90;59,90;26,03;0,00;0,00;33,87;56,54;130,12;2,96;75,35;A;;
17/09/2026;024303 - 24303 ACQUA DISTRIBUIDORA DE PERFUMES E;07891033839612;ARBO DES BDY SPR 100ml V6;2,000;79,45;39,72;45,78;0,00;0,00;33,67;42,38;73,55;2,94;78,29;A;;
17/09/2026;024303 - 24303 ACQUA DISTRIBUIDORA DE PERFUMES E;07891033278589;MAKE B LAP RETR P/OLH PRET PCK;1,000;57,33;57,33;27,98;0,00;0,00;29,35;51,19;104,90;2,56;80,85;B;;
17/09/2026;024303 - 24303 ACQUA DISTRIBUIDORA DE PERFUMES E;07891033854837;FLORATTA DES BDY SPRAY RED V2 100ml;1,000;52,90;52,90;24,30;0,00;0,00;28,60;54,06;117,70;2,50;83,35;B;;
17/09/2026;024303 - 24303 ACQUA DISTRIBUIDORA DE PERFUMES E;07891033954193;MAKE B BAT EASY MATE BARE ROSE 39g;1,000;53,23;53,23;25,98;0,00;0,00;27,25;51,19;104,89;2,38;85,73;B;;
17/09/2026;024303 - 24303 ACQUA DISTRIBUIDORA DE PERFUMES E;07891033909810;NSPA DES COL BDY SPLSH AMEIX/INT 200ml;1,000;66,28;66,28;42,72;0,00;0,00;23,56;35,55;55,15;2,06;87,79;B;;
17/09/2026;024303 - 24303 ACQUA DISTRIBUIDORA DE PERFUMES E;07891033827008;MATCH SHAMP HIDRATACAO ANTIF 300ml;1,000;33,53;33,53;12,39;0,00;0,00;21,14;63,05;170,62;1,85;89,63;B;;
17/09/2026;024303 - 24303 ACQUA DISTRIBUIDORA DE PERFUMES E;07891033879168;NSPA CR ANTIS P/MAOS FPS15 QUINOA V3 75g;1,000;44,82;44,82;24,79;0,00;0,00;20,03;44,69;80,80;1,75;91,38;B;;
17/09/2026;024303 - 24303 ACQUA DISTRIBUIDORA DE PERFUMES E;07891033957958;NSPA CR PERF DES HID CPO AMEIX/INT 400ml;1,000;54,86;54,86;35,74;0,00;0,00;19,12;34,85;53,50;1,67;93,05;B;;
17/09/2026;024303 - 24303 ACQUA DISTRIBUIDORA DE PERFUMES E;07891033765973;INTENSE LAP BAT NUDE ROSADO 12g;1,000;22,37;22,37;6,32;0,00;0,00;16,05;71,75;253,96;1,40;94,46;B;;
17/09/2026;024303 - 24303 ACQUA DISTRIBUIDORA DE PERFUMES E;07891033827015;MATCH COND HIDRATACAO ANTIF 280ml;1,000;34,93;34,93;20,56;0,00;0,00;14,37;41,14;69,89;1,26;95,71;C;;
17/09/2026;024303 - 24303 ACQUA DISTRIBUIDORA DE PERFUMES E;07891033855476;CBEM SAB BARRA SORTIDO V2 4x80g;1,000;27,23;27,23;14,47;0,00;0,00;12,76;46,86;88,18;1,11;96,82;C;;
17/09/2026;024303 - 24303 ACQUA DISTRIBUIDORA DE PERFUMES E;07891033851218;CBEM CREM HID MAOS DELEITE V4 45g;1,000;29,10;29,10;16,44;0,00;0,00;12,66;43,51;77,01;1,11;97,93;C;;
17/09/2026;024303 - 24303 ACQUA DISTRIBUIDORA DE PERFUMES E;07891033894017;CX PRESENTE M BOTI INST/25 VDA;1,000;12,25;12,25;0,00;0,00;0,00;12,25;100,00;0,00;1,07;99,00;C;;
17/09/2026;024303 - 24303 ACQUA DISTRIBUIDORA DE PERFUMES E;07891033856794;CBEM SAB BARRA CER/FASES 4x80g;1,000;26,10;26,10;13,92;0,00;0,00;12,18;46,67;87,50;1,06;100,06;C;;
17/09/2026;024303 - 24303 ACQUA DISTRIBUIDORA DE PERFUMES E;07891033518012;BOTI BABY SAB LIQ GLIC V2 200ml;1,000;28,74;28,74;17,69;0,00;0,00;11,05;38,45;62,46;0,97;101,03;C;;
17/09/2026;024303 - 24303 ACQUA DISTRIBUIDORA DE PERFUMES E;07891033277070;BOTICOLL CONNEXION DES COL 100ml V2;1,000;71,98;71,98;62,79;0,00;0,00;9,19;12,77;14,64;0,80;101,83;C;;
17/09/2026;024303 - 24303 ACQUA DISTRIBUIDORA DE PERFUMES E;07891033511662;CBEM SAB BARRA ROSA/ALGODAO V8 2x80g;1,000;16,33;16,33;7,27;0,00;0,00;9,06;55,48;124,62;0,79;102,62;C;;
17/09/2026;024303 - 24303 ACQUA DISTRIBUIDORA DE PERFUMES E;07891033908196;SACOLA PP BOTICARIO INST/25;1,000;0,01;0,01;0,71;0,00;0,00;-0,70;-7019,00;-98,59;-0,06;102,56;C;;
17/09/2026;024303 - 24303 ACQUA DISTRIBUIDORA DE PERFUMES E;07891033908219;SACOLA P BOTICARIO INST/25;1,000;0,01;0,01;1,31;0,00;0,00;-1,30;-13000,00;-99,24;-0,11;102,45;C;;
17/09/2026;024303 - 24303 ACQUA DISTRIBUIDORA DE PERFUMES E;07891033957996;NSPA CR PERF DES HID CP AMX/INT PRM 50ml;2,000;0,02;0,01;4,52;0,00;0,00;-4,50;-22500,00;-99,56;-0,39;102,06;C;;
17/09/2026;024303 - 24303 ACQUA DISTRIBUIDORA DE PERFUMES E;07891033908226;SACOLA M BOTICARIO INST/25;4,000;0,04;0,01;6,24;0,00;0,00;-6,20;-15500,00;-99,36;-0,54;101,51;C;;
17/09/2026;024303 - 24303 ACQUA DISTRIBUIDORA DE PERFUMES E;07891033894222;NSPA LOC DES HID CPO ORQ/NOIRE V2 400ml;3,000;89,91;29,97;107,25;0,00;0,00;-17,34;-19,29;-16,17;-1,51;100,00;C;;
17/09/2026;024617 - ACQUA DISTRIBUIDORA DE PERFUMES E COSMETICOS LTDA;07891033594665;LIZ DES COL FLORA 100ml;2,000;239,24;119,62;68,06;0,00;0,00;171,18;71,55;251,51;21,06;21,06;A;;
17/09/2026;024617 - ACQUA DISTRIBUIDORA DE PERFUMES E COSMETICOS LTDA;07891033587292;BOTICA 214 EDP SEV/DOR FOUG/AROM 90ml;2,000;215,92;107,96;89,10;0,00;0,00;126,82;58,73;142,33;15,60;36,67;A;;
17/09/2026;024617 - ACQUA DISTRIBUIDORA DE PERFUMES E COSMETICOS LTDA;07891033482801;NSPA DES COL BDY SPLSH AMEI/NEG 200ml V2;2,000;131,88;65,94;39,72;0,00;0,00;92,16;69,88;232,02;11,34;48,01;A;;
17/09/2026;024617 - ACQUA DISTRIBUIDORA DE PERFUMES E COSMETICOS LTDA;07891033741038;GLAMOUR DES COL SEC BL 75ml V4;1,000;119,90;119,90;54,32;0,00;0,00;65,58;54,70;120,73;8,07;56,07;A;;
17/09/2026;024617 - ACQUA DISTRIBUIDORA DE PERFUMES E COSMETICOS LTDA;07891033559817;MAKE B BAT ST/PREN HYAL RED/CLAS V3 34g;1,000;82,90;82,90;34,98;0,00;0,00;47,92;57,80;136,99;5,90;61,97;A;;
17/09/2026;024617 - ACQUA DISTRIBUIDORA DE PERFUMES E COSMETICOS LTDA;07891033511471;CBEM DES COL BDY SPLSH NUVEM V3 200ml;1,000;79,90;79,90;36,88;0,00;0,00;43,02;53,84;116,65;5,29;67,26;A;;
17/09/2026;024617 - ACQUA DISTRIBUIDORA DE PERFUMES E COSMETICOS LTDA;07891033880775;NSPA LOC DES HID CPO AMEIXA V7 400ml;5,000;213,92;42,78;178,70;0,00;0,00;35,22;16,46;19,71;4,33;71,60;A;;
17/09/2026;024617 - ACQUA DISTRIBUIDORA DE PERFUMES E COSMETICOS LTDA;07891033974368;CAIXA LACO M BOTI PAIS 2026 UNIT;3,000;31,54;10,51;0,00;0,00;0,00;31,54;100,00;0,00;3,88;75,48;A;;
17/09/2026;024617 - ACQUA DISTRIBUIDORA DE PERFUMES E COSMETICOS LTDA;07891033520190;BOTI BABY SHAMP V2 200ml;1,000;42,84;42,84;13,19;0,00;0,00;29,65;69,21;224,79;3,65;79,13;A;;
17/09/2026;024617 - ACQUA DISTRIBUIDORA DE PERFUMES E COSMETICOS LTDA;07891033883653;NSPA SAB BARRA AMEIXA V5 3x90g;1,000;42,90;42,90;15,22;0,00;0,00;27,68;64,52;181,87;3,41;82,53;B;;
17/09/2026;024617 - ACQUA DISTRIBUIDORA DE PERFUMES E COSMETICOS LTDA;07891033595167;REF NSPA LOC DES HID CPO AMEI/NEG 350ml;1,000;34,95;34,95;12,17;0,00;0,00;22,78;65,18;187,18;2,80;85,33;B;;
17/09/2026;024617 - ACQUA DISTRIBUIDORA DE PERFUMES E COSMETICOS LTDA;07891033520442;CELEBRE DES COL FEM AGORA 100ml;1,000;47,04;47,04;24,95;0,00;0,00;22,09;46,96;88,54;2,72;88,05;B;;
17/09/2026;024617 - ACQUA DISTRIBUIDORA DE PERFUMES E COSMETICOS LTDA;07891033518050;BOTI BABY CR REPAR 30ml;1,000;33,35;33,35;11,72;0,00;0,00;21,63;64,86;184,56;2,66;90,71;B;;
17/09/2026;024617 - ACQUA DISTRIBUIDORA DE PERFUMES E COSMETICOS LTDA;07891033889136;CBEM SPR INTIMO CER/FASES 75ml;2,000;44,90;22,45;25,50;0,00;1,64;17,76;39,56;76,08;2,19;92,90;B;;
17/09/2026;024617 - ACQUA DISTRIBUIDORA DE PERFUMES E COSMETICOS LTDA;07891033518012;BOTI BABY SAB LIQ GLIC V2 200ml;1,000;35,21;35,21;17,68;0,00;0,00;17,53;49,79;99,15;2,16;95,06;C;;
17/09/2026;024617 - ACQUA DISTRIBUIDORA DE PERFUMES E COSMETICOS LTDA;07891033512317;CBEM SAB BARRA CEREJA LIVRE V2 2x80g;1,000;24,90;24,90;8,80;0,00;0,00;16,10;64,66;182,95;1,98;97,04;C;;
17/09/2026;024617 - ACQUA DISTRIBUIDORA DE PERFUMES E COSMETICOS LTDA;07891033512294;CBEM DES ANTIT ROLL ON R/ALG V3 55ml;1,000;29,90;29,90;13,84;0,00;0,00;16,06;53,71;116,04;1,98;99,01;C;;
17/09/2026;024617 - ACQUA DISTRIBUIDORA DE PERFUMES E COSMETICOS LTDA;07891033755905;INTENSE MASC CILIO 4 POWER 11g;1,000;37,90;37,90;27,20;0,00;0,00;10,70;28,23;39,34;1,32;100,33;C;;
17/09/2026;024617 - ACQUA DISTRIBUIDORA DE PERFUMES E COSMETICOS LTDA;07891033830602;CELEBRE DES COL FLOR FRUT FORC 100ml;1,000;49,90;49,90;40,32;0,00;0,00;9,58;19,20;23,76;1,18;101,51;C;;
17/09/2026;024617 - ACQUA DISTRIBUIDORA DE PERFUMES E COSMETICOS LTDA;07891033946167;CELEBRE DES COL MASC AGORA V2 100ml;3,000;146,84;48,95;139,05;0,00;0,00;7,79;5,31;5,60;0,96;102,47;C;;
17/09/2026;024617 - ACQUA DISTRIBUIDORA DE PERFUMES E COSMETICOS LTDA;07891033842285;GLAMOUR DES BDY SPR 100ml V6 PCK;1,000;26,45;26,45;18,85;0,00;0,00;7,60;28,73;40,32;0,94;103,40;C;;
17/09/2026;024617 - ACQUA DISTRIBUIDORA DE PERFUMES E COSMETICOS LTDA;07891033842148;EGEO DES COL SPCY VIBE C/CAR 90ml;2,000;130,19;65,09;123,64;0,00;0,00;6,55;5,03;5,30;0,81;104,21;C;;
17/09/2026;024617 - ACQUA DISTRIBUIDORA DE PERFUMES E COSMETICOS LTDA;07891033908219;SACOLA P BOTICARIO INST/25;10,000;0,10;0,01;13,10;0,00;0,00;-13,00;-13000,00;-99,24;-1,60;102,61;C;;
17/09/2026;024617 - ACQUA DISTRIBUIDORA DE PERFUMES E COSMETICOS LTDA;07891033589852;NSPA SAB LIQ CPO PERF UVA MERLOT 250ml;1,000;0,01;0,01;21,21;0,00;0,00;-21,20;-212000,00;-99,95;-2,61;100,00;C;;
17/09/2026;024668 - ACQUA DISTRIBUIDORA DE PERFUMES E COSMETICOS LTDA;07891033491544;COFFEE DES COL UNIQ WOM FL/GOURM 100ml;1,000;229,90;229,90;42,07;0,00;0,00;187,83;81,70;446,47;4,30;4,30;A;;
17/09/2026;024668 - ACQUA DISTRIBUIDORA DE PERFUMES E COSMETICOS LTDA;07891033861675;ESTJ LILY JUMBO REG/25;1,000;309,90;309,90;135,63;0,00;0,00;174,27;56,23;128,49;3,99;8,30;A;;
17/09/2026;024668 - ACQUA DISTRIBUIDORA DE PERFUMES E COSMETICOS LTDA;07891033905133;MALBEC DES COL V7 100ml;2,000;345,37;172,68;173,04;0,00;0,00;172,33;49,90;99,59;3,95;12,24;A;;
17/09/2026;024668 - ACQUA DISTRIBUIDORA DE PERFUMES E COSMETICOS LTDA;07891033881352;FLORATTA EDP ROSE SUCREE 75ml;1,000;218,29;218,29;51,58;0,00;0,00;166,71;76,37;323,21;3,82;16,06;A;;
17/09/2026;024668 - ACQUA DISTRIBUIDORA DE PERFUMES E COSMETICOS LTDA;07891033779895;LILY EDP LUMIERE 75ML;1,000;268,17;268,17;121,68;0,00;0,00;146,49;54,63;120,39;3,36;19,42;A;;
17/09/2026;024668 - ACQUA DISTRIBUIDORA DE PERFUMES E COSMETICOS LTDA;07891033541508;MALBEC DES COL ICON 100ml;1,000;166,01;166,01;43,80;0,00;0,00;122,21;73,62;279,02;2,80;22,22;A;;
17/09/2026;024668 - ACQUA DISTRIBUIDORA DE PERFUMES E COSMETICOS LTDA;07891033892587;QUASAR DES COL ICE V3 100ml;1,000;150,90;150,90;29,99;0,00;0,00;120,91;80,13;403,17;2,77;24,99;A;;
17/09/2026;024668 - ACQUA DISTRIBUIDORA DE PERFUMES E COSMETICOS LTDA;07891033197347;THATY DES COL BOTICOLL 100ML;2,000;171,82;85,91;51,30;0,00;0,00;120,52;70,14;234,93;2,76;27,75;A;;
17/09/2026;024668 - ACQUA DISTRIBUIDORA DE PERFUMES E COSMETICOS LTDA;07891033595167;REF NSPA LOC DES HID CPO AMEI/NEG 350ml;4,000;165,12;41,28;48,68;0,00;0,00;116,44;70,52;239,19;2,67;30,42;A;;
17/09/2026;024668 - ACQUA DISTRIBUIDORA DE PERFUMES E COSMETICOS LTDA;07891033842148;EGEO DES COL SPCY VIBE C/CAR 90ml;1,000;164,90;164,90;50,92;0,00;0,00;113,98;69,12;223,84;2,61;33,03;A;;
17/09/2026;024668 - ACQUA DISTRIBUIDORA DE PERFUMES E COSMETICOS LTDA;07891033856060;INSENSATEZ DES COL V4 100ml;1,000;174,90;174,90;63,33;0,00;0,00;111,57;63,79;176,17;2,56;35,58;A;;
17/09/2026;024668 - ACQUA DISTRIBUIDORA DE PERFUMES E COSMETICOS LTDA;07891033843879;MALBEC DES COL V6 100ml;1,000;150,84;150,84;41,40;0,00;0,00;109,44;72,55;264,35;2,51;38,09;A;;
17/09/2026;024668 - ACQUA DISTRIBUIDORA DE PERFUMES E COSMETICOS LTDA;07891033880775;NSPA LOC DES HID CPO AMEIXA V7 400ml;7,000;309,22;44,17;200,06;0,00;0,00;109,16;35,30;54,56;2,50;40,59;A;;
17/09/2026;024668 - ACQUA DISTRIBUIDORA DE PERFUMES E COSMETICOS LTDA;07891033483037;FLORATTA DES COL RED V2 75ml;1,000;174,90;174,90;68,43;0,00;0,00;106,47;60,87;155,59;2,44;43,03;A;;
17/09/2026;024668 - ACQUA DISTRIBUIDORA DE PERFUMES E COSMETICOS LTDA;07891033862061;ESTJ HER CODE REG/25;1,000;242,01;242,01;135,63;0,00;0,00;106,38;43,96;78,43;2,44;45,47;A;;
17/09/2026;024668 - ACQUA DISTRIBUIDORA DE PERFUMES E COSMETICOS LTDA;07891033583720;FLORATTA DES COL ROM/VER V2 75ml;1,000;130,00;130,00;31,54;0,00;0,00;98,46;75,74;312,18;2,26;47,72;A;;
17/09/2026;024668 - ACQUA DISTRIBUIDORA DE PERFUMES E COSMETICOS LTDA;07891033856459;BOTICA 214 EDP ARAB/OASIS FOUG/AMB 90ml;1,000;191,73;191,73;97,06;0,00;0,00;94,67;49,38;97,54;2,17;49,89;A;;
17/09/2026;024668 - ACQUA DISTRIBUIDORA DE PERFUMES E COSMETICOS LTDA;07891033482801;NSPA DES COL BDY SPLSH AMEI/NEG 200ml V2;1,000;109,90;109,90;19,86;0,00;0,00;90,04;81,93;453,37;2,06;51,96;A;;
17/09/2026;024668 - ACQUA DISTRIBUIDORA DE PERFUMES E COSMETICOS LTDA;07891033883646;QUASAR DES COL CLASSIC V2 100ml;1,000;160,00;160,00;71,64;0,00;0,00;88,36;55,23;123,34;2,02;53,98;A;;
17/09/2026;024668 - ACQUA DISTRIBUIDORA DE PERFUMES E COSMETICOS LTDA;07891033877928;MAKE B BASE LIQ HYALURONIC 170Q 30ml;1,000;118,61;118,61;32,00;0,00;0,00;86,61;73,02;270,66;1,98;55,96;A;;
17/09/2026;024668 - ACQUA DISTRIBUIDORA DE PERFUMES E COSMETICOS LTDA;07891033892617;BOTICA 214 EDP GOLD/GARD V3 75ml;1,000;188,10;188,10;103,48;0,00;0,00;84,62;44,99;81,77;1,94;57,90;A;;
17/09/2026;024668 - ACQUA DISTRIBUIDORA DE PERFUMES E COSMETICOS LTDA;07891033811083;GLAMOUR DES COL DIVA 75ml V2;1,000;156,75;156,75;76,44;0,00;0,00;80,31;51,23;105,06;1,84;59,74;A;;
17/09/2026;024668 - ACQUA DISTRIBUIDORA DE PERFUMES E COSMETICOS LTDA;07891033518029;BOTI BABY COL SOL V2 100ml;1,000;96,18;96,18;17,73;0,00;0,00;78,45;81,57;442,47;1,80;61,54;A;;
17/09/2026;024668 - ACQUA DISTRIBUIDORA DE PERFUMES E COSMETICOS LTDA;07891033506774;CLASH DES COL 100ml;1,000;144,90;144,90;70,77;0,00;0,00;74,13;51,16;104,75;1,70;63,24;A;;
17/09/2026;024668 - ACQUA DISTRIBUIDORA DE PERFUMES E COSMETICOS LTDA;07891033481811;LILY OL PERF DES CPO 150ml V11;1,000;87,53;87,53;19,51;0,00;0,00;68,02;77,71;348,64;1,56;64,80;A;;
17/09/2026;024668 - ACQUA DISTRIBUIDORA DE PERFUMES E COSMETICOS LTDA;07891033526383;MAKE B MASC CILIO 4K PANORAMIC 10g V2;1,000;87,74;87,74;21,06;0,00;0,00;66,68;76,00;316,62;1,53;66,32;A;;
17/09/2026;024668 - ACQUA DISTRIBUIDORA DE PERFUMES E COSMETICOS LTDA;07891033757558;MAKE B BAS PO MINERAL 30 55G;1,000;114,73;114,73;50,23;0,00;0,00;64,50;56,22;128,41;1,48;67,80;A;;
17/09/2026;024668 - ACQUA DISTRIBUIDORA DE PERFUMES E COSMETICOS LTDA;07891033860616;SOPHIE SPLSH CPO/CAB SHIM AMIZ/IL 110ml;1,000;79,90;79,90;16,36;0,00;0,00;63,54;79,52;388,39;1,46;69,26;A;;
17/09/2026;024668 - ACQUA DISTRIBUIDORA DE PERFUMES E COSMETICOS LTDA;07891033909810;NSPA DES COL BDY SPLSH AMEIX/INT 200ml;1,000;81,99;81,99;20,36;0,00;0,00;61,63;75,17;302,70;1,41;70,67;A;;
17/09/2026;024668 - ACQUA DISTRIBUIDORA DE PERFUMES E COSMETICOS LTDA;07891033526185;MAKE B MASC CIL VOL EXTRM PRETA V2 10g;1,000;72,20;72,20;12,72;0,00;0,00;59,48;82,38;467,61;1,36;72,03;A;;
17/09/2026;024668 - ACQUA DISTRIBUIDORA DE PERFUMES E COSMETICOS LTDA;07891033740437;LINDA DES COL V4 100ml;1,000;131,90;131,90;78,75;0,00;0,00;53,15;40,30;67,49;1,22;73,25;A;;
17/09/2026;024668 - ACQUA DISTRIBUIDORA DE PERFUMES E COSMETICOS LTDA;07891033842292;GLAMOUR OL DES HID CPO SEC BL 150ml V3;1,000;87,45;87,45;34,47;0,00;0,00;52,98;60,58;153,70;1,21;74,46;A;;
17/09/2026;024668 - ACQUA DISTRIBUIDORA DE PERFUMES E COSMETICOS LTDA;07891033907168;MAKE B BAS LIQ MATE SALICYLIC 200N 30g;1,000;87,74;87,74;36,15;0,00;0,00;51,59;58,80;142,71;1,18;75,65;A;;
17/09/2026;024668 - ACQUA DISTRIBUIDORA DE PERFUMES E COSMETICOS LTDA;07891033957958;NSPA CR PERF DES HID CPO AMEIX/INT 400ml;1,000;67,86;67,86;16,95;0,00;0,00;50,91;75,02;300,35;1,17;76,81;A;;
17/09/2026;024668 - ACQUA DISTRIBUIDORA DE PERFUMES E COSMETICOS LTDA;07891033907137;MAKE B BAS LIQ MATE SALICYLIC 215Q 30g;1,000;84,95;84,95;36,15;0,00;0,00;48,80;57,45;134,99;1,12;77,93;A;;
17/09/2026;024668 - ACQUA DISTRIBUIDORA DE PERFUMES E COSMETICOS LTDA;07891033555055;MAKE B LAP/OLH ULTRABLACK PRETO V2 12g;1,000;61,91;61,91;13,38;0,00;0,00;48,53;78,39;362,71;1,11;79,04;A;;
17/09/2026;024668 - ACQUA DISTRIBUIDORA DE PERFUMES E COSMETICOS LTDA;07891033498963;CBEM LOC DES HID CPO ROS/ALG V3 200ml;1,000;56,90;56,90;9,38;0,00;0,00;47,52;83,51;506,61;1,09;80,13;B;;
17/09/2026;024668 - ACQUA DISTRIBUIDORA DE PERFUMES E COSMETICOS LTDA;07891033890309;MAKE B CORRET LIQ HYAL 225N 68ml;1,000;62,00;62,00;14,98;0,00;0,00;47,02;75,84;313,89;1,08;81,21;B;;
17/09/2026;024668 - ACQUA DISTRIBUIDORA DE PERFUMES E COSMETICOS LTDA;07891033871032;MAKE B BALM LAB CLR/REP LIP/CH PINK 36g;1,000;59,71;59,71;16,18;0,00;0,00;43,53;72,90;269,04;1,00;82,20;B;;
17/09/2026;024668 - ACQUA DISTRIBUIDORA DE PERFUMES E COSMETICOS LTDA;07891033485147;LILY COND ACET 250ml;1,000;59,45;59,45;16,13;0,00;0,00;43,32;72,87;268,57;0,99;83,20;B;;
17/09/2026;024668 - ACQUA DISTRIBUIDORA DE PERFUMES E COSMETICOS LTDA;07891033825479;MAKE B BAS LIQ MATE SALICYLIC 240 30g;1,000;80,00;80,00;37,27;0,00;0,00;42,73;53,41;114,65;0,98;84,18;B;;
17/09/2026;024668 - ACQUA DISTRIBUIDORA DE PERFUMES E COSMETICOS LTDA;07891033055463;MAKE B PRIMER FAC ANTIOL SALICYLIC 30g;1,000;76,46;76,46;34,39;0,00;0,00;42,07;55,02;122,33;0,96;85,14;B;;
17/09/2026;024668 - ACQUA DISTRIBUIDORA DE PERFUMES E COSMETICOS LTDA;07891033498864;REF CBEM LOC DES HID CPO L/MEL V6 350ml;1,000;50,00;50,00;11,64;0,00;0,00;38,36;76,72;329,55;0,88;86,02;B;;
17/09/2026;024668 - ACQUA DISTRIBUIDORA DE PERFUMES E COSMETICOS LTDA;07891033867554;NSPA SAB LIQ PERF ORQ/NOIRE V2 250ml;1,000;56,88;56,88;19,90;0,00;0,00;36,98;65,01;185,83;0,85;86,87;B;;
17/09/2026;024668 - ACQUA DISTRIBUIDORA DE PERFUMES E COSMETICOS LTDA;07891033539369;MAKE B PINCEL P/BASE FIBRAS DUPLAS ABS;1,000;72,20;72,20;35,52;0,00;0,00;36,68;50,80;103,27;0,84;87,71;B;;
17/09/2026;024668 - ACQUA DISTRIBUIDORA DE PERFUMES E COSMETICOS LTDA;07891033706938;SOPHIE LOC HID CPO 200ml;1,000;52,90;52,90;17,77;0,00;0,00;35,13;66,41;197,69;0,80;88,51;B;;
17/09/2026;024668 - ACQUA DISTRIBUIDORA DE PERFUMES E COSMETICOS LTDA;07891033539079;MAKE B PINCEL P/BLUSH ABS;1,000;72,20;72,20;38,28;0,00;0,00;33,92;46,98;88,61;0,78;89,29;B;;
17/09/2026;024668 - ACQUA DISTRIBUIDORA DE PERFUMES E COSMETICOS LTDA;07891033539048;MAKE B PINCEL P/PO ABS;1,000;72,20;72,20;38,29;0,00;0,00;33,91;46,97;88,56;0,78;90,06;B;;
17/09/2026;024668 - ACQUA DISTRIBUIDORA DE PERFUMES E COSMETICOS LTDA;07891033894017;CX PRESENTE M BOTI INST/25 VDA;10,000;106,96;10,70;73,70;0,00;0,00;33,26;31,10;45,13;0,76;90,83;B;;
17/09/2026;024668 - ACQUA DISTRIBUIDORA DE PERFUMES E COSMETICOS LTDA;07891033487790;BOTICOLL PORTINARI DES BDY SPR 100ml V7;1,000;41,65;41,65;8,90;0,00;0,00;32,75;78,63;367,98;0,75;91,58;B;;
17/09/2026;024668 - ACQUA DISTRIBUIDORA DE PERFUMES E COSMETICOS LTDA;07891033871018;MAKE B BALM LAB N/PEEL LIP/CHRO INC 36g;1,000;59,45;59,45;29,11;0,00;0,00;30,34;51,03;104,23;0,70;92,27;B;;
17/09/2026;024668 - ACQUA DISTRIBUIDORA DE PERFUMES E COSMETICOS LTDA;07891033889112;LILY SAB BARRA V2 2x90g;1,000;44,11;44,11;15,86;0,00;0,00;28,25;64,04;178,12;0,65;92,92;B;;
17/09/2026;024668 - ACQUA DISTRIBUIDORA DE PERFUMES E COSMETICOS LTDA;07891033878024;MAKE B BATOM PREENCH HYAL NUDE CHIC 4g;1,000;55,19;55,19;27,25;0,00;0,00;27,94;50,63;102,53;0,64;93,56;B;;
17/09/2026;024668 - ACQUA DISTRIBUIDORA DE PERFUMES E COSMETICOS LTDA;07891033013029;PMPCK LILY DES ANTIT AER 2x75g;1,000;53,63;53,63;26,13;0,00;0,00;27,50;51,28;105,24;0,63;94,19;B;;
17/09/2026;024668 - ACQUA DISTRIBUIDORA DE PERFUMES E COSMETICOS LTDA;07891033877713;MAKE B BLUSH COMP BERRY MINI PRM 15g;1,000;33,93;33,93;9,16;0,00;0,00;24,77;73,00;270,41;0,57;94,76;B;;
17/09/2026;024668 - ACQUA DISTRIBUIDORA DE PERFUMES E COSMETICOS LTDA;07891033475995;BOTI SUN PROT FAC ANTIOL A/FL FPS70 40ml;1,000;52,78;52,78;29,30;0,00;0,00;23,48;44,49;80,14;0,54;95,29;C;;
17/09/2026;024668 - ACQUA DISTRIBUIDORA DE PERFUMES E COSMETICOS LTDA;07891033588138;MAKE B BALM LAB NIGH/PLUMP LIP/CHRO 36g;1,000;52,42;52,42;29,09;0,00;0,00;23,33;44,51;80,20;0,53;95,83;C;;
17/09/2026;024668 - ACQUA DISTRIBUIDORA DE PERFUMES E COSMETICOS LTDA;07891033511679;CBEM DES ANTIT CREM S/PERF V2 80g;1,000;32,85;32,85;10,44;0,00;0,00;22,41;68,22;214,66;0,51;96,34;C;;
17/09/2026;024668 - ACQUA DISTRIBUIDORA DE PERFUMES E COSMETICOS LTDA;07891033493623;MALBEC DES ANTIT AER 75g/125ml V10;1,000;33,67;33,67;11,68;0,00;0,00;21,99;65,31;188,27;0,50;96,85;C;;
17/09/2026;024668 - ACQUA DISTRIBUIDORA DE PERFUMES E COSMETICOS LTDA;07891033222490;FREE DES COL BOTICOLL 100ml V4;1,000;79,84;79,84;59,49;0,00;0,00;20,35;25,49;34,21;0,47;97,31;C;;
17/09/2026;024668 - ACQUA DISTRIBUIDORA DE PERFUMES E COSMETICOS LTDA;07891033966066;BOTIK BALM HID LAB FPS 15 32g;1,000;37,55;37,55;17,98;0,00;0,00;19,57;52,12;108,84;0,45;97,76;C;;
17/09/2026;024668 - ACQUA DISTRIBUIDORA DE PERFUMES E COSMETICOS LTDA;07891033879205;LILY SHAMP ACET V2 250ml;1,000;46,92;46,92;28,87;0,00;0,00;18,05;38,47;62,52;0,41;98,17;C;;
17/09/2026;024668 - ACQUA DISTRIBUIDORA DE PERFUMES E COSMETICOS LTDA;07891033856725;CBEM LOC DES HID CPO CER/FAS 200ml;1,000;38,27;38,27;21,01;0,00;0,00;17,26;45,10;82,15;0,40;98,57;C;;
17/09/2026;024668 - ACQUA DISTRIBUIDORA DE PERFUMES E COSMETICOS LTDA;07891033958030;NSPA SAB BARRA CP AMEIX/INT 90g;2,000;27,10;13,55;9,84;0,00;0,00;17,26;63,69;175,41;0,40;98,97;C;;
17/09/2026;024668 - ACQUA DISTRIBUIDORA DE PERFUMES E COSMETICOS LTDA;07891033511242;CBEM SAB BARRA BOA NOITE V2 2x80g;1,000;21,16;21,16;8,61;0,00;0,00;12,55;59,31;145,76;0,29;99,25;C;;
17/09/2026;024668 - ACQUA DISTRIBUIDORA DE PERFUMES E COSMETICOS LTDA;07891033879823;ACCORDES DES BDY SPR V7 100ml;2,000;45,76;22,88;33,22;0,00;0,00;12,54;27,40;37,75;0,29;99,54;C;;
17/09/2026;024668 - ACQUA DISTRIBUIDORA DE PERFUMES E COSMETICOS LTDA;07891033511662;CBEM SAB BARRA ROSA/ALGODAO V8 2x80g;1,000;19,40;19,40;7,21;0,00;0,00;12,19;62,84;169,07;0,28;99,82;C;;
17/09/2026;024668 - ACQUA DISTRIBUIDORA DE PERFUMES E COSMETICOS LTDA;07891033946167;CELEBRE DES COL MASC AGORA V2 100ml;3,000;133,52;44,51;127,77;0,00;0,00;5,75;4,31;4,50;0,13;99,95;C;;
17/09/2026;024668 - ACQUA DISTRIBUIDORA DE PERFUMES E COSMETICOS LTDA;07891033894208;REF NSPA LOC DES H CP ORQ/NOIRE V2 350ml;1,000;32,50;32,50;27,57;0,00;0,00;4,93;15,17;17,88;0,11;100,06;C;;
17/09/2026;024668 - ACQUA DISTRIBUIDORA DE PERFUMES E COSMETICOS LTDA;07891033839612;ARBO DES BDY SPR 100ml V6;2,000;45,76;22,88;43,36;0,00;0,00;2,40;5,24;5,54;0,05;100,12;C;;
17/09/2026;024668 - ACQUA DISTRIBUIDORA DE PERFUMES E COSMETICOS LTDA;07891033830602;CELEBRE DES COL FLOR FRUT FORC 100ml;1,000;41,48;41,48;46,67;0,00;0,00;-5,19;-12,51;-11,12;-0,12;100,00;C;;
17/09/2026;024669 - 24669 ACQUA DISTRIBUIDORA DE PERFUMES E;07891033479504;ZAAD EDP 95ml V6;2,000;563,63;281,81;159,64;0,00;0,00;403,99;71,68;253,06;14,49;14,49;A;;
17/09/2026;024669 - 24669 ACQUA DISTRIBUIDORA DE PERFUMES E;07891033905133;MALBEC DES COL V7 100ml;2,000;271,16;135,58;89,44;0,00;0,00;181,72;67,02;203,18;6,52;21,01;A;;
17/09/2026;024669 - 24669 ACQUA DISTRIBUIDORA DE PERFUMES E;07891033856442;BOTICA 214 EDP ARAB/OASIS FLOR/FRUT 75ml;1,000;187,30;187,30;41,27;0,00;0,00;146,03;77,97;353,84;5,24;26,25;A;;
17/09/2026;024669 - 24669 ACQUA DISTRIBUIDORA DE PERFUMES E;07891033595556;HER CODE EDP TOUCH 50ml;2,000;246,13;123,06;123,64;0,00;0,00;122,49;49,77;99,07;4,39;30,65;A;;
17/09/2026;024669 - 24669 ACQUA DISTRIBUIDORA DE PERFUMES E;07891033501250;MALBEC DES BDY SPR ULTRA BLEU 100ml;3,000;142,68;47,56;24,93;0,00;0,00;117,75;82,53;472,32;4,22;34,87;A;;
17/09/2026;024669 - 24669 ACQUA DISTRIBUIDORA DE PERFUMES E;07891033878963;FLORATTA EDP RED PASSION V2 75ml;1,000;211,47;211,47;98,77;0,00;0,00;112,70;53,29;114,10;4,04;38,91;A;;
17/09/2026;024669 - 24669 ACQUA DISTRIBUIDORA DE PERFUMES E;07891033487011;EGEO DES COL BEAT 90ml V2;1,000;148,41;148,41;39,73;0,00;0,00;108,68;73,23;273,55;3,90;42,81;A;;
17/09/2026;024669 - 24669 ACQUA DISTRIBUIDORA DE PERFUMES E;07891033740437;LINDA DES COL V4 100ml;3,000;275,14;91,71;167,07;0,00;0,00;108,07;39,28;64,69;3,88;46,69;A;;
17/09/2026;024669 - 24669 ACQUA DISTRIBUIDORA DE PERFUMES E;07891033506774;CLASH DES COL 100ml;1,000;144,90;144,90;37,76;0,00;0,00;107,14;73,94;283,74;3,84;50,53;A;;
17/09/2026;024669 - 24669 ACQUA DISTRIBUIDORA DE PERFUMES E;07891033476305;BOTICA 214 EDP DARK MINT 90ml V2;1,000;195,36;195,36;90,96;0,00;0,00;104,40;53,44;114,78;3,75;54,28;A;;
17/09/2026;024669 - 24669 ACQUA DISTRIBUIDORA DE PERFUMES E;07891033483037;FLORATTA DES COL RED V2 75ml;1,000;163,34;163,34;69,19;0,00;0,00;94,15;57,64;136,07;3,38;57,66;A;;
17/09/2026;024669 - 24669 ACQUA DISTRIBUIDORA DE PERFUMES E;07891033862979;ESTJ SOPHIE SPIDER GWEN CRIANC/25;1,000;143,90;143,90;52,50;0,00;0,00;91,40;63,52;174,10;3,28;60,93;A;;
17/09/2026;024669 - 24669 ACQUA DISTRIBUIDORA DE PERFUMES E;07891033490394;ZAAD DES COL BDY SPLSH 200ml;1,000;113,54;113,54;26,02;0,00;0,00;87,52;77,08;336,36;3,14;64,07;A;;
17/09/2026;024669 - 24669 ACQUA DISTRIBUIDORA DE PERFUMES E;07891033500222;HER CODE EDP 50ml;1,000;193,23;193,23;106,72;0,00;0,00;86,51;44,77;81,06;3,10;67,18;A;;
17/09/2026;024669 - 24669 ACQUA DISTRIBUIDORA DE PERFUMES E;07891033882984;ZAAD EDP INFINITY PRM 10ml;5,000;98,69;19,74;32,20;0,00;0,00;66,49;67,37;206,49;2,39;69,56;A;;
17/09/2026;024669 - 24669 ACQUA DISTRIBUIDORA DE PERFUMES E;07891033518029;BOTI BABY COL SOL V2 100ml;1,000;83,21;83,21;17,73;0,00;0,00;65,48;78,69;369,32;2,35;71,91;A;;
17/09/2026;024669 - 24669 ACQUA DISTRIBUIDORA DE PERFUMES E;07891033874910;BOTIK GEL LIMP F MCL AC MAND/SAL V2 150g;2,000;94,60;47,30;29,80;0,00;0,00;64,80;68,50;217,45;2,32;74,24;A;;
17/09/2026;024669 - 24669 ACQUA DISTRIBUIDORA DE PERFUMES E;07891033826858;EGEO DES COL BOMB BLACK C/CAR 90ml;1,000;121,32;121,32;61,18;0,00;0,00;60,14;49,57;98,30;2,16;76,39;A;;
17/09/2026;024669 - 24669 ACQUA DISTRIBUIDORA DE PERFUMES E;07891033744381;ARBO DES COL 100ml V4;1,000;125,91;125,91;71,73;0,00;0,00;54,18;43,03;75,53;1,94;78,34;A;;
17/09/2026;024669 - 24669 ACQUA DISTRIBUIDORA DE PERFUMES E;07891033499038;CBEM LOC DES HID CPO PESSEGURA V2 200ml;1,000;56,90;56,90;9,02;0,00;0,00;47,88;84,15;530,82;1,72;80,06;B;;
17/09/2026;024669 - 24669 ACQUA DISTRIBUIDORA DE PERFUMES E;07891033855421;REF CBEM LOC DES HID CPO DEL V3 350ml;1,000;59,90;59,90;12,97;0,00;0,00;46,93;78,35;361,84;1,68;81,74;B;;
17/09/2026;024669 - 24669 ACQUA DISTRIBUIDORA DE PERFUMES E;07891033509560;CLASH DES BDY SPR 100ml;1,000;52,90;52,90;8,62;0,00;0,00;44,28;83,71;513,69;1,59;83,33;B;;
17/09/2026;024669 - 24669 ACQUA DISTRIBUIDORA DE PERFUMES E;07891033511662;CBEM SAB BARRA ROSA/ALGODAO V8 2x80g;4,000;73,02;18,25;28,84;0,00;0,00;44,18;60,50;153,19;1,58;84,91;B;;
17/09/2026;024669 - 24669 ACQUA DISTRIBUIDORA DE PERFUMES E;07891033880775;NSPA LOC DES HID CPO AMEIXA V7 400ml;2,000;85,04;42,52;46,42;0,00;0,00;38,62;45,41;83,20;1,39;86,30;B;;
17/09/2026;024669 - 24669 ACQUA DISTRIBUIDORA DE PERFUMES E;07891033874521;MALBEC SAB BARRA CUIDADOS 4x80g;1,000;52,00;52,00;13,76;0,00;0,00;38,24;73,54;277,91;1,37;87,67;B;;
17/09/2026;024669 - 24669 ACQUA DISTRIBUIDORA DE PERFUMES E;07891033557660;BOTI BABY SAB LIQ GLICERINA 50ml PRM;2,000;42,01;21,00;5,52;0,00;0,00;36,49;86,86;661,05;1,31;88,98;B;;
17/09/2026;024669 - 24669 ACQUA DISTRIBUIDORA DE PERFUMES E;07891033548040;CBEM HID FAC FEIRA MACA VERDE 80g;1,000;46,44;46,44;10,33;0,00;0,00;36,11;77,76;349,56;1,30;90,27;B;;
17/09/2026;024669 - 24669 ACQUA DISTRIBUIDORA DE PERFUMES E;07891033756278;INTENSE PO COMPACTO FACIAL 20 5g;1,000;51,69;51,69;17,17;0,00;0,00;34,52;66,78;201,05;1,24;91,51;B;;
17/09/2026;024669 - 24669 ACQUA DISTRIBUIDORA DE PERFUMES E;07891033511730;MAKE B GLOS LAB C/AC POLIG ROS/LOVER 5ml;1,000;62,90;62,90;29,10;0,00;0,00;33,80;53,74;116,15;1,21;92,73;B;;
17/09/2026;024669 - 24669 ACQUA DISTRIBUIDORA DE PERFUMES E;07891033842148;EGEO DES COL SPCY VIBE C/CAR 90ml;1,000;82,45;82,45;50,92;0,00;0,00;31,53;38,24;61,92;1,13;93,86;B;;
17/09/2026;024669 - 24669 ACQUA DISTRIBUIDORA DE PERFUMES E;07891033907045;MATCH SHAMP NUTR/PROF V3 300ml;1,000;47,90;47,90;21,33;0,00;0,00;26,57;55,47;124,57;0,95;94,81;B;;
17/09/2026;024669 - 24669 ACQUA DISTRIBUIDORA DE PERFUMES E;07891033528967;ARBO DES COL VERDE PRM 10ml;1,000;32,49;32,49;6,73;0,00;0,00;25,76;79,29;382,76;0,92;95,73;C;;
17/09/2026;024669 - 24669 ACQUA DISTRIBUIDORA DE PERFUMES E;07891033894222;NSPA LOC DES HID CPO ORQ/NOIRE V2 400ml;4,000;170,52;42,63;145,12;0,00;0,00;25,40;14,90;17,50;0,91;96,64;C;;
17/09/2026;024669 - 24669 ACQUA DISTRIBUIDORA DE PERFUMES E;07891033839612;ARBO DES BDY SPR 100ml V6;2,000;69,30;34,65;48,10;0,00;0,00;21,20;30,59;44,07;0,76;97,41;C;;
17/09/2026;024669 - 24669 ACQUA DISTRIBUIDORA DE PERFUMES E;07891033733675;EGEO DES BDY SPR BLUE 100ml V2 PCK;1,000;28,94;28,94;8,18;0,00;0,00;20,76;71,73;253,79;0,74;98,15;C;;
17/09/2026;024669 - 24669 ACQUA DISTRIBUIDORA DE PERFUMES E;07891033548798;ESTJ BOTI BABY NINHO V2;1,000;37,03;37,03;19,50;0,00;0,00;17,53;47,34;89,90;0,63;98,78;C;;
17/09/2026;024669 - 24669 ACQUA DISTRIBUIDORA DE PERFUMES E;07891033894208;REF NSPA LOC DES H CP ORQ/NOIRE V2 350ml;1,000;28,97;28,97;13,37;0,00;0,00;15,60;53,85;116,68;0,56;99,34;C;;
17/09/2026;024669 - 24669 ACQUA DISTRIBUIDORA DE PERFUMES E;07891033889136;CBEM SPR INTIMO CER/FASES 75ml;2,000;40,44;20,22;25,50;0,00;1,48;13,46;33,29;58,59;0,48;99,82;C;;
17/09/2026;024669 - 24669 ACQUA DISTRIBUIDORA DE PERFUMES E;07891033512317;CBEM SAB BARRA CEREJA LIVRE V2 2x80g;1,000;16,99;16,99;7,39;0,00;0,00;9,60;56,50;129,91;0,34;100,17;C;;
17/09/2026;024669 - 24669 ACQUA DISTRIBUIDORA DE PERFUMES E;07891033577538;MAKE B ESPNJ FAC SUPER BLEND PU;1,000;27,79;27,79;21,58;0,00;0,00;6,21;22,35;28,78;0,22;100,39;C;;
17/09/2026;024669 - 24669 ACQUA DISTRIBUIDORA DE PERFUMES E;07891033957996;NSPA CR PERF DES HID CP AMX/INT PRM 50ml;2,000;0,02;0,01;4,46;0,00;0,00;-4,44;-22200,00;-99,55;-0,16;100,23;C;;
17/09/2026;024669 - 24669 ACQUA DISTRIBUIDORA DE PERFUMES E;07891033553747;ARBO DES COL ATLANTICA PRM 10ML;1,000;0,01;0,01;6,41;0,00;0,00;-6,40;-64000,00;-99,84;-0,23;100,00;C;;
17/09/2026;024670 - ACQUA DISTRIBUIDORA DE PERFUMES E COSMETICOS LTDA;07891033595556;HER CODE EDP TOUCH 50ml;5,000;602,75;120,55;276,00;0,00;0,00;326,75;54,21;118,39;11,84;11,84;A;;
17/09/2026;024670 - ACQUA DISTRIBUIDORA DE PERFUMES E COSMETICOS LTDA;07891033527526;GLAMOUR DES COL SCRT BLACK INTENSE 75ml;2,000;314,92;157,46;153,48;0,00;0,00;161,44;51,26;105,19;5,85;17,70;A;;
17/09/2026;024670 - ACQUA DISTRIBUIDORA DE PERFUMES E COSMETICOS LTDA;07891033476305;BOTICA 214 EDP DARK MINT 90ml V2;1,000;192,74;192,74;48,52;0,00;0,00;144,22;74,83;297,24;5,23;22,93;A;;
17/09/2026;024670 - ACQUA DISTRIBUIDORA DE PERFUMES E COSMETICOS LTDA;07891033482801;NSPA DES COL BDY SPLSH AMEI/NEG 200ml V2;3,000;196,77;65,59;59,58;0,00;0,00;137,19;69,72;230,26;4,97;27,90;A;;
17/09/2026;024670 - ACQUA DISTRIBUIDORA DE PERFUMES E COSMETICOS LTDA;07891033550838;NEXT COLONIA 75ml;2,000;198,53;99,26;62,74;0,00;0,00;135,79;68,40;216,43;4,92;32,82;A;;
17/09/2026;024670 - ACQUA DISTRIBUIDORA DE PERFUMES E COSMETICOS LTDA;07891033479054;BOTICOLL ACQUA FRESCA DES COL 100ml V2;3,000;204,24;68,08;72,69;0,00;0,00;131,55;64,41;180,97;4,77;37,59;A;;
17/09/2026;024670 - ACQUA DISTRIBUIDORA DE PERFUMES E COSMETICOS LTDA;07891033882038;LILY CREM ACET DES HID CPO V9 250g;1,000;134,91;134,91;17,60;0,00;0,00;117,31;86,95;666,53;4,25;41,84;A;;
17/09/2026;024670 - ACQUA DISTRIBUIDORA DE PERFUMES E COSMETICOS LTDA;07891033888955;LIZ DES COL D ESSENCE 100ml;1,000;143,90;143,90;42,97;0,00;0,00;100,93;70,14;234,88;3,66;45,50;A;;
17/09/2026;024670 - ACQUA DISTRIBUIDORA DE PERFUMES E COSMETICOS LTDA;07891033817566;LINDA DES COL IRRESISTIVEL 100ml;1,000;130,13;130,13;36,36;0,00;0,00;93,77;72,06;257,89;3,40;48,90;A;;
17/09/2026;024670 - ACQUA DISTRIBUIDORA DE PERFUMES E COSMETICOS LTDA;07891033818495;LINDA DES COL FELICIDADE V2 100ml;1,000;130,00;130,00;36,89;0,00;0,00;93,11;71,62;252,40;3,38;52,28;A;;
17/09/2026;024670 - ACQUA DISTRIBUIDORA DE PERFUMES E COSMETICOS LTDA;07891033740437;LINDA DES COL V4 100ml;1,000;131,90;131,90;43,43;0,00;0,00;88,47;67,07;203,71;3,21;55,48;A;;
17/09/2026;024670 - ACQUA DISTRIBUIDORA DE PERFUMES E COSMETICOS LTDA;07891033880775;NSPA LOC DES HID CPO AMEIXA V7 400ml;4,000;178,27;44,57;92,84;0,00;0,00;85,43;47,92;92,02;3,10;58,58;A;;
17/09/2026;024670 - ACQUA DISTRIBUIDORA DE PERFUMES E COSMETICOS LTDA;07891033587339;BOTICA 214 EDP SEV/DOR FLOR/FRUT 75ml;1,000;119,95;119,95;45,22;0,00;0,00;74,73;62,30;165,26;2,71;61,29;A;;
17/09/2026;024670 - ACQUA DISTRIBUIDORA DE PERFUMES E COSMETICOS LTDA;07891033514410;DR BOTICA COL POCAO FORCA 120ml V2;1,000;89,01;89,01;17,99;0,00;0,00;71,02;79,79;394,77;2,57;63,86;A;;
17/09/2026;024670 - ACQUA DISTRIBUIDORA DE PERFUMES E COSMETICOS LTDA;07891033595167;REF NSPA LOC DES HID CPO AMEI/NEG 350ml;3,000;104,52;34,84;36,51;0,00;0,00;68,01;65,07;186,28;2,47;66,33;A;;
17/09/2026;024670 - ACQUA DISTRIBUIDORA DE PERFUMES E COSMETICOS LTDA;07891033556595;FLORATTA DES COL ROMANC/VERAO 75ml;1,000;135,66;135,66;68,43;0,00;0,00;67,23;49,56;98,25;2,44;68,77;A;;
17/09/2026;024670 - ACQUA DISTRIBUIDORA DE PERFUMES E COSMETICOS LTDA;07891033594665;LIZ DES COL FLORA 100ml;1,000;125,93;125,93;59,74;0,00;0,00;66,19;52,56;110,80;2,40;71,16;A;;
17/09/2026;024670 - ACQUA DISTRIBUIDORA DE PERFUMES E COSMETICOS LTDA;07891033883950;CBEM DES COL BDY SPLSH ROS/ALG V4 200ml;1,000;79,18;79,18;17,71;0,00;0,00;61,47;77,63;347,09;2,23;73,39;A;;
17/09/2026;024670 - ACQUA DISTRIBUIDORA DE PERFUMES E COSMETICOS LTDA;07891033521364;DR BOTICA COND POC/BRILHO LISOS 400ml;2,000;86,31;43,15;29,74;0,00;0,00;56,57;65,54;190,22;2,05;75,44;A;;
17/09/2026;024670 - ACQUA DISTRIBUIDORA DE PERFUMES E COSMETICOS LTDA;07891033520527;CELEBRE DES COL MASC AGORA 100ml;2,000;95,67;47,83;39,94;0,00;0,00;55,73;58,25;139,53;2,02;77,46;A;;
17/09/2026;024670 - ACQUA DISTRIBUIDORA DE PERFUMES E COSMETICOS LTDA;07891033480609;LILY CREM DES HID ACET CPO 250g V8;1,000;112,12;112,12;58,96;0,00;0,00;53,16;47,41;90,16;1,93;79,39;A;;
17/09/2026;024670 - ACQUA DISTRIBUIDORA DE PERFUMES E COSMETICOS LTDA;07891033521227;DR BOTICA SHAMP POC/ESPUM LISOS 400ml;2,000;84,98;42,49;32,72;0,00;0,00;52,26;61,50;159,72;1,89;81,29;B;;
17/09/2026;024670 - ACQUA DISTRIBUIDORA DE PERFUMES E COSMETICOS LTDA;07891033894840;NSPA TRIO SAB BARR BES SEL COLL 3x100g;2,000;90,86;45,43;42,18;0,00;0,00;48,68;53,58;115,41;1,76;83,05;B;;
17/09/2026;024670 - ACQUA DISTRIBUIDORA DE PERFUMES E COSMETICOS LTDA;07891033957989;NSPA CR PERF DES HID CP AMEIX/INT 180ml;2,000;90,86;45,43;51,08;0,00;0,00;39,78;43,78;77,88;1,44;84,49;B;;
17/09/2026;024670 - ACQUA DISTRIBUIDORA DE PERFUMES E COSMETICOS LTDA;07891033483105;FLORATTA DES COL BLUE V2 75ml;1,000;100,84;100,84;62,32;0,00;0,00;38,52;38,20;61,81;1,40;85,89;B;;
17/09/2026;024670 - ACQUA DISTRIBUIDORA DE PERFUMES E COSMETICOS LTDA;07891033883431;CAIXA LAÇO P  MAES 25 BOTI;4,000;33,63;8,41;0,00;0,00;0,00;33,63;100,00;0,00;1,22;87,11;B;;
17/09/2026;024670 - ACQUA DISTRIBUIDORA DE PERFUMES E COSMETICOS LTDA;07891033870783;CBEM MASC CAP FEIRA BANANA 250ml;1,000;42,69;42,69;9,42;0,00;0,00;33,27;77,93;353,18;1,21;88,31;B;;
17/09/2026;024670 - ACQUA DISTRIBUIDORA DE PERFUMES E COSMETICOS LTDA;07891033842148;EGEO DES COL SPCY VIBE C/CAR 90ml;1,000;82,45;82,45;50,92;0,00;0,00;31,53;38,24;61,92;1,14;89,46;B;;
17/09/2026;024670 - ACQUA DISTRIBUIDORA DE PERFUMES E COSMETICOS LTDA;07891033706938;SOPHIE LOC HID CPO 200ml;1,000;47,61;47,61;17,76;0,00;0,00;29,85;62,70;168,07;1,08;90,54;B;;
17/09/2026;024670 - ACQUA DISTRIBUIDORA DE PERFUMES E COSMETICOS LTDA;07891033828883;MATCH COND HIDRATACAO E BRLH 280ml;1,000;49,65;49,65;20,35;0,00;0,00;29,30;59,01;143,98;1,06;91,60;B;;
17/09/2026;024670 - ACQUA DISTRIBUIDORA DE PERFUMES E COSMETICOS LTDA;07891033828876;MATCH SHAMP HIDRATACAO E BRLH 300ml;1,000;47,66;47,66;20,32;0,00;0,00;27,34;57,36;134,55;0,99;92,59;B;;
17/09/2026;024670 - ACQUA DISTRIBUIDORA DE PERFUMES E COSMETICOS LTDA;07891033552436;DR BOTICA SHAMP POC/ESPUM CRESPOS 400ml;1,000;43,14;43,14;16,19;0,00;0,00;26,95;62,47;166,46;0,98;93,57;B;;
17/09/2026;024670 - ACQUA DISTRIBUIDORA DE PERFUMES E COSMETICOS LTDA;07891033889136;CBEM SPR INTIMO CER/FASES 75ml;3,000;66,09;22,03;37,86;0,00;2,41;25,82;39,06;74,56;0,94;94,51;B;;
17/09/2026;024670 - ACQUA DISTRIBUIDORA DE PERFUMES E COSMETICOS LTDA;07891033512270;CBEM SAB BARRA NUVEM 4x80g;1,000;38,41;38,41;14,25;0,00;0,00;24,16;62,90;169,54;0,88;95,38;C;;
17/09/2026;024670 - ACQUA DISTRIBUIDORA DE PERFUMES E COSMETICOS LTDA;07891033471546;CBEM DES ROLL S/ALUM 55ml;1,000;27,90;27,90;6,22;0,00;0,00;21,68;77,71;348,55;0,79;96,17;C;;
17/09/2026;024670 - ACQUA DISTRIBUIDORA DE PERFUMES E COSMETICOS LTDA;07891033894208;REF NSPA LOC DES H CP ORQ/NOIRE V2 350ml;1,000;34,86;34,86;13,37;0,00;0,00;21,49;61,65;160,73;0,78;96,95;C;;
17/09/2026;024670 - ACQUA DISTRIBUIDORA DE PERFUMES E COSMETICOS LTDA;07891033512317;CBEM SAB BARRA CEREJA LIVRE V2 2x80g;2,000;33,72;16,86;14,78;0,00;0,00;18,94;56,17;128,15;0,69;97,63;C;;
17/09/2026;024670 - ACQUA DISTRIBUIDORA DE PERFUMES E COSMETICOS LTDA;07891033521647;DR BOTICA CR PENT POC/TR/NO CRESP 350ml;1,000;45,84;45,84;27,49;0,00;0,00;18,35;40,03;66,75;0,67;98,30;C;;
17/09/2026;024670 - ACQUA DISTRIBUIDORA DE PERFUMES E COSMETICOS LTDA;07891033511655;CBEM SAB BARRA ROSA/ALGODAO 4x80g;1,000;29,90;29,90;13,78;0,00;0,00;16,12;53,91;116,98;0,58;98,88;C;;
17/09/2026;024670 - ACQUA DISTRIBUIDORA DE PERFUMES E COSMETICOS LTDA;07891033882984;ZAAD EDP INFINITY PRM 10ml;1,000;17,81;17,81;6,44;0,00;0,00;11,37;63,84;176,55;0,41;99,29;C;;
17/09/2026;024670 - ACQUA DISTRIBUIDORA DE PERFUMES E COSMETICOS LTDA;07891033894222;NSPA LOC DES HID CPO ORQ/NOIRE V2 400ml;1,000;44,72;44,72;36,28;0,00;0,00;8,44;18,87;23,26;0,31;99,60;C;;
17/09/2026;024670 - ACQUA DISTRIBUIDORA DE PERFUMES E COSMETICOS LTDA;07891033491506;MATCH SPR CAP MULTIBENEFICIOS V2 150ml;1,000;32,74;32,74;25,33;0,00;0,00;7,41;22,63;29,25;0,27;99,87;C;;
17/09/2026;024670 - ACQUA DISTRIBUIDORA DE PERFUMES E COSMETICOS LTDA;07891033830602;CELEBRE DES COL FLOR FRUT FORC 100ml;1,000;49,03;49,03;45,90;0,00;0,00;3,13;6,38;6,82;0,11;99,98;C;;
17/09/2026;024670 - ACQUA DISTRIBUIDORA DE PERFUMES E COSMETICOS LTDA;07891033888528;CARTAO PRESENTE BOTICARIO MAES 25 UNIT;1,000;0,49;0,49;0,00;0,00;0,00;0,49;100,00;0,00;0,02;100,00;C;;
17/09/2026;024671 - 24671 ACQUA DISTRIBUIDORA DE PERFUMES E;07891033595556;HER CODE EDP TOUCH 50ml;5,000;596,15;119,23;351,35;0,00;0,00;244,80;41,06;69,67;10,92;10,92;A;;
17/09/2026;024671 - 24671 ACQUA DISTRIBUIDORA DE PERFUMES E;07891033880775;NSPA LOC DES HID CPO AMEIXA V7 400ml;9,000;378,66;42,07;184,05;0,00;0,00;194,61;51,39;105,74;8,68;19,60;A;;
17/09/2026;024671 - 24671 ACQUA DISTRIBUIDORA DE PERFUMES E;07891033882953;ZAAD EDP INFINITY 95ml;1,000;271,81;271,81;80,24;0,00;0,00;191,57;70,48;238,75;8,54;28,14;A;;
17/09/2026;024671 - 24671 ACQUA DISTRIBUIDORA DE PERFUMES E;07891033482801;NSPA DES COL BDY SPLSH AMEI/NEG 200ml V2;4,000;237,60;59,40;79,44;0,00;0,00;158,16;66,57;199,09;7,05;35,19;A;;
17/09/2026;024671 - 24671 ACQUA DISTRIBUIDORA DE PERFUMES E;07891033899586;ESTJ MALBEC X AMOR/26;1,000;243,26;243,26;90,86;0,00;0,00;152,40;62,65;167,73;6,80;41,99;A;;
17/09/2026;024671 - 24671 ACQUA DISTRIBUIDORA DE PERFUMES E;07891033473212;BOTIK SRUM ALT/POT ACID MAND/TRANEX 30ml;1,000;181,76;181,76;38,15;0,00;0,00;143,61;79,01;376,44;6,40;48,39;A;;
17/09/2026;024671 - 24671 ACQUA DISTRIBUIDORA DE PERFUMES E;07891033855728;ESTJ MALBEC PAIS/25;1,000;178,37;178,37;74,08;0,00;0,00;104,29;58,47;140,78;4,65;53,04;A;;
17/09/2026;024671 - 24671 ACQUA DISTRIBUIDORA DE PERFUMES E;07891033595167;REF NSPA LOC DES HID CPO AMEI/NEG 350ml;5,000;161,51;32,30;60,85;0,00;0,00;100,66;62,32;165,42;4,49;57,53;A;;
17/09/2026;024671 - 24671 ACQUA DISTRIBUIDORA DE PERFUMES E;07891033826902;EGEO DES COL RED C/CART 90ml;1,000;157,90;157,90;59,18;0,00;0,00;98,72;62,52;166,81;4,40;61,93;A;;
17/09/2026;024671 - 24671 ACQUA DISTRIBUIDORA DE PERFUMES E;07891033893317;LILY EDP V3 75ml;1,000;223,93;223,93;126,65;0,00;0,00;97,28;43,44;76,81;4,34;66,27;A;;
17/09/2026;024671 - 24671 ACQUA DISTRIBUIDORA DE PERFUMES E;07891033882038;LILY CREM ACET DES HID CPO V9 250g;1,000;104,93;104,93;17,61;0,00;0,00;87,32;83,22;495,85;3,89;70,17;A;;
17/09/2026;024671 - 24671 ACQUA DISTRIBUIDORA DE PERFUMES E;07891033553662;ARBO DES COL ATLANTICA 100ml;1,000;122,80;122,80;38,77;0,00;0,00;84,03;68,43;216,74;3,75;73,91;A;;
17/09/2026;024671 - 24671 ACQUA DISTRIBUIDORA DE PERFUMES E;07891033842148;EGEO DES COL SPCY VIBE C/CAR 90ml;4,000;320,66;80,16;244,92;0,00;0,00;75,74;23,62;30,92;3,38;77,29;A;;
17/09/2026;024671 - 24671 ACQUA DISTRIBUIDORA DE PERFUMES E;07891033843879;MALBEC DES COL V6 100ml;1,000;153,52;153,52;82,64;0,00;0,00;70,88;46,17;85,77;3,16;80,45;B;;
17/09/2026;024671 - 24671 ACQUA DISTRIBUIDORA DE PERFUMES E;07891033479054;BOTICOLL ACQUA FRESCA DES COL 100ml V2;2,000;130,75;65,37;60,78;0,00;0,00;69,97;53,51;115,12;3,12;83,57;B;;
17/09/2026;024671 - 24671 ACQUA DISTRIBUIDORA DE PERFUMES E;07891033841820;LILY DES COL BDY SPLSH 200ml;1,000;87,45;87,45;21,18;0,00;0,00;66,27;75,78;312,89;2,96;86,53;B;;
17/09/2026;024671 - 24671 ACQUA DISTRIBUIDORA DE PERFUMES E;07891033741038;GLAMOUR DES COL SEC BL 75ml V4;1,000;119,90;119,90;54,32;0,00;0,00;65,58;54,70;120,73;2,92;89,45;B;;
17/09/2026;024671 - 24671 ACQUA DISTRIBUIDORA DE PERFUMES E;07891033515219;DR BOTICA COL POCAO/CORAG 120ml V2;1,000;98,90;98,90;40,58;0,00;0,00;58,32;58,97;143,72;2,60;92,05;B;;
17/09/2026;024671 - 24671 ACQUA DISTRIBUIDORA DE PERFUMES E;07891033536283;BOTIK GEL LIMP FAC VITAM C PRM 50g;4,000;44,78;11,19;0,00;0,00;0,00;44,78;100,00;0,00;2,00;94,05;B;;
17/09/2026;024671 - 24671 ACQUA DISTRIBUIDORA DE PERFUMES E;07891033476022;BOTI SUN PR FAC ANTIS ACQ FLD FPS70 40ml;1,000;53,90;53,90;15,58;0,00;0,00;38,32;71,09;245,96;1,71;95,76;C;;
17/09/2026;024671 - 24671 ACQUA DISTRIBUIDORA DE PERFUMES E;07891033520527;CELEBRE DES COL MASC AGORA 100ml;1,000;45,77;45,77;18,36;0,00;0,00;27,41;59,89;149,29;1,22;96,98;C;;
17/09/2026;024671 - 24671 ACQUA DISTRIBUIDORA DE PERFUMES E;07891033511686;CBEM SAB LIQ INT CER LIVRE V2 200ml;1,000;32,81;32,81;10,89;0,00;0,00;21,92;66,81;201,29;0,98;97,96;C;;
17/09/2026;024671 - 24671 ACQUA DISTRIBUIDORA DE PERFUMES E;07891033587292;BOTICA 214 EDP SEV/DOR FOUG/AROM 90ml;1,000;112,25;112,25;97,06;0,00;0,00;15,19;13,53;15,65;0,68;98,63;C;;
17/09/2026;024671 - 24671 ACQUA DISTRIBUIDORA DE PERFUMES E;07891033830602;CELEBRE DES COL FLOR FRUT FORC 100ml;2,000;91,54;45,77;80,64;0,00;0,00;10,90;11,91;13,52;0,49;99,12;C;;
17/09/2026;024671 - 24671 ACQUA DISTRIBUIDORA DE PERFUMES E;07891033512317;CBEM SAB BARRA CEREJA LIVRE V2 2x80g;1,000;16,37;16,37;7,39;0,00;0,00;8,98;54,86;121,52;0,40;99,52;C;;
17/09/2026;024671 - 24671 ACQUA DISTRIBUIDORA DE PERFUMES E;07891033894222;NSPA LOC DES HID CPO ORQ/NOIRE V2 400ml;1,000;44,95;44,95;36,28;0,00;0,00;8,67;19,29;23,90;0,39;99,91;C;;
17/09/2026;024671 - 24671 ACQUA DISTRIBUIDORA DE PERFUMES E;07891033537938;CBEM SAB BARRA FEIRA MARACUJA 2x80g;1,000;12,45;12,45;7,41;0,00;0,00;5,04;40,48;68,02;0,22;100,13;C;;
17/09/2026;024671 - 24671 ACQUA DISTRIBUIDORA DE PERFUMES E;07891033520442;CELEBRE DES COL FEM AGORA 100ml;1,000;45,77;45,77;42,74;0,00;0,00;3,03;6,62;7,09;0,14;100,27;C;;
17/09/2026;024671 - 24671 ACQUA DISTRIBUIDORA DE PERFUMES E;07891033894017;CX PRESENTE M BOTI INST/25 VDA;1,000;8,93;8,93;7,37;0,00;0,00;1,56;17,47;21,17;0,07;100,34;C;;
17/09/2026;024671 - 24671 ACQUA DISTRIBUIDORA DE PERFUMES E;07891033908226;SACOLA M BOTICARIO INST/25;1,000;0,01;0,01;1,56;0,00;0,00;-1,55;-15500,00;-99,36;-0,07;100,27;C;;
17/09/2026;024671 - 24671 ACQUA DISTRIBUIDORA DE PERFUMES E;07891033889136;CBEM SPR INTIMO CER/FASES 75ml;1,000;18,47;18,47;19,95;0,00;0,67;-2,15;-11,66;-7,42;-0,10;100,17;C;;
17/09/2026;024671 - 24671 ACQUA DISTRIBUIDORA DE PERFUMES E;07891033499588;NSPA LOC DES HID CPO ORQ NOIRE 400ml;1,000;30,05;30,05;33,91;0,00;0,00;-3,86;-12,85;-11,38;-0,17;100,00;C;;
18/09/2026;024303 - 24303 ACQUA DISTRIBUIDORA DE PERFUMES E;07891033553662;ARBO DES COL ATLANTICA 100ml;2,000;277,52;138,76;78,28;0,00;0,00;199,24;71,79;254,52;12,48;12,48;A;;
18/09/2026;024303 - 24303 ACQUA DISTRIBUIDORA DE PERFUMES E;07891033902309;ESTJ THE BLEND PAIS/26;1,000;271,60;271,60;131,78;0,00;0,00;139,82;51,48;106,10;8,76;21,24;A;;
18/09/2026;024303 - 24303 ACQUA DISTRIBUIDORA DE PERFUMES E;07891033766666;MEN DES COL GALBE 100ml V2;1,000;152,37;152,37;33,73;0,00;0,00;118,64;77,86;351,73;7,43;28,67;A;;
18/09/2026;024303 - 24303 ACQUA DISTRIBUIDORA DE PERFUMES E;07891033506774;CLASH DES COL 100ml;1,000;144,90;144,90;38,18;0,00;0,00;106,72;73,65;279,52;6,69;35,36;A;;
18/09/2026;024303 - 24303 ACQUA DISTRIBUIDORA DE PERFUMES E;07891033905133;MALBEC DES COL V7 100ml;2,000;273,28;136,64;174,84;0,00;0,00;98,44;36,02;56,30;6,17;41,53;A;;
18/09/2026;024303 - 24303 ACQUA DISTRIBUIDORA DE PERFUMES E;07891033818495;LINDA DES COL FELICIDADE V2 100ml;1,000;132,64;132,64;37,27;0,00;0,00;95,37;71,90;255,89;5,97;47,50;A;;
18/09/2026;024303 - 24303 ACQUA DISTRIBUIDORA DE PERFUMES E;07891033581320;CBEM D/COL BDY SPLSH DEL/CHOCOLAT 200ml;3,000;160,33;53,44;72,78;0,00;0,00;87,55;54,61;120,29;5,48;52,99;A;;
18/09/2026;024303 - 24303 ACQUA DISTRIBUIDORA DE PERFUMES E;07891033499595;NSPA LOC DES HID CPO ORQ NOIRE 200ml;4,000;135,87;33,97;50,48;0,00;0,00;85,39;62,85;169,16;5,35;58,34;A;;
18/09/2026;024303 - 24303 ACQUA DISTRIBUIDORA DE PERFUMES E;07891033479054;BOTICOLL ACQUA FRESCA DES COL 100ml V2;2,000;151,17;75,58;72,44;0,00;0,00;78,73;52,08;108,68;4,93;63,27;A;;
18/09/2026;024303 - 24303 ACQUA DISTRIBUIDORA DE PERFUMES E;07891033878987;BOTICOLL CONNEXION DES COL V3 100ml;2,000;135,86;67,93;59,76;0,00;0,00;76,10;56,01;127,34;4,77;68,04;A;;
18/09/2026;024303 - 24303 ACQUA DISTRIBUIDORA DE PERFUMES E;07891033595556;HER CODE EDP TOUCH 50ml;1,000;125,06;125,06;61,82;0,00;0,00;63,24;50,57;102,30;3,96;72,00;A;;
18/09/2026;024303 - 24303 ACQUA DISTRIBUIDORA DE PERFUMES E;07891033842131;EGEO DES COL VAN VIBE 90ml;1,000;119,99;119,99;57,47;0,00;0,00;62,52;52,10;108,79;3,92;75,91;A;;
18/09/2026;024303 - 24303 ACQUA DISTRIBUIDORA DE PERFUMES E;07891033908523;ESTJ CELEBRE MASC SUA FORCA PAIS/26;1,000;89,99;89,99;38,92;0,00;0,00;51,07;56,75;131,22;3,20;79,11;A;;
18/09/2026;024303 - 24303 ACQUA DISTRIBUIDORA DE PERFUMES E;07891033963997;HER CODE CR AVELD DES HID CP TOUCH 200g;1,000;97,26;97,26;46,81;0,00;0,00;50,45;51,87;107,78;3,16;82,27;B;;
18/09/2026;024303 - 24303 ACQUA DISTRIBUIDORA DE PERFUMES E;07891033826858;EGEO DES COL BOMB BLACK C/CAR 90ml;1,000;110,42;110,42;61,82;0,00;0,00;48,60;44,01;78,62;3,04;85,32;B;;
18/09/2026;024303 - 24303 ACQUA DISTRIBUIDORA DE PERFUMES E;07891033539765;UOMINI CREM POS BARBA 100g;1,000;47,90;47,90;9,42;0,00;0,00;38,48;80,33;408,49;2,41;87,73;B;;
18/09/2026;024303 - 24303 ACQUA DISTRIBUIDORA DE PERFUMES E;07891033909810;NSPA DES COL BDY SPLSH AMEIX/INT 200ml;1,000;80,38;80,38;42,72;0,00;0,00;37,66;46,85;88,16;2,36;90,09;B;;
18/09/2026;024303 - 24303 ACQUA DISTRIBUIDORA DE PERFUMES E;07891033586011;CBEM LOC DES/H CPO DEL CHOCOLATUDO 200ml;1,000;56,90;56,90;19,37;0,00;0,00;37,53;65,96;193,75;2,35;92,44;B;;
18/09/2026;024303 - 24303 ACQUA DISTRIBUIDORA DE PERFUMES E;07891033482962;FLORATTA DES COL ROSE BOUQUET 75ml;1,000;106,29;106,29;69,14;0,00;0,00;37,15;34,95;53,73;2,33;94,77;B;;
18/09/2026;024303 - 24303 ACQUA DISTRIBUIDORA DE PERFUMES E;07891033855643;CBEM SAB BARRA DELEITE V2 4x80g;1,000;38,90;38,90;14,48;0,00;0,00;24,42;62,78;168,65;1,53;96,30;C;;
18/09/2026;024303 - 24303 ACQUA DISTRIBUIDORA DE PERFUMES E;07891033595174;REF NSPA LOC DES HID CPO AMEIXA 350ml;1,000;34,34;34,34;10,51;0,00;0,00;23,83;69,39;226,74;1,49;97,79;C;;
18/09/2026;024303 - 24303 ACQUA DISTRIBUIDORA DE PERFUMES E;07891033868681;CLASH CR PRE E POS BARBA 150g;1,000;46,90;46,90;28,14;0,00;0,00;18,76;40,00;66,67;1,18;98,97;C;;
18/09/2026;024303 - 24303 ACQUA DISTRIBUIDORA DE PERFUMES E;07891033885602;MALBEC DES ANTIT ROLL V10 55ml;1,000;16,81;16,81;5,21;0,00;0,00;11,60;69,01;222,65;0,73;99,69;C;;
18/09/2026;024303 - 24303 ACQUA DISTRIBUIDORA DE PERFUMES E;07891033894017;CX PRESENTE M BOTI INST/25 VDA;1,000;9,85;9,85;0,00;0,00;0,00;9,85;100,00;0,00;0,62;100,31;C;;
18/09/2026;024303 - 24303 ACQUA DISTRIBUIDORA DE PERFUMES E;07891033511662;CBEM SAB BARRA ROSA/ALGODAO V8 2x80g;1,000;16,28;16,28;7,27;0,00;0,00;9,01;55,34;123,93;0,56;100,87;C;;
18/09/2026;024303 - 24303 ACQUA DISTRIBUIDORA DE PERFUMES E;07891033889136;CBEM SPR INTIMO CER/FASES 75ml;1,000;22,03;22,03;12,75;0,00;0,80;8,48;38,47;72,78;0,53;101,41;C;;
18/09/2026;024303 - 24303 ACQUA DISTRIBUIDORA DE PERFUMES E;07891033493623;MALBEC DES ANTIT AER 75g/125ml V10;1,000;23,72;23,72;18,12;0,00;0,00;5,60;23,61;30,91;0,35;101,76;C;;
18/09/2026;024303 - 24303 ACQUA DISTRIBUIDORA DE PERFUMES E;07891033894208;REF NSPA LOC DES H CP ORQ/NOIRE V2 350ml;1,000;32,49;32,49;27,57;0,00;0,00;4,92;15,14;17,85;0,31;102,06;C;;
18/09/2026;024303 - 24303 ACQUA DISTRIBUIDORA DE PERFUMES E;07891033957996;NSPA CR PERF DES HID CP AMX/INT PRM 50ml;2,000;0,02;0,01;4,52;0,00;0,00;-4,50;-22500,00;-99,56;-0,28;101,78;C;;
18/09/2026;024303 - 24303 ACQUA DISTRIBUIDORA DE PERFUMES E;07891033908219;SACOLA P BOTICARIO INST/25;4,000;0,04;0,01;5,24;0,00;0,00;-5,20;-13000,00;-99,24;-0,33;101,46;C;;
18/09/2026;024303 - 24303 ACQUA DISTRIBUIDORA DE PERFUMES E;07891033908226;SACOLA M BOTICARIO INST/25;15,000;0,15;0,01;23,40;0,00;0,00;-23,25;-15500,00;-99,36;-1,46;100,00;C;;
18/09/2026;024617 - ACQUA DISTRIBUIDORA DE PERFUMES E COSMETICOS LTDA;07891033902385;ESTJ MALBEC PAIS/26;1,000;228,90;228,90;120,98;0,00;0,00;107,92;47,15;89,20;13,69;13,69;A;;
18/09/2026;024617 - ACQUA DISTRIBUIDORA DE PERFUMES E COSMETICOS LTDA;07891033744381;ARBO DES COL 100ml V4;1,000;139,90;139,90;38,92;0,00;0,00;100,98;72,18;259,46;12,81;26,49;A;;
18/09/2026;024617 - ACQUA DISTRIBUIDORA DE PERFUMES E COSMETICOS LTDA;07891033909810;NSPA DES COL BDY SPLSH AMEIX/INT 200ml;1,000;92,87;92,87;20,36;0,00;0,00;72,51;78,08;356,14;9,20;35,69;A;;
18/09/2026;024617 - ACQUA DISTRIBUIDORA DE PERFUMES E COSMETICOS LTDA;07891033550838;NEXT COLONIA 75ml;1,000;100,00;100,00;31,70;0,00;0,00;68,30;68,30;215,46;8,66;44,35;A;;
18/09/2026;024617 - ACQUA DISTRIBUIDORA DE PERFUMES E COSMETICOS LTDA;07891033481811;LILY OL PERF DES CPO 150ml V11;1,000;110,00;110,00;48,33;0,00;0,00;61,67;56,06;127,60;7,82;52,17;A;;
18/09/2026;024617 - ACQUA DISTRIBUIDORA DE PERFUMES E COSMETICOS LTDA;07891033589302;ESTJ MA CHERIE 24;1,000;156,90;156,90;99,01;0,00;0,00;57,89;36,90;58,47;7,34;59,52;A;;
18/09/2026;024617 - ACQUA DISTRIBUIDORA DE PERFUMES E COSMETICOS LTDA;07891033512362;CBEM DES COL BDY SPLSH PESSEGUR V2 200ml;1,000;93,77;93,77;36,89;0,00;0,00;56,88;60,66;154,19;7,21;66,73;A;;
18/09/2026;024617 - ACQUA DISTRIBUIDORA DE PERFUMES E COSMETICOS LTDA;07891033499038;CBEM LOC DES HID CPO PESSEGURA V2 200ml;1,000;56,23;56,23;9,11;0,00;0,00;47,12;83,80;517,23;5,98;72,71;A;;
18/09/2026;024617 - ACQUA DISTRIBUIDORA DE PERFUMES E COSMETICOS LTDA;07891033587339;BOTICA 214 EDP SEV/DOR FLOR/FRUT 75ml;2,000;249,95;124,97;204,28;0,00;0,00;45,67;18,27;22,36;5,79;78,50;A;;
18/09/2026;024617 - ACQUA DISTRIBUIDORA DE PERFUMES E COSMETICOS LTDA;07891033595174;REF NSPA LOC DES HID CPO AMEIXA 350ml;1,000;69,89;69,89;27,84;0,00;0,00;42,05;60,17;151,04;5,33;83,83;B;;
18/09/2026;024617 - ACQUA DISTRIBUIDORA DE PERFUMES E COSMETICOS LTDA;07891033471447;CBEM DES ANTIT AER PROTECT/BTY 90g/150ml;2,000;75,00;37,50;35,40;0,00;0,00;39,60;52,80;111,86;5,02;88,85;B;;
18/09/2026;024617 - ACQUA DISTRIBUIDORA DE PERFUMES E COSMETICOS LTDA;07891033957989;NSPA CR PERF DES HID CP AMEIX/INT 180ml;1,000;54,88;54,88;25,82;0,00;0,00;29,06;52,95;112,55;3,69;92,54;B;;
18/09/2026;024617 - ACQUA DISTRIBUIDORA DE PERFUMES E COSMETICOS LTDA;07891033511655;CBEM SAB BARRA ROSA/ALGODAO 4x80g;1,000;38,00;38,00;13,90;0,00;0,00;24,10;63,42;173,38;3,06;95,60;C;;
18/09/2026;024617 - ACQUA DISTRIBUIDORA DE PERFUMES E COSMETICOS LTDA;07891033842148;EGEO DES COL SPCY VIBE C/CAR 90ml;1,000;82,45;82,45;61,82;0,00;0,00;20,63;25,02;33,37;2,62;98,21;C;;
18/09/2026;024617 - ACQUA DISTRIBUIDORA DE PERFUMES E COSMETICOS LTDA;07891033894222;NSPA LOC DES HID CPO ORQ/NOIRE V2 400ml;1,000;44,95;44,95;35,73;0,00;0,00;9,22;20,51;25,80;1,17;99,38;C;;
18/09/2026;024617 - ACQUA DISTRIBUIDORA DE PERFUMES E COSMETICOS LTDA;07891033894017;CX PRESENTE M BOTI INST/25 VDA;1,000;12,25;12,25;7,37;0,00;0,00;4,88;39,84;66,21;0,62;100,00;C;;
18/09/2026;024668 - ACQUA DISTRIBUIDORA DE PERFUMES E COSMETICOS LTDA;07891033905133;MALBEC DES COL V7 100ml;4,000;641,99;160,50;346,08;0,00;0,00;295,91;46,09;85,50;4,77;4,77;A;;
18/09/2026;024668 - ACQUA DISTRIBUIDORA DE PERFUMES E COSMETICOS LTDA;07891033744381;ARBO DES COL 100ml V4;4,000;526,64;131,66;301,48;0,00;0,00;225,16;42,75;74,68;3,63;8,40;A;;
18/09/2026;024668 - ACQUA DISTRIBUIDORA DE PERFUMES E COSMETICOS LTDA;07891033841134;ESTJ FLORATTA BLUE JUMBO REG/21;2,000;410,21;205,10;222,12;0,00;0,00;188,09;45,85;84,68;3,03;11,44;A;;
18/09/2026;024668 - ACQUA DISTRIBUIDORA DE PERFUMES E COSMETICOS LTDA;07891033583737;FLORATTA DES COL RED BLOSSOM V2 75ml;2,000;229,09;114,54;53,36;0,00;0,00;175,73;76,71;329,33;2,83;14,27;A;;
18/09/2026;024668 - ACQUA DISTRIBUIDORA DE PERFUMES E COSMETICOS LTDA;07891033491933;COFFEE DES COL UNIQ MAN FOUG/OR 100ml;1,000;215,00;215,00;41,71;0,00;0,00;173,29;80,60;415,46;2,79;17,06;A;;
18/09/2026;024668 - ACQUA DISTRIBUIDORA DE PERFUMES E COSMETICOS LTDA;07891033767007;LIZ DES COL 100ml;2,000;295,50;147,75;130,14;0,00;0,00;165,36;55,96;127,06;2,67;19,73;A;;
18/09/2026;024668 - ACQUA DISTRIBUIDORA DE PERFUMES E COSMETICOS LTDA;07891033535187;ELYSEE EDP V2 50ml;1,000;217,71;217,71;60,49;0,00;0,00;157,22;72,22;259,91;2,54;22,27;A;;
18/09/2026;024668 - ACQUA DISTRIBUIDORA DE PERFUMES E COSMETICOS LTDA;07891033954056;PMPCK LILY DES B/SPR LEAU/LILY BLANC;3,000;208,60;69,53;56,22;0,00;0,00;152,38;73,05;271,04;2,46;24,72;A;;
18/09/2026;024668 - ACQUA DISTRIBUIDORA DE PERFUMES E COSMETICOS LTDA;07891033878987;BOTICOLL CONNEXION DES COL V3 100ml;3,000;238,96;79,65;89,64;0,00;0,00;149,32;62,49;166,58;2,41;27,13;A;;
18/09/2026;024668 - ACQUA DISTRIBUIDORA DE PERFUMES E COSMETICOS LTDA;07891033878963;FLORATTA EDP RED PASSION V2 75ml;1,000;192,88;192,88;49,11;0,00;0,00;143,77;74,54;292,75;2,32;29,45;A;;
18/09/2026;024668 - ACQUA DISTRIBUIDORA DE PERFUMES E COSMETICOS LTDA;07891033880775;NSPA LOC DES HID CPO AMEIXA V7 400ml;5,000;282,22;56,44;142,90;0,00;0,00;139,32;49,37;97,49;2,25;31,70;A;;
18/09/2026;024668 - ACQUA DISTRIBUIDORA DE PERFUMES E COSMETICOS LTDA;07891033492473;COFFEE D/COL SEDUC MAN OR/AMAD V5 100ml;1,000;215,00;215,00;78,99;0,00;0,00;136,01;63,26;172,19;2,19;33,89;A;;
18/09/2026;024668 - ACQUA DISTRIBUIDORA DE PERFUMES E COSMETICOS LTDA;07891033500222;HER CODE EDP 50ml;2,000;347,52;173,76;221,22;0,00;0,00;126,30;36,34;57,09;2,04;35,93;A;;
18/09/2026;024668 - ACQUA DISTRIBUIDORA DE PERFUMES E COSMETICOS LTDA;07891033197347;THATY DES COL BOTICOLL 100ML;2,000;174,90;87,45;51,30;0,00;0,00;123,60;70,67;240,94;1,99;37,92;A;;
18/09/2026;024668 - ACQUA DISTRIBUIDORA DE PERFUMES E COSMETICOS LTDA;07891033826865;EGEO DES COL BLUE C/CAR 90ml;1,000;155,87;155,87;32,52;0,00;0,00;123,35;79,14;379,31;1,99;39,91;A;;
18/09/2026;024668 - ACQUA DISTRIBUIDORA DE PERFUMES E COSMETICOS LTDA;07891033868957;LILY DES COL LEAU/LILY BLANCHE 75ml;1,000;197,53;197,53;87,97;0,00;0,00;109,56;55,46;124,54;1,77;41,68;A;;
18/09/2026;024668 - ACQUA DISTRIBUIDORA DE PERFUMES E COSMETICOS LTDA;07891033595167;REF NSPA LOC DES HID CPO AMEI/NEG 350ml;3,000;142,68;47,56;36,51;0,00;0,00;106,17;74,41;290,80;1,71;43,39;A;;
18/09/2026;024668 - ACQUA DISTRIBUIDORA DE PERFUMES E COSMETICOS LTDA;07891033595556;HER CODE EDP TOUCH 50ml;2,000;308,65;154,32;207,30;0,00;0,00;101,35;32,84;48,89;1,63;45,02;A;;
18/09/2026;024668 - ACQUA DISTRIBUIDORA DE PERFUMES E COSMETICOS LTDA;07891033892587;QUASAR DES COL ICE V3 100ml;1,000;129,87;129,87;29,99;0,00;0,00;99,88;76,91;333,04;1,61;46,63;A;;
18/09/2026;024668 - ACQUA DISTRIBUIDORA DE PERFUMES E COSMETICOS LTDA;07891033483105;FLORATTA DES COL BLUE V2 75ml;2,000;209,88;104,94;110,52;0,00;0,00;99,36;47,34;89,90;1,60;48,24;A;;
18/09/2026;024668 - ACQUA DISTRIBUIDORA DE PERFUMES E COSMETICOS LTDA;07891033771837;LIZ CREM DES HID CPO 250g;2,000;126,54;63,27;29,72;0,00;0,00;96,82;76,51;325,77;1,56;49,80;A;;
18/09/2026;024668 - ACQUA DISTRIBUIDORA DE PERFUMES E COSMETICOS LTDA;07891033482801;NSPA DES COL BDY SPLSH AMEI/NEG 200ml V2;2,000;134,23;67,11;39,72;0,00;0,00;94,51;70,41;237,94;1,52;51,32;A;;
18/09/2026;024668 - ACQUA DISTRIBUIDORA DE PERFUMES E COSMETICOS LTDA;07891033889242;ESTJ FLORATTA GOLD NAT/25;1,000;143,90;143,90;49,56;0,00;0,00;94,34;65,56;190,36;1,52;52,84;A;;
18/09/2026;024668 - ACQUA DISTRIBUIDORA DE PERFUMES E COSMETICOS LTDA;07891033946167;CELEBRE DES COL MASC AGORA V2 100ml;3,000;220,59;73,53;127,77;0,00;0,00;92,82;42,08;72,65;1,50;54,34;A;;
18/09/2026;024668 - ACQUA DISTRIBUIDORA DE PERFUMES E COSMETICOS LTDA;07891033849741;FLORATTA DES COL BLUE CRYSTAL 75ml;1,000;136,55;136,55;46,15;0,00;0,00;90,40;66,20;195,88;1,46;55,80;A;;
18/09/2026;024668 - ACQUA DISTRIBUIDORA DE PERFUMES E COSMETICOS LTDA;07891033852932;ESTJ HER CODE AMOR/25;2,000;409,23;204,61;320,40;0,00;0,00;88,83;21,71;27,72;1,43;57,23;A;;
18/09/2026;024668 - ACQUA DISTRIBUIDORA DE PERFUMES E COSMETICOS LTDA;07891033492459;COFFEE D/COL DUO MAN FOUG/AMB V2 100ml;1,000;178,90;178,90;90,32;0,00;0,00;88,58;49,51;98,07;1,43;58,66;A;;
18/09/2026;024668 - ACQUA DISTRIBUIDORA DE PERFUMES E COSMETICOS LTDA;07891033909537;GLAMOUR DES COL INTENSE 75ml;1,000;159,77;159,77;77,13;0,00;0,00;82,64;51,72;107,14;1,33;59,99;A;;
18/09/2026;024668 - ACQUA DISTRIBUIDORA DE PERFUMES E COSMETICOS LTDA;07891033490394;ZAAD DES COL BDY SPLSH 200ml;1,000;105,35;105,35;26,02;0,00;0,00;79,33;75,30;304,88;1,28;61,27;A;;
18/09/2026;024668 - ACQUA DISTRIBUIDORA DE PERFUMES E COSMETICOS LTDA;07891033888955;LIZ DES COL D ESSENCE 100ml;1,000;143,90;143,90;65,08;0,00;0,00;78,82;54,77;121,11;1,27;62,54;A;;
18/09/2026;024668 - ACQUA DISTRIBUIDORA DE PERFUMES E COSMETICOS LTDA;07891033501250;MALBEC DES BDY SPR ULTRA BLEU 100ml;2,000;95,11;47,55;16,62;0,00;0,00;78,49;82,53;472,26;1,27;63,81;A;;
18/09/2026;024668 - ACQUA DISTRIBUIDORA DE PERFUMES E COSMETICOS LTDA;07891033856459;BOTICA 214 EDP ARAB/OASIS FOUG/AMB 90ml;1,000;171,75;171,75;97,06;0,00;0,00;74,69;43,49;76,95;1,20;65,01;A;;
18/09/2026;024668 - ACQUA DISTRIBUIDORA DE PERFUMES E COSMETICOS LTDA;07891033508815;CBEM DES COL BDY SPLSH DELEITE V3 200ml;1,000;93,05;93,05;18,87;0,00;0,00;74,18;79,72;393,11;1,20;66,21;A;;
18/09/2026;024668 - ACQUA DISTRIBUIDORA DE PERFUMES E COSMETICOS LTDA;07891033902422;ESTJ UOMINI PAIS/26;1,000;160,11;160,11;87,14;0,00;0,00;72,97;45,57;83,74;1,18;67,38;A;;
18/09/2026;024668 - ACQUA DISTRIBUIDORA DE PERFUMES E COSMETICOS LTDA;07891033581238;BOTICARIO NECESSAIRE NYLON;1,000;82,84;82,84;14,99;0,00;0,00;67,85;81,90;452,64;1,09;68,48;A;;
18/09/2026;024668 - ACQUA DISTRIBUIDORA DE PERFUMES E COSMETICOS LTDA;07891033966066;BOTIK BALM HID LAB FPS 15 32g;3,000;120,19;40,06;53,94;0,00;0,00;66,25;55,12;122,82;1,07;69,55;A;;
18/09/2026;024668 - ACQUA DISTRIBUIDORA DE PERFUMES E COSMETICOS LTDA;07891033909810;NSPA DES COL BDY SPLSH AMEIX/INT 200ml;1,000;84,16;84,16;20,36;0,00;0,00;63,80;75,81;313,36;1,03;70,57;A;;
18/09/2026;024668 - ACQUA DISTRIBUIDORA DE PERFUMES E COSMETICOS LTDA;07891033550838;NEXT COLONIA 75ml;1,000;94,88;94,88;31,37;0,00;0,00;63,51;66,94;202,45;1,02;71,60;A;;
18/09/2026;024668 - ACQUA DISTRIBUIDORA DE PERFUMES E COSMETICOS LTDA;07891033868681;CLASH CR PRE E POS BARBA 150g;2,000;85,60;42,80;22,20;0,00;0,00;63,40;74,07;285,59;1,02;72,62;A;;
18/09/2026;024668 - ACQUA DISTRIBUIDORA DE PERFUMES E COSMETICOS LTDA;07891033842148;EGEO DES COL SPCY VIBE C/CAR 90ml;2,000;164,90;82,45;101,84;0,00;0,00;63,06;38,24;61,92;1,02;73,64;A;;
18/09/2026;024668 - ACQUA DISTRIBUIDORA DE PERFUMES E COSMETICOS LTDA;07891033483075;FLORATTA DES COL F/SECRET V3 75ml;1,000;131,50;131,50;68,48;0,00;0,00;63,02;47,92;92,03;1,02;74,65;A;;
18/09/2026;024668 - ACQUA DISTRIBUIDORA DE PERFUMES E COSMETICOS LTDA;07891033958016;NSPA OL GLOR DES HID CPO AMEIX/INT 200ml;1,000;84,90;84,90;22,63;0,00;0,00;62,27;73,35;275,17;1,00;75,66;A;;
18/09/2026;024668 - ACQUA DISTRIBUIDORA DE PERFUMES E COSMETICOS LTDA;07891033766666;MEN DES COL GALBE 100ml V2;1,000;130,66;130,66;68,59;0,00;0,00;62,07;47,50;90,49;1,00;76,66;A;;
18/09/2026;024668 - ACQUA DISTRIBUIDORA DE PERFUMES E COSMETICOS LTDA;07891033594665;LIZ DES COL FLORA 100ml;1,000;121,56;121,56;59,74;0,00;0,00;61,82;50,86;103,48;1,00;77,66;A;;
18/09/2026;024668 - ACQUA DISTRIBUIDORA DE PERFUMES E COSMETICOS LTDA;07891033479054;BOTICOLL ACQUA FRESCA DES COL 100ml V2;1,000;91,77;91,77;30,39;0,00;0,00;61,38;66,88;201,97;0,99;78,65;A;;
18/09/2026;024668 - ACQUA DISTRIBUIDORA DE PERFUMES E COSMETICOS LTDA;07891033511235;CBEM DES COL BDY SPLSH BOA NOIT V2 200ml;1,000;94,90;94,90;36,52;0,00;0,00;58,38;61,52;159,86;0,94;79,59;A;;
18/09/2026;024668 - ACQUA DISTRIBUIDORA DE PERFUMES E COSMETICOS LTDA;07891033506774;CLASH DES COL 100ml;1,000;127,91;127,91;70,77;0,00;0,00;57,14;44,67;80,74;0,92;80,51;B;;
18/09/2026;024668 - ACQUA DISTRIBUIDORA DE PERFUMES E COSMETICOS LTDA;07891033854820;FLORATTA DES BDY SPR F/SECRET V2 100ml;2,000;73,40;36,70;16,48;0,00;0,00;56,92;77,55;345,39;0,92;81,43;B;;
18/09/2026;024668 - ACQUA DISTRIBUIDORA DE PERFUMES E COSMETICOS LTDA;07891033487905;REFIL MALBEC DES BDY SPR REG 100ml PK V5;2,000;69,04;34,52;12,12;0,00;0,00;56,92;82,44;469,64;0,92;82,35;B;;
18/09/2026;024668 - ACQUA DISTRIBUIDORA DE PERFUMES E COSMETICOS LTDA;07891033595174;REF NSPA LOC DES HID CPO AMEIXA 350ml;1,000;63,00;63,00;10,40;0,00;0,00;52,60;83,49;505,77;0,85;83,19;B;;
18/09/2026;024668 - ACQUA DISTRIBUIDORA DE PERFUMES E COSMETICOS LTDA;07891033740437;LINDA DES COL V4 100ml;1,000;129,27;129,27;78,75;0,00;0,00;50,52;39,08;64,15;0,81;84,01;B;;
18/09/2026;024668 - ACQUA DISTRIBUIDORA DE PERFUMES E COSMETICOS LTDA;07891033493661;BOTI NECESS PERFUMARIA MASC PU;1,000;67,00;67,00;16,80;0,00;0,00;50,20;74,93;298,81;0,81;84,82;B;;
18/09/2026;024668 - ACQUA DISTRIBUIDORA DE PERFUMES E COSMETICOS LTDA;07891033581320;CBEM D/COL BDY SPLSH DEL/CHOCOLAT 200ml;2,000;113,94;56,97;63,78;0,00;0,00;50,16;44,02;78,65;0,81;85,63;B;;
18/09/2026;024668 - ACQUA DISTRIBUIDORA DE PERFUMES E COSMETICOS LTDA;07891033598236;NSPA CR PERF DES CPO ORQ/LUMIER 400ml;1,000;84,02;84,02;35,36;0,00;0,00;48,66;57,91;137,61;0,78;86,41;B;;
18/09/2026;024668 - ACQUA DISTRIBUIDORA DE PERFUMES E COSMETICOS LTDA;07891033854233;NSPA OL CREM CPO ROSAS SECRETAS 175g;1,000;80,00;80,00;31,39;0,00;0,00;48,61;60,76;154,86;0,78;87,19;B;;
18/09/2026;024668 - ACQUA DISTRIBUIDORA DE PERFUMES E COSMETICOS LTDA;07891033851249;CBEM LOC DES HID CPO DELEITE V3 400ml;1,000;77,36;77,36;28,85;0,00;0,00;48,51;62,71;168,15;0,78;87,98;B;;
18/09/2026;024668 - ACQUA DISTRIBUIDORA DE PERFUMES E COSMETICOS LTDA;07891033498864;REF CBEM LOC DES HID CPO L/MEL V6 350ml;1,000;56,62;56,62;11,64;0,00;0,00;44,98;79,44;386,43;0,73;88,70;B;;
18/09/2026;024668 - ACQUA DISTRIBUIDORA DE PERFUMES E COSMETICOS LTDA;07891033837564;COFFEE DES COL WOMAN LUCKY 100ML;1,000;130,81;130,81;90,76;0,00;0,00;40,05;30,62;44,13;0,65;89,35;B;;
18/09/2026;024668 - ACQUA DISTRIBUIDORA DE PERFUMES E COSMETICOS LTDA;07891033909957;CBEM SAB LIQ CPO 2/1 CER/FASES 200ml;2,000;56,59;28,29;17,46;0,00;0,00;39,13;69,15;224,11;0,63;89,98;B;;
18/09/2026;024668 - ACQUA DISTRIBUIDORA DE PERFUMES E COSMETICOS LTDA;07891033856718;CBEM LOC DES HID CPO CER/FAS 400ml;1,000;53,03;53,03;15,80;0,00;0,00;37,23;70,21;235,63;0,60;90,58;B;;
18/09/2026;024668 - ACQUA DISTRIBUIDORA DE PERFUMES E COSMETICOS LTDA;07891033486458;ELYSEE CR HID DES CPO NUIT 250g V2;1,000;93,30;93,30;56,31;0,00;0,00;36,99;39,65;65,69;0,60;91,18;B;;
18/09/2026;024668 - ACQUA DISTRIBUIDORA DE PERFUMES E COSMETICOS LTDA;07891033867554;NSPA SAB LIQ PERF ORQ/NOIRE V2 250ml;1,000;56,61;56,61;19,90;0,00;0,00;36,71;64,85;184,47;0,59;91,77;B;;
18/09/2026;024668 - ACQUA DISTRIBUIDORA DE PERFUMES E COSMETICOS LTDA;07891033598762;BOTIK CR MULTIREP FAC CIC/PANT/CER 30g;1,000;54,13;54,13;19,09;0,00;0,00;35,04;64,73;183,55;0,57;92,33;B;;
18/09/2026;024668 - ACQUA DISTRIBUIDORA DE PERFUMES E COSMETICOS LTDA;07891033589852;NSPA SAB LIQ CPO PERF UVA MERLOT 250ml;1,000;55,98;55,98;21,02;0,00;0,00;34,96;62,45;166,32;0,56;92,90;B;;
18/09/2026;024668 - ACQUA DISTRIBUIDORA DE PERFUMES E COSMETICOS LTDA;07891033538355;HER CODE LOC DES HID CPO 200ml;1,000;57,76;57,76;23,48;0,00;0,00;34,28;59,35;146,00;0,55;93,45;B;;
18/09/2026;024668 - ACQUA DISTRIBUIDORA DE PERFUMES E COSMETICOS LTDA;07891033566952;CBEM LOC DES HID CPO BOB ESPONJA 200ml;1,000;52,28;52,28;19,65;0,00;0,00;32,63;62,41;166,06;0,53;93,98;B;;
18/09/2026;024668 - ACQUA DISTRIBUIDORA DE PERFUMES E COSMETICOS LTDA;07891033486533;ELYSEE DES ANTIT AEROSSOL 75g V3;2,000;53,01;26,50;23,14;0,00;0,00;29,87;56,35;129,08;0,48;94,46;B;;
18/09/2026;024668 - ACQUA DISTRIBUIDORA DE PERFUMES E COSMETICOS LTDA;07891033957972;REF NSPA CR PERF DES HID CP AM/INT 350ml;1,000;57,73;57,73;28,35;0,00;0,00;29,38;50,89;103,63;0,47;94,93;B;;
18/09/2026;024668 - ACQUA DISTRIBUIDORA DE PERFUMES E COSMETICOS LTDA;07891033511662;CBEM SAB BARRA ROSA/ALGODAO V8 2x80g;3,000;49,15;16,38;21,63;0,00;0,00;27,52;55,99;127,23;0,44;95,38;C;;
18/09/2026;024668 - ACQUA DISTRIBUIDORA DE PERFUMES E COSMETICOS LTDA;07891033583577;CBEM SAB BARRA PESSEGUR/GOST 4x80g;1,000;38,90;38,90;11,87;0,00;0,00;27,03;69,49;227,72;0,44;95,81;C;;
18/09/2026;024668 - ACQUA DISTRIBUIDORA DE PERFUMES E COSMETICOS LTDA;07891033534593;BOTIK PR SOL FAC FPS 80 AC/HIAL PRM 10ml;1,000;33,66;33,66;6,73;0,00;0,00;26,93;80,01;400,15;0,43;96,25;C;;
18/09/2026;024668 - ACQUA DISTRIBUIDORA DE PERFUMES E COSMETICOS LTDA;07891033945368;BOTIK GEL CONC LIMP FAC AC/GLIC V3 150g;1,000;41,67;41,67;15,67;0,00;0,00;26,00;62,40;165,92;0,42;96,66;C;;
18/09/2026;024668 - ACQUA DISTRIBUIDORA DE PERFUMES E COSMETICOS LTDA;07891033509560;CLASH DES BDY SPR 100ml;1,000;49,85;49,85;24,05;0,00;0,00;25,80;51,76;107,28;0,42;97,08;C;;
18/09/2026;024668 - ACQUA DISTRIBUIDORA DE PERFUMES E COSMETICOS LTDA;07891033564477;CBEM SAB LIQ CPO BOB ESPONJA 250ml;1,000;46,16;46,16;21,17;0,00;0,00;24,99;54,14;118,04;0,40;97,48;C;;
18/09/2026;024668 - ACQUA DISTRIBUIDORA DE PERFUMES E COSMETICOS LTDA;07891033482818;NSPA LOC DES HID CPO AMEI/NEG 400ml V3;1,000;59,62;59,62;35,37;0,00;0,00;24,25;40,67;68,56;0,39;97,87;C;;
18/09/2026;024668 - ACQUA DISTRIBUIDORA DE PERFUMES E COSMETICOS LTDA;07891033957989;NSPA CR PERF DES HID CP AMEIX/INT 180ml;1,000;49,74;49,74;25,54;0,00;0,00;24,20;48,65;94,75;0,39;98,27;C;;
18/09/2026;024668 - ACQUA DISTRIBUIDORA DE PERFUMES E COSMETICOS LTDA;07891033511679;CBEM DES ANTIT CREM S/PERF V2 80g;1,000;34,90;34,90;12,65;0,00;0,00;22,25;63,75;175,89;0,36;98,62;C;;
18/09/2026;024668 - ACQUA DISTRIBUIDORA DE PERFUMES E COSMETICOS LTDA;07891033551941;NEXT SHAMP REFRESC CAB/CPO 230ml;1,000;43,88;43,88;22,37;0,00;0,00;21,51;49,02;96,16;0,35;98,97;C;;
18/09/2026;024668 - ACQUA DISTRIBUIDORA DE PERFUMES E COSMETICOS LTDA;07891033946174;MATCH CR P/PENT CACH CIEN/CURV V2 450ml;1,000;46,11;46,11;24,97;0,00;0,00;21,14;45,85;84,66;0,34;99,31;C;;
18/09/2026;024668 - ACQUA DISTRIBUIDORA DE PERFUMES E COSMETICOS LTDA;07891033894017;CX PRESENTE M BOTI INST/25 VDA;8,000;79,94;9,99;58,96;0,00;0,00;20,98;26,24;35,58;0,34;99,65;C;;
18/09/2026;024668 - ACQUA DISTRIBUIDORA DE PERFUMES E COSMETICOS LTDA;07891033487806;COFFEE DES ANTIT AER WOMAN SEDUC 75g V4;1,000;30,36;30,36;11,33;0,00;0,00;19,03;62,68;167,96;0,31;99,96;C;;
18/09/2026;024668 - ACQUA DISTRIBUIDORA DE PERFUMES E COSMETICOS LTDA;07891033851201;CBEM SAB BARRA DELEITE V4 2x80g;1,000;24,41;24,41;9,17;0,00;0,00;15,24;62,43;166,19;0,25;100,20;C;;
18/09/2026;024668 - ACQUA DISTRIBUIDORA DE PERFUMES E COSMETICOS LTDA;07891033868698;CLASH LOC DES HID CPO 200ml;1,000;37,87;37,87;24,83;0,00;0,00;13,04;34,43;52,52;0,21;100,41;C;;
18/09/2026;024668 - ACQUA DISTRIBUIDORA DE PERFUMES E COSMETICOS LTDA;07891033856794;CBEM SAB BARRA CER/FASES 4x80g;1,000;25,52;25,52;13,80;0,00;0,00;11,72;45,92;84,93;0,19;100,60;C;;
18/09/2026;024668 - ACQUA DISTRIBUIDORA DE PERFUMES E COSMETICOS LTDA;07891033889136;CBEM SPR INTIMO CER/FASES 75ml;1,000;22,45;22,45;12,62;0,00;0,82;9,01;40,14;77,89;0,15;100,75;C;;
18/09/2026;024668 - ACQUA DISTRIBUIDORA DE PERFUMES E COSMETICOS LTDA;07891033958030;NSPA SAB BARRA CP AMEIX/INT 90g;1,000;13,23;13,23;4,92;0,00;0,00;8,31;62,81;168,90;0,13;100,88;C;;
18/09/2026;024668 - ACQUA DISTRIBUIDORA DE PERFUMES E COSMETICOS LTDA;07891033511648;CBEM DES ANTIT CR R/ALG V3 80g;1,000;22,03;22,03;16,04;0,00;0,00;5,99;27,19;37,34;0,10;100,98;C;;
18/09/2026;024668 - ACQUA DISTRIBUIDORA DE PERFUMES E COSMETICOS LTDA;07891033830657;LIZ DES ANTIT AER 75g;1,000;23,73;23,73;18,25;0,00;0,00;5,48;23,09;30,03;0,09;101,07;C;;
18/09/2026;024668 - ACQUA DISTRIBUIDORA DE PERFUMES E COSMETICOS LTDA;07891033886999;REF CBEM LOC D H CP CER/LIV N/FORM 350ml;1,000;25,80;25,80;21,89;0,00;0,00;3,91;15,16;17,86;0,06;101,13;C;;
18/09/2026;024668 - ACQUA DISTRIBUIDORA DE PERFUMES E COSMETICOS LTDA;07891033277070;BOTICOLL CONNEXION DES COL 100ml V2;1,000;55,96;55,96;62,18;0,00;0,00;-6,22;-11,12;-10,00;-0,10;101,03;C;;
18/09/2026;024668 - ACQUA DISTRIBUIDORA DE PERFUMES E COSMETICOS LTDA;07891033894222;NSPA LOC DES HID CPO ORQ/NOIRE V2 400ml;2,000;63,90;31,95;70,76;0,00;0,00;-6,86;-10,74;-9,69;-0,11;100,92;C;;
18/09/2026;024668 - ACQUA DISTRIBUIDORA DE PERFUMES E COSMETICOS LTDA;07891033855643;CBEM SAB BARRA DELEITE V2 4x80g;1,000;0,01;0,01;14,34;0,00;0,00;-14,33;-143300,00;-99,93;-0,23;100,69;C;;
18/09/2026;024668 - ACQUA DISTRIBUIDORA DE PERFUMES E COSMETICOS LTDA;07891033589876;NSPA OL BIF DES HID CPO UVA MERL 200ml;2,000;3,00;1,50;45,62;0,00;0,00;-42,62;-1420,67;-93,42;-0,69;100,00;C;;
18/09/2026;024669 - 24669 ACQUA DISTRIBUIDORA DE PERFUMES E;07891033595556;HER CODE EDP TOUCH 50ml;4,000;579,86;144,96;247,28;0,00;0,00;332,58;57,36;134,50;13,15;13,15;A;;
18/09/2026;024669 - 24669 ACQUA DISTRIBUIDORA DE PERFUMES E;07891033481415;ACCORDES DES COL 80ml V5;2,000;250,42;125,21;86,98;0,00;0,00;163,44;65,27;187,91;6,46;19,61;A;;
18/09/2026;024669 - 24669 ACQUA DISTRIBUIDORA DE PERFUMES E;07891033882953;ZAAD EDP INFINITY 95ml;1,000;237,27;237,27;80,25;0,00;0,00;157,02;66,18;195,66;6,21;25,82;A;;
18/09/2026;024669 - 24669 ACQUA DISTRIBUIDORA DE PERFUMES E;07891033878963;FLORATTA EDP RED PASSION V2 75ml;1,000;218,54;218,54;98,77;0,00;0,00;119,77;54,80;121,26;4,73;30,55;A;;
18/09/2026;024669 - 24669 ACQUA DISTRIBUIDORA DE PERFUMES E;07891033479054;BOTICOLL ACQUA FRESCA DES COL 100ml V2;1,000;140,39;140,39;24,23;0,00;0,00;116,16;82,74;479,41;4,59;35,14;A;;
18/09/2026;024669 - 24669 ACQUA DISTRIBUIDORA DE PERFUMES E;07891033277070;BOTICOLL CONNEXION DES COL 100ml V2;3,000;212,65;70,88;96,93;0,00;0,00;115,72;54,42;119,39;4,57;39,72;A;;
18/09/2026;024669 - 24669 ACQUA DISTRIBUIDORA DE PERFUMES E;07891033512423;QUASAR DES COL BRAVE V2 100ml;1,000;170,80;170,80;71,95;0,00;0,00;98,85;57,87;137,39;3,91;43,63;A;;
18/09/2026;024669 - 24669 ACQUA DISTRIBUIDORA DE PERFUMES E;07891033718771;BOTICOLL CRAZY DES COL FEELINGS 100ml;1,000;166,26;166,26;77,59;0,00;0,00;88,67;53,33;114,28;3,51;47,13;A;;
18/09/2026;024669 - 24669 ACQUA DISTRIBUIDORA DE PERFUMES E;07891033492503;COFFEE D/C DUO/WOM/ORIENT/AMAD V2 100ml;1,000;129,51;129,51;43,17;0,00;0,00;86,34;66,67;200,00;3,41;50,54;A;;
18/09/2026;024669 - 24669 ACQUA DISTRIBUIDORA DE PERFUMES E;07891033830596;CELEBRE DES COL FOUG AROM FORC 100ml;1,000;99,58;99,58;21,31;0,00;0,00;78,27;78,60;367,29;3,09;53,64;A;;
18/09/2026;024669 - 24669 ACQUA DISTRIBUIDORA DE PERFUMES E;07891033884674;FLORATTA CR HID DES CPO ROSE SUCREE 200g;1,000;104,32;104,32;28,13;0,00;0,00;76,19;73,03;270,85;3,01;56,65;A;;
18/09/2026;024669 - 24669 ACQUA DISTRIBUIDORA DE PERFUMES E;07891033880775;NSPA LOC DES HID CPO AMEIXA V7 400ml;3,000;134,85;44,95;69,63;0,00;0,00;65,22;48,36;93,67;2,58;59,23;A;;
18/09/2026;024669 - 24669 ACQUA DISTRIBUIDORA DE PERFUMES E;07891033741038;GLAMOUR DES COL SEC BL 75ml V4;2,000;207,06;103,53;142,88;0,00;0,00;64,18;31,00;44,92;2,54;61,77;A;;
18/09/2026;024669 - 24669 ACQUA DISTRIBUIDORA DE PERFUMES E;07891033590438;MAKE B CORRET LIQ RETIN 3 H 210Q 55ml;1,000;87,90;87,90;24,99;0,00;0,00;62,91;71,57;251,74;2,49;64,25;A;;
18/09/2026;024669 - 24669 ACQUA DISTRIBUIDORA DE PERFUMES E;07891033222483;CECITA DES COL BOTICOLL 100ML;1,000;87,45;87,45;24,59;0,00;0,00;62,86;71,88;255,63;2,49;66,74;A;;
18/09/2026;024669 - 24669 ACQUA DISTRIBUIDORA DE PERFUMES E;07891033483105;FLORATTA DES COL BLUE V2 75ml;1,000;91,13;91,13;28,42;0,00;0,00;62,71;68,81;220,65;2,48;69,22;A;;
18/09/2026;024669 - 24669 ACQUA DISTRIBUIDORA DE PERFUMES E;07891033841820;LILY DES COL BDY SPLSH 200ml;1,000;82,97;82,97;21,18;0,00;0,00;61,79;74,47;291,74;2,44;71,66;A;;
18/09/2026;024669 - 24669 ACQUA DISTRIBUIDORA DE PERFUMES E;07891033512256;BOTICOLL SAB BARR CPO PERF 5x80g V2;2,000;98,97;49,48;38,96;0,00;0,00;60,01;60,63;154,03;2,37;74,03;A;;
18/09/2026;024669 - 24669 ACQUA DISTRIBUIDORA DE PERFUMES E;07891033740437;LINDA DES COL V4 100ml;1,000;112,90;112,90;55,69;0,00;0,00;57,21;50,67;102,73;2,26;76,29;A;;
18/09/2026;024669 - 24669 ACQUA DISTRIBUIDORA DE PERFUMES E;07891033882014;REF LILY CR ACET DES HID CPO V3 250g;1,000;68,63;68,63;13,91;0,00;0,00;54,72;79,73;393,39;2,16;78,46;A;;
18/09/2026;024669 - 24669 ACQUA DISTRIBUIDORA DE PERFUMES E;07891033948666;MATCH SHAMP SCIENCE RECONST V2 300ml;2,000;95,80;47,90;42,62;0,00;0,00;53,18;55,51;124,78;2,10;80,56;B;;
18/09/2026;024669 - 24669 ACQUA DISTRIBUIDORA DE PERFUMES E;07891033535118;CBEM DES COL BDY SPLSH SHOW/BNH V2 200ml;1,000;68,15;68,15;19,14;0,00;0,00;49,01;71,91;256,06;1,94;82,50;B;;
18/09/2026;024669 - 24669 ACQUA DISTRIBUIDORA DE PERFUMES E;07891033907502;MATCH LEAV IN ESC/HID 150ml;1,000;63,90;63,90;16,09;0,00;0,00;47,81;74,82;297,14;1,89;84,39;B;;
18/09/2026;024669 - 24669 ACQUA DISTRIBUIDORA DE PERFUMES E;07891033512317;CBEM SAB BARRA CEREJA LIVRE V2 2x80g;4,000;74,80;18,70;29,56;0,00;0,00;45,24;60,48;153,04;1,79;86,18;B;;
18/09/2026;024669 - 24669 ACQUA DISTRIBUIDORA DE PERFUMES E;07891033874910;BOTIK GEL LIMP F MCL AC MAND/SAL V2 150g;2,000;74,44;37,22;29,80;0,00;0,00;44,64;59,97;149,80;1,76;87,94;B;;
18/09/2026;024669 - 24669 ACQUA DISTRIBUIDORA DE PERFUMES E;07891033715008;MAKE B LAP RETR P/OLH MARR PCK V2;1,000;69,90;69,90;26,52;0,00;0,00;43,38;62,06;163,57;1,71;89,66;B;;
18/09/2026;024669 - 24669 ACQUA DISTRIBUIDORA DE PERFUMES E;07891033581320;CBEM D/COL BDY SPLSH DEL/CHOCOLAT 200ml;1,000;65,39;65,39;27,58;0,00;0,00;37,81;57,82;137,09;1,49;91,15;B;;
18/09/2026;024669 - 24669 ACQUA DISTRIBUIDORA DE PERFUMES E;07891033490165;ACCORDES DES BDY SPR 100ml V6;2,000;76,18;38,09;43,92;0,00;0,00;32,26;42,35;73,45;1,28;92,43;B;;
18/09/2026;024669 - 24669 ACQUA DISTRIBUIDORA DE PERFUMES E;07891033842148;EGEO DES COL SPCY VIBE C/CAR 90ml;1,000;82,45;82,45;50,92;0,00;0,00;31,53;38,24;61,92;1,25;93,67;B;;
18/09/2026;024669 - 24669 ACQUA DISTRIBUIDORA DE PERFUMES E;07891033909957;CBEM SAB LIQ CPO 2/1 CER/FASES 200ml;1,000;36,90;36,90;8,73;0,00;0,00;28,17;76,34;322,68;1,11;94,79;B;;
18/09/2026;024669 - 24669 ACQUA DISTRIBUIDORA DE PERFUMES E;07891033476022;BOTI SUN PR FAC ANTIS ACQ FLD FPS70 40ml;1,000;40,46;40,46;15,58;0,00;0,00;24,88;61,49;159,69;0,98;95,77;C;;
18/09/2026;024669 - 24669 ACQUA DISTRIBUIDORA DE PERFUMES E;07891033855476;CBEM SAB BARRA SORTIDO V2 4x80g;1,000;38,90;38,90;14,35;0,00;0,00;24,55;63,11;171,08;0,97;96,74;C;;
18/09/2026;024669 - 24669 ACQUA DISTRIBUIDORA DE PERFUMES E;07891033557660;BOTI BABY SAB LIQ GLICERINA 50ml PRM;2,000;28,77;14,38;5,52;0,00;0,00;23,25;80,81;421,20;0,92;97,66;C;;
18/09/2026;024669 - 24669 ACQUA DISTRIBUIDORA DE PERFUMES E;07891033482801;NSPA DES COL BDY SPLSH AMEI/NEG 200ml V2;1,000;54,95;54,95;33,11;0,00;0,00;21,84;39,75;65,96;0,86;98,52;C;;
18/09/2026;024669 - 24669 ACQUA DISTRIBUIDORA DE PERFUMES E;07891033896639;CBEM SAB BARRA DELEITE ESPEC 2x90g;1,000;25,90;25,90;7,83;0,00;0,00;18,07;69,77;230,78;0,71;99,24;C;;
18/09/2026;024669 - 24669 ACQUA DISTRIBUIDORA DE PERFUMES E;07891033879632;CBEM OL CPO TERMICO CER/FASES 110ml;1,000;25,00;25,00;11,46;0,00;0,00;13,54;54,16;118,15;0,54;99,77;C;;
18/09/2026;024669 - 24669 ACQUA DISTRIBUIDORA DE PERFUMES E;07891033486960;LILY DES ANTIT AEROSSOL 75g V9;1,000;24,31;24,31;11,27;0,00;0,00;13,04;53,64;115,71;0,52;100,29;C;;
18/09/2026;024669 - 24669 ACQUA DISTRIBUIDORA DE PERFUMES E;07891033535156;CBEM SAB BARRA SHOW BANHO V2 2x80g;1,000;16,07;16,07;6,96;0,00;0,00;9,11;56,69;130,89;0,36;100,65;C;;
18/09/2026;024669 - 24669 ACQUA DISTRIBUIDORA DE PERFUMES E;07891033511662;CBEM SAB BARRA ROSA/ALGODAO V8 2x80g;1,000;15,97;15,97;7,21;0,00;0,00;8,76;54,85;121,50;0,35;100,99;C;;
18/09/2026;024669 - 24669 ACQUA DISTRIBUIDORA DE PERFUMES E;07891033595167;REF NSPA LOC DES HID CPO AMEI/NEG 350ml;1,000;34,95;34,95;27,08;0,00;0,00;7,87;22,52;29,06;0,31;101,30;C;;
18/09/2026;024669 - 24669 ACQUA DISTRIBUIDORA DE PERFUMES E;07891033950133;COFFEE D/COL MAN/ADD OR/AROM PRM V2 10ml;1,000;13,75;13,75;7,46;0,00;0,00;6,29;45,75;84,32;0,25;101,55;C;;
18/09/2026;024669 - 24669 ACQUA DISTRIBUIDORA DE PERFUMES E;07891033507269;QUASAR DES ANTIT AER RUSH 75g/125ml;1,000;20,83;20,83;17,04;0,00;0,00;3,79;18,19;22,24;0,15;101,70;C;;
18/09/2026;024669 - 24669 ACQUA DISTRIBUIDORA DE PERFUMES E;07891033553747;ARBO DES COL ATLANTICA PRM 10ML;1,000;0,01;0,01;6,41;0,00;0,00;-6,40;-64000,00;-99,84;-0,25;101,45;C;;
18/09/2026;024669 - 24669 ACQUA DISTRIBUIDORA DE PERFUMES E;07891033883653;NSPA SAB BARRA AMEIXA V5 3x90g;1,000;0,25;0,25;14,54;0,00;0,00;-14,29;-5716,00;-98,28;-0,56;100,89;C;;
18/09/2026;024669 - 24669 ACQUA DISTRIBUIDORA DE PERFUMES E;07891033548057;CBEM MASC FAC FEIRA MELANCIA 50g;1,000;0,25;0,25;22,64;0,00;0,00;-22,39;-8956,00;-98,90;-0,89;100,00;C;;
18/09/2026;024670 - ACQUA DISTRIBUIDORA DE PERFUMES E COSMETICOS LTDA;07891033905133;MALBEC DES COL V7 100ml;3,000;509,98;169,99;259,56;0,00;0,00;250,42;49,10;96,48;7,57;7,57;A;;
18/09/2026;024670 - ACQUA DISTRIBUIDORA DE PERFUMES E COSMETICOS LTDA;07891033550838;NEXT COLONIA 75ml;3,000;305,20;101,73;94,11;0,00;0,00;211,09;69,16;224,30;6,38;13,95;A;;
18/09/2026;024670 - ACQUA DISTRIBUIDORA DE PERFUMES E COSMETICOS LTDA;07891033587339;BOTICA 214 EDP SEV/DOR FLOR/FRUT 75ml;3,000;340,00;113,33;135,66;0,00;0,00;204,34;60,10;150,63;6,18;20,12;A;;
18/09/2026;024670 - ACQUA DISTRIBUIDORA DE PERFUMES E COSMETICOS LTDA;07891033883646;QUASAR DES COL CLASSIC V2 100ml;2,000;332,24;166,12;143,28;0,00;0,00;188,96;56,87;131,88;5,71;25,83;A;;
18/09/2026;024670 - ACQUA DISTRIBUIDORA DE PERFUMES E COSMETICOS LTDA;07891033535187;ELYSEE EDP V2 50ml;1,000;236,13;236,13;60,48;0,00;0,00;175,65;74,39;290,43;5,31;31,14;A;;
18/09/2026;024670 - ACQUA DISTRIBUIDORA DE PERFUMES E COSMETICOS LTDA;07891033483655;COFFEE DES COL MAN SEDUC 100ml V4;1,000;229,90;229,90;82,16;0,00;0,00;147,74;64,26;179,82;4,46;35,61;A;;
18/09/2026;024670 - ACQUA DISTRIBUIDORA DE PERFUMES E COSMETICOS LTDA;07891033301928;MALBEC DES COL X 100ml;1,000;193,39;193,39;49,43;0,00;0,00;143,96;74,44;291,24;4,35;39,96;A;;
18/09/2026;024670 - ACQUA DISTRIBUIDORA DE PERFUMES E COSMETICOS LTDA;07891033595556;HER CODE EDP TOUCH 50ml;2,000;251,52;125,76;110,40;0,00;0,00;141,12;56,11;127,83;4,26;44,22;A;;
18/09/2026;024670 - ACQUA DISTRIBUIDORA DE PERFUMES E COSMETICOS LTDA;07891033842148;EGEO DES COL SPCY VIBE C/CAR 90ml;5,000;391,93;78,39;254,60;0,00;0,00;137,33;35,04;53,94;4,15;48,37;A;;
18/09/2026;024670 - ACQUA DISTRIBUIDORA DE PERFUMES E COSMETICOS LTDA;07891033553570;MALBEC EDP 90ml;1,000;220,72;220,72;115,35;0,00;0,00;105,37;47,74;91,35;3,18;51,56;A;;
18/09/2026;024670 - ACQUA DISTRIBUIDORA DE PERFUMES E COSMETICOS LTDA;07891033767007;LIZ DES COL 100ml;1,000;162,89;162,89;63,53;0,00;0,00;99,36;61,00;156,40;3,00;54,56;A;;
18/09/2026;024670 - ACQUA DISTRIBUIDORA DE PERFUMES E COSMETICOS LTDA;07891033482801;NSPA DES COL BDY SPLSH AMEI/NEG 200ml V2;2,000;123,86;61,93;39,72;0,00;0,00;84,14;67,93;211,83;2,54;57,10;A;;
18/09/2026;024670 - ACQUA DISTRIBUIDORA DE PERFUMES E COSMETICOS LTDA;07891033826858;EGEO DES COL BOMB BLACK C/CAR 90ml;1,000;112,17;112,17;28,81;0,00;0,00;83,36;74,32;289,34;2,52;59,62;A;;
18/09/2026;024670 - ACQUA DISTRIBUIDORA DE PERFUMES E COSMETICOS LTDA;07891033826865;EGEO DES COL BLUE C/CAR 90ml;1,000;109,96;109,96;31,04;0,00;0,00;78,92;71,77;254,25;2,39;62,01;A;;
18/09/2026;024670 - ACQUA DISTRIBUIDORA DE PERFUMES E COSMETICOS LTDA;07891033888955;LIZ DES COL D ESSENCE 100ml;1,000;113,48;113,48;42,97;0,00;0,00;70,51;62,13;164,09;2,13;64,14;A;;
18/09/2026;024670 - ACQUA DISTRIBUIDORA DE PERFUMES E COSMETICOS LTDA;07891033581320;CBEM D/COL BDY SPLSH DEL/CHOCOLAT 200ml;2,000;110,42;55,21;42,06;0,00;0,00;68,36;61,91;162,53;2,07;66,20;A;;
18/09/2026;024670 - ACQUA DISTRIBUIDORA DE PERFUMES E COSMETICOS LTDA;07891033506774;CLASH DES COL 100ml;1,000;115,51;115,51;51,29;0,00;0,00;64,22;55,60;125,21;1,94;68,14;A;;
18/09/2026;024670 - ACQUA DISTRIBUIDORA DE PERFUMES E COSMETICOS LTDA;07891033511471;CBEM DES COL BDY SPLSH NUVEM V3 200ml;1,000;79,90;79,90;18,68;0,00;0,00;61,22;76,62;327,73;1,85;69,99;A;;
18/09/2026;024670 - ACQUA DISTRIBUIDORA DE PERFUMES E COSMETICOS LTDA;07891033744381;ARBO DES COL 100ml V4;1,000;136,56;136,56;75,37;0,00;0,00;61,19;44,81;81,19;1,85;71,84;A;;
18/09/2026;024670 - ACQUA DISTRIBUIDORA DE PERFUMES E COSMETICOS LTDA;07891033897827;MALBEC ESPUM P/BARB SENSIT CUID V4 200ml;1,000;73,21;73,21;15,10;0,00;0,00;58,11;79,37;384,83;1,76;73,60;A;;
18/09/2026;024670 - ACQUA DISTRIBUIDORA DE PERFUMES E COSMETICOS LTDA;07891033903818;PMPCK MALBEC DES BODY SPRAY;1,000;76,46;76,46;19,11;0,00;0,00;57,35;75,01;300,10;1,73;75,33;A;;
18/09/2026;024670 - ACQUA DISTRIBUIDORA DE PERFUMES E COSMETICOS LTDA;07891033860586;SOPHIE SPLSH CPO/CAB SHIM BRLH/INT 110ml;1,000;72,31;72,31;15,46;0,00;0,00;56,85;78,62;367,72;1,72;77,05;A;;
18/09/2026;024670 - ACQUA DISTRIBUIDORA DE PERFUMES E COSMETICOS LTDA;07891033535118;CBEM DES COL BDY SPLSH SHOW/BNH V2 200ml;1,000;75,90;75,90;19,14;0,00;0,00;56,76;74,78;296,55;1,72;78,77;A;;
18/09/2026;024670 - ACQUA DISTRIBUIDORA DE PERFUMES E COSMETICOS LTDA;07891033482962;FLORATTA DES COL ROSE BOUQUET 75ml;1,000;120,98;120,98;68,43;0,00;0,00;52,55;43,44;76,79;1,59;80,35;B;;
18/09/2026;024670 - ACQUA DISTRIBUIDORA DE PERFUMES E COSMETICOS LTDA;07891033909810;NSPA DES COL BDY SPLSH AMEIX/INT 200ml;1,000;71,78;71,78;20,36;0,00;0,00;51,42;71,64;252,55;1,55;81,91;B;;
18/09/2026;024670 - ACQUA DISTRIBUIDORA DE PERFUMES E COSMETICOS LTDA;07891033479054;BOTICOLL ACQUA FRESCA DES COL 100ml V2;1,000;69,96;69,96;24,23;0,00;0,00;45,73;65,37;188,73;1,38;83,29;B;;
18/09/2026;024670 - ACQUA DISTRIBUIDORA DE PERFUMES E COSMETICOS LTDA;07891033879823;ACCORDES DES BDY SPR V7 100ml;2,000;76,63;38,31;33,22;0,00;0,00;43,41;56,65;130,67;1,31;84,60;B;;
18/09/2026;024670 - ACQUA DISTRIBUIDORA DE PERFUMES E COSMETICOS LTDA;07891033957958;NSPA CR PERF DES HID CPO AMEIX/INT 400ml;1,000;59,40;59,40;16,95;0,00;0,00;42,45;71,46;250,44;1,28;85,89;B;;
18/09/2026;024670 - ACQUA DISTRIBUIDORA DE PERFUMES E COSMETICOS LTDA;07891033771837;LIZ CREM DES HID CPO 250g;1,000;69,75;69,75;28,55;0,00;0,00;41,20;59,07;144,31;1,25;87,13;B;;
18/09/2026;024670 - ACQUA DISTRIBUIDORA DE PERFUMES E COSMETICOS LTDA;07891033511655;CBEM SAB BARRA ROSA/ALGODAO 4x80g;3,000;77,52;25,84;41,34;0,00;0,00;36,18;46,67;87,52;1,09;88,22;B;;
18/09/2026;024670 - ACQUA DISTRIBUIDORA DE PERFUMES E COSMETICOS LTDA;07891033839612;ARBO DES BDY SPR 100ml V6;2,000;76,64;38,32;43,36;0,00;0,00;33,28;43,42;76,75;1,01;89,23;B;;
18/09/2026;024670 - ACQUA DISTRIBUIDORA DE PERFUMES E COSMETICOS LTDA;07891033830602;CELEBRE DES COL FLOR FRUT FORC 100ml;5,000;234,53;46,91;201,60;0,00;0,00;32,93;14,04;16,33;1,00;90,22;B;;
18/09/2026;024670 - ACQUA DISTRIBUIDORA DE PERFUMES E COSMETICOS LTDA;07891033706938;SOPHIE LOC HID CPO 200ml;1,000;47,87;47,87;17,76;0,00;0,00;30,11;62,90;169,54;0,91;91,13;B;;
18/09/2026;024670 - ACQUA DISTRIBUIDORA DE PERFUMES E COSMETICOS LTDA;07891033856718;CBEM LOC DES HID CPO CER/FAS 400ml;1,000;53,99;53,99;27,12;0,00;0,00;26,87;49,77;99,08;0,81;91,95;B;;
18/09/2026;024670 - ACQUA DISTRIBUIDORA DE PERFUMES E COSMETICOS LTDA;07891033587292;BOTICA 214 EDP SEV/DOR FOUG/AROM 90ml;1,000;117,24;117,24;93,61;0,00;0,00;23,63;20,16;25,24;0,71;92,66;B;;
18/09/2026;024670 - ACQUA DISTRIBUIDORA DE PERFUMES E COSMETICOS LTDA;07891033883431;CAIXA LAÇO P  MAES 25 BOTI;3,000;23,47;7,82;0,00;0,00;0,00;23,47;100,00;0,00;0,71;93,37;B;;
18/09/2026;024670 - ACQUA DISTRIBUIDORA DE PERFUMES E COSMETICOS LTDA;07891033595167;REF NSPA LOC DES HID CPO AMEI/NEG 350ml;1,000;34,95;34,95;12,17;0,00;0,00;22,78;65,18;187,18;0,69;94,06;B;;
18/09/2026;024670 - ACQUA DISTRIBUIDORA DE PERFUMES E COSMETICOS LTDA;07891033894208;REF NSPA LOC DES H CP ORQ/NOIRE V2 350ml;1,000;34,95;34,95;13,37;0,00;0,00;21,58;61,75;161,41;0,65;94,71;B;;
18/09/2026;024670 - ACQUA DISTRIBUIDORA DE PERFUMES E COSMETICOS LTDA;07891033880775;NSPA LOC DES HID CPO AMEIXA V7 400ml;1,000;43,94;43,94;23,21;0,00;0,00;20,73;47,18;89,31;0,63;95,34;C;;
18/09/2026;024670 - ACQUA DISTRIBUIDORA DE PERFUMES E COSMETICOS LTDA;07891033013173;PMPCK MALBEC DES ANTIT AER 2x75g;1,000;47,20;47,20;26,89;0,00;0,00;20,31;43,03;75,53;0,61;95,95;C;;
18/09/2026;024670 - ACQUA DISTRIBUIDORA DE PERFUMES E COSMETICOS LTDA;07891033520442;CELEBRE DES COL FEM AGORA 100ml;1,000;45,14;45,14;24,94;0,00;0,00;20,20;44,75;80,99;0,61;96,56;C;;
18/09/2026;024670 - ACQUA DISTRIBUIDORA DE PERFUMES E COSMETICOS LTDA;07891033512294;CBEM DES ANTIT ROLL ON R/ALG V3 55ml;1,000;25,42;25,42;5,97;0,00;0,00;19,45;76,51;325,80;0,59;97,15;C;;
18/09/2026;024670 - ACQUA DISTRIBUIDORA DE PERFUMES E COSMETICOS LTDA;07891033882984;ZAAD EDP INFINITY PRM 10ml;2,000;32,11;16,05;12,88;0,00;0,00;19,23;59,89;149,30;0,58;97,73;C;;
18/09/2026;024670 - ACQUA DISTRIBUIDORA DE PERFUMES E COSMETICOS LTDA;07891033512263;CBEM SAB BARRA NUVEM V5 2x80g;1,000;24,90;24,90;9,17;0,00;0,00;15,73;63,17;171,54;0,48;98,21;C;;
18/09/2026;024670 - ACQUA DISTRIBUIDORA DE PERFUMES E COSMETICOS LTDA;07891033512614;QUASAR DES B/SPR BLUE RPCK 100ml;1,000;37,26;37,26;24,05;0,00;0,00;13,21;35,45;54,93;0,40;98,61;C;;
18/09/2026;024670 - ACQUA DISTRIBUIDORA DE PERFUMES E COSMETICOS LTDA;07891033543274;LINDA NECESS MATELASSE PU NAT/23;1,000;18,53;18,53;6,25;0,00;0,00;12,28;66,27;196,48;0,37;98,98;C;;
18/09/2026;024670 - ACQUA DISTRIBUIDORA DE PERFUMES E COSMETICOS LTDA;07891033511648;CBEM DES ANTIT CR R/ALG V3 80g;1,000;25,90;25,90;16,04;0,00;0,00;9,86;38,07;61,47;0,30;99,27;C;;
18/09/2026;024670 - ACQUA DISTRIBUIDORA DE PERFUMES E COSMETICOS LTDA;07891033535156;CBEM SAB BARRA SHOW BANHO V2 2x80g;1,000;17,90;17,90;8,61;0,00;0,00;9,29;51,90;107,90;0,28;99,55;C;;
18/09/2026;024670 - ACQUA DISTRIBUIDORA DE PERFUMES E COSMETICOS LTDA;07891033449682;SOPHIE SABONETEIRA PP;1,000;19,82;19,82;10,61;0,00;0,72;8,49;42,82;86,80;0,26;99,81;C;;
18/09/2026;024670 - ACQUA DISTRIBUIDORA DE PERFUMES E COSMETICOS LTDA;07891033499595;NSPA LOC DES HID CPO ORQ NOIRE 200ml;1,000;33,76;33,76;27,52;0,00;0,00;6,24;18,48;22,67;0,19;100,00;C;;
18/09/2026;024671 - 24671 ACQUA DISTRIBUIDORA DE PERFUMES E;07891033479054;BOTICOLL ACQUA FRESCA DES COL 100ml V2;5,000;338,78;67,76;151,95;0,00;0,00;186,83;55,15;122,95;8,79;8,79;A;;
18/09/2026;024671 - 24671 ACQUA DISTRIBUIDORA DE PERFUMES E;07891033861675;ESTJ LILY JUMBO REG/25;1,000;268,04;268,04;116,40;0,00;0,00;151,64;56,57;130,27;7,13;15,92;A;;
18/09/2026;024671 - 24671 ACQUA DISTRIBUIDORA DE PERFUMES E;07891033499595;NSPA LOC DES HID CPO ORQ NOIRE 200ml;7,000;233,32;33,33;84,28;0,00;0,00;149,04;63,88;176,84;7,01;22,93;A;;
18/09/2026;024671 - 24671 ACQUA DISTRIBUIDORA DE PERFUMES E;07891033741038;GLAMOUR DES COL SEC BL 75ml V4;2,000;244,43;122,21;108,64;0,00;0,00;135,79;55,55;124,99;6,39;29,32;A;;
18/09/2026;024671 - 24671 ACQUA DISTRIBUIDORA DE PERFUMES E;07891033511235;CBEM DES COL BDY SPLSH BOA NOIT V2 200ml;2,000;166,82;83,41;36,52;0,00;0,00;130,30;78,11;356,79;6,13;35,45;A;;
18/09/2026;024671 - 24671 ACQUA DISTRIBUIDORA DE PERFUMES E;07891033587339;BOTICA 214 EDP SEV/DOR FLOR/FRUT 75ml;2,000;217,58;108,79;90,44;0,00;0,00;127,14;58,43;140,58;5,98;41,43;A;;
18/09/2026;024671 - 24671 ACQUA DISTRIBUIDORA DE PERFUMES E;07891033514489;FLORATTA DES COL GOLD 75ml V2;1,000;145,21;145,21;30,27;0,00;0,00;114,94;79,15;379,72;5,41;46,84;A;;
18/09/2026;024671 - 24671 ACQUA DISTRIBUIDORA DE PERFUMES E;07891033536283;BOTIK GEL LIMP FAC VITAM C PRM 50g;7,000;99,71;14,24;0,00;0,00;0,00;99,71;100,00;0,00;4,69;51,53;A;;
18/09/2026;024671 - 24671 ACQUA DISTRIBUIDORA DE PERFUMES E;07891033479085;DREAM DES COL SPLSH VIAG/ENC 200ml V2;1,000;119,90;119,90;29,10;0,00;0,00;90,80;75,73;312,03;4,27;55,80;A;;
18/09/2026;024671 - 24671 ACQUA DISTRIBUIDORA DE PERFUMES E;07891033482801;NSPA DES COL BDY SPLSH AMEI/NEG 200ml V2;2,000;127,69;63,84;39,72;0,00;0,00;87,97;68,89;221,48;4,14;59,94;A;;
18/09/2026;024671 - 24671 ACQUA DISTRIBUIDORA DE PERFUMES E;07891033583737;FLORATTA DES COL RED BLOSSOM V2 75ml;1,000;104,12;104,12;26,66;0,00;0,00;77,46;74,39;290,55;3,64;63,59;A;;
18/09/2026;024671 - 24671 ACQUA DISTRIBUIDORA DE PERFUMES E;07891033857968;ELYSEE CREM DES HID CPO ACET V2 250g;1,000;101,98;101,98;34,87;0,00;0,00;67,11;65,81;192,46;3,16;66,74;A;;
18/09/2026;024671 - 24671 ACQUA DISTRIBUIDORA DE PERFUMES E;07891033581320;CBEM D/COL BDY SPLSH DEL/CHOCOLAT 200ml;2,000;107,56;53,78;42,48;0,00;0,00;65,08;60,51;153,20;3,06;69,80;A;;
18/09/2026;024671 - 24671 ACQUA DISTRIBUIDORA DE PERFUMES E;07891033842148;EGEO DES COL SPCY VIBE C/CAR 90ml;4,000;306,00;76,50;244,92;0,00;0,00;61,08;19,96;24,94;2,87;72,68;A;;
18/09/2026;024671 - 24671 ACQUA DISTRIBUIDORA DE PERFUMES E;07891033583638;CBEM D/COL BDY SPLSH NUV/ALEG 200ml;1,000;70,06;70,06;19,84;0,00;0,00;50,22;71,68;253,13;2,36;75,04;A;;
18/09/2026;024671 - 24671 ACQUA DISTRIBUIDORA DE PERFUMES E;07891033499731;FLORATTA DES COL RED BLOSSOM 75ml;1,000;109,90;109,90;60,98;0,00;0,00;48,92;44,51;80,22;2,30;77,34;A;;
18/09/2026;024671 - 24671 ACQUA DISTRIBUIDORA DE PERFUMES E;07891033744381;ARBO DES COL 100ml V4;1,000;121,28;121,28;75,42;0,00;0,00;45,86;37,81;60,81;2,16;79,50;A;;
18/09/2026;024671 - 24671 ACQUA DISTRIBUIDORA DE PERFUMES E;07891033880799;NSPA LOC DES HID CPO AMEIXA V6 200ml;1,000;69,90;69,90;27,55;0,00;0,00;42,35;60,59;153,72;1,99;81,49;B;;
18/09/2026;024671 - 24671 ACQUA DISTRIBUIDORA DE PERFUMES E;07891033598236;NSPA CR PERF DES CPO ORQ/LUMIER 400ml;1,000;76,78;76,78;35,38;0,00;0,00;41,40;53,92;117,02;1,95;83,44;B;;
18/09/2026;024671 - 24671 ACQUA DISTRIBUIDORA DE PERFUMES E;07891033498789;CBEM LOC DES HID CPO BOA NOITE V2 400ml;1,000;67,68;67,68;26,39;0,00;0,00;41,29;61,01;156,46;1,94;85,38;B;;
18/09/2026;024671 - 24671 ACQUA DISTRIBUIDORA DE PERFUMES E;07891033826896;EGEO DES COL CHOC C/CAR 90ml;1,000;96,73;96,73;56,88;0,00;0,00;39,85;41,20;70,06;1,87;87,26;B;;
18/09/2026;024671 - 24671 ACQUA DISTRIBUIDORA DE PERFUMES E;07891033957989;NSPA CR PERF DES HID CP AMEIX/INT 180ml;1,000;45,83;45,83;11,42;0,00;0,00;34,41;75,08;301,31;1,62;88,88;B;;
18/09/2026;024671 - 24671 ACQUA DISTRIBUIDORA DE PERFUMES E;07891033548033;CBEM HID FAC FEIRA BANANA 80g;1,000;45,11;45,11;16,23;0,00;0,00;28,88;64,02;177,94;1,36;90,23;B;;
18/09/2026;024671 - 24671 ACQUA DISTRIBUIDORA DE PERFUMES E;07891033894208;REF NSPA LOC DES H CP ORQ/NOIRE V2 350ml;3,000;110,64;36,88;82,71;0,00;0,00;27,93;25,24;33,77;1,31;91,55;B;;
18/09/2026;024671 - 24671 ACQUA DISTRIBUIDORA DE PERFUMES E;07891033512614;QUASAR DES B/SPR BLUE RPCK 100ml;1,000;36,74;36,74;9,68;0,00;0,00;27,06;73,65;279,55;1,27;92,82;B;;
18/09/2026;024671 - 24671 ACQUA DISTRIBUIDORA DE PERFUMES E;07891033946730;CBEM GEL LIMP FAC FEIR TANGERINA V2 150g;1,000;39,76;39,76;15,55;0,00;0,00;24,21;60,89;155,69;1,14;93,96;B;;
18/09/2026;024671 - 24671 ACQUA DISTRIBUIDORA DE PERFUMES E;07891033499588;NSPA LOC DES HID CPO ORQ NOIRE 400ml;3,000;125,42;41,81;101,73;0,00;0,00;23,69;18,89;23,29;1,11;95,07;C;;
18/09/2026;024671 - 24671 ACQUA DISTRIBUIDORA DE PERFUMES E;07891033595167;REF NSPA LOC DES HID CPO AMEI/NEG 350ml;1,000;33,18;33,18;12,17;0,00;0,00;21,01;63,32;172,64;0,99;96,06;C;;
18/09/2026;024671 - 24671 ACQUA DISTRIBUIDORA DE PERFUMES E;07891033585113;DR BOTICA BONECO PELUCIA PES V2;2,000;59,42;29,71;25,86;11,29;2,17;20,10;33,83;129,78;0,95;97,01;C;;
18/09/2026;024671 - 24671 ACQUA DISTRIBUIDORA DE PERFUMES E;07891033896639;CBEM SAB BARRA DELEITE ESPEC 2x90g;1,000;23,15;23,15;7,83;0,00;0,00;15,32;66,18;195,66;0,72;97,73;C;;
18/09/2026;024671 - 24671 ACQUA DISTRIBUIDORA DE PERFUMES E;07891033587292;BOTICA 214 EDP SEV/DOR FOUG/AROM 90ml;1,000;111,99;111,99;97,06;0,00;0,00;14,93;13,33;15,38;0,70;98,43;C;;
18/09/2026;024671 - 24671 ACQUA DISTRIBUIDORA DE PERFUMES E;07891033521500;INTENSE BAT LIQ TINT 16H SUPF 535 V2 5ml;1,000;35,90;35,90;23,00;0,00;0,00;12,90;35,93;56,09;0,61;99,04;C;;
18/09/2026;024671 - 24671 ACQUA DISTRIBUIDORA DE PERFUMES E;07891033511242;CBEM SAB BARRA BOA NOITE V2 2x80g;1,000;21,36;21,36;8,61;0,00;0,00;12,75;59,69;148,08;0,60;99,64;C;;
18/09/2026;024671 - 24671 ACQUA DISTRIBUIDORA DE PERFUMES E;07891033958030;NSPA SAB BARRA CP AMEIX/INT 90g;1,000;13,90;13,90;4,92;0,00;0,00;8,98;64,60;182,52;0,42;100,06;C;;
18/09/2026;024671 - 24671 ACQUA DISTRIBUIDORA DE PERFUMES E;07891033908219;SACOLA P BOTICARIO INST/25;1,000;0,01;0,01;1,31;0,00;0,00;-1,30;-13000,00;-99,24;-0,06;100,00;C;;
19/09/2026;024303 - 24303 ACQUA DISTRIBUIDORA DE PERFUMES E;07891033595556;HER CODE EDP TOUCH 50ml;4,000;491,60;122,90;247,28;0,00;0,00;244,32;49,70;98,80;12,36;12,36;A;;
19/09/2026;024303 - 24303 ACQUA DISTRIBUIDORA DE PERFUMES E;07891033826896;EGEO DES COL CHOC C/CAR 90ml;2,000;218,39;109,19;62,34;0,00;0,00;156,05;71,45;250,32;7,89;20,26;A;;
19/09/2026;024303 - 24303 ACQUA DISTRIBUIDORA DE PERFUMES E;07891033548873;ESTJ BOTI BABY CASCA V2;2,000;227,92;113,96;72,96;0,00;0,00;154,96;67,99;212,39;7,84;28,09;A;;
19/09/2026;024303 - 24303 ACQUA DISTRIBUIDORA DE PERFUMES E;07891033902378;ESTJ ZAAD PAIS/26;1,000;267,35;267,35;120,98;0,00;0,00;146,37;54,75;120,99;7,41;35,50;A;;
19/09/2026;024303 - 24303 ACQUA DISTRIBUIDORA DE PERFUMES E;07891033542314;MALBEC DES COL ULTRA BLEU V2 100ml;1,000;196,99;196,99;86,73;0,00;0,00;110,26;55,97;127,13;5,58;41,08;A;;
19/09/2026;024303 - 24303 ACQUA DISTRIBUIDORA DE PERFUMES E;07891033963997;HER CODE CR AVELD DES HID CP TOUCH 200g;2,000;200,17;100,08;93,62;0,00;0,00;106,55;53,23;113,81;5,39;46,47;A;;
19/09/2026;024303 - 24303 ACQUA DISTRIBUIDORA DE PERFUMES E;07891033766666;MEN DES COL GALBE 100ml V2;1,000;138,09;138,09;33,73;0,00;0,00;104,36;75,57;309,40;5,28;51,75;A;;
19/09/2026;024303 - 24303 ACQUA DISTRIBUIDORA DE PERFUMES E;07891033878963;FLORATTA EDP RED PASSION V2 75ml;1,000;197,86;197,86;99,81;0,00;0,00;98,05;49,56;98,24;4,96;56,71;A;;
19/09/2026;024303 - 24303 ACQUA DISTRIBUIDORA DE PERFUMES E;07891033744381;ARBO DES COL 100ml V4;2,000;248,58;124,29;152,42;0,00;0,00;96,16;38,68;63,09;4,86;61,57;A;;
19/09/2026;024303 - 24303 ACQUA DISTRIBUIDORA DE PERFUMES E;07891033506774;CLASH DES COL 100ml;1,000;133,32;133,32;38,18;0,00;0,00;95,14;71,36;249,19;4,81;66,39;A;;
19/09/2026;024303 - 24303 ACQUA DISTRIBUIDORA DE PERFUMES E;07891033535187;ELYSEE EDP V2 50ml;1,000;226,90;226,90;140,09;0,00;0,00;86,81;38,26;61,97;4,39;70,78;A;;
19/09/2026;024303 - 24303 ACQUA DISTRIBUIDORA DE PERFUMES E;07891033718153;EGEO CREM DES HID CPO SUFLE CHOC 250g;2,000;106,86;53,43;31,52;0,00;0,00;75,34;70,50;239,02;3,81;74,59;A;;
19/09/2026;024303 - 24303 ACQUA DISTRIBUIDORA DE PERFUMES E;07891033826858;EGEO DES COL BOMB BLACK C/CAR 90ml;1,000;129,90;129,90;61,82;0,00;0,00;68,08;52,41;110,13;3,44;78,03;A;;
19/09/2026;024303 - 24303 ACQUA DISTRIBUIDORA DE PERFUMES E;07891033899623;ESTJ COFFEE W/SED AMOR/26;1,000;164,29;164,29;96,58;0,00;0,00;67,71;41,21;70,11;3,43;81,46;B;;
19/09/2026;024303 - 24303 ACQUA DISTRIBUIDORA DE PERFUMES E;07891033482962;FLORATTA DES COL ROSE BOUQUET 75ml;1,000;129,90;129,90;69,14;0,00;0,00;60,76;46,77;87,88;3,07;84,53;B;;
19/09/2026;024303 - 24303 ACQUA DISTRIBUIDORA DE PERFUMES E;07891033512362;CBEM DES COL BDY SPLSH PESSEGUR V2 200ml;1,000;78,02;78,02;18,25;0,00;0,00;59,77;76,61;327,51;3,02;87,56;B;;
19/09/2026;024303 - 24303 ACQUA DISTRIBUIDORA DE PERFUMES E;07891033833573;FLORATTA DES COL SPLASH BLUE 200ml;1,000;90,79;90,79;36,74;0,00;0,00;54,05;59,53;147,11;2,73;90,29;B;;
19/09/2026;024303 - 24303 ACQUA DISTRIBUIDORA DE PERFUMES E;07891033487851;MALBEC DES BDY SPR 100ml V4 PCK;1,000;52,90;52,90;8,81;0,00;0,00;44,09;83,35;500,45;2,23;92,52;B;;
19/09/2026;024303 - 24303 ACQUA DISTRIBUIDORA DE PERFUMES E;07891033483105;FLORATTA DES COL BLUE V2 75ml;1,000;102,32;102,32;62,32;0,00;0,00;40,00;39,09;64,18;2,02;94,55;B;;
19/09/2026;024303 - 24303 ACQUA DISTRIBUIDORA DE PERFUMES E;07891033839612;ARBO DES BDY SPR 100ml V6;2,000;77,92;38,96;45,78;0,00;0,00;32,14;41,25;70,21;1,63;96,17;C;;
19/09/2026;024303 - 24303 ACQUA DISTRIBUIDORA DE PERFUMES E;07891033944996;CBEM SAB BARRA PESSEGURA V3 4x80g;1,000;31,98;31,98;10,80;0,00;0,00;21,18;66,23;196,11;1,07;97,24;C;;
19/09/2026;024303 - 24303 ACQUA DISTRIBUIDORA DE PERFUMES E;07891033511662;CBEM SAB BARRA ROSA/ALGODAO V8 2x80g;2,000;33,46;16,73;14,54;0,00;0,00;18,92;56,55;130,12;0,96;98,20;C;;
19/09/2026;024303 - 24303 ACQUA DISTRIBUIDORA DE PERFUMES E;07891033896585;CBEM MANTG DES HID CPO DELEITE 200g;1,000;41,80;41,80;26,16;0,00;0,00;15,64;37,42;59,79;0,79;98,99;C;;
19/09/2026;024303 - 24303 ACQUA DISTRIBUIDORA DE PERFUMES E;07891033868698;CLASH LOC DES HID CPO 200ml;1,000;39,47;39,47;25,09;0,00;0,00;14,38;36,43;57,31;0,73;99,72;C;;
19/09/2026;024303 - 24303 ACQUA DISTRIBUIDORA DE PERFUMES E;07891033894017;CX PRESENTE M BOTI INST/25 VDA;1,000;11,36;11,36;0,00;0,00;0,00;11,36;100,00;0,00;0,57;100,29;C;;
19/09/2026;024303 - 24303 ACQUA DISTRIBUIDORA DE PERFUMES E;07891033856794;CBEM SAB BARRA CER/FASES 4x80g;1,000;23,82;23,82;13,92;0,00;0,00;9,90;41,56;71,12;0,50;100,80;C;;
19/09/2026;024303 - 24303 ACQUA DISTRIBUIDORA DE PERFUMES E;07891033889136;CBEM SPR INTIMO CER/FASES 75ml;1,000;20,22;20,22;12,75;0,00;0,74;6,73;33,29;58,59;0,34;101,14;C;;
19/09/2026;024303 - 24303 ACQUA DISTRIBUIDORA DE PERFUMES E;07891033964444;SACOLA G MAES 2026 BOTI UNIT;1,000;0,01;0,01;0,00;0,00;0,00;0,01;100,00;0,00;0,00;101,14;C;;
19/09/2026;024303 - 24303 ACQUA DISTRIBUIDORA DE PERFUMES E;07891033908226;SACOLA M BOTICARIO INST/25;3,000;0,03;0,01;4,68;0,00;0,00;-4,65;-15500,00;-99,36;-0,24;100,90;C;;
19/09/2026;024303 - 24303 ACQUA DISTRIBUIDORA DE PERFUMES E;07891033908219;SACOLA P BOTICARIO INST/25;4,000;0,04;0,01;5,24;0,00;0,00;-5,20;-13000,00;-99,24;-0,26;100,64;C;;
19/09/2026;024303 - 24303 ACQUA DISTRIBUIDORA DE PERFUMES E;07891033499595;NSPA LOC DES HID CPO ORQ NOIRE 200ml;1,000;0,01;0,01;12,62;0,00;0,00;-12,61;-126100,00;-99,92;-0,64;100,00;C;;
19/09/2026;024617 - ACQUA DISTRIBUIDORA DE PERFUMES E COSMETICOS LTDA;07891033744381;ARBO DES COL 100ml V4;2,000;279,80;139,90;77,84;0,00;0,00;201,96;72,18;259,46;16,82;16,82;A;;
19/09/2026;024617 - ACQUA DISTRIBUIDORA DE PERFUMES E COSMETICOS LTDA;07891033736089;MALBEC DES COL NOIR 100ml V2;1,000;241,48;241,48;90,49;0,00;0,00;150,99;62,53;166,86;12,58;29,40;A;;
19/09/2026;024617 - ACQUA DISTRIBUIDORA DE PERFUMES E COSMETICOS LTDA;07891033482801;NSPA DES COL BDY SPLSH AMEI/NEG 200ml V2;2,000;131,88;65,94;39,72;0,00;0,00;92,16;69,88;232,02;7,68;37,08;A;;
19/09/2026;024617 - ACQUA DISTRIBUIDORA DE PERFUMES E COSMETICOS LTDA;07891033843879;MALBEC DES COL V6 100ml;1,000;174,90;174,90;83,50;0,00;0,00;91,40;52,26;109,46;7,61;44,69;A;;
19/09/2026;024617 - ACQUA DISTRIBUIDORA DE PERFUMES E COSMETICOS LTDA;07891033587292;BOTICA 214 EDP SEV/DOR FOUG/AROM 90ml;1,000;119,95;119,95;44,55;0,00;0,00;75,40;62,86;169,25;6,28;50,97;A;;
19/09/2026;024617 - ACQUA DISTRIBUIDORA DE PERFUMES E COSMETICOS LTDA;07891033520442;CELEBRE DES COL FEM AGORA 100ml;3,000;143,97;47,99;74,85;0,00;0,00;69,12;48,01;92,34;5,76;56,73;A;;
19/09/2026;024617 - ACQUA DISTRIBUIDORA DE PERFUMES E COSMETICOS LTDA;07891033909810;NSPA DES COL BDY SPLSH AMEIX/INT 200ml;1,000;86,32;86,32;20,36;0,00;0,00;65,96;76,41;323,97;5,49;62,23;A;;
19/09/2026;024617 - ACQUA DISTRIBUIDORA DE PERFUMES E COSMETICOS LTDA;07891033512393;CBEM DES COL BDY SPLSH CER/LIV V2 200ml;1,000;94,90;94,90;36,88;0,00;0,00;58,02;61,14;157,32;4,83;67,06;A;;
19/09/2026;024617 - ACQUA DISTRIBUIDORA DE PERFUMES E COSMETICOS LTDA;07891033741038;GLAMOUR DES COL SEC BL 75ml V4;1,000;108,26;108,26;54,32;0,00;0,00;53,94;49,82;99,30;4,49;71,55;A;;
19/09/2026;024617 - ACQUA DISTRIBUIDORA DE PERFUMES E COSMETICOS LTDA;07891033740437;LINDA DES COL V4 100ml;1,000;116,74;116,74;63,00;0,00;0,00;53,74;46,03;85,30;4,48;76,03;A;;
19/09/2026;024617 - ACQUA DISTRIBUIDORA DE PERFUMES E COSMETICOS LTDA;07891033880829;NSPA LOC DES HID CPO AMEIX/NEG V4 400ml;1,000;71,90;71,90;35,75;0,00;0,00;36,15;50,28;101,12;3,01;79,04;A;;
19/09/2026;024617 - ACQUA DISTRIBUIDORA DE PERFUMES E COSMETICOS LTDA;07891033512317;CBEM SAB BARRA CEREJA LIVRE V2 2x80g;2,000;49,80;24,90;17,60;0,00;0,00;32,20;64,66;182,95;2,68;81,72;B;;
19/09/2026;024617 - ACQUA DISTRIBUIDORA DE PERFUMES E COSMETICOS LTDA;07891033880775;NSPA LOC DES HID CPO AMEIXA V7 400ml;3,000;134,85;44,95;107,22;0,00;0,00;27,63;20,49;25,77;2,30;84,03;B;;
19/09/2026;024617 - ACQUA DISTRIBUIDORA DE PERFUMES E COSMETICOS LTDA;07891033889136;CBEM SPR INTIMO CER/FASES 75ml;3,000;67,35;22,45;38,25;0,00;2,46;26,64;39,56;76,08;2,22;86,24;B;;
19/09/2026;024617 - ACQUA DISTRIBUIDORA DE PERFUMES E COSMETICOS LTDA;07891033957996;NSPA CR PERF DES HID CP AMX/INT PRM 50ml;1,000;28,31;28,31;2,26;0,00;0,00;26,05;92,02;1152,65;2,17;88,42;B;;
19/09/2026;024617 - ACQUA DISTRIBUIDORA DE PERFUMES E COSMETICOS LTDA;07891033974368;CAIXA LACO M BOTI PAIS 2026 UNIT;2,000;23,00;11,50;0,00;0,00;0,00;23,00;100,00;0,00;1,92;90,33;B;;
19/09/2026;024617 - ACQUA DISTRIBUIDORA DE PERFUMES E COSMETICOS LTDA;07891033595167;REF NSPA LOC DES HID CPO AMEI/NEG 350ml;1,000;34,95;34,95;12,17;0,00;0,00;22,78;65,18;187,18;1,90;92,23;B;;
19/09/2026;024617 - ACQUA DISTRIBUIDORA DE PERFUMES E COSMETICOS LTDA;07891033945382;NSPA SAB BARRA CORP AMEI/NEG V4 2x90g;1,000;29,90;29,90;8,92;0,00;0,00;20,98;70,17;235,20;1,75;93,98;B;;
19/09/2026;024617 - ACQUA DISTRIBUIDORA DE PERFUMES E COSMETICOS LTDA;07891033842148;EGEO DES COL SPCY VIBE C/CAR 90ml;1,000;82,45;82,45;61,82;0,00;0,00;20,63;25,02;33,37;1,72;95,69;C;;
19/09/2026;024617 - ACQUA DISTRIBUIDORA DE PERFUMES E COSMETICOS LTDA;07891033518012;BOTI BABY SAB LIQ GLIC V2 200ml;1,000;36,90;36,90;17,68;0,00;0,00;19,22;52,09;108,71;1,60;97,30;C;;
19/09/2026;024617 - ACQUA DISTRIBUIDORA DE PERFUMES E COSMETICOS LTDA;07891033830602;CELEBRE DES COL FLOR FRUT FORC 100ml;2,000;99,80;49,90;80,64;0,00;0,00;19,16;19,20;23,76;1,60;98,89;C;;
19/09/2026;024617 - ACQUA DISTRIBUIDORA DE PERFUMES E COSMETICOS LTDA;07891033894222;NSPA LOC DES HID CPO ORQ/NOIRE V2 400ml;2,000;85,44;42,72;71,46;0,00;0,00;13,98;16,36;19,56;1,16;100,06;C;;
19/09/2026;024617 - ACQUA DISTRIBUIDORA DE PERFUMES E COSMETICOS LTDA;07891033830657;LIZ DES ANTIT AER 75g;1,000;27,90;27,90;18,45;0,00;0,00;9,45;33,87;51,22;0,79;100,84;C;;
19/09/2026;024617 - ACQUA DISTRIBUIDORA DE PERFUMES E COSMETICOS LTDA;07891033842285;GLAMOUR DES BDY SPR 100ml V6 PCK;1,000;26,45;26,45;18,85;0,00;0,00;7,60;28,73;40,32;0,63;101,48;C;;
19/09/2026;024617 - ACQUA DISTRIBUIDORA DE PERFUMES E COSMETICOS LTDA;07891033856770;CBEM LOC DES HID CPO CER/FASES PRM 50ml;1,000;0,01;0,01;0,00;0,00;0,00;0,01;100,00;0,00;0,00;101,48;C;;
19/09/2026;024617 - ACQUA DISTRIBUIDORA DE PERFUMES E COSMETICOS LTDA;07891033539109;MAKE B PINCEL P/BASE ABS;1,000;19,90;19,90;37,64;0,00;0,00;-17,74;-89,15;-47,13;-1,48;100,00;C;;
19/09/2026;024668 - ACQUA DISTRIBUIDORA DE PERFUMES E COSMETICOS LTDA;07891033903108;ZAAD EDP V7 95ml;1,000;309,90;309,90;80,53;0,00;0,00;229,37;74,01;284,83;4,72;4,72;A;;
19/09/2026;024668 - ACQUA DISTRIBUIDORA DE PERFUMES E COSMETICOS LTDA;07891033880775;NSPA LOC DES HID CPO AMEIXA V7 400ml;9,000;480,16;53,35;257,22;0,00;0,00;222,94;46,43;86,67;4,59;9,32;A;;
19/09/2026;024668 - ACQUA DISTRIBUIDORA DE PERFUMES E COSMETICOS LTDA;07891033483037;FLORATTA DES COL RED V2 75ml;2,000;341,80;170,90;119,64;0,00;0,00;222,16;65,00;185,69;4,58;13,89;A;;
19/09/2026;024668 - ACQUA DISTRIBUIDORA DE PERFUMES E COSMETICOS LTDA;07891033479498;THE BLEND EDP 100ml V2;1,000;312,68;312,68;98,91;0,00;0,00;213,77;68,37;216,13;4,40;18,30;A;;
19/09/2026;024668 - ACQUA DISTRIBUIDORA DE PERFUMES E COSMETICOS LTDA;07891033482801;NSPA DES COL BDY SPLSH AMEI/NEG 200ml V2;5,000;311,24;62,25;99,30;0,00;0,00;211,94;68,10;213,43;4,37;22,66;A;;
19/09/2026;024668 - ACQUA DISTRIBUIDORA DE PERFUMES E COSMETICOS LTDA;07891033882953;ZAAD EDP INFINITY 95ml;1,000;281,40;281,40;80,24;0,00;0,00;201,16;71,49;250,70;4,14;26,80;A;;
19/09/2026;024668 - ACQUA DISTRIBUIDORA DE PERFUMES E COSMETICOS LTDA;07891033595167;REF NSPA LOC DES HID CPO AMEI/NEG 350ml;5,000;229,26;45,85;60,85;0,00;0,00;168,41;73,46;276,76;3,47;30,27;A;;
19/09/2026;024668 - ACQUA DISTRIBUIDORA DE PERFUMES E COSMETICOS LTDA;07891033878963;FLORATTA EDP RED PASSION V2 75ml;1,000;191,02;191,02;49,11;0,00;0,00;141,91;74,29;288,96;2,92;33,20;A;;
19/09/2026;024668 - ACQUA DISTRIBUIDORA DE PERFUMES E COSMETICOS LTDA;07891033741038;GLAMOUR DES COL SEC BL 75ml V4;2,000;245,51;122,75;108,64;0,00;0,00;136,87;55,75;125,98;2,82;36,02;A;;
19/09/2026;024668 - ACQUA DISTRIBUIDORA DE PERFUMES E COSMETICOS LTDA;07891033222483;CECITA DES COL BOTICOLL 100ML;1,000;150,29;150,29;24,59;0,00;0,00;125,70;83,64;511,18;2,59;38,60;A;;
19/09/2026;024668 - ACQUA DISTRIBUIDORA DE PERFUMES E COSMETICOS LTDA;07891033947584;REF LILY CR ACET DES HID CPO 200g;2,000;191,21;95,60;78,58;0,00;0,00;112,63;58,90;143,33;2,32;40,92;A;;
19/09/2026;024668 - ACQUA DISTRIBUIDORA DE PERFUMES E COSMETICOS LTDA;07891033473397;LIZ DES COL SUBLIME 100ml;1,000;174,90;174,90;65,14;0,00;0,00;109,76;62,76;168,50;2,26;43,19;A;;
19/09/2026;024668 - ACQUA DISTRIBUIDORA DE PERFUMES E COSMETICOS LTDA;07891033854837;FLORATTA DES BDY SPRAY RED V2 100ml;3,000;134,20;44,73;24,54;0,00;0,00;109,66;81,71;446,86;2,26;45,44;A;;
19/09/2026;024668 - ACQUA DISTRIBUIDORA DE PERFUMES E COSMETICOS LTDA;07891033744381;ARBO DES COL 100ml V4;2,000;258,30;129,15;150,74;0,00;0,00;107,56;41,64;71,35;2,22;47,66;A;;
19/09/2026;024668 - ACQUA DISTRIBUIDORA DE PERFUMES E COSMETICOS LTDA;07891033483075;FLORATTA DES COL F/SECRET V3 75ml;1,000;174,90;174,90;68,48;0,00;0,00;106,42;60,85;155,40;2,19;49,85;A;;
19/09/2026;024668 - ACQUA DISTRIBUIDORA DE PERFUMES E COSMETICOS LTDA;07891033515004;SOPHIE COL CANDY 100ml V2;1,000;110,00;110,00;22,34;0,00;0,00;87,66;79,69;392,39;1,81;51,66;A;;
19/09/2026;024668 - ACQUA DISTRIBUIDORA DE PERFUMES E COSMETICOS LTDA;07891033490257;FLORATTA DES BDY SPR ROSE 100ml V8;2,000;103,42;51,71;17,42;0,00;0,00;86,00;83,16;493,69;1,77;53,43;A;;
19/09/2026;024668 - ACQUA DISTRIBUIDORA DE PERFUMES E COSMETICOS LTDA;07891033518029;BOTI BABY COL SOL V2 100ml;1,000;97,90;97,90;17,73;0,00;0,00;80,17;81,89;452,17;1,65;55,08;A;;
19/09/2026;024668 - ACQUA DISTRIBUIDORA DE PERFUMES E COSMETICOS LTDA;07891033841820;LILY DES COL BDY SPLSH 200ml;1,000;99,90;99,90;21,18;0,00;0,00;78,72;78,80;371,67;1,62;56,70;A;;
19/09/2026;024668 - ACQUA DISTRIBUIDORA DE PERFUMES E COSMETICOS LTDA;07891033583737;FLORATTA DES COL RED BLOSSOM V2 75ml;1,000;96,11;96,11;26,68;0,00;0,00;69,43;72,24;260,23;1,43;58,13;A;;
19/09/2026;024668 - ACQUA DISTRIBUIDORA DE PERFUMES E COSMETICOS LTDA;07891033766215;DREAM DES COL CEU/BAUN 200ml;1,000;115,44;115,44;46,25;0,00;0,00;69,19;59,94;149,60;1,43;59,56;A;;
19/09/2026;024668 - ACQUA DISTRIBUIDORA DE PERFUMES E COSMETICOS LTDA;07891033595556;HER CODE EDP TOUCH 50ml;3,000;377,46;125,82;310,95;0,00;0,00;66,51;17,62;21,39;1,37;60,93;A;;
19/09/2026;024668 - ACQUA DISTRIBUIDORA DE PERFUMES E COSMETICOS LTDA;07891033771387;BOTIK CR CON OLH RED/RUG AC/HIAL CAF 15g;1,000;121,47;121,47;56,47;0,00;0,00;65,00;53,51;115,11;1,34;62,27;A;;
19/09/2026;024668 - ACQUA DISTRIBUIDORA DE PERFUMES E COSMETICOS LTDA;07891033860586;SOPHIE SPLSH CPO/CAB SHIM BRLH/INT 110ml;1,000;79,90;79,90;15,46;0,00;0,00;64,44;80,65;416,82;1,33;63,59;A;;
19/09/2026;024668 - ACQUA DISTRIBUIDORA DE PERFUMES E COSMETICOS LTDA;07891033594665;LIZ DES COL FLORA 100ml;1,000;120,85;120,85;59,74;0,00;0,00;61,11;50,57;102,29;1,26;64,85;A;;
19/09/2026;024668 - ACQUA DISTRIBUIDORA DE PERFUMES E COSMETICOS LTDA;07891033479085;DREAM DES COL SPLSH VIAG/ENC 200ml V2;1,000;104,28;104,28;46,25;0,00;0,00;58,03;55,65;125,47;1,20;66,05;A;;
19/09/2026;024668 - ACQUA DISTRIBUIDORA DE PERFUMES E COSMETICOS LTDA;07891033859207;CBEM DES COL BDY SPLSH AMORUDA 200ml;1,000;94,90;94,90;36,90;0,00;0,00;58,00;61,12;157,18;1,19;67,24;A;;
19/09/2026;024668 - ACQUA DISTRIBUIDORA DE PERFUMES E COSMETICOS LTDA;07891033733675;EGEO DES BDY SPR BLUE 100ml V2 PCK;2,000;75,42;37,71;17,96;0,00;0,00;57,46;76,19;319,93;1,18;68,42;A;;
19/09/2026;024668 - ACQUA DISTRIBUIDORA DE PERFUMES E COSMETICOS LTDA;07891033740437;LINDA DES COL V4 100ml;1,000;131,90;131,90;78,75;0,00;0,00;53,15;40,30;67,49;1,09;69,52;A;;
19/09/2026;024668 - ACQUA DISTRIBUIDORA DE PERFUMES E COSMETICOS LTDA;07891033482900;NSPA DES COL BDY SPLSH AMEI 200ml V2;1,000;95,59;95,59;42,47;0,00;0,00;53,12;55,57;125,08;1,09;70,61;A;;
19/09/2026;024668 - ACQUA DISTRIBUIDORA DE PERFUMES E COSMETICOS LTDA;07891033590247;MALBEC BALM POS BARB SENSIT CUID V3 100g;1,000;66,20;66,20;13,22;0,00;0,00;52,98;80,03;400,76;1,09;71,70;A;;
19/09/2026;024668 - ACQUA DISTRIBUIDORA DE PERFUMES E COSMETICOS LTDA;07891033957958;NSPA CR PERF DES HID CPO AMEIX/INT 400ml;1,000;69,21;69,21;16,95;0,00;0,00;52,26;75,51;308,32;1,08;72,78;A;;
19/09/2026;024668 - ACQUA DISTRIBUIDORA DE PERFUMES E COSMETICOS LTDA;07891033954056;PMPCK LILY DES B/SPR LEAU/LILY BLANC;1,000;70,79;70,79;18,74;0,00;0,00;52,05;73,53;277,75;1,07;73,85;A;;
19/09/2026;024668 - ACQUA DISTRIBUIDORA DE PERFUMES E COSMETICOS LTDA;07891033498123;EGEO DES COL ORIGNL 90ml V2;1,000;112,47;112,47;61,22;0,00;0,00;51,25;45,57;83,71;1,06;74,91;A;;
19/09/2026;024668 - ACQUA DISTRIBUIDORA DE PERFUMES E COSMETICOS LTDA;07891033506774;CLASH DES COL 100ml;1,000;120,85;120,85;70,77;0,00;0,00;50,08;41,44;70,76;1,03;75,94;A;;
19/09/2026;024668 - ACQUA DISTRIBUIDORA DE PERFUMES E COSMETICOS LTDA;07891033483105;FLORATTA DES COL BLUE V2 75ml;1,000;104,94;104,94;55,26;0,00;0,00;49,68;47,34;89,90;1,02;76,96;A;;
19/09/2026;024668 - ACQUA DISTRIBUIDORA DE PERFUMES E COSMETICOS LTDA;07891033909957;CBEM SAB LIQ CPO 2/1 CER/FASES 200ml;2,000;66,89;33,44;17,46;0,00;0,00;49,43;73,90;283,10;1,02;77,98;A;;
19/09/2026;024668 - ACQUA DISTRIBUIDORA DE PERFUMES E COSMETICOS LTDA;07891033886968;REF CBEM LOC D H CP R/ALG N/FORM 350ml;1,000;58,89;58,89;9,94;0,00;0,00;48,95;83,12;492,45;1,01;78,99;A;;
19/09/2026;024668 - ACQUA DISTRIBUIDORA DE PERFUMES E COSMETICOS LTDA;07891033873159;CBEM LOC DES HID CPO AMORUDA 200ml;1,000;56,90;56,90;8,56;0,00;0,00;48,34;84,96;564,72;1,00;79,99;A;;
19/09/2026;024668 - ACQUA DISTRIBUIDORA DE PERFUMES E COSMETICOS LTDA;07891033830596;CELEBRE DES COL FOUG AROM FORC 100ml;1,000;94,78;94,78;46,47;0,00;0,00;48,31;50,97;103,96;1,00;80,98;B;;
19/09/2026;024668 - ACQUA DISTRIBUIDORA DE PERFUMES E COSMETICOS LTDA;07891033518012;BOTI BABY SAB LIQ GLIC V2 200ml;3,000;100,27;33,42;52,53;0,00;0,00;47,74;47,61;90,88;0,98;81,96;B;;
19/09/2026;024668 - ACQUA DISTRIBUIDORA DE PERFUMES E COSMETICOS LTDA;07891033509317;ESTJ NSPA 3 AMEIXAS REG/22;1,000;92,61;92,61;44,88;0,00;0,00;47,73;51,54;106,35;0,98;82,95;B;;
19/09/2026;024668 - ACQUA DISTRIBUIDORA DE PERFUMES E COSMETICOS LTDA;07891033941995;DR BOTICA COL POCAO/CORAG V3 120ml;1,000;88,12;88,12;40,54;0,00;0,00;47,58;53,99;117,37;0,98;83,93;B;;
19/09/2026;024668 - ACQUA DISTRIBUIDORA DE PERFUMES E COSMETICOS LTDA;07891033878987;BOTICOLL CONNEXION DES COL V3 100ml;1,000;71,96;71,96;29,88;0,00;0,00;42,08;58,48;140,83;0,87;84,79;B;;
19/09/2026;024668 - ACQUA DISTRIBUIDORA DE PERFUMES E COSMETICOS LTDA;07891033883950;CBEM DES COL BDY SPLSH ROS/ALG V4 200ml;1,000;78,54;78,54;36,50;0,00;0,00;42,04;53,53;115,18;0,87;85,66;B;;
19/09/2026;024668 - ACQUA DISTRIBUIDORA DE PERFUMES E COSMETICOS LTDA;07891033966066;BOTIK BALM HID LAB FPS 15 32g;2,000;76,68;38,34;35,96;0,00;0,00;40,72;53,10;113,24;0,84;86,50;B;;
19/09/2026;024668 - ACQUA DISTRIBUIDORA DE PERFUMES E COSMETICOS LTDA;07891033534104;REF NSPA SAB LIQ CPO PERF AMEI/NEG 200ml;1,000;47,90;47,90;9,49;0,00;0,00;38,41;80,19;404,74;0,79;87,29;B;;
19/09/2026;024668 - ACQUA DISTRIBUIDORA DE PERFUMES E COSMETICOS LTDA;07891033487851;MALBEC DES BDY SPR 100ml V4 PCK;1,000;45,00;45,00;8,72;0,00;0,00;36,28;80,62;416,06;0,75;88,04;B;;
19/09/2026;024668 - ACQUA DISTRIBUIDORA DE PERFUMES E COSMETICOS LTDA;07891033808885;UOMINI DES BDY SPR INFINITE 100ml;1,000;43,22;43,22;8,16;0,00;0,00;35,06;81,12;429,66;0,72;88,76;B;;
19/09/2026;024668 - ACQUA DISTRIBUIDORA DE PERFUMES E COSMETICOS LTDA;07891033808878;UOMINI DES BDY SPR 100ml V7 PCK;1,000;43,22;43,22;8,32;0,00;0,00;34,90;80,75;419,47;0,72;89,48;B;;
19/09/2026;024668 - ACQUA DISTRIBUIDORA DE PERFUMES E COSMETICOS LTDA;07891033869541;SOPHIE PLT MULTIF HYDR/LIN SPID/GWEN 17g;1,000;89,91;89,91;55,90;0,00;0,00;34,01;37,83;60,84;0,70;90,18;B;;
19/09/2026;024668 - ACQUA DISTRIBUIDORA DE PERFUMES E COSMETICOS LTDA;07891033013029;PMPCK LILY DES ANTIT AER 2x75g;1,000;59,85;59,85;26,13;0,00;0,00;33,72;56,34;129,05;0,69;90,87;B;;
19/09/2026;024668 - ACQUA DISTRIBUIDORA DE PERFUMES E COSMETICOS LTDA;07891033598762;BOTIK CR MULTIREP FAC CIC/PANT/CER 30g;1,000;51,60;51,60;19,09;0,00;0,00;32,51;63,00;170,30;0,67;91,54;B;;
19/09/2026;024668 - ACQUA DISTRIBUIDORA DE PERFUMES E COSMETICOS LTDA;07891033842148;EGEO DES COL SPCY VIBE C/CAR 90ml;1,000;82,45;82,45;50,92;0,00;0,00;31,53;38,24;61,92;0,65;92,19;B;;
19/09/2026;024668 - ACQUA DISTRIBUIDORA DE PERFUMES E COSMETICOS LTDA;07891033539307;EGEO DES ANTIT AER BLUE V3 75g;1,000;39,90;39,90;9,50;0,00;0,00;30,40;76,19;320,00;0,63;92,82;B;;
19/09/2026;024668 - ACQUA DISTRIBUIDORA DE PERFUMES E COSMETICOS LTDA;07891033957989;NSPA CR PERF DES HID CP AMEIX/INT 180ml;1,000;54,90;54,90;25,54;0,00;0,00;29,36;53,48;114,96;0,60;93,42;B;;
19/09/2026;024668 - ACQUA DISTRIBUIDORA DE PERFUMES E COSMETICOS LTDA;07891033837564;COFFEE DES COL WOMAN LUCKY 100ML;1,000;119,94;119,94;90,76;0,00;0,00;29,18;24,33;32,15;0,60;94,02;B;;
19/09/2026;024668 - ACQUA DISTRIBUIDORA DE PERFUMES E COSMETICOS LTDA;07891033894208;REF NSPA LOC DES H CP ORQ/NOIRE V2 350ml;1,000;55,81;55,81;27,57;0,00;0,00;28,24;50,60;102,43;0,58;94,61;B;;
19/09/2026;024668 - ACQUA DISTRIBUIDORA DE PERFUMES E COSMETICOS LTDA;07891033512256;BOTICOLL SAB BARR CPO PERF 5x80g V2;1,000;47,18;47,18;19,65;0,00;0,00;27,53;58,35;140,10;0,57;95,17;C;;
19/09/2026;024668 - ACQUA DISTRIBUIDORA DE PERFUMES E COSMETICOS LTDA;07891033512317;CBEM SAB BARRA CEREJA LIVRE V2 2x80g;2,000;40,58;20,29;14,90;0,00;0,00;25,68;63,28;172,35;0,53;95,70;C;;
19/09/2026;024668 - ACQUA DISTRIBUIDORA DE PERFUMES E COSMETICOS LTDA;07891033878048;MAKE B BATOM PREENCH HYAL RICH BROWN 4g;1,000;52,59;52,59;26,92;0,00;0,00;25,67;48,81;95,36;0,53;96,23;C;;
19/09/2026;024668 - ACQUA DISTRIBUIDORA DE PERFUMES E COSMETICOS LTDA;07891033520442;CELEBRE DES COL FEM AGORA 100ml;1,000;49,96;49,96;24,95;0,00;0,00;25,01;50,06;100,24;0,52;96,75;C;;
19/09/2026;024668 - ACQUA DISTRIBUIDORA DE PERFUMES E COSMETICOS LTDA;07891033447640;SOPHIE CJ PINC C/2 UN;1,000;40,41;40,41;17,07;0,00;0,00;23,34;57,76;136,73;0,48;97,23;C;;
19/09/2026;024668 - ACQUA DISTRIBUIDORA DE PERFUMES E COSMETICOS LTDA;07891033560059;MEN CREM PRE/POS BARBA 150g;1,000;47,35;47,35;24,93;0,00;0,00;22,42;47,35;89,93;0,46;97,69;C;;
19/09/2026;024668 - ACQUA DISTRIBUIDORA DE PERFUMES E COSMETICOS LTDA;07891033493623;MALBEC DES ANTIT AER 75g/125ml V10;1,000;31,94;31,94;11,68;0,00;0,00;20,26;63,43;173,46;0,42;98,11;C;;
19/09/2026;024668 - ACQUA DISTRIBUIDORA DE PERFUMES E COSMETICOS LTDA;07891033533527;NSPA SAB BARRA CPO LILAC 2x90g;1,000;25,67;25,67;10,50;0,00;0,00;15,17;59,10;144,48;0,31;98,42;C;;
19/09/2026;024668 - ACQUA DISTRIBUIDORA DE PERFUMES E COSMETICOS LTDA;07891033839605;ARBO DES ANTIT AER 75ml V9;1,000;25,77;25,77;11,73;0,00;0,00;14,04;54,48;119,69;0,29;98,71;C;;
19/09/2026;024668 - ACQUA DISTRIBUIDORA DE PERFUMES E COSMETICOS LTDA;07891033486533;ELYSEE DES ANTIT AEROSSOL 75g V3;1,000;23,96;23,96;11,57;0,00;0,00;12,39;51,71;107,09;0,26;98,96;C;;
19/09/2026;024668 - ACQUA DISTRIBUIDORA DE PERFUMES E COSMETICOS LTDA;07891033885602;MALBEC DES ANTIT ROLL V10 55ml;1,000;16,69;16,69;5,16;0,00;0,00;11,53;69,08;223,45;0,24;99,20;C;;
19/09/2026;024668 - ACQUA DISTRIBUIDORA DE PERFUMES E COSMETICOS LTDA;07891033856725;CBEM LOC DES HID CPO CER/FAS 200ml;1,000;32,33;32,33;21,01;0,00;0,00;11,32;35,01;53,88;0,23;99,43;C;;
19/09/2026;024668 - ACQUA DISTRIBUIDORA DE PERFUMES E COSMETICOS LTDA;07891033894017;CX PRESENTE M BOTI INST/25 VDA;3,000;31,64;10,55;22,11;0,00;0,00;9,53;30,12;43,10;0,20;99,63;C;;
19/09/2026;024668 - ACQUA DISTRIBUIDORA DE PERFUMES E COSMETICOS LTDA;07891033856794;CBEM SAB BARRA CER/FASES 4x80g;1,000;21,80;21,80;13,80;0,00;0,00;8,00;36,70;57,97;0,16;99,79;C;;
19/09/2026;024668 - ACQUA DISTRIBUIDORA DE PERFUMES E COSMETICOS LTDA;07891033958030;NSPA SAB BARRA CP AMEIX/INT 90g;1,000;11,40;11,40;4,92;0,00;0,00;6,48;56,84;131,71;0,13;99,93;C;;
19/09/2026;024668 - ACQUA DISTRIBUIDORA DE PERFUMES E COSMETICOS LTDA;07891033799985;GLAMOUR DES BDY SPR SEC BL 100ml V3 PCK;1,000;27,56;27,56;24,05;0,00;0,00;3,51;12,74;14,59;0,07;100,00;C;;
19/09/2026;024669 - 24669 ACQUA DISTRIBUIDORA DE PERFUMES E;07891033595556;HER CODE EDP TOUCH 50ml;3,000;376,52;125,51;185,46;0,00;0,00;191,06;50,74;103,02;5,42;5,42;A;;
19/09/2026;024669 - 24669 ACQUA DISTRIBUIDORA DE PERFUMES E;07891033843886;MALBEC DES COL NOIR V3 100ml;1,000;229,41;229,41;50,55;0,00;0,00;178,86;77,97;353,83;5,07;10,49;A;;
19/09/2026;024669 - 24669 ACQUA DISTRIBUIDORA DE PERFUMES E;07891033506774;CLASH DES COL 100ml;2,000;251,83;125,91;75,52;0,00;0,00;176,31;70,01;233,46;5,00;15,48;A;;
19/09/2026;024669 - 24669 ACQUA DISTRIBUIDORA DE PERFUMES E;07891033741038;GLAMOUR DES COL SEC BL 75ml V4;5,000;523,02;104,60;357,20;0,00;0,00;165,82;31,70;46,42;4,70;20,18;A;;
19/09/2026;024669 - 24669 ACQUA DISTRIBUIDORA DE PERFUMES E;07891033880775;NSPA LOC DES HID CPO AMEIXA V7 400ml;5,000;269,98;54,00;116,05;0,00;0,00;153,93;57,02;132,64;4,36;24,55;A;;
19/09/2026;024669 - 24669 ACQUA DISTRIBUIDORA DE PERFUMES E;07891033843909;MALBEC DES COL MAGNETIC V3 100ml;1,000;229,41;229,41;81,55;0,00;0,00;147,86;64,45;181,31;4,19;28,74;A;;
19/09/2026;024669 - 24669 ACQUA DISTRIBUIDORA DE PERFUMES E;07891033892723;MALBEC DES COL ICON V2 100ml;1,000;178,12;178,12;40,38;0,00;0,00;137,74;77,33;341,11;3,90;32,64;A;;
19/09/2026;024669 - 24669 ACQUA DISTRIBUIDORA DE PERFUMES E;07891033492459;COFFEE D/COL DUO MAN FOUG/AMB V2 100ml;1,000;179,90;179,90;44,51;0,00;0,00;135,39;75,26;304,18;3,84;36,48;A;;
19/09/2026;024669 - 24669 ACQUA DISTRIBUIDORA DE PERFUMES E;07891033277070;BOTICOLL CONNEXION DES COL 100ml V2;4,000;258,96;64,74;129,24;0,00;0,00;129,72;50,09;100,37;3,68;40,16;A;;
19/09/2026;024669 - 24669 ACQUA DISTRIBUIDORA DE PERFUMES E;07891033771295;BOTIK SRM FAC ALT/POT PRENC AC/HIAL 30ml;1,000;161,28;161,28;34,72;0,00;0,00;126,56;78,47;364,52;3,59;43,74;A;;
19/09/2026;024669 - 24669 ACQUA DISTRIBUIDORA DE PERFUMES E;07891033869909;LIZ DES COL AURA 100ml;1,000;157,41;157,41;31,64;0,00;0,00;125,77;79,90;397,50;3,57;47,31;A;;
19/09/2026;024669 - 24669 ACQUA DISTRIBUIDORA DE PERFUMES E;07891033500222;HER CODE EDP 50ml;1,000;229,27;229,27;106,72;0,00;0,00;122,55;53,45;114,83;3,47;50,78;A;;
19/09/2026;024669 - 24669 ACQUA DISTRIBUIDORA DE PERFUMES E;07891033842148;EGEO DES COL SPCY VIBE C/CAR 90ml;4,000;310,36;77,59;203,68;0,00;0,00;106,68;34,37;52,38;3,02;53,81;A;;
19/09/2026;024669 - 24669 ACQUA DISTRIBUIDORA DE PERFUMES E;07891033830596;CELEBRE DES COL FOUG AROM FORC 100ml;1,000;119,34;119,34;21,31;0,00;0,00;98,03;82,14;460,02;2,78;56,59;A;;
19/09/2026;024669 - 24669 ACQUA DISTRIBUIDORA DE PERFUMES E;07891033817566;LINDA DES COL IRRESISTIVEL 100ml;1,000;129,35;129,35;36,36;0,00;0,00;92,99;71,89;255,75;2,64;59,22;A;;
19/09/2026;024669 - 24669 ACQUA DISTRIBUIDORA DE PERFUMES E;07891033856459;BOTICA 214 EDP ARAB/OASIS FOUG/AMB 90ml;1,000;189,90;189,90;96,95;0,00;0,00;92,95;48,95;95,87;2,63;61,86;A;;
19/09/2026;024669 - 24669 ACQUA DISTRIBUIDORA DE PERFUMES E;07891033878031;MAKE B BATOM PREENCH HYAL CINNAMON 4g;2,000;119,95;59,97;35,40;0,00;0,00;84,55;70,49;238,84;2,40;64,25;A;;
19/09/2026;024669 - 24669 ACQUA DISTRIBUIDORA DE PERFUMES E;07891033514410;DR BOTICA COL POCAO FORCA 120ml V2;1,000;98,84;98,84;17,98;0,00;0,00;80,86;81,81;449,72;2,29;66,55;A;;
19/09/2026;024669 - 24669 ACQUA DISTRIBUIDORA DE PERFUMES E;07891033501250;MALBEC DES BDY SPR ULTRA BLEU 100ml;2,000;94,55;47,27;16,62;0,00;0,00;77,93;82,42;468,89;2,21;68,75;A;;
19/09/2026;024669 - 24669 ACQUA DISTRIBUIDORA DE PERFUMES E;07891033589302;ESTJ MA CHERIE 24;1,000;141,21;141,21;71,54;0,00;0,00;69,67;49,34;97,39;1,97;70,73;A;;
19/09/2026;024669 - 24669 ACQUA DISTRIBUIDORA DE PERFUMES E;07891033483105;FLORATTA DES COL BLUE V2 75ml;1,000;94,45;94,45;28,42;0,00;0,00;66,03;69,91;232,34;1,87;72,60;A;;
19/09/2026;024669 - 24669 ACQUA DISTRIBUIDORA DE PERFUMES E;07891033958016;NSPA OL GLOR DES HID CPO AMEIX/INT 200ml;1,000;84,90;84,90;22,63;0,00;0,00;62,27;73,35;275,17;1,77;74,37;A;;
19/09/2026;024669 - 24669 ACQUA DISTRIBUIDORA DE PERFUMES E;07891033841820;LILY DES COL BDY SPLSH 200ml;1,000;83,36;83,36;21,18;0,00;0,00;62,18;74,59;293,58;1,76;76,13;A;;
19/09/2026;024669 - 24669 ACQUA DISTRIBUIDORA DE PERFUMES E;07891033740437;LINDA DES COL V4 100ml;3,000;225,20;75,07;167,07;0,00;0,00;58,13;25,81;34,79;1,65;77,78;A;;
19/09/2026;024669 - 24669 ACQUA DISTRIBUIDORA DE PERFUMES E;07891033897827;MALBEC ESPUM P/BARB SENSIT CUID V4 200ml;1,000;69,22;69,22;15,10;0,00;0,00;54,12;78,19;358,41;1,53;79,31;A;;
19/09/2026;024669 - 24669 ACQUA DISTRIBUIDORA DE PERFUMES E;07891033594665;LIZ DES COL FLORA 100ml;1,000;111,91;111,91;59,74;0,00;0,00;52,17;46,62;87,33;1,48;80,79;B;;
19/09/2026;024669 - 24669 ACQUA DISTRIBUIDORA DE PERFUMES E;07891033907502;MATCH LEAV IN ESC/HID 150ml;1,000;59,06;59,06;16,09;0,00;0,00;42,97;72,76;267,06;1,22;82,01;B;;
19/09/2026;024669 - 24669 ACQUA DISTRIBUIDORA DE PERFUMES E;07891033557660;BOTI BABY SAB LIQ GLICERINA 50ml PRM;3,000;47,31;15,77;8,28;0,00;0,00;39,03;82,50;471,38;1,11;83,11;B;;
19/09/2026;024669 - 24669 ACQUA DISTRIBUIDORA DE PERFUMES E;07891033538355;HER CODE LOC DES HID CPO 200ml;1,000;58,77;58,77;21,71;0,00;0,00;37,06;63,06;170,70;1,05;84,16;B;;
19/09/2026;024669 - 24669 ACQUA DISTRIBUIDORA DE PERFUMES E;07891033859337;MALBEC SPRAY INTIMO PURE GOLD 75ml;1,000;38,40;38,40;4,01;0,00;0,00;34,39;89,56;857,61;0,97;85,14;B;;
19/09/2026;024669 - 24669 ACQUA DISTRIBUIDORA DE PERFUMES E;07891033864652;ESTJ CBEM DELEITE REG/25;1,000;65,61;65,61;31,76;0,00;0,00;33,85;51,59;106,58;0,96;86,10;B;;
19/09/2026;024669 - 24669 ACQUA DISTRIBUIDORA DE PERFUMES E;07891033706693;SOPHIE COL LIKE 100ml;1,000;56,45;56,45;23,48;0,00;0,00;32,97;58,41;140,42;0,93;87,03;B;;
19/09/2026;024669 - 24669 ACQUA DISTRIBUIDORA DE PERFUMES E;07891033482801;NSPA DES COL BDY SPLSH AMEI/NEG 200ml V2;1,000;65,94;65,94;33,11;0,00;0,00;32,83;49,79;99,15;0,93;87,96;B;;
19/09/2026;024669 - 24669 ACQUA DISTRIBUIDORA DE PERFUMES E;07891033513246;QUASAR DES SPR RUSH V2 100ml;1,000;52,90;52,90;21,90;0,00;0,00;31,00;58,60;141,55;0,88;88,84;B;;
19/09/2026;024669 - 24669 ACQUA DISTRIBUIDORA DE PERFUMES E;07891033884414;CBEM DES COL BDY SPLSH NUVEM 60ml;1,000;40,56;40,56;10,53;0,00;0,00;30,03;74,04;285,19;0,85;89,69;B;;
19/09/2026;024669 - 24669 ACQUA DISTRIBUIDORA DE PERFUMES E;07891033733675;EGEO DES BDY SPR BLUE 100ml V2 PCK;1,000;37,71;37,71;8,18;0,00;0,00;29,53;78,31;361,00;0,84;90,53;B;;
19/09/2026;024669 - 24669 ACQUA DISTRIBUIDORA DE PERFUMES E;07891033013173;PMPCK MALBEC DES ANTIT AER 2x75g;1,000;53,87;53,87;26,89;0,00;0,00;26,98;50,08;100,33;0,76;91,30;B;;
19/09/2026;024669 - 24669 ACQUA DISTRIBUIDORA DE PERFUMES E;07891033749652;MALBEC LOC DES HID CPO RPCK 200ml;1,000;40,41;40,41;13,99;0,00;0,00;26,42;65,38;188,85;0,75;92,04;B;;
19/09/2026;024669 - 24669 ACQUA DISTRIBUIDORA DE PERFUMES E;07891033490257;FLORATTA DES BDY SPR ROSE 100ml V8;1,000;34,11;34,11;8,72;0,00;0,00;25,39;74,44;291,17;0,72;92,76;B;;
19/09/2026;024669 - 24669 ACQUA DISTRIBUIDORA DE PERFUMES E;07891033512430;QUASAR DES COL CLASSIC 100ml;1,000;89,40;89,40;64,18;0,00;0,00;25,22;28,21;39,30;0,71;93,48;B;;
19/09/2026;024669 - 24669 ACQUA DISTRIBUIDORA DE PERFUMES E;07891033874910;BOTIK GEL LIMP F MCL AC MAND/SAL V2 150g;1,000;39,29;39,29;14,90;0,00;0,00;24,39;62,08;163,69;0,69;94,17;B;;
19/09/2026;024669 - 24669 ACQUA DISTRIBUIDORA DE PERFUMES E;07891033866670;MATCH LEAV IN CAP LEVE CIEN/CUR V2 250ml;1,000;41,64;41,64;19,17;0,00;0,00;22,47;53,96;117,21;0,64;94,81;B;;
19/09/2026;024669 - 24669 ACQUA DISTRIBUIDORA DE PERFUMES E;07891033860586;SOPHIE SPLSH CPO/CAB SHIM BRLH/INT 110ml;1,000;37,62;37,62;15,45;0,00;0,00;22,17;58,93;143,50;0,63;95,44;C;;
19/09/2026;024669 - 24669 ACQUA DISTRIBUIDORA DE PERFUMES E;07891033884216;CBEM DES COL BDY SPLSH ROS/ALGODAO 60ml;1,000;40,57;40,57;19,22;0,00;0,00;21,35;52,63;111,08;0,61;96,04;C;;
19/09/2026;024669 - 24669 ACQUA DISTRIBUIDORA DE PERFUMES E;07891033884476;CBEM DES COL BDY SPLSH BOA NOITE 60ml;1,000;40,56;40,56;19,22;0,00;0,00;21,34;52,61;111,03;0,60;96,65;C;;
19/09/2026;024669 - 24669 ACQUA DISTRIBUIDORA DE PERFUMES E;07891033575916;CBEM DES COL BDY SPLSH PESSEGURA 60ml;1,000;30,36;30,36;10,12;0,00;0,00;20,24;66,67;200,00;0,57;97,22;C;;
19/09/2026;024669 - 24669 ACQUA DISTRIBUIDORA DE PERFUMES E;07891033520251;BOTI BABY SAB LIQ GLIC V2 400ml;1,000;32,91;32,91;13,64;0,00;0,00;19,27;58,55;141,28;0,55;97,77;C;;
19/09/2026;024669 - 24669 ACQUA DISTRIBUIDORA DE PERFUMES E;07891033503964;BOTI SUN PROT SOL FAC FPS30 ULT FLD 40ml;1,000;42,43;42,43;25,65;0,00;0,00;16,78;39,55;65,42;0,48;98,24;C;;
19/09/2026;024669 - 24669 ACQUA DISTRIBUIDORA DE PERFUMES E;07891033589241;EGEO DES COL BANANA PRM 10ml;1,000;15,21;15,21;0,00;0,00;0,00;15,21;100,00;0,00;0,43;98,67;C;;
19/09/2026;024669 - 24669 ACQUA DISTRIBUIDORA DE PERFUMES E;07891033854820;FLORATTA DES BDY SPR F/SECRET V2 100ml;1,000;37,71;37,71;24,05;0,00;0,00;13,66;36,22;56,80;0,39;99,06;C;;
19/09/2026;024669 - 24669 ACQUA DISTRIBUIDORA DE PERFUMES E;07891033771387;BOTIK CR CON OLH RED/RUG AC/HIAL CAF 15g;1,000;70,57;70,57;57,04;0,00;0,00;13,53;19,17;23,72;0,38;99,44;C;;
19/09/2026;024669 - 24669 ACQUA DISTRIBUIDORA DE PERFUMES E;07891033511662;CBEM SAB BARRA ROSA/ALGODAO V8 2x80g;1,000;18,39;18,39;7,21;0,00;0,00;11,18;60,79;155,06;0,32;99,76;C;;
19/09/2026;024669 - 24669 ACQUA DISTRIBUIDORA DE PERFUMES E;07891033535156;CBEM SAB BARRA SHOW BANHO V2 2x80g;1,000;16,54;16,54;6,96;0,00;0,00;9,58;57,92;137,64;0,27;100,03;C;;
19/09/2026;024669 - 24669 ACQUA DISTRIBUIDORA DE PERFUMES E;07891033842285;GLAMOUR DES BDY SPR 100ml V6 PCK;1,000;23,81;23,81;18,85;0,00;0,00;4,96;20,83;26,31;0,14;100,17;C;;
19/09/2026;024669 - 24669 ACQUA DISTRIBUIDORA DE PERFUMES E;07891033511655;CBEM SAB BARRA ROSA/ALGODAO 4x80g;1,000;17,91;17,91;13,78;0,00;0,00;4,13;23,06;29,97;0,12;100,29;C;;
19/09/2026;024669 - 24669 ACQUA DISTRIBUIDORA DE PERFUMES E;07891033894017;CX PRESENTE M BOTI INST/25 VDA;1,000;9,95;9,95;7,37;0,00;0,00;2,58;25,93;35,01;0,07;100,36;C;;
19/09/2026;024669 - 24669 ACQUA DISTRIBUIDORA DE PERFUMES E;07891033553747;ARBO DES COL ATLANTICA PRM 10ML;2,000;0,02;0,01;12,82;0,00;0,00;-12,80;-64000,00;-99,84;-0,36;100,00;C;;
19/09/2026;024670 - ACQUA DISTRIBUIDORA DE PERFUMES E COSMETICOS LTDA;07891033744381;ARBO DES COL 100ml V4;4,000;512,83;128,21;301,48;0,00;0,00;211,35;41,21;70,10;6,27;6,27;A;;
19/09/2026;024670 - ACQUA DISTRIBUIDORA DE PERFUMES E COSMETICOS LTDA;07891033595556;HER CODE EDP TOUCH 50ml;3,000;364,77;121,59;165,60;0,00;0,00;199,17;54,60;120,27;5,91;12,17;A;;
19/09/2026;024670 - ACQUA DISTRIBUIDORA DE PERFUMES E COSMETICOS LTDA;07891033903108;ZAAD EDP V7 95ml;1,000;270,95;270,95;80,54;0,00;0,00;190,41;70,27;236,42;5,65;17,82;A;;
19/09/2026;024670 - ACQUA DISTRIBUIDORA DE PERFUMES E COSMETICOS LTDA;07891033587292;BOTICA 214 EDP SEV/DOR FOUG/AROM 90ml;5,000;630,41;126,08;468,05;0,00;0,00;162,36;25,75;34,69;4,81;22,63;A;;
19/09/2026;024670 - ACQUA DISTRIBUIDORA DE PERFUMES E COSMETICOS LTDA;07891033483136;FLORATTA DES COL ROSE V4 75ml;1,000;174,90;174,90;30,70;0,00;0,00;144,20;82,45;469,71;4,28;26,91;A;;
19/09/2026;024670 - ACQUA DISTRIBUIDORA DE PERFUMES E COSMETICOS LTDA;07891033481415;ACCORDES DES COL 80ml V5;1,000;170,73;170,73;43,49;0,00;0,00;127,24;74,53;292,57;3,77;30,68;A;;
19/09/2026;024670 - ACQUA DISTRIBUIDORA DE PERFUMES E COSMETICOS LTDA;07891033594665;LIZ DES COL FLORA 100ml;2,000;245,95;122,97;119,48;0,00;0,00;126,47;51,42;105,85;3,75;34,43;A;;
19/09/2026;024670 - ACQUA DISTRIBUIDORA DE PERFUMES E COSMETICOS LTDA;07891033741038;GLAMOUR DES COL SEC BL 75ml V4;2,000;232,91;116,45;108,64;0,00;0,00;124,27;53,36;114,39;3,68;38,11;A;;
19/09/2026;024670 - ACQUA DISTRIBUIDORA DE PERFUMES E COSMETICOS LTDA;07891033909810;NSPA DES COL BDY SPLSH AMEIX/INT 200ml;2,000;154,58;77,29;40,72;0,00;0,00;113,86;73,66;279,62;3,38;41,49;A;;
19/09/2026;024670 - ACQUA DISTRIBUIDORA DE PERFUMES E COSMETICOS LTDA;07891033818495;LINDA DES COL FELICIDADE V2 100ml;1,000;144,18;144,18;36,89;0,00;0,00;107,29;74,41;290,84;3,18;44,67;A;;
19/09/2026;024670 - ACQUA DISTRIBUIDORA DE PERFUMES E COSMETICOS LTDA;07891033880775;NSPA LOC DES HID CPO AMEIXA V7 400ml;5,000;215,83;43,17;116,05;0,00;0,00;99,78;46,23;85,98;2,96;47,63;A;;
19/09/2026;024670 - ACQUA DISTRIBUIDORA DE PERFUMES E COSMETICOS LTDA;07891033957958;NSPA CR PERF DES HID CPO AMEIX/INT 400ml;2,000;127,94;63,97;33,90;0,00;0,00;94,04;73,50;277,40;2,79;50,42;A;;
19/09/2026;024670 - ACQUA DISTRIBUIDORA DE PERFUMES E COSMETICOS LTDA;07891033767007;LIZ DES COL 100ml;1,000;157,41;157,41;63,53;0,00;0,00;93,88;59,64;147,77;2,78;53,20;A;;
19/09/2026;024670 - ACQUA DISTRIBUIDORA DE PERFUMES E COSMETICOS LTDA;07891033905133;MALBEC DES COL V7 100ml;1,000;174,90;174,90;86,52;0,00;0,00;88,38;50,53;102,15;2,62;55,82;A;;
19/09/2026;024670 - ACQUA DISTRIBUIDORA DE PERFUMES E COSMETICOS LTDA;07891033479054;BOTICOLL ACQUA FRESCA DES COL 100ml V2;2,000;132,98;66,49;48,46;0,00;0,00;84,52;63,56;174,41;2,51;58,33;A;;
19/09/2026;024670 - ACQUA DISTRIBUIDORA DE PERFUMES E COSMETICOS LTDA;07891033841820;LILY DES COL BDY SPLSH 200ml;1,000;99,90;99,90;21,18;0,00;0,00;78,72;78,80;371,67;2,33;60,66;A;;
19/09/2026;024670 - ACQUA DISTRIBUIDORA DE PERFUMES E COSMETICOS LTDA;07891033581320;CBEM D/COL BDY SPLSH DEL/CHOCOLAT 200ml;2,000;113,88;56,94;42,06;0,00;0,00;71,82;63,07;170,76;2,13;62,79;A;;
19/09/2026;024670 - ACQUA DISTRIBUIDORA DE PERFUMES E COSMETICOS LTDA;07891033947584;REF LILY CR ACET DES HID CPO 200g;1,000;94,07;94,07;22,75;0,00;0,00;71,32;75,82;313,49;2,11;64,91;A;;
19/09/2026;024670 - ACQUA DISTRIBUIDORA DE PERFUMES E COSMETICOS LTDA;07891033842148;EGEO DES COL SPCY VIBE C/CAR 90ml;2,000;164,90;82,45;101,84;0,00;0,00;63,06;38,24;61,92;1,87;66,77;A;;
19/09/2026;024670 - ACQUA DISTRIBUIDORA DE PERFUMES E COSMETICOS LTDA;07891033531592;ESTJ DR BOTICA POCAO DA AVENTURA V2;1,000;90,85;90,85;28,62;0,00;0,00;62,23;68,50;217,44;1,85;68,62;A;;
19/09/2026;024670 - ACQUA DISTRIBUIDORA DE PERFUMES E COSMETICOS LTDA;07891033883950;CBEM DES COL BDY SPLSH ROS/ALG V4 200ml;1,000;79,90;79,90;17,71;0,00;0,00;62,19;77,83;351,16;1,84;70,46;A;;
19/09/2026;024670 - ACQUA DISTRIBUIDORA DE PERFUMES E COSMETICOS LTDA;07891033881307;HER CODE DES COL BDY SPLSH 200ml;1,000;87,37;87,37;26,25;0,00;0,00;61,12;69,96;232,84;1,81;72,28;A;;
19/09/2026;024670 - ACQUA DISTRIBUIDORA DE PERFUMES E COSMETICOS LTDA;07891033740437;LINDA DES COL V4 100ml;1,000;104,35;104,35;43,42;0,00;0,00;60,93;58,39;140,33;1,81;74,08;A;;
19/09/2026;024670 - ACQUA DISTRIBUIDORA DE PERFUMES E COSMETICOS LTDA;07891033883431;CAIXA LAÇO P  MAES 25 BOTI;7,000;58,95;8,42;0,00;0,00;0,00;58,95;100,00;0,00;1,75;75,83;A;;
19/09/2026;024670 - ACQUA DISTRIBUIDORA DE PERFUMES E COSMETICOS LTDA;07891033830602;CELEBRE DES COL FLOR FRUT FORC 100ml;7,000;336,76;48,11;282,24;0,00;0,00;54,52;16,19;19,32;1,62;77,45;A;;
19/09/2026;024670 - ACQUA DISTRIBUIDORA DE PERFUMES E COSMETICOS LTDA;07891033903818;PMPCK MALBEC DES BODY SPRAY;1,000;68,67;68,67;19,11;0,00;0,00;49,56;72,17;259,34;1,47;78,92;A;;
19/09/2026;024670 - ACQUA DISTRIBUIDORA DE PERFUMES E COSMETICOS LTDA;07891033513956;BOTICA 214 EDP FIJI PAR FL ESPEC 90ml;1,000;149,90;149,90;101,69;0,00;0,00;48,21;32,16;47,41;1,43;80,35;B;;
19/09/2026;024670 - ACQUA DISTRIBUIDORA DE PERFUMES E COSMETICOS LTDA;07891033498901;CBEM LOC DES HID CPO NUVEM V3 200ml;1,000;56,90;56,90;8,89;0,00;0,00;48,01;84,38;540,04;1,42;81,77;B;;
19/09/2026;024670 - ACQUA DISTRIBUIDORA DE PERFUMES E COSMETICOS LTDA;07891033511655;CBEM SAB BARRA ROSA/ALGODAO 4x80g;3,000;87,22;29,07;41,34;0,00;0,00;45,88;52,60;110,98;1,36;83,13;B;;
19/09/2026;024670 - ACQUA DISTRIBUIDORA DE PERFUMES E COSMETICOS LTDA;07891033512270;CBEM SAB BARRA NUVEM 4x80g;2,000;72,56;36,28;28,50;0,00;0,00;44,06;60,72;154,60;1,31;84,44;B;;
19/09/2026;024670 - ACQUA DISTRIBUIDORA DE PERFUMES E COSMETICOS LTDA;07891033487790;BOTICOLL PORTINARI DES BDY SPR 100ml V7;1,000;52,90;52,90;8,92;0,00;0,00;43,98;83,14;493,05;1,30;85,74;B;;
19/09/2026;024670 - ACQUA DISTRIBUIDORA DE PERFUMES E COSMETICOS LTDA;07891033595167;REF NSPA LOC DES HID CPO AMEI/NEG 350ml;2,000;68,16;34,08;24,34;0,00;0,00;43,82;64,29;180,03;1,30;87,04;B;;
19/09/2026;024670 - ACQUA DISTRIBUIDORA DE PERFUMES E COSMETICOS LTDA;07891033483105;FLORATTA DES COL BLUE V2 75ml;1,000;102,10;102,10;62,32;0,00;0,00;39,78;38,96;63,83;1,18;88,22;B;;
19/09/2026;024670 - ACQUA DISTRIBUIDORA DE PERFUMES E COSMETICOS LTDA;07891033527571;CBEM SAB LIQ INT NUVEM V2 200ml;1,000;49,90;49,90;10,56;0,00;0,00;39,34;78,84;372,54;1,17;89,38;B;;
19/09/2026;024670 - ACQUA DISTRIBUIDORA DE PERFUMES E COSMETICOS LTDA;07891033771837;LIZ CREM DES HID CPO 250g;1,000;67,41;67,41;28,55;0,00;0,00;38,86;57,65;136,11;1,15;90,54;B;;
19/09/2026;024670 - ACQUA DISTRIBUIDORA DE PERFUMES E COSMETICOS LTDA;07891033535118;CBEM DES COL BDY SPLSH SHOW/BNH V2 200ml;1,000;54,40;54,40;19,14;0,00;0,00;35,26;64,82;184,22;1,05;91,58;B;;
19/09/2026;024670 - ACQUA DISTRIBUIDORA DE PERFUMES E COSMETICOS LTDA;07891033574889;LIZ CREM DES HID CPO FLORA 250g;1,000;50,86;50,86;15,97;0,00;0,00;34,89;68,60;218,47;1,03;92,62;B;;
19/09/2026;024670 - ACQUA DISTRIBUIDORA DE PERFUMES E COSMETICOS LTDA;07891033839612;ARBO DES BDY SPR 100ml V6;2,000;77,23;38,61;43,36;0,00;0,00;33,87;43,86;78,11;1,00;93,62;B;;
19/09/2026;024670 - ACQUA DISTRIBUIDORA DE PERFUMES E COSMETICOS LTDA;07891033013173;PMPCK MALBEC DES ANTIT AER 2x75g;1,000;59,85;59,85;26,89;0,00;0,00;32,96;55,07;122,57;0,98;94,60;B;;
19/09/2026;024670 - ACQUA DISTRIBUIDORA DE PERFUMES E COSMETICOS LTDA;07891033839605;ARBO DES ANTIT AER 75ml V9;2,000;48,66;24,33;23,50;0,00;0,00;25,16;51,71;107,06;0,75;95,34;C;;
19/09/2026;024670 - ACQUA DISTRIBUIDORA DE PERFUMES E COSMETICOS LTDA;07891033538355;HER CODE LOC DES HID CPO 200ml;1,000;47,50;47,50;22,76;0,00;0,00;24,74;52,08;108,70;0,73;96,08;C;;
19/09/2026;024670 - ACQUA DISTRIBUIDORA DE PERFUMES E COSMETICOS LTDA;07891033511679;CBEM DES ANTIT CREM S/PERF V2 80g;2,000;50,02;25,01;25,30;0,00;0,00;24,72;49,42;97,71;0,73;96,81;C;;
19/09/2026;024670 - ACQUA DISTRIBUIDORA DE PERFUMES E COSMETICOS LTDA;07891033856718;CBEM LOC DES HID CPO CER/FAS 400ml;1,000;51,58;51,58;27,12;0,00;0,00;24,46;47,42;90,19;0,73;97,54;C;;
19/09/2026;024670 - ACQUA DISTRIBUIDORA DE PERFUMES E COSMETICOS LTDA;07891033511310;CBEM DES ANTIT ROL BEIJINHO V3 55ml;1,000;29,90;29,90;7,58;0,00;0,00;22,32;74,65;294,46;0,66;98,20;C;;
19/09/2026;024670 - ACQUA DISTRIBUIDORA DE PERFUMES E COSMETICOS LTDA;07891033945382;NSPA SAB BARRA CORP AMEI/NEG V4 2x90g;1,000;29,90;29,90;8,85;0,00;0,00;21,05;70,40;237,85;0,62;98,82;C;;
19/09/2026;024670 - ACQUA DISTRIBUIDORA DE PERFUMES E COSMETICOS LTDA;07891033892617;BOTICA 214 EDP GOLD/GARD V3 75ml;1,000;119,95;119,95;103,47;0,00;0,00;16,48;13,74;15,93;0,49;99,31;C;;
19/09/2026;024670 - ACQUA DISTRIBUIDORA DE PERFUMES E COSMETICOS LTDA;07891033830657;LIZ DES ANTIT AER 75g;1,000;25,11;25,11;17,27;0,00;0,00;7,84;31,22;45,40;0,23;99,54;C;;
19/09/2026;024670 - ACQUA DISTRIBUIDORA DE PERFUMES E COSMETICOS LTDA;07891033535101;CBEM LOC DES HID CPO SHOW/BNH V2 200ml;1,000;28,60;28,60;20,83;0,00;0,00;7,77;27,17;37,30;0,23;99,77;C;;
19/09/2026;024670 - ACQUA DISTRIBUIDORA DE PERFUMES E COSMETICOS LTDA;07891033958030;NSPA SAB BARRA CP AMEIX/INT 90g;1,000;12,56;12,56;4,92;0,00;0,00;7,64;60,83;155,28;0,23;100,00;C;;
19/09/2026;024671 - 24671 ACQUA DISTRIBUIDORA DE PERFUMES E;07891033869831;HER CODE EDP CLIMAX 50ml;1,000;249,18;249,18;54,30;0,00;0,00;194,88;78,21;358,90;32,03;32,03;A;;
19/09/2026;024671 - 24671 ACQUA DISTRIBUIDORA DE PERFUMES E;07891033481453;BOTICOLL ANNI DES COL 100ml V2;1,000;159,90;159,90;20,52;0,00;0,00;139,38;87,17;679,24;22,91;54,94;A;;
19/09/2026;024671 - 24671 ACQUA DISTRIBUIDORA DE PERFUMES E;07891033869909;LIZ DES COL AURA 100ml;1,000;145,86;145,86;33,29;0,00;0,00;112,57;77,18;338,15;18,50;73,45;A;;
19/09/2026;024671 - 24671 ACQUA DISTRIBUIDORA DE PERFUMES E;07891033903702;PMPCK EGEO DES BDY SPR BLUE;1,000;72,35;72,35;15,12;0,00;0,00;57,23;79,10;378,51;9,41;82,85;B;;
19/09/2026;024671 - 24671 ACQUA DISTRIBUIDORA DE PERFUMES E;07891033741038;GLAMOUR DES COL SEC BL 75ml V4;1,000;103,23;103,23;54,32;0,00;0,00;48,91;47,38;90,04;8,04;90,89;B;;
19/09/2026;024671 - 24671 ACQUA DISTRIBUIDORA DE PERFUMES E;07891033581320;CBEM D/COL BDY SPLSH DEL/CHOCOLAT 200ml;1,000;55,66;55,66;21,24;0,00;0,00;34,42;61,84;162,05;5,66;96,55;C;;
19/09/2026;024671 - 24671 ACQUA DISTRIBUIDORA DE PERFUMES E;07891033536283;BOTIK GEL LIMP FAC VITAM C PRM 50g;1,000;14,09;14,09;0,00;0,00;0,00;14,09;100,00;0,00;2,32;98,87;C;;
19/09/2026;024671 - 24671 ACQUA DISTRIBUIDORA DE PERFUMES E;07891033583577;CBEM SAB BARRA PESSEGUR/GOST 4x80g;1,000;20,00;20,00;11,89;0,00;0,00;8,11;40,55;68,21;1,33;100,20;C;;
19/09/2026;024671 - 24671 ACQUA DISTRIBUIDORA DE PERFUMES E;07891033842285;GLAMOUR DES BDY SPR 100ml V6 PCK;1,000;22,83;22,83;24,05;0,00;0,00;-1,22;-5,34;-5,07;-0,20;100,00;C;;
20/09/2026;024617 - ACQUA DISTRIBUIDORA DE PERFUMES E COSMETICOS LTDA;07891033905133;MALBEC DES COL V7 100ml;2,000;315,18;157,59;89,06;0,00;0,00;226,12;71,74;253,90;38,15;38,15;A;;
20/09/2026;024617 - ACQUA DISTRIBUIDORA DE PERFUMES E COSMETICOS LTDA;07891033222490;FREE DES COL BOTICOLL 100ml V4;1,000;170,00;170,00;25,71;0,00;0,00;144,29;84,88;561,22;24,34;62,49;A;;
20/09/2026;024617 - ACQUA DISTRIBUIDORA DE PERFUMES E COSMETICOS LTDA;07891033883646;QUASAR DES COL CLASSIC V2 100ml;1,000;155,58;155,58;72,44;0,00;0,00;83,14;53,44;114,77;14,03;76,51;A;;
20/09/2026;024617 - ACQUA DISTRIBUIDORA DE PERFUMES E COSMETICOS LTDA;07891033882038;LILY CREM ACET DES HID CPO V9 250g;1,000;135,07;135,07;59,58;0,00;0,00;75,49;55,89;126,70;12,73;89,25;B;;
20/09/2026;024617 - ACQUA DISTRIBUIDORA DE PERFUMES E COSMETICOS LTDA;07891033740437;LINDA DES COL V4 100ml;1,000;112,11;112,11;63,00;0,00;0,00;49,11;43,81;77,95;8,28;97,53;C;;
20/09/2026;024617 - ACQUA DISTRIBUIDORA DE PERFUMES E COSMETICOS LTDA;07891033974368;CAIXA LACO M BOTI PAIS 2026 UNIT;1,000;9,42;9,42;0,00;0,00;0,00;9,42;100,00;0,00;1,59;99,12;C;;
20/09/2026;024617 - ACQUA DISTRIBUIDORA DE PERFUMES E COSMETICOS LTDA;07891033521630;INTENSE BAT CREM 250 V7 38g;1,000;21,17;21,17;15,96;0,00;0,00;5,21;24,61;32,64;0,88;100,00;C;;
