Quebra;Quebra2;Código;Descrição;Quantidade;Faturamento;Preço médio;Custo Total;Imposto Estadual;Imposto Federal;Lucro;Margem;Markup;Participação;Acumulado;Classificação;ICMS ST;Fecop ST
10/08/2026;024303 - 24303 ACQUA DISTRIBUIDORA DE PERFUMES E;07891033881352;FLORATTA EDP ROSE SUCREE 75ml;1,000;221,10;221,10;52,17;0,00;0,00;168,93;76,40;323,81;24,85;24,85;A;;
10/08/2026;024303 - 24303 ACQUA DISTRIBUIDORA DE PERFUMES E;07891033905133;MALBEC DES COL V7 100ml;1,000;211,48;211,48;83,42;0,00;0,00;128,06;60,55;153,51;18,83;43,68;A;;
10/08/2026;024303 - 24303 ACQUA DISTRIBUIDORA DE PERFUMES E;07891033483136;FLORATTA DES COL ROSE V4 75ml;1,000;157,41;157,41;69,52;0,00;0,00;87,89;55,84;126,42;12,93;56,61;A;;
10/08/2026;024303 - 24303 ACQUA DISTRIBUIDORA DE PERFUMES E;07891033480609;LILY CREM DES HID ACET CPO 250g V8;1,000;144,16;144,16;59,62;0,00;0,00;84,54;58,64;141,80;12,43;69,04;A;;
10/08/2026;024303 - 24303 ACQUA DISTRIBUIDORA DE PERFUMES E;07891033595174;REF NSPA LOC DES HID CPO AMEIXA 350ml;1,000;67,22;67,22;10,51;0,00;0,00;56,71;84,36;539,58;8,34;77,38;A;;
10/08/2026;024303 - 24303 ACQUA DISTRIBUIDORA DE PERFUMES E;07891033520251;BOTI BABY SAB LIQ GLIC V2 400ml;1,000;64,98;64,98;12,79;0,00;0,00;52,19;80,32;408,05;7,68;85,06;B;;
10/08/2026;024303 - 24303 ACQUA DISTRIBUIDORA DE PERFUMES E;07891033589807;REF NSPA LOC DES HID CP UVA MERLOT 350ml;2,000;106,96;53,48;56,40;0,00;0,00;50,56;47,27;89,65;7,44;92,49;B;;
10/08/2026;024303 - 24303 ACQUA DISTRIBUIDORA DE PERFUMES E;07891033902439;ESTJ CLASH PAIS/26;1,000;125,93;125,93;79,20;0,00;0,00;46,73;37,11;59,00;6,87;99,37;C;;
10/08/2026;024303 - 24303 ACQUA DISTRIBUIDORA DE PERFUMES E;07891033518036;BOTI BABY COND V2 400ml;1,000;64,98;64,98;28,53;0,00;0,00;36,45;56,09;127,76;5,36;104,73;C;;
10/08/2026;024303 - 24303 ACQUA DISTRIBUIDORA DE PERFUMES E;07891033944996;CBEM SAB BARRA PESSEGURA V3 4x80g;1,000;26,91;26,91;12,82;0,00;0,00;14,09;52,36;109,91;2,07;106,80;C;;
10/08/2026;024303 - 24303 ACQUA DISTRIBUIDORA DE PERFUMES E;07891033908226;SACOLA M BOTICARIO INST/25;2,000;0,02;0,01;3,12;0,00;0,00;-3,10;-15500,00;-99,36;-0,46;106,34;C;;
10/08/2026;024303 - 24303 ACQUA DISTRIBUIDORA DE PERFUMES E;07891033520244;REF BOTI BABY SAB LIQ GLIC 350ml;1,000;0,01;0,01;20,78;0,00;0,00;-20,77;-207700,00;-99,95;-3,05;103,29;C;;
10/08/2026;024303 - 24303 ACQUA DISTRIBUIDORA DE PERFUMES E;07891033518067;REF BOTI BABY COND 350ml;1,000;0,01;0,01;22,37;0,00;0,00;-22,36;-223600,00;-99,96;-3,29;100,00;C;;
10/08/2026;024617 - ACQUA DISTRIBUIDORA DE PERFUMES E COSMETICOS LTDA;07891033479498;THE BLEND EDP 100ml V2;1,000;304,42;304,42;151,02;0,00;0,00;153,40;50,39;101,58;28,14;28,14;A;;
10/08/2026;024617 - ACQUA DISTRIBUIDORA DE PERFUMES E COSMETICOS LTDA;07891033843879;MALBEC DES COL V6 100ml;1,000;219,90;219,90;83,50;0,00;0,00;136,40;62,03;163,35;25,02;53,17;A;;
10/08/2026;024617 - ACQUA DISTRIBUIDORA DE PERFUMES E COSMETICOS LTDA;07891033515004;SOPHIE COL CANDY 100ml V2;1,000;107,38;107,38;22,32;0,00;0,00;85,06;79,21;381,09;15,61;68,77;A;;
10/08/2026;024617 - ACQUA DISTRIBUIDORA DE PERFUMES E COSMETICOS LTDA;07891033850549;EGEO DES COL DOLCE ILLUSION 90ml;1,000;113,25;113,25;61,86;0,00;0,00;51,39;45,38;83,07;9,43;78,20;A;;
10/08/2026;024617 - ACQUA DISTRIBUIDORA DE PERFUMES E COSMETICOS LTDA;07891033855438;CBEM LOC DES HID CPO DELEITE V3 200ml;1,000;47,71;47,71;21,06;0,00;0,00;26,65;55,86;126,54;4,89;83,09;B;;
10/08/2026;024617 - ACQUA DISTRIBUIDORA DE PERFUMES E COSMETICOS LTDA;07891033880119;MAKE B BAT LIQ MAT AC/POL EXO/ROS V2 5ml;1,000;53,82;53,82;29,41;0,00;0,00;24,41;45,35;83,00;4,48;87,57;B;;
10/08/2026;024617 - ACQUA DISTRIBUIDORA DE PERFUMES E COSMETICOS LTDA;07891033483815;MALBEC DES ANTIT ROLL 55ml V9;2,000;48,32;24,16;25,04;0,00;0,00;23,28;48,18;92,97;4,27;91,84;B;;
10/08/2026;024617 - ACQUA DISTRIBUIDORA DE PERFUMES E COSMETICOS LTDA;07891033521630;INTENSE BAT CREM 250 V7 38g;1,000;36,18;36,18;15,96;0,00;0,00;20,22;55,89;126,69;3,71;95,55;C;;
10/08/2026;024617 - ACQUA DISTRIBUIDORA DE PERFUMES E COSMETICOS LTDA;07891033896639;CBEM SAB BARRA DELEITE ESPEC 2x90g;1,000;25,07;25,07;10,44;0,00;0,00;14,63;58,36;140,13;2,68;98,23;C;;
10/08/2026;024617 - ACQUA DISTRIBUIDORA DE PERFUMES E COSMETICOS LTDA;07891033974368;CAIXA LACO M BOTI PAIS 2026 UNIT;1,000;9,64;9,64;0,00;0,00;0,00;9,64;100,00;0,00;1,77;100,00;C;;
10/08/2026;024668 - ACQUA DISTRIBUIDORA DE PERFUMES E COSMETICOS LTDA;07891033841820;LILY DES COL BDY SPLSH 200ml;5,000;598,01;119,60;105,95;0,00;0,00;492,06;82,28;464,43;11,01;11,01;A;;
10/08/2026;024668 - ACQUA DISTRIBUIDORA DE PERFUMES E COSMETICOS LTDA;07891033553570;MALBEC EDP 90ml;2,000;547,71;273,85;114,58;0,00;0,00;433,13;79,08;378,02;9,69;20,69;A;;
10/08/2026;024668 - ACQUA DISTRIBUIDORA DE PERFUMES E COSMETICOS LTDA;07891033956494;ESTJ ZAAD INTENSE PAIS/26;2,000;608,88;304,44;284,60;0,00;0,00;324,28;53,26;113,94;7,25;27,94;A;;
10/08/2026;024668 - ACQUA DISTRIBUIDORA DE PERFUMES E COSMETICOS LTDA;07891033909537;GLAMOUR DES COL INTENSE 75ml;2,000;310,53;155,26;76,86;0,00;0,00;233,67;75,25;304,02;5,23;33,17;A;;
10/08/2026;024668 - ACQUA DISTRIBUIDORA DE PERFUMES E COSMETICOS LTDA;07891033878963;FLORATTA EDP RED PASSION V2 75ml;1,000;229,90;229,90;49,10;0,00;0,00;180,80;78,64;368,23;4,04;37,21;A;;
10/08/2026;024668 - ACQUA DISTRIBUIDORA DE PERFUMES E COSMETICOS LTDA;07891033483037;FLORATTA DES COL RED V2 75ml;2,000;244,06;122,03;71,04;0,00;0,00;173,02;70,89;243,55;3,87;41,08;A;;
10/08/2026;024668 - ACQUA DISTRIBUIDORA DE PERFUMES E COSMETICOS LTDA;07891033902385;ESTJ MALBEC PAIS/26;1,000;242,91;242,91;87,33;0,00;0,00;155,58;64,05;178,15;3,48;44,56;A;;
10/08/2026;024668 - ACQUA DISTRIBUIDORA DE PERFUMES E COSMETICOS LTDA;07891033492503;COFFEE D/C DUO/WOM/ORIENT/AMAD V2 100ml;1,000;229,90;229,90;90,38;0,00;0,00;139,52;60,69;154,37;3,12;47,68;A;;
10/08/2026;024668 - ACQUA DISTRIBUIDORA DE PERFUMES E COSMETICOS LTDA;07891033506774;CLASH DES COL 100ml;1,000;161,91;161,91;37,78;0,00;0,00;124,13;76,67;328,56;2,78;50,46;A;;
10/08/2026;024668 - ACQUA DISTRIBUIDORA DE PERFUMES E COSMETICOS LTDA;07891033277070;BOTICOLL CONNEXION DES COL 100ml V2;1,000;174,90;174,90;62,18;0,00;0,00;112,72;64,45;181,28;2,52;52,98;A;;
10/08/2026;024668 - ACQUA DISTRIBUIDORA DE PERFUMES E COSMETICOS LTDA;07891033524686;BOTIK GEL LIM FAC MIC AC MAN/SAL 50g PRM;5,000;112,71;22,54;0,00;0,00;0,00;112,71;100,00;0,00;2,52;55,50;A;;
10/08/2026;024668 - ACQUA DISTRIBUIDORA DE PERFUMES E COSMETICOS LTDA;07891033888955;LIZ DES COL D ESSENCE 100ml;1,000;174,90;174,90;65,08;0,00;0,00;109,82;62,79;168,75;2,46;57,96;A;;
10/08/2026;024668 - ACQUA DISTRIBUIDORA DE PERFUMES E COSMETICOS LTDA;07891033483150;FLORATTA DES COL GOLD V3 75ml;1,000;134,90;134,90;28,66;0,00;0,00;106,24;78,75;370,69;2,38;60,33;A;;
10/08/2026;024668 - ACQUA DISTRIBUIDORA DE PERFUMES E COSMETICOS LTDA;07891033766789;BOTICOLL STYLETTO DES COL 100ml V3;1,000;162,20;162,20;58,14;0,00;0,00;104,06;64,16;178,98;2,33;62,66;A;;
10/08/2026;024668 - ACQUA DISTRIBUIDORA DE PERFUMES E COSMETICOS LTDA;07891033334247;ESTJ FLORATTA FLOWERS SORT REG/22;1,000;193,07;193,07;91,46;0,00;0,00;101,61;52,63;111,10;2,27;64,93;A;;
10/08/2026;024668 - ACQUA DISTRIBUIDORA DE PERFUMES E COSMETICOS LTDA;07891033896530;EGEO DES COL VANILLA UBESESSION 90ml;1,000;124,90;124,90;29,65;0,00;0,00;95,25;76,26;321,25;2,13;67,06;A;;
10/08/2026;024668 - ACQUA DISTRIBUIDORA DE PERFUMES E COSMETICOS LTDA;07891033862979;ESTJ SOPHIE SPIDER GWEN CRIANC/25;1,000;136,70;136,70;52,50;0,00;0,00;84,20;61,59;160,38;1,88;68,95;A;;
10/08/2026;024668 - ACQUA DISTRIBUIDORA DE PERFUMES E COSMETICOS LTDA;07891033962938;GLAMOUR LOC DES HID CPO INTENSE 200ml;2,000;105,26;52,63;22,36;0,00;0,00;82,90;78,76;370,75;1,85;70,80;A;;
10/08/2026;024668 - ACQUA DISTRIBUIDORA DE PERFUMES E COSMETICOS LTDA;07891033850525;REF NSPA OL GLOR D H CPO AMEIX/NEG 150ml;1,000;79,90;79,90;0,00;0,00;0,00;79,90;100,00;0,00;1,79;72,59;A;;
10/08/2026;024668 - ACQUA DISTRIBUIDORA DE PERFUMES E COSMETICOS LTDA;07891033766215;DREAM DES COL CEU/BAUN 200ml;1,000;119,90;119,90;46,25;0,00;0,00;73,65;61,43;159,24;1,65;74,24;A;;
10/08/2026;024668 - ACQUA DISTRIBUIDORA DE PERFUMES E COSMETICOS LTDA;07891033479085;DREAM DES COL SPLSH VIAG/ENC 200ml V2;1,000;99,51;99,51;28,20;0,00;0,00;71,31;71,66;252,87;1,59;75,83;A;;
10/08/2026;024668 - ACQUA DISTRIBUIDORA DE PERFUMES E COSMETICOS LTDA;07891033496808;LILY DES COL LEAU DE LILY SOLEIL 75ml;1,000;149,18;149,18;80,34;0,00;0,00;68,84;46,15;85,69;1,54;77,37;A;;
10/08/2026;024668 - ACQUA DISTRIBUIDORA DE PERFUMES E COSMETICOS LTDA;07891033479511;ZAAD EDP MONDO 95ml V3;1,000;185,34;185,34;116,93;0,00;0,00;68,41;36,91;58,51;1,53;78,90;A;;
10/08/2026;024668 - ACQUA DISTRIBUIDORA DE PERFUMES E COSMETICOS LTDA;07891033860586;SOPHIE SPLSH CPO/CAB SHIM BRLH/INT 110ml;1,000;79,90;79,90;15,46;0,00;0,00;64,44;80,65;416,82;1,44;80,34;B;;
10/08/2026;024668 - ACQUA DISTRIBUIDORA DE PERFUMES E COSMETICOS LTDA;07891033486342;DREAM DES COL SPLSH AMOR NO AR 200ml V2;1,000;101,90;101,90;46,09;0,00;0,00;55,81;54,77;121,09;1,25;81,59;B;;
10/08/2026;024668 - ACQUA DISTRIBUIDORA DE PERFUMES E COSMETICOS LTDA;07891033581382;BOTI NECESS PINK STARS PES;4,000;147,60;36,90;86,72;0,00;5,39;55,49;37,60;70,20;1,24;82,83;B;;
10/08/2026;024668 - ACQUA DISTRIBUIDORA DE PERFUMES E COSMETICOS LTDA;07891033035304;CAIXA M INST 2021 VERDE ECONOMICA;17,000;55,35;3,26;0,00;0,00;0,00;55,35;100,00;0,00;1,24;84,07;B;;
10/08/2026;024668 - ACQUA DISTRIBUIDORA DE PERFUMES E COSMETICOS LTDA;07891033885633;NSPA DES COL BDY SPLSH AMEIXA V3 200ml;1,000;95,48;95,48;42,48;0,00;0,00;53,00;55,51;124,76;1,19;85,25;B;;
10/08/2026;024668 - ACQUA DISTRIBUIDORA DE PERFUMES E COSMETICOS LTDA;07891033598762;BOTIK CR MULTIREP FAC CIC/PANT/CER 30g;1,000;62,90;62,90;12,97;0,00;0,00;49,93;79,38;384,97;1,12;86,37;B;;
10/08/2026;024668 - ACQUA DISTRIBUIDORA DE PERFUMES E COSMETICOS LTDA;07891033477821;BOTI BABY COL NAN/NEN 100ml;1,000;87,01;87,01;38,55;0,00;0,00;48,46;55,69;125,71;1,08;87,46;B;;
10/08/2026;024668 - ACQUA DISTRIBUIDORA DE PERFUMES E COSMETICOS LTDA;07891033854837;FLORATTA DES BDY SPRAY RED V2 100ml;1,000;52,90;52,90;7,12;0,00;0,00;45,78;86,54;642,98;1,02;88,48;B;;
10/08/2026;024668 - ACQUA DISTRIBUIDORA DE PERFUMES E COSMETICOS LTDA;07891033533886;NSPA SAB LIQ PERF AMEIXA 250ml;1,000;53,91;53,91;8,87;0,00;0,00;45,04;83,55;507,78;1,01;89,49;B;;
10/08/2026;024668 - ACQUA DISTRIBUIDORA DE PERFUMES E COSMETICOS LTDA;07891033499038;CBEM LOC DES HID CPO PESSEGURA V2 200ml;1,000;53,89;53,89;9,02;0,00;0,00;44,87;83,26;497,45;1,00;90,49;B;;
10/08/2026;024668 - ACQUA DISTRIBUIDORA DE PERFUMES E COSMETICOS LTDA;07891033498963;CBEM LOC DES HID CPO ROS/ALG V3 200ml;1,000;50,57;50,57;9,38;0,00;0,00;41,19;81,45;439,13;0,92;91,41;B;;
10/08/2026;024668 - ACQUA DISTRIBUIDORA DE PERFUMES E COSMETICOS LTDA;07891033954544;PMPCK QUASAR DES BODY SPRAY DEEP BLUE;1,000;74,85;74,85;34,03;0,00;0,00;40,82;54,54;119,95;0,91;92,32;B;;
10/08/2026;024668 - ACQUA DISTRIBUIDORA DE PERFUMES E COSMETICOS LTDA;07891033522583;INTENSE BAT LIQ MATE 530 V2 5ml;1,000;38,61;38,61;0,00;0,00;0,00;38,61;100,00;0,00;0,86;93,19;B;;
10/08/2026;024668 - ACQUA DISTRIBUIDORA DE PERFUMES E COSMETICOS LTDA;07891033520732;MATCH FIN CAP JELLY CIEN/CURV 350g;1,000;57,80;57,80;20,36;0,00;0,00;37,44;64,78;183,89;0,84;94,03;B;;
10/08/2026;024668 - ACQUA DISTRIBUIDORA DE PERFUMES E COSMETICOS LTDA;07891033880799;NSPA LOC DES HID CPO AMEIXA V6 200ml;1,000;62,91;62,91;27,57;0,00;0,00;35,34;56,18;128,18;0,79;94,82;B;;
10/08/2026;024668 - ACQUA DISTRIBUIDORA DE PERFUMES E COSMETICOS LTDA;07891033487851;MALBEC DES BDY SPR 100ml V4 PCK;1,000;40,42;40,42;8,52;0,00;0,00;31,90;78,92;374,41;0,71;95,53;C;;
10/08/2026;024668 - ACQUA DISTRIBUIDORA DE PERFUMES E COSMETICOS LTDA;07891033907243;MAKE B BAS LIQ MATE SALICYLIC 140Q 30g;1,000;66,31;66,31;36,15;0,00;0,00;30,16;45,48;83,43;0,67;96,20;C;;
10/08/2026;024668 - ACQUA DISTRIBUIDORA DE PERFUMES E COSMETICOS LTDA;07891033868698;CLASH LOC DES HID CPO 200ml;1,000;35,85;35,85;11,25;0,00;0,00;24,60;68,62;218,67;0,55;96,75;C;;
10/08/2026;024668 - ACQUA DISTRIBUIDORA DE PERFUMES E COSMETICOS LTDA;07891033514021;BOTICA 214 DES ANT AER FIJ P/FG/ES 125ml;1,000;35,78;35,78;11,92;0,00;0,00;23,86;66,69;200,17;0,53;97,29;C;;
10/08/2026;024668 - ACQUA DISTRIBUIDORA DE PERFUMES E COSMETICOS LTDA;07891033509560;CLASH DES BDY SPR 100ml;1,000;32,75;32,75;8,94;0,00;0,00;23,81;72,70;266,33;0,53;97,82;C;;
10/08/2026;024668 - ACQUA DISTRIBUIDORA DE PERFUMES E COSMETICOS LTDA;07891033878185;MAKE B BAT EASY MATE WHISPER BEIGE 39g;1,000;45,59;45,59;25,72;0,00;0,00;19,87;43,58;77,26;0,44;98,26;C;;
10/08/2026;024668 - ACQUA DISTRIBUIDORA DE PERFUMES E COSMETICOS LTDA;07891033512317;CBEM SAB BARRA CEREJA LIVRE V2 2x80g;1,000;24,90;24,90;7,39;0,00;0,00;17,51;70,32;236,94;0,39;98,66;C;;
10/08/2026;024668 - ACQUA DISTRIBUIDORA DE PERFUMES E COSMETICOS LTDA;07891033868704;CLASH SAB BARR 2x80g;1,000;26,91;26,91;9,94;0,00;0,00;16,97;63,06;170,72;0,38;99,04;C;;
10/08/2026;024668 - ACQUA DISTRIBUIDORA DE PERFUMES E COSMETICOS LTDA;07891033511662;CBEM SAB BARRA ROSA/ALGODAO V8 2x80g;1,000;22,14;22,14;7,21;0,00;0,00;14,93;67,43;207,07;0,33;99,37;C;;
10/08/2026;024668 - ACQUA DISTRIBUIDORA DE PERFUMES E COSMETICOS LTDA;07891033879823;ACCORDES DES BDY SPR V7 100ml;1,000;36,54;36,54;22,14;0,00;0,00;14,40;39,41;65,04;0,32;99,69;C;;
10/08/2026;024668 - ACQUA DISTRIBUIDORA DE PERFUMES E COSMETICOS LTDA;07891033512270;CBEM SAB BARRA NUVEM 4x80g;1,000;26,26;26,26;14,25;0,00;0,00;12,01;45,73;84,28;0,27;99,96;C;;
10/08/2026;024668 - ACQUA DISTRIBUIDORA DE PERFUMES E COSMETICOS LTDA;07891033947645;CBEM SAB BARRA LAVANDINHA 2x80g;1,000;19,92;19,92;8,73;0,00;0,00;11,19;56,17;128,18;0,25;100,21;C;;
10/08/2026;024668 - ACQUA DISTRIBUIDORA DE PERFUMES E COSMETICOS LTDA;07891033534098;REF NSPA SAB LIQ CPO PERF AMEIXA 200ml;1,000;0,01;0,01;9,41;0,00;0,00;-9,40;-94000,00;-99,89;-0,21;100,00;C;;
10/08/2026;024669 - 24669 ACQUA DISTRIBUIDORA DE PERFUMES E;07891033843879;MALBEC DES COL V6 100ml;2,000;399,28;199,64;82,80;0,00;0,00;316,48;79,26;382,22;14,95;14,95;A;;
10/08/2026;024669 - 24669 ACQUA DISTRIBUIDORA DE PERFUMES E;07891033553570;MALBEC EDP 90ml;1,000;233,31;233,31;58,02;0,00;0,00;175,29;75,13;302,12;8,28;23,23;A;;
10/08/2026;024669 - 24669 ACQUA DISTRIBUIDORA DE PERFUMES E;07891033487875;MALBEC DES COL SPRT 100ml V3;1,000;239,90;239,90;81,94;0,00;0,00;157,96;65,84;192,78;7,46;30,70;A;;
10/08/2026;024669 - 24669 ACQUA DISTRIBUIDORA DE PERFUMES E;07891033222490;FREE DES COL BOTICOLL 100ml V4;1,000;174,90;174,90;29,48;0,00;0,00;145,42;83,14;493,28;6,87;37,57;A;;
10/08/2026;024669 - 24669 ACQUA DISTRIBUIDORA DE PERFUMES E;07891033860814;BOTICOLL PORTINARI D/COL MEMORIAS 100ml;1,000;189,90;189,90;69,54;0,00;0,00;120,36;63,38;173,08;5,69;43,26;A;;
10/08/2026;024669 - 24669 ACQUA DISTRIBUIDORA DE PERFUMES E;07891033902385;ESTJ MALBEC PAIS/26;1,000;233,47;233,47;117,67;0,00;0,00;115,80;49,60;98,41;5,47;48,73;A;;
10/08/2026;024669 - 24669 ACQUA DISTRIBUIDORA DE PERFUMES E;07891033556489;MEN DES COL NBA 100ml;1,000;179,90;179,90;70,89;0,00;0,00;109,01;60,59;153,77;5,15;53,88;A;;
10/08/2026;024669 - 24669 ACQUA DISTRIBUIDORA DE PERFUMES E;07891033197347;THATY DES COL BOTICOLL 100ML;1,000;167,76;167,76;60,82;0,00;0,00;106,94;63,75;175,83;5,05;58,93;A;;
10/08/2026;024669 - 24669 ACQUA DISTRIBUIDORA DE PERFUMES E;07891033589906;MAKE B BASE LIQ RETIN 3 H 215Q 26g;1,000;131,53;131,53;46,42;0,00;0,00;85,11;64,71;183,35;4,02;62,95;A;;
10/08/2026;024669 - 24669 ACQUA DISTRIBUIDORA DE PERFUMES E;07891033490394;ZAAD DES COL BDY SPLSH 200ml;1,000;124,90;124,90;53,46;0,00;0,00;71,44;57,20;133,63;3,38;66,33;A;;
10/08/2026;024669 - 24669 ACQUA DISTRIBUIDORA DE PERFUMES E;07891033897902;CBEM DES COL BDY SPLSH LAVANDINHA 200ml;1,000;80,47;80,47;19,50;0,00;0,00;60,97;75,77;312,67;2,88;69,21;A;;
10/08/2026;024669 - 24669 ACQUA DISTRIBUIDORA DE PERFUMES E;07891033520183;BOTI BABY SHAMP V2 400ml;1,000;68,90;68,90;14,10;0,00;0,00;54,80;79,54;388,65;2,59;71,80;A;;
10/08/2026;024669 - 24669 ACQUA DISTRIBUIDORA DE PERFUMES E;07891033482801;NSPA DES COL BDY SPLSH AMEI/NEG 200ml V2;1,000;91,60;91,60;42,28;0,00;0,00;49,32;53,84;116,65;2,33;74,13;A;;
10/08/2026;024669 - 24669 ACQUA DISTRIBUIDORA DE PERFUMES E;07891033878024;MAKE B BATOM PREENCH HYAL NUDE CHIC 4g;1,000;48,39;48,39;0,00;0,00;0,00;48,39;100,00;0,00;2,29;76,41;A;;
10/08/2026;024669 - 24669 ACQUA DISTRIBUIDORA DE PERFUMES E;07891033595167;REF NSPA LOC DES HID CPO AMEI/NEG 350ml;1,000;58,26;58,26;12,17;0,00;0,00;46,09;79,11;378,72;2,18;78,59;A;;
10/08/2026;024669 - 24669 ACQUA DISTRIBUIDORA DE PERFUMES E;07891033902477;ESTJ QUASAR BLUE PAIS/26;1,000;118,93;118,93;74,02;0,00;0,00;44,91;37,76;60,67;2,12;80,71;B;;
10/08/2026;024669 - 24669 ACQUA DISTRIBUIDORA DE PERFUMES E;07891033894840;NSPA TRIO SAB BARR BES SEL COLL 3x100g;1,000;60,49;60,49;16,91;0,00;0,00;43,58;72,04;257,72;2,06;82,77;B;;
10/08/2026;024669 - 24669 ACQUA DISTRIBUIDORA DE PERFUMES E;07891033524686;BOTIK GEL LIM FAC MIC AC MAN/SAL 50g PRM;2,000;35,88;17,94;0,00;0,00;0,00;35,88;100,00;0,00;1,70;84,47;B;;
10/08/2026;024669 - 24669 ACQUA DISTRIBUIDORA DE PERFUMES E;07891033552214;DR BOTICA COL POC/CRIATIV 120ml;1,000;73,69;73,69;38,19;0,00;0,00;35,50;48,17;92,96;1,68;86,14;B;;
10/08/2026;024669 - 24669 ACQUA DISTRIBUIDORA DE PERFUMES E;07891033539710;CBEM MASC CAP SCH FEIRA PASTA ABAC 30ml;3,000;33,72;11,24;0,00;0,00;0,00;33,72;100,00;0,00;1,59;87,74;B;;
10/08/2026;024669 - 24669 ACQUA DISTRIBUIDORA DE PERFUMES E;07891033598779;BOTIK CR MULTR FAC CIC/PANT/CER PRM 10g;1,000;33,84;33,84;4,90;0,00;0,00;28,94;85,52;590,61;1,37;89,10;B;;
10/08/2026;024669 - 24669 ACQUA DISTRIBUIDORA DE PERFUMES E;07891033850563;EGEO DES COL DOLCE ILLUSION PRM 10ml;2,000;35,80;17,90;8,06;0,00;0,00;27,74;77,49;344,17;1,31;90,41;B;;
10/08/2026;024669 - 24669 ACQUA DISTRIBUIDORA DE PERFUMES E;07891033479689;MATCH LEAVE IN 150ml;1,000;38,43;38,43;13,34;0,00;0,00;25,09;65,29;188,08;1,19;91,60;B;;
10/08/2026;024669 - 24669 ACQUA DISTRIBUIDORA DE PERFUMES E;07891033861668;MAKE B BALM LAB NIGHT MASK LIP/CHRON 9g;1,000;52,10;52,10;28,60;0,00;0,00;23,50;45,11;82,17;1,11;92,71;B;;
10/08/2026;024669 - 24669 ACQUA DISTRIBUIDORA DE PERFUMES E;07891033577538;MAKE B ESPNJ FAC SUPER BLEND PU;1,000;42,78;42,78;19,78;0,00;0,00;23,00;53,76;116,28;1,09;93,80;B;;
10/08/2026;024669 - 24669 ACQUA DISTRIBUIDORA DE PERFUMES E;07891033493791;MATCH ACIDIFICANTE 100ml;1,000;47,53;47,53;26,74;0,00;0,00;20,79;43,74;77,75;0,98;94,78;B;;
10/08/2026;024669 - 24669 ACQUA DISTRIBUIDORA DE PERFUMES E;07891033504480;INTENSE HID LAB BY CUID DEL ROS/NUD 62g;1,000;33,83;33,83;16,16;0,00;0,00;17,67;52,23;109,34;0,83;95,61;C;;
10/08/2026;024669 - 24669 ACQUA DISTRIBUIDORA DE PERFUMES E;07891033909544;GLAMOUR DES COL INTENSE PRM 10ml;1,000;17,02;17,02;0,00;0,00;0,00;17,02;100,00;0,00;0,80;96,42;C;;
10/08/2026;024669 - 24669 ACQUA DISTRIBUIDORA DE PERFUMES E;07891033533732;NSPA SHAMP AMEIXA DOURADA 300ml;1,000;24,65;24,65;9,35;0,00;0,00;15,30;62,07;163,64;0,72;97,14;C;;
10/08/2026;024669 - 24669 ACQUA DISTRIBUIDORA DE PERFUMES E;07891033511662;CBEM SAB BARRA ROSA/ALGODAO V8 2x80g;1,000;21,12;21,12;7,21;0,00;0,00;13,91;65,86;192,93;0,66;97,80;C;;
10/08/2026;024669 - 24669 ACQUA DISTRIBUIDORA DE PERFUMES E;07891033896639;CBEM SAB BARRA DELEITE ESPEC 2x90g;1,000;21,56;21,56;7,83;0,00;0,00;13,73;63,68;175,35;0,65;98,45;C;;
10/08/2026;024669 - 24669 ACQUA DISTRIBUIDORA DE PERFUMES E;07891033512263;CBEM SAB BARRA NUVEM V5 2x80g;1,000;21,54;21,54;8,38;0,00;0,00;13,16;61,10;157,04;0,62;99,07;C;;
10/08/2026;024669 - 24669 ACQUA DISTRIBUIDORA DE PERFUMES E;07891033521630;INTENSE BAT CREM 250 V7 38g;1,000;18,78;18,78;8,71;0,00;0,00;10,07;53,62;115,61;0,48;99,54;C;;
10/08/2026;024669 - 24669 ACQUA DISTRIBUIDORA DE PERFUMES E;07891033574773;SOPHIE NEXT DES ROLL DIVERT2 MEMR 55ml;1,000;17,94;17,94;11,41;0,00;0,00;6,53;36,40;57,23;0,31;99,85;C;;
10/08/2026;024669 - 24669 ACQUA DISTRIBUIDORA DE PERFUMES E;07891033492671;COFFEE CREM DES HID W/SEDUC 75ml;1,000;22,81;22,81;19,69;0,00;0,00;3,12;13,68;15,85;0,15;100,00;C;;
10/08/2026;024670 - ACQUA DISTRIBUIDORA DE PERFUMES E COSMETICOS LTDA;07891033512430;QUASAR DES COL CLASSIC 100ml;3,000;421,21;140,40;179,34;0,00;0,00;241,87;57,42;134,87;7,71;7,71;A;;
10/08/2026;024670 - ACQUA DISTRIBUIDORA DE PERFUMES E COSMETICOS LTDA;07891033882038;LILY CREM ACET DES HID CPO V9 250g;2,000;273,73;136,86;35,22;0,00;0,00;238,51;87,13;677,20;7,61;15,32;A;;
10/08/2026;024670 - ACQUA DISTRIBUIDORA DE PERFUMES E COSMETICOS LTDA;07891033909537;GLAMOUR DES COL INTENSE 75ml;2,000;314,02;157,01;76,86;0,00;0,00;237,16;75,52;308,56;7,56;22,89;A;;
10/08/2026;024670 - ACQUA DISTRIBUIDORA DE PERFUMES E COSMETICOS LTDA;07891033483617;BOTICOLL ANNI DES COL 200ml V2;1,000;211,38;211,38;44,76;0,00;0,00;166,62;78,82;372,25;5,31;28,20;A;;
10/08/2026;024670 - ACQUA DISTRIBUIDORA DE PERFUMES E COSMETICOS LTDA;07891033843909;MALBEC DES COL MAGNETIC V3 100ml;1,000;221,25;221,25;63,43;0,00;0,00;157,82;71,33;248,81;5,03;33,23;A;;
10/08/2026;024670 - ACQUA DISTRIBUIDORA DE PERFUMES E COSMETICOS LTDA;07891033956494;ESTJ ZAAD INTENSE PAIS/26;1,000;292,41;292,41;142,20;0,00;0,00;150,21;51,37;105,63;4,79;38,02;A;;
10/08/2026;024670 - ACQUA DISTRIBUIDORA DE PERFUMES E COSMETICOS LTDA;07891033880225;BOTICA 214 EDP FOUG/AR V/FIRENZ V2 90ml;1,000;179,80;179,80;46,17;0,00;0,00;133,63;74,32;289,43;4,26;42,29;A;;
10/08/2026;024670 - ACQUA DISTRIBUIDORA DE PERFUMES E COSMETICOS LTDA;07891033585069;MALBEC DES COL PURE GOLD 100ml;1,000;181,93;181,93;53,33;0,00;0,00;128,60;70,69;241,14;4,10;46,39;A;;
10/08/2026;024670 - ACQUA DISTRIBUIDORA DE PERFUMES E COSMETICOS LTDA;07891033888955;LIZ DES COL D ESSENCE 100ml;1,000;160,52;160,52;42,97;0,00;0,00;117,55;73,23;273,56;3,75;50,14;A;;
10/08/2026;024670 - ACQUA DISTRIBUIDORA DE PERFUMES E COSMETICOS LTDA;07891033718771;BOTICOLL CRAZY DES COL FEELINGS 100ml;1,000;157,41;157,41;41,43;0,00;0,00;115,98;73,68;279,94;3,70;53,84;A;;
10/08/2026;024670 - ACQUA DISTRIBUIDORA DE PERFUMES E COSMETICOS LTDA;07891033506774;CLASH DES COL 100ml;1,000;144,86;144,86;37,78;0,00;0,00;107,08;73,92;283,43;3,42;57,25;A;;
10/08/2026;024670 - ACQUA DISTRIBUIDORA DE PERFUMES E COSMETICOS LTDA;07891033856060;INSENSATEZ DES COL V4 100ml;1,000;165,39;165,39;61,48;0,00;0,00;103,91;62,83;169,01;3,31;60,57;A;;
10/08/2026;024670 - ACQUA DISTRIBUIDORA DE PERFUMES E COSMETICOS LTDA;07891033944996;CBEM SAB BARRA PESSEGURA V3 4x80g;6,000;164,39;27,40;64,20;0,00;0,00;100,19;60,95;156,06;3,20;63,76;A;;
10/08/2026;024670 - ACQUA DISTRIBUIDORA DE PERFUMES E COSMETICOS LTDA;07891033509560;CLASH DES BDY SPR 100ml;2,000;105,80;52,90;17,24;0,00;0,00;88,56;83,71;513,69;2,82;66,59;A;;
10/08/2026;024670 - ACQUA DISTRIBUIDORA DE PERFUMES E COSMETICOS LTDA;07891033566877;MALBEC SERUM FAC ANTIOL 30ml;1,000;142,59;142,59;54,60;0,00;0,00;87,99;61,71;161,15;2,81;69,39;A;;
10/08/2026;024670 - ACQUA DISTRIBUIDORA DE PERFUMES E COSMETICOS LTDA;07891033514410;DR BOTICA COL POCAO FORCA 120ml V2;1,000;94,17;94,17;17,99;0,00;0,00;76,18;80,90;423,46;2,43;71,82;A;;
10/08/2026;024670 - ACQUA DISTRIBUIDORA DE PERFUMES E COSMETICOS LTDA;07891033877973;MAKE B BASE LIQ HYALURONIC 220Q 30ml;1,000;106,32;106,32;32,09;0,00;0,00;74,23;69,82;231,32;2,37;74,19;A;;
10/08/2026;024670 - ACQUA DISTRIBUIDORA DE PERFUMES E COSMETICOS LTDA;07891033483150;FLORATTA DES COL GOLD V3 75ml;1,000;134,90;134,90;63,07;0,00;0,00;71,83;53,25;113,89;2,29;76,48;A;;
10/08/2026;024670 - ACQUA DISTRIBUIDORA DE PERFUMES E COSMETICOS LTDA;07891033479085;DREAM DES COL SPLSH VIAG/ENC 200ml V2;1,000;100,46;100,46;29,10;0,00;0,00;71,36;71,03;245,22;2,28;78,76;A;;
10/08/2026;024670 - ACQUA DISTRIBUIDORA DE PERFUMES E COSMETICOS LTDA;07891033954544;PMPCK QUASAR DES BODY SPRAY DEEP BLUE;1,000;75,56;75,56;18,30;0,00;0,00;57,26;75,78;312,90;1,83;80,58;B;;
10/08/2026;024670 - ACQUA DISTRIBUIDORA DE PERFUMES E COSMETICOS LTDA;07891033570423;CBEM LOC DES HID CPO PESSEGUR/GOST 400ml;1,000;78,90;78,90;28,85;0,00;0,00;50,05;63,43;173,48;1,60;82,18;B;;
10/08/2026;024670 - ACQUA DISTRIBUIDORA DE PERFUMES E COSMETICOS LTDA;07891033595174;REF NSPA LOC DES HID CPO AMEIXA 350ml;1,000;60,43;60,43;10,40;0,00;0,00;50,03;82,79;481,06;1,60;83,77;B;;
10/08/2026;024670 - ACQUA DISTRIBUIDORA DE PERFUMES E COSMETICOS LTDA;07891033897827;MALBEC ESPUM P/BARB SENSIT CUID V4 200ml;1,000;63,76;63,76;15,10;0,00;0,00;48,66;76,32;322,25;1,55;85,33;B;;
10/08/2026;024670 - ACQUA DISTRIBUIDORA DE PERFUMES E COSMETICOS LTDA;07891033902439;ESTJ CLASH PAIS/26;1,000;125,93;125,93;78,43;0,00;0,00;47,50;37,72;60,56;1,51;86,84;B;;
10/08/2026;024670 - ACQUA DISTRIBUIDORA DE PERFUMES E COSMETICOS LTDA;07891033962938;GLAMOUR LOC DES HID CPO INTENSE 200ml;1,000;53,28;53,28;11,21;0,00;0,00;42,07;78,96;375,29;1,34;88,18;B;;
10/08/2026;024670 - ACQUA DISTRIBUIDORA DE PERFUMES E COSMETICOS LTDA;07891033481002;CBEM COND FEIRA BANANA 170ml;2,000;65,80;32,90;24,56;0,00;0,00;41,24;62,67;167,92;1,32;89,50;B;;
10/08/2026;024670 - ACQUA DISTRIBUIDORA DE PERFUMES E COSMETICOS LTDA;07891033871032;MAKE B BALM LAB CLR/REP LIP/CH PINK 36g;1,000;66,62;66,62;25,47;0,00;0,00;41,15;61,77;161,56;1,31;90,81;B;;
10/08/2026;024670 - ACQUA DISTRIBUIDORA DE PERFUMES E COSMETICOS LTDA;07891033590193;MALBEC LOC DES HID CPO CUIDADOS V3 200ml;1,000;67,90;67,90;29,23;0,00;0,00;38,67;56,95;132,30;1,23;92,04;B;;
10/08/2026;024670 - ACQUA DISTRIBUIDORA DE PERFUMES E COSMETICOS LTDA;07891033013029;PMPCK LILY DES ANTIT AER 2x75g;2,000;87,73;43,86;52,28;0,00;0,00;35,45;40,41;67,81;1,13;93,17;B;;
10/08/2026;024670 - ACQUA DISTRIBUIDORA DE PERFUMES E COSMETICOS LTDA;07891033539369;MAKE B PINCEL P/BASE FIBRAS DUPLAS ABS;1,000;67,90;67,90;34,08;0,00;0,00;33,82;49,81;99,24;1,08;94,25;B;;
10/08/2026;024670 - ACQUA DISTRIBUIDORA DE PERFUMES E COSMETICOS LTDA;07891033870783;CBEM MASC CAP FEIRA BANANA 250ml;1,000;42,90;42,90;9,42;0,00;0,00;33,48;78,04;355,41;1,07;95,32;C;;
10/08/2026;024670 - ACQUA DISTRIBUIDORA DE PERFUMES E COSMETICOS LTDA;07891033808885;UOMINI DES BDY SPR INFINITE 100ml;1,000;40,03;40,03;7,78;0,00;0,00;32,25;80,56;414,52;1,03;96,35;C;;
10/08/2026;024670 - ACQUA DISTRIBUIDORA DE PERFUMES E COSMETICOS LTDA;07891033945368;BOTIK GEL CONC LIMP FAC AC/GLIC V3 150g;1,000;47,19;47,19;15,67;0,00;0,00;31,52;66,79;201,15;1,01;97,36;C;;
10/08/2026;024670 - ACQUA DISTRIBUIDORA DE PERFUMES E COSMETICOS LTDA;07891033948994;CBEM GEL LIMP FAC FEIR TANGERINA PRM 50g;3,000;48,17;16,06;19,98;0,00;0,00;28,19;58,52;141,09;0,90;98,25;C;;
10/08/2026;024670 - ACQUA DISTRIBUIDORA DE PERFUMES E COSMETICOS LTDA;07891033035298;CAIXA M INST 2021 ROSA ECONOMICA;6,000;19,28;3,21;0,00;0,00;0,00;19,28;100,00;0,00;0,61;98,87;C;;
10/08/2026;024670 - ACQUA DISTRIBUIDORA DE PERFUMES E COSMETICOS LTDA;07891033868704;CLASH SAB BARR 2x80g;1,000;29,90;29,90;10,90;0,00;0,00;19,00;63,55;174,31;0,61;99,48;C;;
10/08/2026;024670 - ACQUA DISTRIBUIDORA DE PERFUMES E COSMETICOS LTDA;07891033827893;CBEM SHAMP FEIRA BANANA 230ml;1,000;27,90;27,90;11,02;0,00;0,00;16,88;60,50;153,18;0,54;100,01;C;;
10/08/2026;024670 - ACQUA DISTRIBUIDORA DE PERFUMES E COSMETICOS LTDA;07891033511242;CBEM SAB BARRA BOA NOITE V2 2x80g;1,000;24,90;24,90;8,61;0,00;0,00;16,29;65,42;189,20;0,52;100,53;C;;
10/08/2026;024670 - ACQUA DISTRIBUIDORA DE PERFUMES E COSMETICOS LTDA;07891033591886;CBEM SHAMP FEIRA BANANA V2 230ml;1,000;27,90;27,90;12,39;0,00;0,00;15,51;55,59;125,18;0,49;101,03;C;;
10/08/2026;024670 - ACQUA DISTRIBUIDORA DE PERFUMES E COSMETICOS LTDA;07891033894017;CX PRESENTE M BOTI INST/25 VDA;2,000;23,93;11,96;14,74;0,00;0,00;9,19;38,40;62,35;0,29;101,32;C;;
10/08/2026;024670 - ACQUA DISTRIBUIDORA DE PERFUMES E COSMETICOS LTDA;07891033883431;CAIXA LAÇO P  MAES 25 BOTI;1,000;8,47;8,47;0,00;0,00;0,00;8,47;100,00;0,00;0,27;101,59;C;;
10/08/2026;024670 - ACQUA DISTRIBUIDORA DE PERFUMES E COSMETICOS LTDA;07891033888528;CARTAO PRESENTE BOTICARIO MAES 25 UNIT;5,000;2,22;0,44;0,00;0,00;0,00;2,22;100,00;0,00;0,07;101,66;C;;
10/08/2026;024670 - ACQUA DISTRIBUIDORA DE PERFUMES E COSMETICOS LTDA;07891033974382;SACOLA UNIT M PAIS 2026 BOTI;1,000;0,01;0,01;0,00;0,00;0,00;0,01;100,00;0,00;0,00;101,66;C;;
10/08/2026;024670 - ACQUA DISTRIBUIDORA DE PERFUMES E COSMETICOS LTDA;07891033908226;SACOLA M BOTICARIO INST/25;2,000;0,02;0,01;3,12;0,00;0,00;-3,10;-15500,00;-99,36;-0,10;101,56;C;;
10/08/2026;024670 - ACQUA DISTRIBUIDORA DE PERFUMES E COSMETICOS LTDA;07891033881376;FLORATTA EDP ROSE SUCREE PRM 10ml;1,000;0,01;0,01;6,96;0,00;0,00;-6,95;-69500,00;-99,86;-0,22;101,34;C;;
10/08/2026;024670 - ACQUA DISTRIBUIDORA DE PERFUMES E COSMETICOS LTDA;07891033908219;SACOLA P BOTICARIO INST/25;6,000;0,06;0,01;7,86;0,00;0,00;-7,80;-13000,00;-99,24;-0,25;101,09;C;;
10/08/2026;024670 - ACQUA DISTRIBUIDORA DE PERFUMES E COSMETICOS LTDA;07891033949083;MAKE B PRIMER FAC ANTIOL SALIC PRM 5ml;2,000;0,02;0,01;9,80;0,00;0,00;-9,78;-48900,00;-99,80;-0,31;100,78;C;;
10/08/2026;024670 - ACQUA DISTRIBUIDORA DE PERFUMES E COSMETICOS LTDA;07891033896615;EGEO DES COL VANILLA UBESESSION PRM 10ml;4,000;0,04;0,01;24,52;0,00;0,00;-24,48;-61200,00;-99,84;-0,78;100,00;C;;
10/08/2026;024671 - 24671 ACQUA DISTRIBUIDORA DE PERFUMES E;07891033481439;ELYSEE EDP BLANC 50ml V2;1,000;313,78;313,78;70,20;0,00;0,00;243,58;77,63;346,98;10,86;10,86;A;;
10/08/2026;024671 - 24671 ACQUA DISTRIBUIDORA DE PERFUMES E;07891033767007;LIZ DES COL 100ml;2,000;271,45;135,72;72,48;0,00;0,00;198,97;73,30;274,52;8,87;19,73;A;;
10/08/2026;024671 - 24671 ACQUA DISTRIBUIDORA DE PERFUMES E;07891033520299;BOTICOLL PORTINARI D/COL ABSOLUTO 100ml;1,000;174,90;174,90;37,49;0,00;0,00;137,41;78,56;366,52;6,13;25,85;A;;
10/08/2026;024671 - 24671 ACQUA DISTRIBUIDORA DE PERFUMES E;07891033888955;LIZ DES COL D ESSENCE 100ml;1,000;163,78;163,78;31,00;0,00;0,00;132,78;81,07;428,32;5,92;31,77;A;;
10/08/2026;024671 - 24671 ACQUA DISTRIBUIDORA DE PERFUMES E;07891033902309;ESTJ THE BLEND PAIS/26;1,000;258,93;258,93;130,49;0,00;0,00;128,44;49,60;98,43;5,73;37,50;A;;
10/08/2026;024671 - 24671 ACQUA DISTRIBUIDORA DE PERFUMES E;07891033826889;EGEO DES COL DOLCE C/CAR 90ml;1,000;147,70;147,70;30,47;0,00;0,00;117,23;79,37;384,74;5,23;42,72;A;;
10/08/2026;024671 - 24671 ACQUA DISTRIBUIDORA DE PERFUMES E;07891033483075;FLORATTA DES COL F/SECRET V3 75ml;1,000;163,54;163,54;61,92;0,00;0,00;101,62;62,14;164,11;4,53;47,25;A;;
10/08/2026;024671 - 24671 ACQUA DISTRIBUIDORA DE PERFUMES E;07891033867578;NSPA SAB LIQ PERF AMEIXA NEGRA V2 250ml;2,000;110,01;55,00;22,78;0,00;0,00;87,23;79,29;382,92;3,89;51,14;A;;
10/08/2026;024671 - 24671 ACQUA DISTRIBUIDORA DE PERFUMES E;07891033826858;EGEO DES COL BOMB BLACK C/CAR 90ml;1,000;148,41;148,41;61,18;0,00;0,00;87,23;58,78;142,58;3,89;55,03;A;;
10/08/2026;024671 - 24671 ACQUA DISTRIBUIDORA DE PERFUMES E;07891033855421;REF CBEM LOC DES HID CPO DEL V3 350ml;2,000;109,74;54,87;25,72;0,00;0,00;84,02;76,56;326,67;3,75;58,77;A;;
10/08/2026;024671 - 24671 ACQUA DISTRIBUIDORA DE PERFUMES E;07891033896530;EGEO DES COL VANILLA UBESESSION 90ml;1,000;111,87;111,87;29,65;0,00;0,00;82,22;73,50;277,30;3,66;62,44;A;;
10/08/2026;024671 - 24671 ACQUA DISTRIBUIDORA DE PERFUMES E;07891033882014;REF LILY CR ACET DES HID CPO V3 250g;1,000;89,47;89,47;13,91;0,00;0,00;75,56;84,45;543,21;3,37;65,81;A;;
10/08/2026;024671 - 24671 ACQUA DISTRIBUIDORA DE PERFUMES E;07891033810543;REF ARBO DES COL 100ml;1,000;120,81;120,81;48,56;0,00;0,00;72,25;59,80;148,79;3,22;69,03;A;;
10/08/2026;024671 - 24671 ACQUA DISTRIBUIDORA DE PERFUMES E;07891033859207;CBEM DES COL BDY SPLSH AMORUDA 200ml;1,000;90,63;90,63;19,80;0,00;0,00;70,83;78,15;357,73;3,16;72,18;A;;
10/08/2026;024671 - 24671 ACQUA DISTRIBUIDORA DE PERFUMES E;07891033856671;MAKE B PALETTE BLUSH CHERRY HIT V2 8g;1,000;110,02;110,02;53,98;0,00;0,00;56,04;50,94;103,82;2,50;74,68;A;;
10/08/2026;024671 - 24671 ACQUA DISTRIBUIDORA DE PERFUMES E;07891033533862;BOTIK PROT SOL FAC FPS 80 AC/HIAL 40ml;1,000;80,71;80,71;26,85;0,00;0,00;53,86;66,73;200,60;2,40;77,08;A;;
10/08/2026;024671 - 24671 ACQUA DISTRIBUIDORA DE PERFUMES E;07891033873531;BOTI BABY NANINHA FIDO PES;1,000;64,18;64,18;17,92;0,00;0,00;46,26;72,08;258,15;2,06;79,14;A;;
10/08/2026;024671 - 24671 ACQUA DISTRIBUIDORA DE PERFUMES E;07891033520251;BOTI BABY SAB LIQ GLIC V2 400ml;1,000;58,49;58,49;13,64;0,00;0,00;44,85;76,68;328,81;2,00;81,14;B;;
10/08/2026;024671 - 24671 ACQUA DISTRIBUIDORA DE PERFUMES E;07891033487790;BOTICOLL PORTINARI DES BDY SPR 100ml V7;1,000;52,90;52,90;8,10;0,00;0,00;44,80;84,69;553,09;2,00;83,14;B;;
10/08/2026;024671 - 24671 ACQUA DISTRIBUIDORA DE PERFUMES E;07891033854820;FLORATTA DES BDY SPR F/SECRET V2 100ml;1,000;49,46;49,46;7,39;0,00;0,00;42,07;85,06;569,28;1,88;85,02;B;;
10/08/2026;024671 - 24671 ACQUA DISTRIBUIDORA DE PERFUMES E;07891033533893;NSPA SAB LIQ PERF AMEIXA NEGRA 250ml;1,000;53,91;53,91;12,25;0,00;0,00;41,66;77,28;340,08;1,86;86,87;B;;
10/08/2026;024671 - 24671 ACQUA DISTRIBUIDORA DE PERFUMES E;07891033747405;GLAMOUR LOC DES HID CPO 200ml V2;1,000;65,36;65,36;24,16;0,00;0,00;41,20;63,04;170,53;1,84;88,71;B;;
10/08/2026;024671 - 24671 ACQUA DISTRIBUIDORA DE PERFUMES E;07891033278589;MAKE B LAP RETR P/OLH PRET PCK;1,000;47,62;47,62;10,41;0,00;0,00;37,21;78,14;357,44;1,66;90,37;B;;
10/08/2026;024671 - 24671 ACQUA DISTRIBUIDORA DE PERFUMES E;07891033486724;NSPA LOC DES HID CPO AMEI/NEG 200ml V4;1,000;64,18;64,18;27,54;0,00;0,00;36,64;57,09;133,04;1,63;92,00;B;;
10/08/2026;024671 - 24671 ACQUA DISTRIBUIDORA DE PERFUMES E;07891033799978;GLAMOUR DES ANTIT AER 75g V7;2,000;66,43;33,21;34,54;0,00;0,00;31,89;48,01;92,33;1,42;93,42;B;;
10/08/2026;024671 - 24671 ACQUA DISTRIBUIDORA DE PERFUMES E;07891033013029;PMPCK LILY DES ANTIT AER 2x75g;1,000;57,71;57,71;26,15;0,00;0,00;31,56;54,69;120,69;1,41;94,83;B;;
10/08/2026;024671 - 24671 ACQUA DISTRIBUIDORA DE PERFUMES E;07891033499588;NSPA LOC DES HID CPO ORQ NOIRE 400ml;1,000;64,90;64,90;33,91;0,00;0,00;30,99;47,75;91,39;1,38;96,21;C;;
10/08/2026;024671 - 24671 ACQUA DISTRIBUIDORA DE PERFUMES E;07891033878024;MAKE B BATOM PREENCH HYAL NUDE CHIC 4g;1,000;47,64;47,64;17,70;0,00;0,00;29,94;62,85;169,15;1,33;97,55;C;;
10/08/2026;024671 - 24671 ACQUA DISTRIBUIDORA DE PERFUMES E;07891033526185;MAKE B MASC CIL VOL EXTRM PRETA V2 10g;1,000;62,30;62,30;35,38;0,00;0,00;26,92;43,21;76,09;1,20;98,75;C;;
10/08/2026;024671 - 24671 ACQUA DISTRIBUIDORA DE PERFUMES E;07891033830657;LIZ DES ANTIT AER 75g;1,000;38,14;38,14;11,86;0,00;0,00;26,28;68,90;221,59;1,17;99,92;C;;
10/08/2026;024671 - 24671 ACQUA DISTRIBUIDORA DE PERFUMES E;07891033527236;LIZ CR DES HID CPO 100ml;1,000;29,54;29,54;8,02;0,00;0,00;21,52;72,85;268,33;0,96;100,88;C;;
10/08/2026;024671 - 24671 ACQUA DISTRIBUIDORA DE PERFUMES E;07891033520404;REF BOTI BABY LOC HID CPO 350ml;1,000;30,50;30,50;11,42;0,00;0,00;19,08;62,56;167,08;0,85;101,73;C;;
10/08/2026;024671 - 24671 ACQUA DISTRIBUIDORA DE PERFUMES E;07891033526277;BOTIK BALM LAB HID AC/HIALUR 32g;1,000;31,71;31,71;17,86;0,00;0,00;13,85;43,68;77,55;0,62;102,34;C;;
10/08/2026;024671 - 24671 ACQUA DISTRIBUIDORA DE PERFUMES E;07891033507269;QUASAR DES ANTIT AER RUSH 75g/125ml;1,000;19,24;19,24;12,46;0,00;0,00;6,78;35,24;54,41;0,30;102,65;C;;
10/08/2026;024671 - 24671 ACQUA DISTRIBUIDORA DE PERFUMES E;07891033521463;INTENSE BAT CREM 260 V2 38g;1,000;21,16;21,16;15,76;0,00;0,00;5,40;25,52;34,26;0,24;102,89;C;;
10/08/2026;024671 - 24671 ACQUA DISTRIBUIDORA DE PERFUMES E;07891033471485;CBEM DES ANT AER CLIN ULT/PROT 90g/150ml;1,000;19,24;19,24;15,13;0,00;0,00;4,11;21,36;27,16;0,18;103,07;C;;
10/08/2026;024671 - 24671 ACQUA DISTRIBUIDORA DE PERFUMES E;07891033894017;CX PRESENTE M BOTI INST/25 VDA;1,000;11,24;11,24;7,37;0,00;0,00;3,87;34,43;52,51;0,17;103,24;C;;
10/08/2026;024671 - 24671 ACQUA DISTRIBUIDORA DE PERFUMES E;07891033974382;SACOLA UNIT M PAIS 2026 BOTI;5,000;0,05;0,01;0,00;0,00;0,00;0,05;100,00;0,00;0,00;103,25;C;;
10/08/2026;024671 - 24671 ACQUA DISTRIBUIDORA DE PERFUMES E;07891033536283;BOTIK GEL LIMP FAC VITAM C PRM 50g;2,000;0,02;0,01;0,00;0,00;0,00;0,02;100,00;0,00;0,00;103,25;C;;
10/08/2026;024671 - 24671 ACQUA DISTRIBUIDORA DE PERFUMES E;07891033949083;MAKE B PRIMER FAC ANTIOL SALIC PRM 5ml;1,000;0,01;0,01;4,90;0,00;0,00;-4,89;-48900,00;-99,80;-0,22;103,03;C;;
10/08/2026;024671 - 24671 ACQUA DISTRIBUIDORA DE PERFUMES E;07891033520244;REF BOTI BABY SAB LIQ GLIC 350ml;1,000;0,01;0,01;10,30;0,00;0,00;-10,29;-102900,00;-99,90;-0,46;102,57;C;;
10/08/2026;024671 - 24671 ACQUA DISTRIBUIDORA DE PERFUMES E;07891033908226;SACOLA M BOTICARIO INST/25;7,000;0,07;0,01;10,92;0,00;0,00;-10,85;-15500,00;-99,36;-0,48;102,09;C;;
10/08/2026;024671 - 24671 ACQUA DISTRIBUIDORA DE PERFUMES E;07891033534104;REF NSPA SAB LIQ CPO PERF AMEI/NEG 200ml;3,000;0,03;0,01;46,83;0,00;0,00;-46,80;-156000,00;-99,94;-2,09;100,00;C;;
11/08/2026;024303 - 24303 ACQUA DISTRIBUIDORA DE PERFUMES E;07891033766666;MEN DES COL GALBE 100ml V2;1,000;169,58;169,58;33,73;0,00;0,00;135,85;80,11;402,76;9,98;9,98;A;;
11/08/2026;024303 - 24303 ACQUA DISTRIBUIDORA DE PERFUMES E;07891033880195;BOTICA 214 EDP DARK MINT V3 90ml;1,000;174,63;174,63;48,36;0,00;0,00;126,27;72,31;261,10;9,28;19,26;A;;
11/08/2026;024303 - 24303 ACQUA DISTRIBUIDORA DE PERFUMES E;07891033862061;ESTJ HER CODE REG/25;1,000;255,11;255,11;137,07;0,00;0,00;118,04;46,27;86,12;8,67;27,93;A;;
11/08/2026;024303 - 24303 ACQUA DISTRIBUIDORA DE PERFUMES E;07891033744381;ARBO DES COL 100ml V4;1,000;184,90;184,90;76,21;0,00;0,00;108,69;58,78;142,62;7,99;35,92;A;;
11/08/2026;024303 - 24303 ACQUA DISTRIBUIDORA DE PERFUMES E;07891033526192;MAKE B MASC CIL SCANDAL L C/OL COCO 10g;2,000;145,24;72,62;47,12;0,00;0,00;98,12;67,56;208,23;7,21;43,13;A;;
11/08/2026;024303 - 24303 ACQUA DISTRIBUIDORA DE PERFUMES E;07891033483136;FLORATTA DES COL ROSE V4 75ml;1,000;159,16;159,16;69,52;0,00;0,00;89,64;56,32;128,94;6,59;49,72;A;;
11/08/2026;024303 - 24303 ACQUA DISTRIBUIDORA DE PERFUMES E;07891033878215;MAKE B PLT BL/FUS/CLIP ROS/FUS MINI 25g;1,000;87,17;87,17;26,55;0,00;0,00;60,62;69,54;228,32;4,45;54,17;A;;
11/08/2026;024303 - 24303 ACQUA DISTRIBUIDORA DE PERFUMES E;07891033878222;MAKE B PLT BL/FUS/CLIP BRWN/BL MINI 25g;1,000;87,17;87,17;26,55;0,00;0,00;60,62;69,54;228,32;4,45;58,63;A;;
11/08/2026;024303 - 24303 ACQUA DISTRIBUIDORA DE PERFUMES E;07891033539215;DR BOTICA COL POC/CORAC V2 120ml;1,000;98,90;98,90;40,97;0,00;0,00;57,93;58,57;141,40;4,26;62,88;A;;
11/08/2026;024303 - 24303 ACQUA DISTRIBUIDORA DE PERFUMES E;07891033766215;DREAM DES COL CEU/BAUN 200ml;1,000;98,71;98,71;46,76;0,00;0,00;51,95;52,63;111,10;3,82;66,70;A;;
11/08/2026;024303 - 24303 ACQUA DISTRIBUIDORA DE PERFUMES E;07891033947584;REF LILY CR ACET DES HID CPO 200g;1,000;90,90;90,90;39,73;0,00;0,00;51,17;56,29;128,79;3,76;70,46;A;;
11/08/2026;024303 - 24303 ACQUA DISTRIBUIDORA DE PERFUMES E;07891033899692;ESTJ CBEM AMORUDA AMOR/26;1,000;93,77;93,77;42,91;0,00;0,00;50,86;54,24;118,53;3,74;74,20;A;;
11/08/2026;024303 - 24303 ACQUA DISTRIBUIDORA DE PERFUMES E;07891033486465;FLORATTA CR DES HID CPO ROSE 200ml V5;1,000;63,61;63,61;13,69;0,00;0,00;49,92;78,48;364,65;3,67;77,86;A;;
11/08/2026;024303 - 24303 ACQUA DISTRIBUIDORA DE PERFUMES E;07891033512362;CBEM DES COL BDY SPLSH PESSEGUR V2 200ml;1,000;64,81;64,81;18,25;0,00;0,00;46,56;71,84;255,12;3,42;81,29;B;;
11/08/2026;024303 - 24303 ACQUA DISTRIBUIDORA DE PERFUMES E;07891033867578;NSPA SAB LIQ PERF AMEIXA NEGRA V2 250ml;1,000;56,22;56,22;11,51;0,00;0,00;44,71;79,53;388,44;3,29;84,57;B;;
11/08/2026;024303 - 24303 ACQUA DISTRIBUIDORA DE PERFUMES E;07891033854837;FLORATTA DES BDY SPRAY RED V2 100ml;1,000;52,90;52,90;8,28;0,00;0,00;44,62;84,35;538,89;3,28;87,85;B;;
11/08/2026;024303 - 24303 ACQUA DISTRIBUIDORA DE PERFUMES E;07891033533886;NSPA SAB LIQ PERF AMEIXA 250ml;1,000;58,08;58,08;21,23;0,00;0,00;36,85;63,45;173,58;2,71;90,56;B;;
11/08/2026;024303 - 24303 ACQUA DISTRIBUIDORA DE PERFUMES E;07891033944996;CBEM SAB BARRA PESSEGURA V3 4x80g;1,000;35,56;35,56;10,80;0,00;0,00;24,76;69,63;229,26;1,82;92,38;B;;
11/08/2026;024303 - 24303 ACQUA DISTRIBUIDORA DE PERFUMES E;07891033524686;BOTIK GEL LIM FAC MIC AC MAN/SAL 50g PRM;1,000;22,63;22,63;0,00;0,00;0,00;22,63;100,00;0,00;1,66;94,04;B;;
11/08/2026;024303 - 24303 ACQUA DISTRIBUIDORA DE PERFUMES E;07891033880157;MAKE B BAT LIQ MAT AC/POL DEEP/RO V2 5ml;1,000;49,96;49,96;29,43;0,00;0,00;20,53;41,09;69,76;1,51;95,55;C;;
11/08/2026;024303 - 24303 ACQUA DISTRIBUIDORA DE PERFUMES E;07891033748938;EGEO DES BDY SPR DOLCE 100ml V8 PCK;2,000;69,13;34,56;48,64;0,00;0,00;20,49;29,64;42,13;1,51;97,05;C;;
11/08/2026;024303 - 24303 ACQUA DISTRIBUIDORA DE PERFUMES E;07891033878031;MAKE B BATOM PREENCH HYAL CINNAMON 4g;1,000;47,46;47,46;27,24;0,00;0,00;20,22;42,60;74,23;1,49;98,54;C;;
11/08/2026;024303 - 24303 ACQUA DISTRIBUIDORA DE PERFUMES E;07891033878024;MAKE B BATOM PREENCH HYAL NUDE CHIC 4g;1,000;47,24;47,24;27,24;0,00;0,00;20,00;42,34;73,42;1,47;100,01;C;;
11/08/2026;024303 - 24303 ACQUA DISTRIBUIDORA DE PERFUMES E;07891033883615;NSPA SAB BARRA AMEIXA V3 2x90g;1,000;28,99;28,99;10,62;0,00;0,00;18,37;63,37;172,98;1,35;101,36;C;;
11/08/2026;024303 - 24303 ACQUA DISTRIBUIDORA DE PERFUMES E;07891033820658;INTENSE LAP BAT ROSA 12g;1,000;28,99;28,99;12,90;0,00;0,00;16,09;55,50;124,73;1,18;102,54;C;;
11/08/2026;024303 - 24303 ACQUA DISTRIBUIDORA DE PERFUMES E;07891033512270;CBEM SAB BARRA NUVEM 4x80g;1,000;29,90;29,90;14,47;0,00;0,00;15,43;51,61;106,63;1,13;103,67;C;;
11/08/2026;024303 - 24303 ACQUA DISTRIBUIDORA DE PERFUMES E;07891033908219;SACOLA P BOTICARIO INST/25;1,000;0,01;0,01;1,31;0,00;0,00;-1,30;-13000,00;-99,24;-0,10;103,58;C;;
11/08/2026;024303 - 24303 ACQUA DISTRIBUIDORA DE PERFUMES E;07891033908226;SACOLA M BOTICARIO INST/25;3,000;0,03;0,01;4,68;0,00;0,00;-4,65;-15500,00;-99,36;-0,34;103,24;C;;
11/08/2026;024303 - 24303 ACQUA DISTRIBUIDORA DE PERFUMES E;07891033949083;MAKE B PRIMER FAC ANTIOL SALIC PRM 5ml;2,000;0,02;0,01;9,90;0,00;0,00;-9,88;-49400,00;-99,80;-0,73;102,51;C;;
11/08/2026;024303 - 24303 ACQUA DISTRIBUIDORA DE PERFUMES E;07891033534098;REF NSPA SAB LIQ CPO PERF AMEIXA 200ml;1,000;0,01;0,01;17,10;0,00;0,00;-17,09;-170900,00;-99,94;-1,26;101,26;C;;
11/08/2026;024303 - 24303 ACQUA DISTRIBUIDORA DE PERFUMES E;07891033534104;REF NSPA SAB LIQ CPO PERF AMEI/NEG 200ml;1,000;0,01;0,01;17,10;0,00;0,00;-17,09;-170900,00;-99,94;-1,26;100,00;C;;
11/08/2026;024617 - ACQUA DISTRIBUIDORA DE PERFUMES E COSMETICOS LTDA;07891033744381;ARBO DES COL 100ml V4;1,000;155,03;155,03;38,92;0,00;0,00;116,11;74,90;298,33;23,44;23,44;A;;
11/08/2026;024617 - ACQUA DISTRIBUIDORA DE PERFUMES E COSMETICOS LTDA;07891033492473;COFFEE D/COL SEDUC MAN OR/AMAD V5 100ml;1,000;150,84;150,84;86,65;0,00;0,00;64,19;42,56;74,08;12,96;36,39;A;;
11/08/2026;024617 - ACQUA DISTRIBUIDORA DE PERFUMES E COSMETICOS LTDA;07891033893669;NSPA DES COL BDY SPLSH ROSAS/SCRT 200ml;1,000;104,03;104,03;42,92;0,00;0,00;61,11;58,74;142,38;12,33;48,73;A;;
11/08/2026;024617 - ACQUA DISTRIBUIDORA DE PERFUMES E COSMETICOS LTDA;07891033880829;NSPA LOC DES HID CPO AMEIX/NEG V4 400ml;1,000;89,90;89,90;35,75;0,00;0,00;54,15;60,23;151,47;10,93;59,66;A;;
11/08/2026;024617 - ACQUA DISTRIBUIDORA DE PERFUMES E COSMETICOS LTDA;07891033856718;CBEM LOC DES HID CPO CER/FAS 400ml;1,000;74,68;74,68;29,18;0,00;0,00;45,50;60,93;155,93;9,18;68,84;A;;
11/08/2026;024617 - ACQUA DISTRIBUIDORA DE PERFUMES E COSMETICOS LTDA;07891033595167;REF NSPA LOC DES HID CPO AMEI/NEG 350ml;1,000;69,90;69,90;27,03;0,00;0,00;42,87;61,33;158,60;8,65;77,49;A;;
11/08/2026;024617 - ACQUA DISTRIBUIDORA DE PERFUMES E COSMETICOS LTDA;07891033945382;NSPA SAB BARRA CORP AMEI/NEG V4 2x90g;1,000;28,30;28,30;0,00;0,00;0,00;28,30;100,00;0,00;5,71;83,20;B;;
11/08/2026;024617 - ACQUA DISTRIBUIDORA DE PERFUMES E COSMETICOS LTDA;07891033508815;CBEM DES COL BDY SPLSH DELEITE V3 200ml;1,000;60,18;60,18;36,88;0,00;0,00;23,30;38,72;63,18;4,70;87,91;B;;
11/08/2026;024617 - ACQUA DISTRIBUIDORA DE PERFUMES E COSMETICOS LTDA;07891033856794;CBEM SAB BARRA CER/FASES 4x80g;1,000;36,82;36,82;13,92;0,00;0,00;22,90;62,19;164,51;4,62;92,53;B;;
11/08/2026;024617 - ACQUA DISTRIBUIDORA DE PERFUMES E COSMETICOS LTDA;07891033974368;CAIXA LACO M BOTI PAIS 2026 UNIT;2,000;21,78;10,89;0,00;0,00;0,00;21,78;100,00;0,00;4,40;96,93;C;;
11/08/2026;024617 - ACQUA DISTRIBUIDORA DE PERFUMES E COSMETICOS LTDA;07891033854837;FLORATTA DES BDY SPRAY RED V2 100ml;1,000;39,51;39,51;24,32;0,00;0,00;15,19;38,45;62,46;3,07;99,99;C;;
11/08/2026;024617 - ACQUA DISTRIBUIDORA DE PERFUMES E COSMETICOS LTDA;07891033965847;SACOLA M AMOR 2026 2025 BOTI UNIT;3,000;0,03;0,01;0,00;0,00;0,00;0,03;100,00;0,00;0,01;100,00;C;;
11/08/2026;024617 - ACQUA DISTRIBUIDORA DE PERFUMES E COSMETICOS LTDA;07891033524686;BOTIK GEL LIM FAC MIC AC MAN/SAL 50g PRM;1,000;0,01;0,01;0,00;0,00;0,00;0,01;100,00;0,00;0,00;100,00;C;;
11/08/2026;024668 - ACQUA DISTRIBUIDORA DE PERFUMES E COSMETICOS LTDA;07891033197347;THATY DES COL BOTICOLL 100ML;2,000;344,41;172,20;51,28;0,00;0,00;293,13;85,11;571,63;10,21;10,21;A;;
11/08/2026;024668 - ACQUA DISTRIBUIDORA DE PERFUMES E COSMETICOS LTDA;07891033898169;THE BLEND EDP BOURBON V2 100ml;1,000;341,91;341,91;91,35;0,00;0,00;250,56;73,28;274,29;8,72;18,93;A;;
11/08/2026;024668 - ACQUA DISTRIBUIDORA DE PERFUMES E COSMETICOS LTDA;07891033553570;MALBEC EDP 90ml;1,000;261,90;261,90;57,29;0,00;0,00;204,61;78,13;357,15;7,12;26,06;A;;
11/08/2026;024668 - ACQUA DISTRIBUIDORA DE PERFUMES E COSMETICOS LTDA;07891033905133;MALBEC DES COL V7 100ml;1,000;219,90;219,90;44,75;0,00;0,00;175,15;79,65;391,40;6,10;32,15;A;;
11/08/2026;024668 - ACQUA DISTRIBUIDORA DE PERFUMES E COSMETICOS LTDA;07891033843916;MALBEC DES COL GOLD V3 100ml;1,000;210,52;210,52;50,55;0,00;0,00;159,97;75,99;316,46;5,57;37,72;A;;
11/08/2026;024668 - ACQUA DISTRIBUIDORA DE PERFUMES E COSMETICOS LTDA;07891033506514;ARBO DES COL INT 100ml;1,000;170,91;170,91;36,61;0,00;0,00;134,30;78,58;366,84;4,68;42,40;A;;
11/08/2026;024668 - ACQUA DISTRIBUIDORA DE PERFUMES E COSMETICOS LTDA;07891033497669;UOMINI DES COL BLACK V6 100ml;1,000;209,90;209,90;76,14;0,00;0,00;133,76;63,73;175,68;4,66;47,06;A;;
11/08/2026;024668 - ACQUA DISTRIBUIDORA DE PERFUMES E COSMETICOS LTDA;07891033909537;GLAMOUR DES COL INTENSE 75ml;1,000;157,22;157,22;38,43;0,00;0,00;118,79;75,56;309,11;4,14;51,20;A;;
11/08/2026;024668 - ACQUA DISTRIBUIDORA DE PERFUMES E COSMETICOS LTDA;07891033524686;BOTIK GEL LIM FAC MIC AC MAN/SAL 50g PRM;5,000;112,05;22,41;0,00;0,00;0,00;112,05;100,00;0,00;3,90;55,10;A;;
11/08/2026;024668 - ACQUA DISTRIBUIDORA DE PERFUMES E COSMETICOS LTDA;07891033883646;QUASAR DES COL CLASSIC V2 100ml;1,000;130,41;130,41;28,10;0,00;0,00;102,31;78,45;364,09;3,56;58,66;A;;
11/08/2026;024668 - ACQUA DISTRIBUIDORA DE PERFUMES E COSMETICOS LTDA;07891033766789;BOTICOLL STYLETTO DES COL 100ml V3;1,000;151,83;151,83;58,14;0,00;0,00;93,69;61,71;161,15;3,26;61,92;A;;
11/08/2026;024668 - ACQUA DISTRIBUIDORA DE PERFUMES E COSMETICOS LTDA;07891033483150;FLORATTA DES COL GOLD V3 75ml;1,000;121,41;121,41;28,66;0,00;0,00;92,75;76,39;323,62;3,23;65,15;A;;
11/08/2026;024668 - ACQUA DISTRIBUIDORA DE PERFUMES E COSMETICOS LTDA;07891033733675;EGEO DES BDY SPR BLUE 100ml V2 PCK;2,000;105,80;52,90;17,96;0,00;0,00;87,84;83,02;489,09;3,06;68,21;A;;
11/08/2026;024668 - ACQUA DISTRIBUIDORA DE PERFUMES E COSMETICOS LTDA;07891033877966;MAKE B BASE LIQ HYALURONIC 215Q 30ml;2,000;150,44;75,22;64,18;0,00;0,00;86,26;57,34;134,40;3,00;71,21;A;;
11/08/2026;024668 - ACQUA DISTRIBUIDORA DE PERFUMES E COSMETICOS LTDA;07891033487851;MALBEC DES BDY SPR 100ml V4 PCK;2,000;90,46;45,23;17,04;0,00;0,00;73,42;81,16;430,87;2,56;73,77;A;;
11/08/2026;024668 - ACQUA DISTRIBUIDORA DE PERFUMES E COSMETICOS LTDA;07891033035304;CAIXA M INST 2021 VERDE ECONOMICA;21,000;67,99;3,24;0,00;0,00;0,00;67,99;100,00;0,00;2,37;76,14;A;;
11/08/2026;024668 - ACQUA DISTRIBUIDORA DE PERFUMES E COSMETICOS LTDA;07891033475995;BOTI SUN PROT FAC ANTIOL A/FL FPS70 40ml;1,000;79,90;79,90;15,91;0,00;0,00;63,99;80,09;402,20;2,23;78,37;A;;
11/08/2026;024668 - ACQUA DISTRIBUIDORA DE PERFUMES E COSMETICOS LTDA;07891033830596;CELEBRE DES COL FOUG AROM FORC 100ml;1,000;107,91;107,91;45,91;0,00;0,00;62,00;57,46;135,05;2,16;80,52;B;;
11/08/2026;024668 - ACQUA DISTRIBUIDORA DE PERFUMES E COSMETICOS LTDA;07891033498970;CBEM LOC DES HID CPO CER/LIV V2 400ml;1,000;65,69;65,69;12,53;0,00;0,00;53,16;80,93;424,26;1,85;82,38;B;;
11/08/2026;024668 - ACQUA DISTRIBUIDORA DE PERFUMES E COSMETICOS LTDA;07891033548873;ESTJ BOTI BABY CASCA V2;1,000;98,82;98,82;50,29;0,00;0,00;48,53;49,11;96,50;1,69;84,07;B;;
11/08/2026;024668 - ACQUA DISTRIBUIDORA DE PERFUMES E COSMETICOS LTDA;07891033897902;CBEM DES COL BDY SPLSH LAVANDINHA 200ml;1,000;81,85;81,85;36,50;0,00;0,00;45,35;55,41;124,25;1,58;85,64;B;;
11/08/2026;024668 - ACQUA DISTRIBUIDORA DE PERFUMES E COSMETICOS LTDA;07891033962938;GLAMOUR LOC DES HID CPO INTENSE 200ml;1,000;53,30;53,30;11,18;0,00;0,00;42,12;79,02;376,74;1,47;87,11;B;;
11/08/2026;024668 - ACQUA DISTRIBUIDORA DE PERFUMES E COSMETICOS LTDA;07891033533916;NSPA SAB LIQ PERF QUINOA 250ml;1,000;53,91;53,91;12,40;0,00;0,00;41,51;77,00;334,76;1,45;88,56;B;;
11/08/2026;024668 - ACQUA DISTRIBUIDORA DE PERFUMES E COSMETICOS LTDA;07891033526208;MAKE B MASC CIL EXP/EF C/NAN AC/HIAL 10g;1,000;79,90;79,90;40,08;0,00;0,00;39,82;49,84;99,35;1,39;89,94;B;;
11/08/2026;024668 - ACQUA DISTRIBUIDORA DE PERFUMES E COSMETICOS LTDA;07891033498987;CBEM LOC DES HID CPO CER/LIV V2 200ml;1,000;56,90;56,90;19,69;0,00;0,00;37,21;65,40;188,98;1,30;91,24;B;;
11/08/2026;024668 - ACQUA DISTRIBUIDORA DE PERFUMES E COSMETICOS LTDA;07891033874910;BOTIK GEL LIMP F MCL AC MAND/SAL V2 150g;1,000;60,56;60,56;26,28;0,00;0,00;34,28;56,61;130,44;1,19;92,43;B;;
11/08/2026;024668 - ACQUA DISTRIBUIDORA DE PERFUMES E COSMETICOS LTDA;07891033055463;MAKE B PRIMER FAC ANTIOL SALICYLIC 30g;1,000;63,81;63,81;31,41;0,00;0,00;32,40;50,78;103,15;1,13;93,56;B;;
11/08/2026;024668 - ACQUA DISTRIBUIDORA DE PERFUMES E COSMETICOS LTDA;07891033879168;NSPA CR ANTIS P/MAOS FPS15 QUINOA V3 75g;1,000;53,91;53,91;24,55;0,00;0,00;29,36;54,46;119,59;1,02;94,58;B;;
11/08/2026;024668 - ACQUA DISTRIBUIDORA DE PERFUMES E COSMETICOS LTDA;07891033878185;MAKE B BAT EASY MATE WHISPER BEIGE 39g;1,000;51,90;51,90;25,72;0,00;0,00;26,18;50,44;101,79;0,91;95,49;C;;
11/08/2026;024668 - ACQUA DISTRIBUIDORA DE PERFUMES E COSMETICOS LTDA;07891033511235;CBEM DES COL BDY SPLSH BOA NOIT V2 200ml;1,000;60,87;60,87;36,52;0,00;0,00;24,35;40,00;66,68;0,85;96,34;C;;
11/08/2026;024668 - ACQUA DISTRIBUIDORA DE PERFUMES E COSMETICOS LTDA;07891033944996;CBEM SAB BARRA PESSEGURA V3 4x80g;1,000;35,01;35,01;10,70;0,00;0,00;24,31;69,44;227,20;0,85;97,19;C;;
11/08/2026;024668 - ACQUA DISTRIBUIDORA DE PERFUMES E COSMETICOS LTDA;07891033498789;CBEM LOC DES HID CPO BOA NOITE V2 400ml;1,000;50,61;50,61;26,59;0,00;0,00;24,02;47,46;90,33;0,84;98,02;C;;
11/08/2026;024668 - ACQUA DISTRIBUIDORA DE PERFUMES E COSMETICOS LTDA;07891033541546;MALBEC DES ANTIT AER ICON 125ml;1,000;39,90;39,90;17,96;0,00;0,00;21,94;54,99;122,16;0,76;98,79;C;;
11/08/2026;024668 - ACQUA DISTRIBUIDORA DE PERFUMES E COSMETICOS LTDA;07891033767564;MALBEC SAB BARRA 2x80g;1,000;27,12;27,12;9,40;0,00;0,00;17,72;65,34;188,51;0,62;99,41;C;;
11/08/2026;024668 - ACQUA DISTRIBUIDORA DE PERFUMES E COSMETICOS LTDA;07891033512317;CBEM SAB BARRA CEREJA LIVRE V2 2x80g;1,000;20,73;20,73;7,39;0,00;0,00;13,34;64,35;180,51;0,46;99,87;C;;
11/08/2026;024668 - ACQUA DISTRIBUIDORA DE PERFUMES E COSMETICOS LTDA;07891033847419;REF MATCH SHAMP NUTR PROFUNDA V2 250ml;1,000;28,01;28,01;14,81;0,00;0,00;13,20;47,13;89,13;0,46;100,33;C;;
11/08/2026;024668 - ACQUA DISTRIBUIDORA DE PERFUMES E COSMETICOS LTDA;07891033534104;REF NSPA SAB LIQ CPO PERF AMEI/NEG 200ml;1,000;0,01;0,01;9,49;0,00;0,00;-9,48;-94800,00;-99,89;-0,33;100,00;C;;
11/08/2026;024669 - 24669 ACQUA DISTRIBUIDORA DE PERFUMES E;07891033479498;THE BLEND EDP 100ml V2;1,000;322,54;322,54;98,98;0,00;0,00;223,56;69,31;225,86;9,49;9,49;A;;
11/08/2026;024669 - 24669 ACQUA DISTRIBUIDORA DE PERFUMES E;07891033881352;FLORATTA EDP ROSE SUCREE 75ml;1,000;206,91;206,91;51,59;0,00;0,00;155,32;75,07;301,07;6,60;16,09;A;;
11/08/2026;024669 - 24669 ACQUA DISTRIBUIDORA DE PERFUMES E;07891033514489;FLORATTA DES COL GOLD 75ml V2;2,000;269,80;134,90;126,02;0,00;0,00;143,78;53,29;114,09;6,11;22,20;A;;
11/08/2026;024669 - 24669 ACQUA DISTRIBUIDORA DE PERFUMES E;07891033861699;ESTJ MALBEC JUMBO REG/25;1,000;273,05;273,05;130,67;0,00;0,00;142,38;52,14;108,96;6,05;28,24;A;;
11/08/2026;024669 - 24669 ACQUA DISTRIBUIDORA DE PERFUMES E;07891033277070;BOTICOLL CONNEXION DES COL 100ml V2;1,000;165,37;165,37;32,31;0,00;0,00;133,06;80,46;411,82;5,65;33,89;A;;
11/08/2026;024669 - 24669 ACQUA DISTRIBUIDORA DE PERFUMES E;07891033856459;BOTICA 214 EDP ARAB/OASIS FOUG/AMB 90ml;1,000;227,66;227,66;96,95;0,00;0,00;130,71;57,41;134,82;5,55;39,44;A;;
11/08/2026;024669 - 24669 ACQUA DISTRIBUIDORA DE PERFUMES E;07891033817566;LINDA DES COL IRRESISTIVEL 100ml;1,000;173,06;173,06;71,94;0,00;0,00;101,12;58,43;140,56;4,29;43,74;A;;
11/08/2026;024669 - 24669 ACQUA DISTRIBUIDORA DE PERFUMES E;07891033909537;GLAMOUR DES COL INTENSE 75ml;1,000;133,57;133,57;38,43;0,00;0,00;95,14;71,23;247,57;4,04;47,78;A;;
11/08/2026;024669 - 24669 ACQUA DISTRIBUIDORA DE PERFUMES E;07891033476305;BOTICA 214 EDP DARK MINT 90ml V2;1,000;182,09;182,09;90,96;0,00;0,00;91,13;50,05;100,19;3,87;51,65;A;;
11/08/2026;024669 - 24669 ACQUA DISTRIBUIDORA DE PERFUMES E;07891033842148;EGEO DES COL SPCY VIBE C/CAR 90ml;1,000;148,41;148,41;61,18;0,00;0,00;87,23;58,78;142,58;3,70;55,35;A;;
11/08/2026;024669 - 24669 ACQUA DISTRIBUIDORA DE PERFUMES E;07891033896530;EGEO DES COL VANILLA UBESESSION 90ml;1,000;108,20;108,20;29,65;0,00;0,00;78,55;72,60;264,92;3,34;58,69;A;;
11/08/2026;024669 - 24669 ACQUA DISTRIBUIDORA DE PERFUMES E;07891033498123;EGEO DES COL ORIGNL 90ml V2;1,000;137,70;137,70;61,21;0,00;0,00;76,49;55,55;124,96;3,25;61,94;A;;
11/08/2026;024669 - 24669 ACQUA DISTRIBUIDORA DE PERFUMES E;07891033520442;CELEBRE DES COL FEM AGORA 100ml;1,000;99,90;99,90;24,21;0,00;0,00;75,69;75,77;312,64;3,21;65,15;A;;
11/08/2026;024669 - 24669 ACQUA DISTRIBUIDORA DE PERFUMES E;07891033861965;ESTJ CELEBRE AGORA FEM NAT/25;1,000;108,63;108,63;37,95;0,00;0,00;70,68;65,06;186,25;3,00;68,15;A;;
11/08/2026;024669 - 24669 ACQUA DISTRIBUIDORA DE PERFUMES E;07891033476022;BOTI SUN PR FAC ANTIS ACQ FLD FPS70 40ml;1,000;79,90;79,90;14,87;0,00;0,00;65,03;81,39;437,32;2,76;70,91;A;;
11/08/2026;024669 - 24669 ACQUA DISTRIBUIDORA DE PERFUMES E;07891033524686;BOTIK GEL LIM FAC MIC AC MAN/SAL 50g PRM;4,000;64,52;16,13;0,00;0,00;0,00;64,52;100,00;0,00;2,74;73,65;A;;
11/08/2026;024669 - 24669 ACQUA DISTRIBUIDORA DE PERFUMES E;07891033512393;CBEM DES COL BDY SPLSH CER/LIV V2 200ml;1,000;79,90;79,90;19,21;0,00;0,00;60,69;75,96;315,93;2,58;76,23;A;;
11/08/2026;024669 - 24669 ACQUA DISTRIBUIDORA DE PERFUMES E;07891033877942;MAKE B BASE LIQ HYALURONIC 205N 30ml;1,000;88,82;88,82;32,11;0,00;0,00;56,71;63,85;176,61;2,41;78,64;A;;
11/08/2026;024669 - 24669 ACQUA DISTRIBUIDORA DE PERFUMES E;07891033854820;FLORATTA DES BDY SPR F/SECRET V2 100ml;1,000;52,90;52,90;8,23;0,00;0,00;44,67;84,44;542,77;1,90;80,53;B;;
11/08/2026;024669 - 24669 ACQUA DISTRIBUIDORA DE PERFUMES E;07891033509560;CLASH DES BDY SPR 100ml;1,000;52,90;52,90;8,62;0,00;0,00;44,28;83,71;513,69;1,88;82,42;B;;
11/08/2026;024669 - 24669 ACQUA DISTRIBUIDORA DE PERFUMES E;07891033044818;BOTIK CREM HID FAC FIRM AC/POLIGL 50g;1,000;75,25;75,25;33,25;0,00;0,00;42,00;55,81;126,32;1,78;84,20;B;;
11/08/2026;024669 - 24669 ACQUA DISTRIBUIDORA DE PERFUMES E;07891033733675;EGEO DES BDY SPR BLUE 100ml V2 PCK;1,000;47,61;47,61;8,18;0,00;0,00;39,43;82,82;482,03;1,67;85,87;B;;
11/08/2026;024669 - 24669 ACQUA DISTRIBUIDORA DE PERFUMES E;07891033511235;CBEM DES COL BDY SPLSH BOA NOIT V2 200ml;1,000;73,11;73,11;36,50;0,00;0,00;36,61;50,08;100,30;1,55;87,43;B;;
11/08/2026;024669 - 24669 ACQUA DISTRIBUIDORA DE PERFUMES E;07891033498789;CBEM LOC DES HID CPO BOA NOITE V2 400ml;1,000;60,79;60,79;26,67;0,00;0,00;34,12;56,13;127,93;1,45;88,88;B;;
11/08/2026;024669 - 24669 ACQUA DISTRIBUIDORA DE PERFUMES E;07891033962938;GLAMOUR LOC DES HID CPO INTENSE 200ml;1,000;45,28;45,28;11,21;0,00;0,00;34,07;75,24;303,93;1,45;90,32;B;;
11/08/2026;024669 - 24669 ACQUA DISTRIBUIDORA DE PERFUMES E;07891033851645;MAK B COLOR U/B LAC WIN 36g;1,000;58,39;58,39;25,98;0,00;0,00;32,41;55,51;124,75;1,38;91,70;B;;
11/08/2026;024669 - 24669 ACQUA DISTRIBUIDORA DE PERFUMES E;07891033949830;EGEO LOC DES HID CPO VAN/UBSSION 150ml;1,000;38,03;38,03;8,72;0,00;0,00;29,31;77,07;336,12;1,24;92,94;B;;
11/08/2026;024669 - 24669 ACQUA DISTRIBUIDORA DE PERFUMES E;07891033878208;MAKE B BAT EASY MATE WARM CLAY 39g;1,000;46,71;46,71;17,74;0,00;0,00;28,97;62,02;163,30;1,23;94,17;B;;
11/08/2026;024669 - 24669 ACQUA DISTRIBUIDORA DE PERFUMES E;07891033598779;BOTIK CR MULTR FAC CIC/PANT/CER PRM 10g;1,000;33,33;33,33;4,90;0,00;0,00;28,43;85,30;580,20;1,21;95,38;C;;
11/08/2026;024669 - 24669 ACQUA DISTRIBUIDORA DE PERFUMES E;07891033877713;MAKE B BLUSH COMP BERRY MINI PRM 15g;1,000;33,33;33,33;5,21;0,00;0,00;28,12;84,37;539,73;1,19;96,58;C;;
11/08/2026;024669 - 24669 ACQUA DISTRIBUIDORA DE PERFUMES E;07891033511655;CBEM SAB BARRA ROSA/ALGODAO 4x80g;1,000;38,90;38,90;13,78;0,00;0,00;25,12;64,58;182,29;1,07;97,64;C;;
11/08/2026;024669 - 24669 ACQUA DISTRIBUIDORA DE PERFUMES E;07891033539710;CBEM MASC CAP SCH FEIRA PASTA ABAC 30ml;2,000;23,80;11,90;0,00;0,00;0,00;23,80;100,00;0,00;1,01;98,65;C;;
11/08/2026;024669 - 24669 ACQUA DISTRIBUIDORA DE PERFUMES E;07891033511464;CBEM DES ANTIT ROL NUVEM V3 55ml;1,000;27,84;27,84;6,54;0,00;0,00;21,30;76,51;325,69;0,90;99,56;C;;
11/08/2026;024669 - 24669 ACQUA DISTRIBUIDORA DE PERFUMES E;07891033512317;CBEM SAB BARRA CEREJA LIVRE V2 2x80g;1,000;24,90;24,90;7,39;0,00;0,00;17,51;70,32;236,94;0,74;100,30;C;;
11/08/2026;024669 - 24669 ACQUA DISTRIBUIDORA DE PERFUMES E;07891033909544;GLAMOUR DES COL INTENSE PRM 10ml;1,000;14,95;14,95;6,19;0,00;0,00;8,76;58,60;141,52;0,37;100,67;C;;
11/08/2026;024669 - 24669 ACQUA DISTRIBUIDORA DE PERFUMES E;07891033881376;FLORATTA EDP ROSE SUCREE PRM 10ml;1,000;0,01;0,01;6,96;0,00;0,00;-6,95;-69500,00;-99,86;-0,30;100,38;C;;
11/08/2026;024669 - 24669 ACQUA DISTRIBUIDORA DE PERFUMES E;07891033957996;NSPA CR PERF DES HID CP AMX/INT PRM 50ml;4,000;0,04;0,01;8,96;0,00;0,00;-8,92;-22300,00;-99,55;-0,38;100,00;C;;
11/08/2026;024670 - ACQUA DISTRIBUIDORA DE PERFUMES E COSMETICOS LTDA;07891033843879;MALBEC DES COL V6 100ml;2,000;423,23;211,61;165,16;0,00;0,00;258,07;60,98;156,25;10,81;10,81;A;;
11/08/2026;024670 - ACQUA DISTRIBUIDORA DE PERFUMES E COSMETICOS LTDA;07891033479498;THE BLEND EDP 100ml V2;1,000;330,90;330,90;98,91;0,00;0,00;231,99;70,11;234,55;9,71;20,52;A;;
11/08/2026;024670 - ACQUA DISTRIBUIDORA DE PERFUMES E COSMETICOS LTDA;07891033909537;GLAMOUR DES COL INTENSE 75ml;2,000;300,88;150,44;76,86;0,00;0,00;224,02;74,45;291,47;9,38;29,90;A;;
11/08/2026;024670 - ACQUA DISTRIBUIDORA DE PERFUMES E COSMETICOS LTDA;07891033486342;DREAM DES COL SPLSH AMOR NO AR 200ml V2;3,000;254,97;84,99;80,31;0,00;0,00;174,66;68,50;217,48;7,31;37,21;A;;
11/08/2026;024670 - ACQUA DISTRIBUIDORA DE PERFUMES E COSMETICOS LTDA;07891033500222;HER CODE EDP 50ml;1,000;213,73;213,73;57,75;0,00;0,00;155,98;72,98;270,10;6,53;43,75;A;;
11/08/2026;024670 - ACQUA DISTRIBUIDORA DE PERFUMES E COSMETICOS LTDA;07891033497669;UOMINI DES COL BLACK V6 100ml;1,000;181,88;181,88;37,49;0,00;0,00;144,39;79,39;385,14;6,05;49,79;A;;
11/08/2026;024670 - ACQUA DISTRIBUIDORA DE PERFUMES E COSMETICOS LTDA;07891033481392;COFFEE DES COL WOMAN SEDUC 100ml V5;1,000;159,68;159,68;41,83;0,00;0,00;117,85;73,80;281,74;4,93;54,73;A;;
11/08/2026;024670 - ACQUA DISTRIBUIDORA DE PERFUMES E COSMETICOS LTDA;07891033744381;ARBO DES COL 100ml V4;1,000;184,90;184,90;75,37;0,00;0,00;109,53;59,24;145,32;4,59;59,31;A;;
11/08/2026;024670 - ACQUA DISTRIBUIDORA DE PERFUMES E COSMETICOS LTDA;07891033767007;LIZ DES COL 100ml;1,000;130,64;130,64;36,24;0,00;0,00;94,40;72,26;260,49;3,95;63,27;A;;
11/08/2026;024670 - ACQUA DISTRIBUIDORA DE PERFUMES E COSMETICOS LTDA;07891033533886;NSPA SAB LIQ PERF AMEIXA 250ml;2,000;105,79;52,89;17,76;0,00;0,00;88,03;83,21;495,66;3,69;66,95;A;;
11/08/2026;024670 - ACQUA DISTRIBUIDORA DE PERFUMES E COSMETICOS LTDA;07891033944996;CBEM SAB BARRA PESSEGURA V3 4x80g;5,000;138,42;27,68;53,50;0,00;0,00;84,92;61,35;158,73;3,56;70,51;A;;
11/08/2026;024670 - ACQUA DISTRIBUIDORA DE PERFUMES E COSMETICOS LTDA;07891033479085;DREAM DES COL SPLSH VIAG/ENC 200ml V2;1,000;100,82;100,82;29,10;0,00;0,00;71,72;71,14;246,46;3,00;73,51;A;;
11/08/2026;024670 - ACQUA DISTRIBUIDORA DE PERFUMES E COSMETICOS LTDA;07891033512430;QUASAR DES COL CLASSIC 100ml;1,000;130,41;130,41;59,78;0,00;0,00;70,63;54,16;118,15;2,96;76,47;A;;
11/08/2026;024670 - ACQUA DISTRIBUIDORA DE PERFUMES E COSMETICOS LTDA;07891033857142;MALBEC DES ANTIT AER BLACK LEGEND 125ml;2,000;73,26;36,63;14,04;0,00;0,00;59,22;80,84;421,79;2,48;78,95;A;;
11/08/2026;024670 - ACQUA DISTRIBUIDORA DE PERFUMES E COSMETICOS LTDA;07891033892617;BOTICA 214 EDP GOLD/GARD V3 75ml;1,000;157,91;157,91;103,47;0,00;0,00;54,44;34,48;52,61;2,28;81,23;B;;
11/08/2026;024670 - ACQUA DISTRIBUIDORA DE PERFUMES E COSMETICOS LTDA;07891033766215;DREAM DES COL CEU/BAUN 200ml;1,000;100,54;100,54;46,25;0,00;0,00;54,29;54,00;117,38;2,27;83,50;B;;
11/08/2026;024670 - ACQUA DISTRIBUIDORA DE PERFUMES E COSMETICOS LTDA;07891033483037;FLORATTA DES COL RED V2 75ml;1,000;121,41;121,41;68,42;0,00;0,00;52,99;43,65;77,45;2,22;85,72;B;;
11/08/2026;024670 - ACQUA DISTRIBUIDORA DE PERFUMES E COSMETICOS LTDA;07891033482559;NSPA LOC DES HID CPO F/AMEI 200ml V5;2,000;69,90;34,95;21,36;0,00;0,00;48,54;69,44;227,25;2,03;87,75;B;;
11/08/2026;024670 - ACQUA DISTRIBUIDORA DE PERFUMES E COSMETICOS LTDA;07891033595174;REF NSPA LOC DES HID CPO AMEIXA 350ml;1,000;58,78;58,78;10,40;0,00;0,00;48,38;82,31;465,19;2,03;89,78;B;;
11/08/2026;024670 - ACQUA DISTRIBUIDORA DE PERFUMES E COSMETICOS LTDA;07891033533862;BOTIK PROT SOL FAC FPS 80 AC/HIAL 40ml;1,000;72,32;72,32;26,84;0,00;0,00;45,48;62,89;169,45;1,90;91,68;B;;
11/08/2026;024670 - ACQUA DISTRIBUIDORA DE PERFUMES E COSMETICOS LTDA;07891033568390;NECESSEIRE MEN COLLAB NBA PES;1,000;74,90;74,90;30,19;0,00;2,73;41,98;56,04;148,10;1,76;93,44;B;;
11/08/2026;024670 - ACQUA DISTRIBUIDORA DE PERFUMES E COSMETICOS LTDA;07891033589784;NSPA LOC NUTR DES CPO UVA MERLOT 400ml;1,000;59,17;59,17;18,51;0,00;0,00;40,66;68,72;219,67;1,70;95,14;C;;
11/08/2026;024670 - ACQUA DISTRIBUIDORA DE PERFUMES E COSMETICOS LTDA;07891033491506;MATCH SPR CAP MULTIBENEFICIOS V2 150ml;1,000;58,41;58,41;25,33;0,00;0,00;33,08;56,63;130,60;1,39;96,53;C;;
11/08/2026;024670 - ACQUA DISTRIBUIDORA DE PERFUMES E COSMETICOS LTDA;07891033490899;MATCH SHAMP NUTR REGENERADORA 300ml;1,000;43,11;43,11;11,42;0,00;0,00;31,69;73,51;277,50;1,33;97,86;C;;
11/08/2026;024670 - ACQUA DISTRIBUIDORA DE PERFUMES E COSMETICOS LTDA;07891033583171;PMPCK CBEM DES ANTIT AER PROT/BTY 2x90g;1,000;51,25;51,25;23,30;0,00;0,00;27,95;54,54;119,96;1,17;99,03;C;;
11/08/2026;024670 - ACQUA DISTRIBUIDORA DE PERFUMES E COSMETICOS LTDA;07891033487899;THE BLEND DES ANTIT AER 75g/125ml V3;1,000;36,64;36,64;11,79;0,00;0,00;24,85;67,82;210,77;1,04;100,07;C;;
11/08/2026;024670 - ACQUA DISTRIBUIDORA DE PERFUMES E COSMETICOS LTDA;07891033490905;MATCH COND NUTR REGENERADORA 280ml;1,000;44,91;44,91;21,32;0,00;0,00;23,59;52,53;110,65;0,99;101,05;C;;
11/08/2026;024670 - ACQUA DISTRIBUIDORA DE PERFUMES E COSMETICOS LTDA;07891033883431;CAIXA LAÇO P  MAES 25 BOTI;2,000;16,61;8,30;0,00;0,00;0,00;16,61;100,00;0,00;0,70;101,75;C;;
11/08/2026;024670 - ACQUA DISTRIBUIDORA DE PERFUMES E COSMETICOS LTDA;07891033471461;CBEM DES ANTIT AER INV PROTECT 90g/150ml;1,000;27,45;27,45;14,48;0,00;0,00;12,97;47,25;89,57;0,54;102,29;C;;
11/08/2026;024670 - ACQUA DISTRIBUIDORA DE PERFUMES E COSMETICOS LTDA;07891033888528;CARTAO PRESENTE BOTICARIO MAES 25 UNIT;1,000;0,43;0,43;0,00;0,00;0,00;0,43;100,00;0,00;0,02;102,31;C;;
11/08/2026;024670 - ACQUA DISTRIBUIDORA DE PERFUMES E COSMETICOS LTDA;07891033974382;SACOLA UNIT M PAIS 2026 BOTI;3,000;0,03;0,01;0,00;0,00;0,00;0,03;100,00;0,00;0,00;102,31;C;;
11/08/2026;024670 - ACQUA DISTRIBUIDORA DE PERFUMES E COSMETICOS LTDA;07891033908219;SACOLA P BOTICARIO INST/25;3,000;0,03;0,01;3,93;0,00;0,00;-3,90;-13000,00;-99,24;-0,16;102,15;C;;
11/08/2026;024670 - ACQUA DISTRIBUIDORA DE PERFUMES E COSMETICOS LTDA;07891033949083;MAKE B PRIMER FAC ANTIOL SALIC PRM 5ml;1,000;0,01;0,01;4,90;0,00;0,00;-4,89;-48900,00;-99,80;-0,20;101,94;C;;
11/08/2026;024670 - ACQUA DISTRIBUIDORA DE PERFUMES E COSMETICOS LTDA;07891033896615;EGEO DES COL VANILLA UBESESSION PRM 10ml;2,000;0,02;0,01;12,26;0,00;0,00;-12,24;-61200,00;-99,84;-0,51;101,43;C;;
11/08/2026;024670 - ACQUA DISTRIBUIDORA DE PERFUMES E COSMETICOS LTDA;07891033957996;NSPA CR PERF DES HID CP AMX/INT PRM 50ml;7,000;0,07;0,01;15,61;0,00;0,00;-15,54;-22200,00;-99,55;-0,65;100,78;C;;
11/08/2026;024670 - ACQUA DISTRIBUIDORA DE PERFUMES E COSMETICOS LTDA;07891033534098;REF NSPA SAB LIQ CPO PERF AMEIXA 200ml;2,000;0,02;0,01;18,66;0,00;0,00;-18,64;-93200,00;-99,89;-0,78;100,00;C;;
11/08/2026;024671 - 24671 ACQUA DISTRIBUIDORA DE PERFUMES E;07891033893317;LILY EDP V3 75ml;1,000;287,91;287,91;126,65;0,00;0,00;161,26;56,01;127,33;8,37;8,37;A;;
11/08/2026;024671 - 24671 ACQUA DISTRIBUIDORA DE PERFUMES E;07891033881352;FLORATTA EDP ROSE SUCREE 75ml;1,000;206,91;206,91;51,58;0,00;0,00;155,33;75,07;301,14;8,07;16,44;A;;
11/08/2026;024671 - 24671 ACQUA DISTRIBUIDORA DE PERFUMES E;07891033473212;BOTIK SRUM ALT/POT ACID MAND/TRANEX 30ml;1,000;179,25;179,25;37,42;0,00;0,00;141,83;79,12;379,02;7,36;23,80;A;;
11/08/2026;024671 - 24671 ACQUA DISTRIBUIDORA DE PERFUMES E;07891033512430;QUASAR DES COL CLASSIC 100ml;2,000;252,52;126,26;119,56;0,00;0,00;132,96;52,65;111,21;6,90;30,71;A;;
11/08/2026;024671 - 24671 ACQUA DISTRIBUIDORA DE PERFUMES E;07891033855728;ESTJ MALBEC PAIS/25;1,000;205,90;205,90;74,08;0,00;0,00;131,82;64,02;177,94;6,84;37,55;A;;
11/08/2026;024671 - 24671 ACQUA DISTRIBUIDORA DE PERFUMES E;07891033492527;COFFEE D/C SEDUC/WOM/FLORIEN/FR V6 100ml;1,000;172,79;172,79;46,74;0,00;0,00;126,05;72,95;269,68;6,54;44,10;A;;
11/08/2026;024671 - 24671 ACQUA DISTRIBUIDORA DE PERFUMES E;07891033533893;NSPA SAB LIQ PERF AMEIXA NEGRA 250ml;3,000;148,26;49,42;36,75;0,00;0,00;111,51;75,21;303,43;5,79;49,89;A;;
11/08/2026;024671 - 24671 ACQUA DISTRIBUIDORA DE PERFUMES E;07891033766666;MEN DES COL GALBE 100ml V2;1,000;168,90;168,90;68,64;0,00;0,00;100,26;59,36;146,07;5,21;55,09;A;;
11/08/2026;024671 - 24671 ACQUA DISTRIBUIDORA DE PERFUMES E;07891033852390;LILY CR ACET DES HID CPO CASHMERE 250g;1,000;134,91;134,91;37,93;0,00;0,00;96,98;71,88;255,68;5,04;60,13;A;;
11/08/2026;024671 - 24671 ACQUA DISTRIBUIDORA DE PERFUMES E;07891033896530;EGEO DES COL VANILLA UBESESSION 90ml;1,000;124,90;124,90;29,65;0,00;0,00;95,25;76,26;321,25;4,95;65,07;A;;
11/08/2026;024671 - 24671 ACQUA DISTRIBUIDORA DE PERFUMES E;07891033533923;NSPA SAB LIQ PERF ORQUIDEA NOIRE 250ml;2,000;110,20;55,10;39,96;0,00;0,00;70,24;63,74;175,78;3,65;68,72;A;;
11/08/2026;024671 - 24671 ACQUA DISTRIBUIDORA DE PERFUMES E;07891033880775;NSPA LOC DES HID CPO AMEIXA V7 400ml;1,000;89,90;89,90;20,45;0,00;0,00;69,45;77,25;339,61;3,61;72,33;A;;
11/08/2026;024671 - 24671 ACQUA DISTRIBUIDORA DE PERFUMES E;07891033518029;BOTI BABY COL SOL V2 100ml;1,000;79,90;79,90;16,56;0,00;0,00;63,34;79,27;382,49;3,29;75,61;A;;
11/08/2026;024671 - 24671 ACQUA DISTRIBUIDORA DE PERFUMES E;07891033525911;REF ELYSEE CR DES HID ACET CPO 200g;1,000;99,90;99,90;37,68;0,00;0,00;62,22;62,28;165,13;3,23;78,84;A;;
11/08/2026;024671 - 24671 ACQUA DISTRIBUIDORA DE PERFUMES E;07891033591329;BOTI BABY COL LUA RPCK 100ml;1,000;97,90;97,90;38,12;0,00;0,00;59,78;61,06;156,82;3,10;81,95;B;;
11/08/2026;024671 - 24671 ACQUA DISTRIBUIDORA DE PERFUMES E;07891033533886;NSPA SAB LIQ PERF AMEIXA 250ml;1,000;59,90;59,90;8,63;0,00;0,00;51,27;85,59;594,09;2,66;84,61;B;;
11/08/2026;024671 - 24671 ACQUA DISTRIBUIDORA DE PERFUMES E;07891033527410;REF MATCH CR PENT CACHOS CIEN/CURV 400ml;1,000;56,90;56,90;13,74;0,00;0,00;43,16;75,85;314,12;2,24;86,85;B;;
11/08/2026;024671 - 24671 ACQUA DISTRIBUIDORA DE PERFUMES E;07891033589784;NSPA LOC NUTR DES CPO UVA MERLOT 400ml;1,000;58,90;58,90;17,87;0,00;0,00;41,03;69,66;229,60;2,13;88,98;B;;
11/08/2026;024671 - 24671 ACQUA DISTRIBUIDORA DE PERFUMES E;07891033962938;GLAMOUR LOC DES HID CPO INTENSE 200ml;1,000;48,91;48,91;11,21;0,00;0,00;37,70;77,08;336,31;1,96;90,94;B;;
11/08/2026;024671 - 24671 ACQUA DISTRIBUIDORA DE PERFUMES E;07891033527953;MAKE B BB SEN MULTI 160 220 25g;1,000;68,15;68,15;36,23;0,00;0,00;31,92;46,84;88,10;1,66;92,60;B;;
11/08/2026;024671 - 24671 ACQUA DISTRIBUIDORA DE PERFUMES E;07891033520183;BOTI BABY SHAMP V2 400ml;1,000;56,22;56,22;26,00;0,00;0,00;30,22;53,75;116,23;1,57;94,17;B;;
11/08/2026;024671 - 24671 ACQUA DISTRIBUIDORA DE PERFUMES E;07891033486533;ELYSEE DES ANTIT AEROSSOL 75g V3;1,000;39,90;39,90;11,49;0,00;0,00;28,41;71,20;247,26;1,48;95,64;C;;
11/08/2026;024671 - 24671 ACQUA DISTRIBUIDORA DE PERFUMES E;07891033894222;NSPA LOC DES HID CPO ORQ/NOIRE V2 400ml;1,000;62,61;62,61;36,28;0,00;0,00;26,33;42,05;72,57;1,37;97,01;C;;
11/08/2026;024671 - 24671 ACQUA DISTRIBUIDORA DE PERFUMES E;07891033889112;LILY SAB BARRA V2 2x90g;1,000;41,31;41,31;21,10;0,00;0,00;20,21;48,92;95,78;1,05;98,06;C;;
11/08/2026;024671 - 24671 ACQUA DISTRIBUIDORA DE PERFUMES E;07891033511679;CBEM DES ANTIT CREM S/PERF V2 80g;1,000;29,57;29,57;10,25;0,00;0,00;19,32;65,34;188,49;1,00;99,06;C;;
11/08/2026;024671 - 24671 ACQUA DISTRIBUIDORA DE PERFUMES E;07891033511655;CBEM SAB BARRA ROSA/ALGODAO 4x80g;1,000;32,75;32,75;13,78;0,00;0,00;18,97;57,92;137,66;0,98;100,05;C;;
11/08/2026;024671 - 24671 ACQUA DISTRIBUIDORA DE PERFUMES E;07891033554089;BOTIK CR N FIR ROST/PESC RES/SIL PRM 10g;1,000;16,30;16,30;0,00;0,00;0,00;16,30;100,00;0,00;0,85;100,89;C;;
11/08/2026;024671 - 24671 ACQUA DISTRIBUIDORA DE PERFUMES E;07891033536283;BOTIK GEL LIMP FAC VITAM C PRM 50g;3,000;14,34;4,78;0,00;0,00;0,00;14,34;100,00;0,00;0,74;101,64;C;;
11/08/2026;024671 - 24671 ACQUA DISTRIBUIDORA DE PERFUMES E;07891033773626;REF NSPA LOC DES HID CPO KARITE 400ml;1,000;37,75;37,75;24,43;0,00;0,00;13,32;35,28;54,52;0,69;102,33;C;;
11/08/2026;024671 - 24671 ACQUA DISTRIBUIDORA DE PERFUMES E;07891033512270;CBEM SAB BARRA NUVEM 4x80g;1,000;27,21;27,21;14,25;0,00;0,00;12,96;47,63;90,95;0,67;103,00;C;;
11/08/2026;024671 - 24671 ACQUA DISTRIBUIDORA DE PERFUMES E;07891033495498;BOTICA 214 EDP FEM VER/FIRENZ 10ml PRM;1,000;12,55;12,55;0,00;0,00;0,00;12,55;100,00;0,00;0,65;103,65;C;;
11/08/2026;024671 - 24671 ACQUA DISTRIBUIDORA DE PERFUMES E;07891033471454;CBEM DES ANTIT ROLL PROTECT/BEAUTY 55ml;1,000;18,56;18,56;6,51;0,00;0,00;12,05;64,92;185,10;0,63;104,28;C;;
11/08/2026;024671 - 24671 ACQUA DISTRIBUIDORA DE PERFUMES E;07891033847419;REF MATCH SHAMP NUTR PROFUNDA V2 250ml;1,000;25,52;25,52;14,40;0,00;0,00;11,12;43,57;77,22;0,58;104,86;C;;
11/08/2026;024671 - 24671 ACQUA DISTRIBUIDORA DE PERFUMES E;07891033855483;REF MATCH COND NUTR/PROF V2 250ml;1,000;26,87;26,87;15,78;0,00;0,00;11,09;41,27;70,28;0,58;105,43;C;;
11/08/2026;024671 - 24671 ACQUA DISTRIBUIDORA DE PERFUMES E;07891033560042;MEN DES AER P/PES SPORT 125ml;1,000;20,72;20,72;9,73;0,00;0,00;10,99;53,04;112,95;0,57;106,00;C;;
11/08/2026;024671 - 24671 ACQUA DISTRIBUIDORA DE PERFUMES E;07891033476008;BOTI SUN PR FAC ANTIS ACQ FLD FPS30 40ml;1,000;32,59;32,59;22,72;0,00;0,00;9,87;30,29;43,44;0,51;106,51;C;;
11/08/2026;024671 - 24671 ACQUA DISTRIBUIDORA DE PERFUMES E;07891033894017;CX PRESENTE M BOTI INST/25 VDA;1,000;9,11;9,11;7,37;0,00;0,00;1,74;19,10;23,61;0,09;106,61;C;;
11/08/2026;024671 - 24671 ACQUA DISTRIBUIDORA DE PERFUMES E;07891033487738;NSPA SHAMP QUINOA 300ml V3;1,000;22,41;22,41;23,04;0,00;0,00;-0,63;-2,81;-2,73;-0,03;106,57;C;;
11/08/2026;024671 - 24671 ACQUA DISTRIBUIDORA DE PERFUMES E;07891033908219;SACOLA P BOTICARIO INST/25;3,000;0,03;0,01;3,93;0,00;0,00;-3,90;-13000,00;-99,24;-0,20;106,37;C;;
11/08/2026;024671 - 24671 ACQUA DISTRIBUIDORA DE PERFUMES E;07891033908226;SACOLA M BOTICARIO INST/25;5,000;0,05;0,01;7,80;0,00;0,00;-7,75;-15500,00;-99,36;-0,40;105,97;C;;
11/08/2026;024671 - 24671 ACQUA DISTRIBUIDORA DE PERFUMES E;07891033534098;REF NSPA SAB LIQ CPO PERF AMEIXA 200ml;1,000;0,01;0,01;15,61;0,00;0,00;-15,60;-156000,00;-99,94;-0,81;105,16;C;;
11/08/2026;024671 - 24671 ACQUA DISTRIBUIDORA DE PERFUMES E;07891033534111;REF NSPA SAB LIQ CP PERF ORQ/NOIRE 200ml;1,000;0,01;0,01;16,11;0,00;0,00;-16,10;-161000,00;-99,94;-0,84;104,32;C;;
11/08/2026;024671 - 24671 ACQUA DISTRIBUIDORA DE PERFUMES E;07891033520213;REF BOTI BABY SHAMP 350ml;1,000;0,01;0,01;20,84;0,00;0,00;-20,83;-208300,00;-99,95;-1,08;103,24;C;;
11/08/2026;024671 - 24671 ACQUA DISTRIBUIDORA DE PERFUMES E;07891033534104;REF NSPA SAB LIQ CPO PERF AMEI/NEG 200ml;4,000;0,04;0,01;62,44;0,00;0,00;-62,40;-156000,00;-99,94;-3,24;100,00;C;;
12/08/2026;024303 - 24303 ACQUA DISTRIBUIDORA DE PERFUMES E;07891033898169;THE BLEND EDP BOURBON V2 100ml;1,000;367,94;367,94;92,33;0,00;0,00;275,61;74,91;298,51;11,13;11,13;A;;
12/08/2026;024303 - 24303 ACQUA DISTRIBUIDORA DE PERFUMES E;07891033902408;ESTJ MALBEC ICON PAIS/26;2,000;389,42;194,71;126,70;0,00;0,00;262,72;67,46;207,36;10,61;21,74;A;;
12/08/2026;024303 - 24303 ACQUA DISTRIBUIDORA DE PERFUMES E;07891033956494;ESTJ ZAAD INTENSE PAIS/26;1,000;305,52;305,52;123,38;0,00;0,00;182,14;59,62;147,63;7,36;29,10;A;;
12/08/2026;024303 - 24303 ACQUA DISTRIBUIDORA DE PERFUMES E;07891033902385;ESTJ MALBEC PAIS/26;1,000;269,90;269,90;88,24;0,00;0,00;181,66;67,31;205,87;7,34;36,44;A;;
12/08/2026;024303 - 24303 ACQUA DISTRIBUIDORA DE PERFUMES E;07891033893065;ESTJ HER CODE MAES/26;1,000;282,75;282,75;101,88;0,00;0,00;180,87;63,97;177,53;7,31;43,74;A;;
12/08/2026;024303 - 24303 ACQUA DISTRIBUIDORA DE PERFUMES E;07891033880195;BOTICA 214 EDP DARK MINT V3 90ml;1,000;185,46;185,46;48,36;0,00;0,00;137,10;73,92;283,50;5,54;49,28;A;;
12/08/2026;024303 - 24303 ACQUA DISTRIBUIDORA DE PERFUMES E;07891033909537;GLAMOUR DES COL INTENSE 75ml;1,000;153,13;153,13;38,83;0,00;0,00;114,30;74,64;294,36;4,62;53,90;A;;
12/08/2026;024303 - 24303 ACQUA DISTRIBUIDORA DE PERFUMES E;07891033486342;DREAM DES COL SPLSH AMOR NO AR 200ml V2;2,000;203,80;101,90;93,18;0,00;0,00;110,62;54,28;118,72;4,47;58,36;A;;
12/08/2026;024303 - 24303 ACQUA DISTRIBUIDORA DE PERFUMES E;07891033899609;ESTJ LILY L EAU AMOR/26;1,000;215,91;215,91;105,61;0,00;0,00;110,30;51,09;104,44;4,45;62,82;A;;
12/08/2026;024303 - 24303 ACQUA DISTRIBUIDORA DE PERFUMES E;07891033486212;FLORATTA EDP FLEUR D ECLIPSE 75ml;1,000;188,35;188,35;90,59;0,00;0,00;97,76;51,90;107,91;3,95;66,77;A;;
12/08/2026;024303 - 24303 ACQUA DISTRIBUIDORA DE PERFUMES E;07891033512430;QUASAR DES COL CLASSIC 100ml;1,000;144,90;144,90;64,14;0,00;0,00;80,76;55,73;125,91;3,26;70,03;A;;
12/08/2026;024303 - 24303 ACQUA DISTRIBUIDORA DE PERFUMES E;07891033550838;NEXT COLONIA 75ml;1,000;104,28;104,28;31,71;0,00;0,00;72,57;69,59;228,86;2,93;72,96;A;;
12/08/2026;024303 - 24303 ACQUA DISTRIBUIDORA DE PERFUMES E;07891033706693;SOPHIE COL LIKE 100ml;1,000;119,90;119,90;49,52;0,00;0,00;70,38;58,70;142,12;2,84;75,80;A;;
12/08/2026;024303 - 24303 ACQUA DISTRIBUIDORA DE PERFUMES E;07891033492527;COFFEE D/C SEDUC/WOM/FLORIEN/FR V6 100ml;1,000;162,12;162,12;91,77;0,00;0,00;70,35;43,39;76,66;2,84;78,64;A;;
12/08/2026;024303 - 24303 ACQUA DISTRIBUIDORA DE PERFUMES E;07891033908523;ESTJ CELEBRE MASC SUA FORCA PAIS/26;1,000;108,05;108,05;38,92;0,00;0,00;69,13;63,98;177,62;2,79;81,44;B;;
12/08/2026;024303 - 24303 ACQUA DISTRIBUIDORA DE PERFUMES E;07891033893669;NSPA DES COL BDY SPLSH ROSAS/SCRT 200ml;1,000;109,90;109,90;42,89;0,00;0,00;67,01;60,97;156,24;2,71;84,14;B;;
12/08/2026;024303 - 24303 ACQUA DISTRIBUIDORA DE PERFUMES E;07891033896530;EGEO DES COL VANILLA UBESESSION 90ml;1,000;124,90;124,90;59,93;0,00;0,00;64,97;52,02;108,41;2,62;86,77;B;;
12/08/2026;024303 - 24303 ACQUA DISTRIBUIDORA DE PERFUMES E;07891033512362;CBEM DES COL BDY SPLSH PESSEGUR V2 200ml;1,000;68,52;68,52;18,25;0,00;0,00;50,27;73,37;275,45;2,03;88,80;B;;
12/08/2026;024303 - 24303 ACQUA DISTRIBUIDORA DE PERFUMES E;07891033524686;BOTIK GEL LIM FAC MIC AC MAN/SAL 50g PRM;3,000;44,87;14,96;0,00;0,00;0,00;44,87;100,00;0,00;1,81;90,61;B;;
12/08/2026;024303 - 24303 ACQUA DISTRIBUIDORA DE PERFUMES E;07891033859207;CBEM DES COL BDY SPLSH AMORUDA 200ml;1,000;73,11;73,11;36,91;0,00;0,00;36,20;49,51;98,08;1,46;92,07;B;;
12/08/2026;024303 - 24303 ACQUA DISTRIBUIDORA DE PERFUMES E;07891033589784;NSPA LOC NUTR DES CPO UVA MERLOT 400ml;1,000;71,90;71,90;35,75;0,00;0,00;36,15;50,28;101,12;1,46;93,53;B;;
12/08/2026;024303 - 24303 ACQUA DISTRIBUIDORA DE PERFUMES E;07891033578825;LILY DES BDY SPR LEAU/LILY BLANC 100ml;1,000;52,90;52,90;19,45;0,00;0,00;33,45;63,23;171,98;1,35;94,88;B;;
12/08/2026;024303 - 24303 ACQUA DISTRIBUIDORA DE PERFUMES E;07891033874439;CBEM LOC DES HID CPO AMORUDA 400ml;1,000;60,79;60,79;29,18;0,00;0,00;31,61;52,00;108,33;1,28;96,16;C;;
12/08/2026;024303 - 24303 ACQUA DISTRIBUIDORA DE PERFUMES E;07891033508815;CBEM DES COL BDY SPLSH DELEITE V3 200ml;1,000;67,37;67,37;36,91;0,00;0,00;30,46;45,21;82,53;1,23;97,39;C;;
12/08/2026;024303 - 24303 ACQUA DISTRIBUIDORA DE PERFUMES E;07891033902194;CBEM DES COL BDY SPLSH DEL/CARAM 200ml;1,000;62,62;62,62;35,07;0,00;0,00;27,55;44,00;78,56;1,11;98,50;C;;
12/08/2026;024303 - 24303 ACQUA DISTRIBUIDORA DE PERFUMES E;07891033879823;ACCORDES DES BDY SPR V7 100ml;2,000;72,11;36,05;44,74;0,00;0,00;27,37;37,96;61,18;1,11;99,61;C;;
12/08/2026;024303 - 24303 ACQUA DISTRIBUIDORA DE PERFUMES E;07891033748938;EGEO DES BDY SPR DOLCE 100ml V8 PCK;2,000;69,30;34,65;48,64;0,00;0,00;20,66;29,81;42,48;0,83;100,44;C;;
12/08/2026;024303 - 24303 ACQUA DISTRIBUIDORA DE PERFUMES E;07891033945382;NSPA SAB BARRA CORP AMEI/NEG V4 2x90g;1,000;23,42;23,42;8,93;0,00;0,00;14,49;61,87;162,26;0,59;101,03;C;;
12/08/2026;024303 - 24303 ACQUA DISTRIBUIDORA DE PERFUMES E;07891033512270;CBEM SAB BARRA NUVEM 4x80g;1,000;28,90;28,90;14,47;0,00;0,00;14,43;49,93;99,72;0,58;101,61;C;;
12/08/2026;024303 - 24303 ACQUA DISTRIBUIDORA DE PERFUMES E;07891033908233;SACOLA G O BOTICARIO INST/25;1,000;0,01;0,01;2,50;0,00;0,00;-2,49;-24900,00;-99,60;-0,10;101,51;C;;
12/08/2026;024303 - 24303 ACQUA DISTRIBUIDORA DE PERFUMES E;07891033908219;SACOLA P BOTICARIO INST/25;4,000;0,04;0,01;5,24;0,00;0,00;-5,20;-13000,00;-99,24;-0,21;101,30;C;;
12/08/2026;024303 - 24303 ACQUA DISTRIBUIDORA DE PERFUMES E;07891033908226;SACOLA M BOTICARIO INST/25;8,000;0,08;0,01;12,48;0,00;0,00;-12,40;-15500,00;-99,36;-0,50;100,80;C;;
12/08/2026;024303 - 24303 ACQUA DISTRIBUIDORA DE PERFUMES E;07891033949083;MAKE B PRIMER FAC ANTIOL SALIC PRM 5ml;4,000;0,04;0,01;19,80;0,00;0,00;-19,76;-49400,00;-99,80;-0,80;100,00;C;;
12/08/2026;024617 - ACQUA DISTRIBUIDORA DE PERFUMES E COSMETICOS LTDA;07891033868957;LILY DES COL LEAU/LILY BLANCHE 75ml;1,000;220,00;220,00;81,74;0,00;0,00;138,26;62,85;169,15;29,37;29,37;A;;
12/08/2026;024617 - ACQUA DISTRIBUIDORA DE PERFUMES E COSMETICOS LTDA;07891033909537;GLAMOUR DES COL INTENSE 75ml;1,000;161,49;161,49;38,83;0,00;0,00;122,66;75,96;315,89;26,05;55,42;A;;
12/08/2026;024617 - ACQUA DISTRIBUIDORA DE PERFUMES E COSMETICOS LTDA;07891033882090;ESTJ NSPA AMEIXA REG/25;1,000;110,00;110,00;58,54;0,00;0,00;51,46;46,78;87,91;10,93;66,35;A;;
12/08/2026;024617 - ACQUA DISTRIBUIDORA DE PERFUMES E COSMETICOS LTDA;07891033553587;MALBEC EDP PRM 10ml;1,000;49,90;49,90;2,36;0,00;0,00;47,54;95,27;2014,41;10,10;76,45;A;;
12/08/2026;024617 - ACQUA DISTRIBUIDORA DE PERFUMES E COSMETICOS LTDA;07891033962938;GLAMOUR LOC DES HID CPO INTENSE 200ml;1,000;54,75;54,75;24,42;0,00;0,00;30,33;55,40;124,20;6,44;82,89;B;;
12/08/2026;024617 - ACQUA DISTRIBUIDORA DE PERFUMES E COSMETICOS LTDA;07891033880188;MAKE B BAT LIQ MAT AC/POL WARM/CA V2 5ml;1,000;53,76;53,76;29,41;0,00;0,00;24,35;45,29;82,79;5,17;88,06;B;;
12/08/2026;024617 - ACQUA DISTRIBUIDORA DE PERFUMES E COSMETICOS LTDA;07891033521463;INTENSE BAT CREM 260 V2 38g;1,000;36,90;36,90;15,93;0,00;0,00;20,97;56,83;131,64;4,45;92,52;B;;
12/08/2026;024617 - ACQUA DISTRIBUIDORA DE PERFUMES E COSMETICOS LTDA;07891033890279;MAKE B CORRET LIQ HYAL 140Q 68ml;1,000;40,93;40,93;23,31;0,00;0,00;17,62;43,05;75,59;3,74;96,26;C;;
12/08/2026;024617 - ACQUA DISTRIBUIDORA DE PERFUMES E COSMETICOS LTDA;07891033890262;MAKE B CORRET LIQ HYAL 120N 68ml;1,000;40,93;40,93;23,31;0,00;0,00;17,62;43,05;75,59;3,74;100,00;C;;
12/08/2026;024668 - ACQUA DISTRIBUIDORA DE PERFUMES E COSMETICOS LTDA;07891033553570;MALBEC EDP 90ml;1,000;266,68;266,68;57,29;0,00;0,00;209,39;78,52;365,49;6,12;6,12;A;;
12/08/2026;024668 - ACQUA DISTRIBUIDORA DE PERFUMES E COSMETICOS LTDA;07891033483037;FLORATTA DES COL RED V2 75ml;2,000;269,80;134,90;71,04;0,00;0,00;198,76;73,67;279,79;5,81;11,93;A;;
12/08/2026;024668 - ACQUA DISTRIBUIDORA DE PERFUMES E COSMETICOS LTDA;07891033843909;MALBEC DES COL MAGNETIC V3 100ml;1,000;259,90;259,90;62,79;0,00;0,00;197,11;75,84;313,92;5,76;17,68;A;;
12/08/2026;024668 - ACQUA DISTRIBUIDORA DE PERFUMES E COSMETICOS LTDA;07891033902385;ESTJ MALBEC PAIS/26;1,000;254,67;254,67;87,33;0,00;0,00;167,34;65,71;191,62;4,89;22,57;A;;
12/08/2026;024668 - ACQUA DISTRIBUIDORA DE PERFUMES E COSMETICOS LTDA;07891033843916;MALBEC DES COL GOLD V3 100ml;1,000;214,57;214,57;50,55;0,00;0,00;164,02;76,44;324,47;4,79;27,37;A;;
12/08/2026;024668 - ACQUA DISTRIBUIDORA DE PERFUMES E COSMETICOS LTDA;07891033497652;UOMINI DES COL V6 100ml;1,000;192,55;192,55;35,53;0,00;0,00;157,02;81,55;441,94;4,59;31,95;A;;
12/08/2026;024668 - ACQUA DISTRIBUIDORA DE PERFUMES E COSMETICOS LTDA;07891033881352;FLORATTA EDP ROSE SUCREE 75ml;1,000;205,07;205,07;51,58;0,00;0,00;153,49;74,85;297,58;4,48;36,44;A;;
12/08/2026;024668 - ACQUA DISTRIBUIDORA DE PERFUMES E COSMETICOS LTDA;07891033880195;BOTICA 214 EDP DARK MINT V3 90ml;1,000;191,90;191,90;47,88;0,00;0,00;144,02;75,05;300,79;4,21;40,65;A;;
12/08/2026;024668 - ACQUA DISTRIBUIDORA DE PERFUMES E COSMETICOS LTDA;07891033740437;LINDA DES COL V4 100ml;1,000;219,90;219,90;79,11;0,00;0,00;140,79;64,02;177,97;4,11;44,76;A;;
12/08/2026;024668 - ACQUA DISTRIBUIDORA DE PERFUMES E COSMETICOS LTDA;07891033492527;COFFEE D/C SEDUC/WOM/FLORIEN/FR V6 100ml;1,000;185,73;185,73;46,73;0,00;0,00;139,00;74,84;297,45;4,06;48,82;A;;
12/08/2026;024668 - ACQUA DISTRIBUIDORA DE PERFUMES E COSMETICOS LTDA;07891033520299;BOTICOLL PORTINARI D/COL ABSOLUTO 100ml;1,000;174,90;174,90;37,51;0,00;0,00;137,39;78,55;366,28;4,01;52,84;A;;
12/08/2026;024668 - ACQUA DISTRIBUIDORA DE PERFUMES E COSMETICOS LTDA;07891033222490;FREE DES COL BOTICOLL 100ml V4;1,000;166,64;166,64;59,49;0,00;0,00;107,15;64,30;180,11;3,13;55,97;A;;
12/08/2026;024668 - ACQUA DISTRIBUIDORA DE PERFUMES E COSMETICOS LTDA;07891033852390;LILY CR ACET DES HID CPO CASHMERE 250g;1,000;133,71;133,71;36,64;0,00;0,00;97,07;72,60;264,93;2,84;58,80;A;;
12/08/2026;024668 - ACQUA DISTRIBUIDORA DE PERFUMES E COSMETICOS LTDA;07891033842148;EGEO DES COL SPCY VIBE C/CAR 90ml;1,000;151,58;151,58;60,14;0,00;0,00;91,44;60,32;152,05;2,67;61,48;A;;
12/08/2026;024668 - ACQUA DISTRIBUIDORA DE PERFUMES E COSMETICOS LTDA;07891033524686;BOTIK GEL LIM FAC MIC AC MAN/SAL 50g PRM;4,000;90,05;22,51;0,00;0,00;0,00;90,05;100,00;0,00;2,63;64,11;A;;
12/08/2026;024668 - ACQUA DISTRIBUIDORA DE PERFUMES E COSMETICOS LTDA;07891033767007;LIZ DES COL 100ml;1,000;125,79;125,79;36,24;0,00;0,00;89,55;71,19;247,10;2,62;66,72;A;;
12/08/2026;024668 - ACQUA DISTRIBUIDORA DE PERFUMES E COSMETICOS LTDA;07891033520442;CELEBRE DES COL FEM AGORA 100ml;2,000;180,30;90,15;91,78;0,00;0,00;88,52;49,10;96,45;2,59;69,31;A;;
12/08/2026;024668 - ACQUA DISTRIBUIDORA DE PERFUMES E COSMETICOS LTDA;07891033499601;NSPA DES COL BDY SPLSH ORQ NOIRE 200ml;1,000;95,87;95,87;17,92;0,00;0,00;77,95;81,31;434,99;2,28;71,59;A;;
12/08/2026;024668 - ACQUA DISTRIBUIDORA DE PERFUMES E COSMETICOS LTDA;07891033872725;NSPA DES COL BDY SPLSH UVA MERLOT 200ml;1,000;95,87;95,87;19,90;0,00;0,00;75,97;79,24;381,76;2,22;73,81;A;;
12/08/2026;024668 - ACQUA DISTRIBUIDORA DE PERFUMES E COSMETICOS LTDA;07891033880829;NSPA LOC DES HID CPO AMEIX/NEG V4 400ml;1,000;89,90;89,90;16,86;0,00;0,00;73,04;81,25;433,21;2,13;75,94;A;;
12/08/2026;024668 - ACQUA DISTRIBUIDORA DE PERFUMES E COSMETICOS LTDA;07891033528981;ARBO DES COL PURO 100ml;1,000;129,51;129,51;65,41;0,00;0,00;64,10;49,49;98,00;1,87;77,81;A;;
12/08/2026;024668 - ACQUA DISTRIBUIDORA DE PERFUMES E COSMETICOS LTDA;07891033850983;NSPA OL GLOR DES HID CPO ORQ/NOIRE 200ml;1,000;87,15;87,15;25,02;0,00;0,00;62,13;71,29;248,32;1,82;79,63;A;;
12/08/2026;024668 - ACQUA DISTRIBUIDORA DE PERFUMES E COSMETICOS LTDA;07891033878017;MAKE B BATOM PREENCH HYAL ROSA ROSE 4g;2,000;94,55;47,27;35,42;0,00;0,00;59,13;62,54;166,94;1,73;81,36;B;;
12/08/2026;024668 - ACQUA DISTRIBUIDORA DE PERFUMES E COSMETICOS LTDA;07891033486854;COFFEE LOC HID DES CPO W/SEDUC 200ml V2;1,000;68,36;68,36;13,86;0,00;0,00;54,50;79,72;393,22;1,59;82,95;B;;
12/08/2026;024668 - ACQUA DISTRIBUIDORA DE PERFUMES E COSMETICOS LTDA;07891033487806;COFFEE DES ANTIT AER WOMAN SEDUC 75g V4;2,000;75,60;37,80;22,66;0,00;0,00;52,94;70,03;233,63;1,55;84,50;B;;
12/08/2026;024668 - ACQUA DISTRIBUIDORA DE PERFUMES E COSMETICOS LTDA;07891033035304;CAIXA M INST 2021 VERDE ECONOMICA;15,000;50,60;3,37;0,00;0,00;0,00;50,60;100,00;0,00;1,48;85,97;B;;
12/08/2026;024668 - ACQUA DISTRIBUIDORA DE PERFUMES E COSMETICOS LTDA;07891033512393;CBEM DES COL BDY SPLSH CER/LIV V2 200ml;1,000;67,76;67,76;19,23;0,00;0,00;48,53;71,62;252,37;1,42;87,39;B;;
12/08/2026;024668 - ACQUA DISTRIBUIDORA DE PERFUMES E COSMETICOS LTDA;07891033836840;DR BOTICA COL POC/AVENTURA 120ml;1,000;65,92;65,92;19,23;0,00;0,00;46,69;70,83;242,80;1,36;88,76;B;;
12/08/2026;024668 - ACQUA DISTRIBUIDORA DE PERFUMES E COSMETICOS LTDA;07891033498963;CBEM LOC DES HID CPO ROS/ALG V3 200ml;1,000;54,21;54,21;9,38;0,00;0,00;44,83;82,70;477,93;1,31;90,07;B;;
12/08/2026;024668 - ACQUA DISTRIBUIDORA DE PERFUMES E COSMETICOS LTDA;07891033578825;LILY DES BDY SPR LEAU/LILY BLANC 100ml;1,000;52,90;52,90;8,63;0,00;0,00;44,27;83,69;512,98;1,29;91,36;B;;
12/08/2026;024668 - ACQUA DISTRIBUIDORA DE PERFUMES E COSMETICOS LTDA;07891033733675;EGEO DES BDY SPR BLUE 100ml V2 PCK;1,000;52,90;52,90;8,98;0,00;0,00;43,92;83,02;489,09;1,28;92,64;B;;
12/08/2026;024668 - ACQUA DISTRIBUIDORA DE PERFUMES E COSMETICOS LTDA;07891033962938;GLAMOUR LOC DES HID CPO INTENSE 200ml;1,000;52,47;52,47;11,18;0,00;0,00;41,29;78,69;369,32;1,21;93,85;B;;
12/08/2026;024668 - ACQUA DISTRIBUIDORA DE PERFUMES E COSMETICOS LTDA;07891033548798;ESTJ BOTI BABY NINHO V2;1,000;59,90;59,90;19,50;0,00;0,00;40,40;67,45;207,18;1,18;95,03;C;;
12/08/2026;024668 - ACQUA DISTRIBUIDORA DE PERFUMES E COSMETICOS LTDA;07891033509560;CLASH DES BDY SPR 100ml;1,000;47,61;47,61;8,94;0,00;0,00;38,67;81,22;432,55;1,13;96,16;C;;
12/08/2026;024668 - ACQUA DISTRIBUIDORA DE PERFUMES E COSMETICOS LTDA;07891033867554;NSPA SAB LIQ PERF ORQ/NOIRE V2 250ml;1,000;52,25;52,25;19,90;0,00;0,00;32,35;61,91;162,56;0,95;97,10;C;;
12/08/2026;024668 - ACQUA DISTRIBUIDORA DE PERFUMES E COSMETICOS LTDA;07891033842285;GLAMOUR DES BDY SPR 100ml V6 PCK;1,000;52,90;52,90;24,05;0,00;0,00;28,85;54,54;119,96;0,84;97,95;C;;
12/08/2026;024668 - ACQUA DISTRIBUIDORA DE PERFUMES E COSMETICOS LTDA;07891033830619;CELEBRE LOC DES HID CPO FORC 200ml;1,000;38,61;38,61;15,83;0,00;0,00;22,78;59,00;143,90;0,67;98,61;C;;
12/08/2026;024668 - ACQUA DISTRIBUIDORA DE PERFUMES E COSMETICOS LTDA;07891033541546;MALBEC DES ANTIT AER ICON 125ml;1,000;39,90;39,90;17,96;0,00;0,00;21,94;54,99;122,16;0,64;99,25;C;;
12/08/2026;024668 - ACQUA DISTRIBUIDORA DE PERFUMES E COSMETICOS LTDA;07891033511310;CBEM DES ANTIT ROL BEIJINHO V3 55ml;1,000;27,42;27,42;7,58;0,00;0,00;19,84;72,36;261,74;0,58;99,83;C;;
12/08/2026;024668 - ACQUA DISTRIBUIDORA DE PERFUMES E COSMETICOS LTDA;07891033511648;CBEM DES ANTIT CR R/ALG V3 80g;1,000;27,92;27,92;10,76;0,00;0,00;17,16;61,46;159,48;0,50;100,34;C;;
12/08/2026;024668 - ACQUA DISTRIBUIDORA DE PERFUMES E COSMETICOS LTDA;07891033512317;CBEM SAB BARRA CEREJA LIVRE V2 2x80g;1,000;21,12;21,12;7,39;0,00;0,00;13,73;65,01;185,79;0,40;100,74;C;;
12/08/2026;024668 - ACQUA DISTRIBUIDORA DE PERFUMES E COSMETICOS LTDA;07891033035540;CAIXA G INST 2021 VERDE ECONOMICA;1,000;6,89;6,89;0,00;0,00;0,00;6,89;100,00;0,00;0,20;100,94;C;;
12/08/2026;024668 - ACQUA DISTRIBUIDORA DE PERFUMES E COSMETICOS LTDA;07891033534111;REF NSPA SAB LIQ CP PERF ORQ/NOIRE 200ml;1,000;0,01;0,01;9,91;0,00;0,00;-9,90;-99000,00;-99,90;-0,29;100,65;C;;
12/08/2026;024668 - ACQUA DISTRIBUIDORA DE PERFUMES E COSMETICOS LTDA;07891033957996;NSPA CR PERF DES HID CP AMX/INT PRM 50ml;10,000;0,10;0,01;22,30;0,00;0,00;-22,20;-22200,00;-99,55;-0,65;100,00;C;;
12/08/2026;024669 - 24669 ACQUA DISTRIBUIDORA DE PERFUMES E;07891033843879;MALBEC DES COL V6 100ml;4,000;775,64;193,91;165,60;0,00;0,00;610,04;78,65;368,38;23,32;23,32;A;;
12/08/2026;024669 - 24669 ACQUA DISTRIBUIDORA DE PERFUMES E;07891033893317;LILY EDP V3 75ml;1,000;319,00;319,00;93,34;0,00;0,00;225,66;70,74;241,76;8,63;31,94;A;;
12/08/2026;024669 - 24669 ACQUA DISTRIBUIDORA DE PERFUMES E;07891033839711;LILY DES COL LEAU DE 75ml;1,000;229,90;229,90;42,84;0,00;0,00;187,06;81,37;436,65;7,15;39,09;A;;
12/08/2026;024669 - 24669 ACQUA DISTRIBUIDORA DE PERFUMES E;07891033862009;ESTJ CBEM PESSEGURA NAT/25;1,000;144,90;144,90;33,07;0,00;0,00;111,83;77,18;338,16;4,27;43,37;A;;
12/08/2026;024669 - 24669 ACQUA DISTRIBUIDORA DE PERFUMES E;07891033506774;CLASH DES COL 100ml;1,000;146,53;146,53;37,81;0,00;0,00;108,72;74,20;287,54;4,16;47,52;A;;
12/08/2026;024669 - 24669 ACQUA DISTRIBUIDORA DE PERFUMES E;07891033817566;LINDA DES COL IRRESISTIVEL 100ml;1,000;178,13;178,13;71,94;0,00;0,00;106,19;59,61;147,61;4,06;51,58;A;;
12/08/2026;024669 - 24669 ACQUA DISTRIBUIDORA DE PERFUMES E;07891033767007;LIZ DES COL 100ml;1,000;133,81;133,81;36,24;0,00;0,00;97,57;72,92;269,23;3,73;55,31;A;;
12/08/2026;024669 - 24669 ACQUA DISTRIBUIDORA DE PERFUMES E;07891033525072;FLORATTA EDP FLEUR ECLIPSE V2 75ml;1,000;194,90;194,90;98,84;0,00;0,00;96,06;49,29;97,19;3,67;58,98;A;;
12/08/2026;024669 - 24669 ACQUA DISTRIBUIDORA DE PERFUMES E;07891033483037;FLORATTA DES COL RED V2 75ml;1,000;121,41;121,41;36,07;0,00;0,00;85,34;70,29;236,60;3,26;62,25;A;;
12/08/2026;024669 - 24669 ACQUA DISTRIBUIDORA DE PERFUMES E;07891033518029;BOTI BABY COL SOL V2 100ml;1,000;97,90;97,90;16,56;0,00;0,00;81,34;83,08;491,18;3,11;65,36;A;;
12/08/2026;024669 - 24669 ACQUA DISTRIBUIDORA DE PERFUMES E;07891033524686;BOTIK GEL LIM FAC MIC AC MAN/SAL 50g PRM;5,000;80,57;16,11;0,00;0,00;0,00;80,57;100,00;0,00;3,08;68,43;A;;
12/08/2026;024669 - 24669 ACQUA DISTRIBUIDORA DE PERFUMES E;07891033748938;EGEO DES BDY SPR DOLCE 100ml V8 PCK;2,000;94,17;47,08;17,64;0,00;0,00;76,53;81,27;433,84;2,93;71,36;A;;
12/08/2026;024669 - 24669 ACQUA DISTRIBUIDORA DE PERFUMES E;07891033487851;MALBEC DES BDY SPR 100ml V4 PCK;2,000;84,76;42,38;15,50;0,00;0,00;69,26;81,71;446,84;2,65;74,01;A;;
12/08/2026;024669 - 24669 ACQUA DISTRIBUIDORA DE PERFUMES E;07891033893669;NSPA DES COL BDY SPLSH ROSAS/SCRT 200ml;1,000;109,90;109,90;42,45;0,00;0,00;67,45;61,37;158,89;2,58;76,59;A;;
12/08/2026;024669 - 24669 ACQUA DISTRIBUIDORA DE PERFUMES E;07891033476022;BOTI SUN PR FAC ANTIS ACQ FLD FPS70 40ml;1,000;79,90;79,90;14,87;0,00;0,00;65,03;81,39;437,32;2,49;79,07;A;;
12/08/2026;024669 - 24669 ACQUA DISTRIBUIDORA DE PERFUMES E;07891033044825;BOTIK LOC HID ANTIOL ACI POL FAC 110ml;1,000;76,96;76,96;19,44;0,00;0,00;57,52;74,74;295,88;2,20;81,27;B;;
12/08/2026;024669 - 24669 ACQUA DISTRIBUIDORA DE PERFUMES E;07891033520251;BOTI BABY SAB LIQ GLIC V2 400ml;1,000;69,90;69,90;13,64;0,00;0,00;56,26;80,49;412,46;2,15;83,42;B;;
12/08/2026;024669 - 24669 ACQUA DISTRIBUIDORA DE PERFUMES E;07891033520183;BOTI BABY SHAMP V2 400ml;1,000;68,90;68,90;14,10;0,00;0,00;54,80;79,54;388,65;2,09;85,52;B;;
12/08/2026;024669 - 24669 ACQUA DISTRIBUIDORA DE PERFUMES E;07891033859474;HER CODE LOC DES HID CPO CLIMAX 200ml;1,000;63,84;63,84;12,65;0,00;0,00;51,19;80,18;404,66;1,96;87,47;B;;
12/08/2026;024669 - 24669 ACQUA DISTRIBUIDORA DE PERFUMES E;07891033595174;REF NSPA LOC DES HID CPO AMEIXA 350ml;1,000;61,51;61,51;10,40;0,00;0,00;51,11;83,09;491,44;1,95;89,43;B;;
12/08/2026;024669 - 24669 ACQUA DISTRIBUIDORA DE PERFUMES E;07891033509560;CLASH DES BDY SPR 100ml;1,000;52,90;52,90;8,62;0,00;0,00;44,28;83,71;513,69;1,69;91,12;B;;
12/08/2026;024669 - 24669 ACQUA DISTRIBUIDORA DE PERFUMES E;07891033890279;MAKE B CORRET LIQ HYAL 140Q 68ml;1,000;58,32;58,32;14,97;0,00;0,00;43,35;74,33;289,58;1,66;92,77;B;;
12/08/2026;024669 - 24669 ACQUA DISTRIBUIDORA DE PERFUMES E;07891033756292;INTENSE PO COMPACTO FACIAL 40 5g;1,000;59,84;59,84;16,62;0,00;0,00;43,22;72,23;260,05;1,65;94,43;B;;
12/08/2026;024669 - 24669 ACQUA DISTRIBUIDORA DE PERFUMES E;07891033863396;MAKE B BAT CREM U/BALLET LAC/BALLET 36g;1,000;59,83;59,83;25,98;0,00;0,00;33,85;56,58;130,29;1,29;95,72;C;;
12/08/2026;024669 - 24669 ACQUA DISTRIBUIDORA DE PERFUMES E;07891033583577;CBEM SAB BARRA PESSEGUR/GOST 4x80g;1,000;34,24;34,24;11,62;0,00;0,00;22,62;66,06;194,66;0,86;96,59;C;;
12/08/2026;024669 - 24669 ACQUA DISTRIBUIDORA DE PERFUMES E;07891033861668;MAKE B BALM LAB NIGHT MASK LIP/CHRON 9g;1,000;47,85;47,85;28,60;0,00;0,00;19,25;40,23;67,31;0,74;97,32;C;;
12/08/2026;024669 - 24669 ACQUA DISTRIBUIDORA DE PERFUMES E;07891033767564;MALBEC SAB BARRA 2x80g;1,000;28,08;28,08;9,41;0,00;0,00;18,67;66,49;198,41;0,71;98,03;C;;
12/08/2026;024669 - 24669 ACQUA DISTRIBUIDORA DE PERFUMES E;07891033873210;CBEM SAB LIQ ESF CPO AMORUDA 200ml;1,000;32,09;32,09;13,57;0,00;0,00;18,52;57,71;136,48;0,71;98,74;C;;
12/08/2026;024669 - 24669 ACQUA DISTRIBUIDORA DE PERFUMES E;07891033881291;BOTIK SRUM FAC A/P PREENCH AC/H PRM 10ml;1,000;15,76;15,76;0,00;0,00;0,00;15,76;100,00;0,00;0,60;99,35;C;;
12/08/2026;024669 - 24669 ACQUA DISTRIBUIDORA DE PERFUMES E;07891033539710;CBEM MASC CAP SCH FEIRA PASTA ABAC 30ml;2,000;21,56;10,78;7,46;0,00;0,00;14,10;65,40;189,01;0,54;99,88;C;;
12/08/2026;024669 - 24669 ACQUA DISTRIBUIDORA DE PERFUMES E;07891033909544;GLAMOUR DES COL INTENSE PRM 10ml;1,000;17,15;17,15;6,19;0,00;0,00;10,96;63,91;177,06;0,42;100,30;C;;
12/08/2026;024669 - 24669 ACQUA DISTRIBUIDORA DE PERFUMES E;07891033894697;BOTIK SRUM FAC ALT/POT AC/HIAL PRM 10ml;1,000;16,19;16,19;7,19;0,00;0,00;9,00;55,59;125,17;0,34;100,65;C;;
12/08/2026;024669 - 24669 ACQUA DISTRIBUIDORA DE PERFUMES E;07891033706778;BOTI BABY SAB BARRA LUA 2X85g;1,000;13,95;13,95;10,14;0,00;0,00;3,81;27,31;37,57;0,15;100,79;C;;
12/08/2026;024669 - 24669 ACQUA DISTRIBUIDORA DE PERFUMES E;07891033520244;REF BOTI BABY SAB LIQ GLIC 350ml;1,000;0,01;0,01;9,60;0,00;0,00;-9,59;-95900,00;-99,90;-0,37;100,43;C;;
12/08/2026;024669 - 24669 ACQUA DISTRIBUIDORA DE PERFUMES E;07891033957996;NSPA CR PERF DES HID CP AMX/INT PRM 50ml;5,000;0,05;0,01;11,20;0,00;0,00;-11,15;-22300,00;-99,55;-0,43;100,00;C;;
12/08/2026;024670 - ACQUA DISTRIBUIDORA DE PERFUMES E COSMETICOS LTDA;07891033903214;ZAAD EDP MONDO V5 95ml;1,000;303,90;303,90;125,83;0,00;0,00;178,07;58,59;141,52;5,87;5,87;A;;
12/08/2026;024670 - ACQUA DISTRIBUIDORA DE PERFUMES E COSMETICOS LTDA;07891033512430;QUASAR DES COL CLASSIC 100ml;2,000;289,80;144,90;119,56;0,00;0,00;170,24;58,74;142,39;5,61;11,48;A;;
12/08/2026;024670 - ACQUA DISTRIBUIDORA DE PERFUMES E COSMETICOS LTDA;07891033843916;MALBEC DES COL GOLD V3 100ml;1,000;210,52;210,52;50,55;0,00;0,00;159,97;75,99;316,46;5,27;16,75;A;;
12/08/2026;024670 - ACQUA DISTRIBUIDORA DE PERFUMES E COSMETICOS LTDA;07891033527526;GLAMOUR DES COL SCRT BLACK INTENSE 75ml;1,000;199,90;199,90;43,87;0,00;0,00;156,03;78,05;355,66;5,14;21,89;A;;
12/08/2026;024670 - ACQUA DISTRIBUIDORA DE PERFUMES E COSMETICOS LTDA;07891033518029;BOTI BABY COL SOL V2 100ml;2,000;182,81;91,40;35,46;0,00;0,00;147,35;80,60;415,54;4,85;26,74;A;;
12/08/2026;024670 - ACQUA DISTRIBUIDORA DE PERFUMES E COSMETICOS LTDA;07891033899609;ESTJ LILY L EAU AMOR/26;1,000;220,25;220,25;74,06;0,00;0,00;146,19;66,37;197,39;4,82;31,56;A;;
12/08/2026;024670 - ACQUA DISTRIBUIDORA DE PERFUMES E COSMETICOS LTDA;07891033520299;BOTICOLL PORTINARI D/COL ABSOLUTO 100ml;1,000;174,90;174,90;37,49;0,00;0,00;137,41;78,56;366,52;4,53;36,09;A;;
12/08/2026;024670 - ACQUA DISTRIBUIDORA DE PERFUMES E COSMETICOS LTDA;07891033486342;DREAM DES COL SPLSH AMOR NO AR 200ml V2;2,000;189,85;94,92;53,54;0,00;0,00;136,31;71,80;254,59;4,49;40,58;A;;
12/08/2026;024670 - ACQUA DISTRIBUIDORA DE PERFUMES E COSMETICOS LTDA;07891033843879;MALBEC DES COL V6 100ml;1,000;210,85;210,85;82,58;0,00;0,00;128,27;60,83;155,33;4,23;44,81;A;;
12/08/2026;024670 - ACQUA DISTRIBUIDORA DE PERFUMES E COSMETICOS LTDA;07891033880195;BOTICA 214 EDP DARK MINT V3 90ml;1,000;175,92;175,92;47,84;0,00;0,00;128,08;72,81;267,73;4,22;49,03;A;;
12/08/2026;024670 - ACQUA DISTRIBUIDORA DE PERFUMES E COSMETICOS LTDA;07891033826858;EGEO DES COL BOMB BLACK C/CAR 90ml;1,000;151,16;151,16;28,81;0,00;0,00;122,35;80,94;424,68;4,03;53,06;A;;
12/08/2026;024670 - ACQUA DISTRIBUIDORA DE PERFUMES E COSMETICOS LTDA;07891033483037;FLORATTA DES COL RED V2 75ml;2,000;249,45;124,72;136,84;0,00;0,00;112,61;45,14;82,29;3,71;56,77;A;;
12/08/2026;024670 - ACQUA DISTRIBUIDORA DE PERFUMES E COSMETICOS LTDA;07891033869909;LIZ DES COL AURA 100ml;1,000;141,09;141,09;33,29;0,00;0,00;107,80;76,41;323,82;3,55;60,32;A;;
12/08/2026;024670 - ACQUA DISTRIBUIDORA DE PERFUMES E COSMETICOS LTDA;07891033744381;ARBO DES COL 100ml V4;1,000;175,50;175,50;75,37;0,00;0,00;100,13;57,05;132,85;3,30;63,62;A;;
12/08/2026;024670 - ACQUA DISTRIBUIDORA DE PERFUMES E COSMETICOS LTDA;07891033548798;ESTJ BOTI BABY NINHO V2;3,000;149,73;49,91;58,50;0,00;0,00;91,23;60,93;155,95;3,01;66,62;A;;
12/08/2026;024670 - ACQUA DISTRIBUIDORA DE PERFUMES E COSMETICOS LTDA;07891033480609;LILY CREM DES HID ACET CPO 250g V8;1,000;149,90;149,90;58,96;0,00;0,00;90,94;60,67;154,24;3,00;69,62;A;;
12/08/2026;024670 - ACQUA DISTRIBUIDORA DE PERFUMES E COSMETICOS LTDA;07891033896530;EGEO DES COL VANILLA UBESESSION 90ml;1,000;118,55;118,55;29,65;0,00;0,00;88,90;74,99;299,83;2,93;72,55;A;;
12/08/2026;024670 - ACQUA DISTRIBUIDORA DE PERFUMES E COSMETICOS LTDA;07891033872725;NSPA DES COL BDY SPLSH UVA MERLOT 200ml;1,000;105,05;105,05;19,90;0,00;0,00;85,15;81,06;427,89;2,81;75,35;A;;
12/08/2026;024670 - ACQUA DISTRIBUIDORA DE PERFUMES E COSMETICOS LTDA;07891033740963;GLAMOUR DES COL 75ml V6;1,000;158,60;158,60;77,11;0,00;0,00;81,49;51,38;105,68;2,68;78,04;A;;
12/08/2026;024670 - ACQUA DISTRIBUIDORA DE PERFUMES E COSMETICOS LTDA;07891033589876;NSPA OL BIF DES HID CPO UVA MERL 200ml;1,000;94,54;94,54;22,83;0,00;0,00;71,71;75,85;314,10;2,36;80,40;B;;
12/08/2026;024670 - ACQUA DISTRIBUIDORA DE PERFUMES E COSMETICOS LTDA;07891033858484;MAKE B BAS LIQ C/GLYCOL TX 190 V2 30g;1,000;95,50;95,50;29,54;0,00;0,00;65,96;69,07;223,29;2,17;82,58;B;;
12/08/2026;024670 - ACQUA DISTRIBUIDORA DE PERFUMES E COSMETICOS LTDA;07891033533862;BOTIK PROT SOL FAC FPS 80 AC/HIAL 40ml;1,000;87,90;87,90;26,84;0,00;0,00;61,06;69,47;227,50;2,01;84,59;B;;
12/08/2026;024670 - ACQUA DISTRIBUIDORA DE PERFUMES E COSMETICOS LTDA;07891033526383;MAKE B MASC CILIO 4K PANORAMIC 10g V2;1,000;79,90;79,90;21,07;0,00;0,00;58,83;73,63;279,21;1,94;86,53;B;;
12/08/2026;024670 - ACQUA DISTRIBUIDORA DE PERFUMES E COSMETICOS LTDA;07891033481811;LILY OL PERF DES CPO 150ml V11;1,000;72,92;72,92;19,49;0,00;0,00;53,43;73,27;274,14;1,76;88,29;B;;
12/08/2026;024670 - ACQUA DISTRIBUIDORA DE PERFUMES E COSMETICOS LTDA;07891033521470;DR BOTICA CR PENT POC/TR/NO CACHOS 350ml;1,000;65,83;65,83;14,25;0,00;0,00;51,58;78,35;361,96;1,70;89,99;B;;
12/08/2026;024670 - ACQUA DISTRIBUIDORA DE PERFUMES E COSMETICOS LTDA;07891033533923;NSPA SAB LIQ PERF ORQUIDEA NOIRE 250ml;1,000;56,69;56,69;19,98;0,00;0,00;36,71;64,76;183,73;1,21;91,20;B;;
12/08/2026;024670 - ACQUA DISTRIBUIDORA DE PERFUMES E COSMETICOS LTDA;07891033552214;DR BOTICA COL POC/CRIATIV 120ml;1,000;71,64;71,64;38,19;0,00;0,00;33,45;46,69;87,59;1,10;92,30;B;;
12/08/2026;024670 - ACQUA DISTRIBUIDORA DE PERFUMES E COSMETICOS LTDA;07891033566051;DR BOTICA SHAMP POC ESPUM V3 400ml;1,000;57,51;57,51;25,81;0,00;0,00;31,70;55,12;122,82;1,04;93,34;B;;
12/08/2026;024670 - ACQUA DISTRIBUIDORA DE PERFUMES E COSMETICOS LTDA;07891033492640;SOPHIE COND 200ml V2;1,000;48,38;48,38;19,43;0,00;0,00;28,95;59,84;149,00;0,95;94,30;B;;
12/08/2026;024670 - ACQUA DISTRIBUIDORA DE PERFUMES E COSMETICOS LTDA;07891033867653;NSPA LOC DES HID CP FIRM QUINOA V3 400ml;1,000;62,93;62,93;35,36;0,00;0,00;27,57;43,81;77,97;0,91;95,20;C;;
12/08/2026;024670 - ACQUA DISTRIBUIDORA DE PERFUMES E COSMETICOS LTDA;07891033839612;ARBO DES BDY SPR 100ml V6;1,000;50,21;50,21;24,07;0,00;0,00;26,14;52,06;108,60;0,86;96,07;C;;
12/08/2026;024670 - ACQUA DISTRIBUIDORA DE PERFUMES E COSMETICOS LTDA;07891033492657;SOPHIE SHAMP 200ml V2;1,000;48,37;48,37;22,50;0,00;0,00;25,87;53,48;114,98;0,85;96,92;C;;
12/08/2026;024670 - ACQUA DISTRIBUIDORA DE PERFUMES E COSMETICOS LTDA;07891033533886;NSPA SAB LIQ PERF AMEIXA 250ml;1,000;33,28;33,28;8,88;0,00;0,00;24,40;73,32;274,77;0,80;97,72;C;;
12/08/2026;024670 - ACQUA DISTRIBUIDORA DE PERFUMES E COSMETICOS LTDA;07891033507979;DR BOTICA COND POC/BRLH 400ml V2;1,000;40,41;40,41;18,70;0,00;0,00;21,71;53,72;116,10;0,72;98,44;C;;
12/08/2026;024670 - ACQUA DISTRIBUIDORA DE PERFUMES E COSMETICOS LTDA;07891033471515;CBEM DES ANTIT AER S/ALUM 90g/150ml;1,000;39,90;39,90;18,52;0,00;0,00;21,38;53,58;115,44;0,70;99,14;C;;
12/08/2026;024670 - ACQUA DISTRIBUIDORA DE PERFUMES E COSMETICOS LTDA;07891033944996;CBEM SAB BARRA PESSEGURA V3 4x80g;1,000;28,99;28,99;10,70;0,00;0,00;18,29;63,09;170,93;0,60;99,74;C;;
12/08/2026;024670 - ACQUA DISTRIBUIDORA DE PERFUMES E COSMETICOS LTDA;07891033534104;REF NSPA SAB LIQ CPO PERF AMEI/NEG 200ml;1,000;26,62;26,62;9,42;0,00;0,00;17,20;64,61;182,59;0,57;100,31;C;;
12/08/2026;024670 - ACQUA DISTRIBUIDORA DE PERFUMES E COSMETICOS LTDA;07891033575916;CBEM DES COL BDY SPLSH PESSEGURA 60ml;1,000;23,74;23,74;10,28;0,00;0,00;13,46;56,70;130,93;0,44;100,75;C;;
12/08/2026;024670 - ACQUA DISTRIBUIDORA DE PERFUMES E COSMETICOS LTDA;07891033909544;GLAMOUR DES COL INTENSE PRM 10ml;1,000;16,94;16,94;6,19;0,00;0,00;10,75;63,46;173,67;0,35;101,11;C;;
12/08/2026;024670 - ACQUA DISTRIBUIDORA DE PERFUMES E COSMETICOS LTDA;07891033948994;CBEM GEL LIMP FAC FEIR TANGERINA PRM 50g;1,000;16,15;16,15;6,66;0,00;0,00;9,49;58,76;142,49;0,31;101,42;C;;
12/08/2026;024670 - ACQUA DISTRIBUIDORA DE PERFUMES E COSMETICOS LTDA;07891033883431;CAIXA LAÇO P  MAES 25 BOTI;1,000;7,06;7,06;0,00;0,00;0,00;7,06;100,00;0,00;0,23;101,65;C;;
12/08/2026;024670 - ACQUA DISTRIBUIDORA DE PERFUMES E COSMETICOS LTDA;07891033570775;FLORATTA SHOWER GEL CPO BLUE V2 75g;1,000;18,96;18,96;12,01;0,00;0,00;6,95;36,66;57,87;0,23;101,88;C;;
12/08/2026;024670 - ACQUA DISTRIBUIDORA DE PERFUMES E COSMETICOS LTDA;07891033894017;CX PRESENTE M BOTI INST/25 VDA;1,000;11,03;11,03;7,37;0,00;0,00;3,66;33,18;49,66;0,12;102,00;C;;
12/08/2026;024670 - ACQUA DISTRIBUIDORA DE PERFUMES E COSMETICOS LTDA;07891033888528;CARTAO PRESENTE BOTICARIO MAES 25 UNIT;2,000;1,00;0,50;0,00;0,00;0,00;1,00;100,00;0,00;0,03;102,04;C;;
12/08/2026;024670 - ACQUA DISTRIBUIDORA DE PERFUMES E COSMETICOS LTDA;07891033974382;SACOLA UNIT M PAIS 2026 BOTI;6,000;0,06;0,01;0,00;0,00;0,00;0,06;100,00;0,00;0,00;102,04;C;;
12/08/2026;024670 - ACQUA DISTRIBUIDORA DE PERFUMES E COSMETICOS LTDA;07891033864461;SACOLA MED DIVERT/24 UNITARIA BOTICARIO;3,000;0,03;0,01;0,00;0,00;0,00;0,03;100,00;0,00;0,00;102,04;C;;
12/08/2026;024670 - ACQUA DISTRIBUIDORA DE PERFUMES E COSMETICOS LTDA;07891033908219;SACOLA P BOTICARIO INST/25;1,000;0,01;0,01;1,31;0,00;0,00;-1,30;-13000,00;-99,24;-0,04;102,00;C;;
12/08/2026;024670 - ACQUA DISTRIBUIDORA DE PERFUMES E COSMETICOS LTDA;07891033840434;ESTJ EGEO DOLCE REG/21;1,000;63,44;63,44;67,13;0,00;0,00;-3,69;-5,82;-5,50;-0,12;101,88;C;;
12/08/2026;024670 - ACQUA DISTRIBUIDORA DE PERFUMES E COSMETICOS LTDA;07891033949083;MAKE B PRIMER FAC ANTIOL SALIC PRM 5ml;1,000;0,01;0,01;4,90;0,00;0,00;-4,89;-48900,00;-99,80;-0,16;101,71;C;;
12/08/2026;024670 - ACQUA DISTRIBUIDORA DE PERFUMES E COSMETICOS LTDA;07891033896615;EGEO DES COL VANILLA UBESESSION PRM 10ml;1,000;0,01;0,01;6,13;0,00;0,00;-6,12;-61200,00;-99,84;-0,20;101,51;C;;
12/08/2026;024670 - ACQUA DISTRIBUIDORA DE PERFUMES E COSMETICOS LTDA;07891033534111;REF NSPA SAB LIQ CP PERF ORQ/NOIRE 200ml;1,000;0,01;0,01;9,82;0,00;0,00;-9,81;-98100,00;-99,90;-0,32;101,19;C;;
12/08/2026;024670 - ACQUA DISTRIBUIDORA DE PERFUMES E COSMETICOS LTDA;07891033537259;BOTI BABY FRASQUEIRA PURO CUIDADO PES;1,000;37,87;37,87;47,57;0,00;1,38;-11,08;-29,26;-20,39;-0,37;100,82;C;;
12/08/2026;024670 - ACQUA DISTRIBUIDORA DE PERFUMES E COSMETICOS LTDA;07891033957996;NSPA CR PERF DES HID CP AMX/INT PRM 50ml;5,000;0,05;0,01;11,16;0,00;0,00;-11,11;-22220,00;-99,55;-0,37;100,46;C;;
12/08/2026;024670 - ACQUA DISTRIBUIDORA DE PERFUMES E COSMETICOS LTDA;07891033881376;FLORATTA EDP ROSE SUCREE PRM 10ml;2,000;0,02;0,01;13,92;0,00;0,00;-13,90;-69500,00;-99,86;-0,46;100,00;C;;
12/08/2026;024671 - 24671 ACQUA DISTRIBUIDORA DE PERFUMES E;07891033767007;LIZ DES COL 100ml;3,000;376,20;125,40;108,72;0,00;0,00;267,48;71,10;246,03;13,16;13,16;A;;
12/08/2026;024671 - 24671 ACQUA DISTRIBUIDORA DE PERFUMES E;07891033909537;GLAMOUR DES COL INTENSE 75ml;2,000;315,80;157,90;76,86;0,00;0,00;238,94;75,66;310,88;11,76;24,92;A;;
12/08/2026;024671 - 24671 ACQUA DISTRIBUIDORA DE PERFUMES E;07891033878963;FLORATTA EDP RED PASSION V2 75ml;2,000;427,28;213,64;197,54;0,00;0,00;229,74;53,77;116,30;11,30;36,22;A;;
12/08/2026;024671 - 24671 ACQUA DISTRIBUIDORA DE PERFUMES E;07891033902309;ESTJ THE BLEND PAIS/26;1,000;354,21;354,21;130,49;0,00;0,00;223,72;63,16;171,45;11,01;47,23;A;;
12/08/2026;024671 - 24671 ACQUA DISTRIBUIDORA DE PERFUMES E;07891033478514;ARBO DES COL FOREST 100ml;1,000;170,70;170,70;22,67;0,00;0,00;148,03;86,72;652,98;7,28;54,51;A;;
12/08/2026;024671 - 24671 ACQUA DISTRIBUIDORA DE PERFUMES E;07891033839711;LILY DES COL LEAU DE 75ml;1,000;190,55;190,55;87,91;0,00;0,00;102,64;53,87;116,76;5,05;59,56;A;;
12/08/2026;024671 - 24671 ACQUA DISTRIBUIDORA DE PERFUMES E;07891033533886;NSPA SAB LIQ PERF AMEIXA 250ml;2,000;116,11;58,05;17,26;0,00;0,00;98,85;85,13;572,71;4,86;64,42;A;;
12/08/2026;024671 - 24671 ACQUA DISTRIBUIDORA DE PERFUMES E;07891033497669;UOMINI DES COL BLACK V6 100ml;1,000;173,98;173,98;76,19;0,00;0,00;97,79;56,21;128,35;4,81;69,23;A;;
12/08/2026;024671 - 24671 ACQUA DISTRIBUIDORA DE PERFUMES E;07891033771387;BOTIK CR CON OLH RED/RUG AC/HIAL CAF 15g;1,000;114,81;114,81;26,14;0,00;0,00;88,67;77,23;339,21;4,36;73,59;A;;
12/08/2026;024671 - 24671 ACQUA DISTRIBUIDORA DE PERFUMES E;07891033483655;COFFEE DES COL MAN SEDUC 100ml V4;1,000;166,08;166,08;82,15;0,00;0,00;83,93;50,54;102,17;4,13;77,72;A;;
12/08/2026;024671 - 24671 ACQUA DISTRIBUIDORA DE PERFUMES E;07891033480609;LILY CREM DES HID ACET CPO 250g V8;1,000;138,39;138,39;58,96;0,00;0,00;79,43;57,40;134,72;3,91;81,63;B;;
12/08/2026;024671 - 24671 ACQUA DISTRIBUIDORA DE PERFUMES E;07891033520251;BOTI BABY SAB LIQ GLIC V2 400ml;1,000;66,93;66,93;13,64;0,00;0,00;53,29;79,62;390,69;2,62;84,25;B;;
12/08/2026;024671 - 24671 ACQUA DISTRIBUIDORA DE PERFUMES E;07891033512393;CBEM DES COL BDY SPLSH CER/LIV V2 200ml;1,000;69,90;69,90;18,08;0,00;0,00;51,82;74,13;286,62;2,55;86,80;B;;
12/08/2026;024671 - 24671 ACQUA DISTRIBUIDORA DE PERFUMES E;07891033771837;LIZ CREM DES HID CPO 250g;1,000;62,08;62,08;14,86;0,00;0,00;47,22;76,06;317,77;2,32;89,13;B;;
12/08/2026;024671 - 24671 ACQUA DISTRIBUIDORA DE PERFUMES E;07891033867578;NSPA SAB LIQ PERF AMEIXA NEGRA V2 250ml;1,000;53,96;53,96;11,39;0,00;0,00;42,57;78,89;373,75;2,09;91,22;B;;
12/08/2026;024671 - 24671 ACQUA DISTRIBUIDORA DE PERFUMES E;07891033962938;GLAMOUR LOC DES HID CPO INTENSE 200ml;1,000;53,53;53,53;11,21;0,00;0,00;42,32;79,06;377,52;2,08;93,30;B;;
12/08/2026;024671 - 24671 ACQUA DISTRIBUIDORA DE PERFUMES E;07891033477296;BOTIK MASSAG LIMP FAC QUARTZO;1,000;91,84;91,84;48,70;0,00;3,35;39,79;43,32;88,58;1,96;95,26;C;;
12/08/2026;024671 - 24671 ACQUA DISTRIBUIDORA DE PERFUMES E;07891033846887;MALBEC LOC DES HID CPO PURE GOLD 200ml;1,000;55,65;55,65;20,77;0,00;0,00;34,88;62,68;167,93;1,72;96,98;C;;
12/08/2026;024671 - 24671 ACQUA DISTRIBUIDORA DE PERFUMES E;07891033536283;BOTIK GEL LIMP FAC VITAM C PRM 50g;3,000;31,47;10,49;0,00;0,00;0,00;31,47;100,00;0,00;1,55;98,53;C;;
12/08/2026;024671 - 24671 ACQUA DISTRIBUIDORA DE PERFUMES E;07891033828906;MATCH SPR BRLH HIDRATACAO E BRLH 100ml;1,000;50,26;50,26;23,36;0,00;0,00;26,90;53,52;115,15;1,32;99,85;C;;
12/08/2026;024671 - 24671 ACQUA DISTRIBUIDORA DE PERFUMES E;07891033527236;LIZ CR DES HID CPO 100ml;1,000;29,00;29,00;8,02;0,00;0,00;20,98;72,34;261,60;1,03;100,88;C;;
12/08/2026;024671 - 24671 ACQUA DISTRIBUIDORA DE PERFUMES E;07891033546770;INTENSE BAT CREM BY AMOR PACOCA 38g;1,000;29,92;29,92;13,74;0,00;0,00;16,18;54,08;117,76;0,80;101,68;C;;
12/08/2026;024671 - 24671 ACQUA DISTRIBUIDORA DE PERFUMES E;07891033568055;MATCH COND SCIENCE RECONSTRUCAO 280ml;1,000;33,49;33,49;21,38;0,00;0,00;12,11;36,16;56,64;0,60;102,27;C;;
12/08/2026;024671 - 24671 ACQUA DISTRIBUIDORA DE PERFUMES E;07891033948666;MATCH SHAMP SCIENCE RECONST V2 300ml;1,000;32,15;32,15;21,33;0,00;0,00;10,82;33,65;50,73;0,53;102,80;C;;
12/08/2026;024671 - 24671 ACQUA DISTRIBUIDORA DE PERFUMES E;07891033862955;MATCH MASC CAP SCIENCE RECONS V3 250g;1,000;35,16;35,16;27,06;0,00;0,00;8,10;23,04;29,93;0,40;103,20;C;;
12/08/2026;024671 - 24671 ACQUA DISTRIBUIDORA DE PERFUMES E;07891033894017;CX PRESENTE M BOTI INST/25 VDA;1,000;11,73;11,73;7,37;0,00;0,00;4,36;37,17;59,16;0,21;103,42;C;;
12/08/2026;024671 - 24671 ACQUA DISTRIBUIDORA DE PERFUMES E;07891033554089;BOTIK CR N FIR ROST/PESC RES/SIL PRM 10g;1,000;0,01;0,01;0,00;0,00;0,00;0,01;100,00;0,00;0,00;103,42;C;;
12/08/2026;024671 - 24671 ACQUA DISTRIBUIDORA DE PERFUMES E;07891033908219;SACOLA P BOTICARIO INST/25;1,000;0,01;0,01;1,31;0,00;0,00;-1,30;-13000,00;-99,24;-0,06;103,35;C;;
12/08/2026;024671 - 24671 ACQUA DISTRIBUIDORA DE PERFUMES E;07891033949083;MAKE B PRIMER FAC ANTIOL SALIC PRM 5ml;1,000;0,01;0,01;4,90;0,00;0,00;-4,89;-48900,00;-99,80;-0,24;103,11;C;;
12/08/2026;024671 - 24671 ACQUA DISTRIBUIDORA DE PERFUMES E;07891033908226;SACOLA M BOTICARIO INST/25;4,000;0,04;0,01;6,24;0,00;0,00;-6,20;-15500,00;-99,36;-0,31;102,81;C;;
12/08/2026;024671 - 24671 ACQUA DISTRIBUIDORA DE PERFUMES E;07891033520244;REF BOTI BABY SAB LIQ GLIC 350ml;1,000;0,01;0,01;10,30;0,00;0,00;-10,29;-102900,00;-99,90;-0,51;102,30;C;;
12/08/2026;024671 - 24671 ACQUA DISTRIBUIDORA DE PERFUMES E;07891033534104;REF NSPA SAB LIQ CPO PERF AMEI/NEG 200ml;1,000;0,01;0,01;15,61;0,00;0,00;-15,60;-156000,00;-99,94;-0,77;101,54;C;;
12/08/2026;024671 - 24671 ACQUA DISTRIBUIDORA DE PERFUMES E;07891033534098;REF NSPA SAB LIQ CPO PERF AMEIXA 200ml;2,000;0,02;0,01;31,22;0,00;0,00;-31,20;-156000,00;-99,94;-1,54;100,00;C;;
13/08/2026;024303 - 24303 ACQUA DISTRIBUIDORA DE PERFUMES E;07891033902385;ESTJ MALBEC PAIS/26;2,000;539,80;269,90;176,48;0,00;0,00;363,32;67,31;205,87;29,97;29,97;A;;
13/08/2026;024303 - 24303 ACQUA DISTRIBUIDORA DE PERFUMES E;07891033277070;BOTICOLL CONNEXION DES COL 100ml V2;1,000;174,90;174,90;32,28;0,00;0,00;142,62;81,54;441,82;11,77;41,74;A;;
13/08/2026;024303 - 24303 ACQUA DISTRIBUIDORA DE PERFUMES E;07891033817566;LINDA DES COL IRRESISTIVEL 100ml;1,000;175,98;175,98;36,15;0,00;0,00;139,83;79,46;386,80;11,54;53,27;A;;
13/08/2026;024303 - 24303 ACQUA DISTRIBUIDORA DE PERFUMES E;07891033492459;COFFEE D/COL DUO MAN FOUG/AMB V2 100ml;1,000;225,00;225,00;91,26;0,00;0,00;133,74;59,44;146,55;11,03;64,31;A;;
13/08/2026;024303 - 24303 ACQUA DISTRIBUIDORA DE PERFUMES E;07891033491544;COFFEE DES COL UNIQ WOM FL/GOURM 100ml;1,000;175,23;175,23;63,73;0,00;0,00;111,50;63,63;174,96;9,20;73,50;A;;
13/08/2026;024303 - 24303 ACQUA DISTRIBUIDORA DE PERFUMES E;07891033541508;MALBEC DES COL ICON 100ml;1,000;187,35;187,35;83,50;0,00;0,00;103,85;55,43;124,37;8,57;82,07;B;;
13/08/2026;024303 - 24303 ACQUA DISTRIBUIDORA DE PERFUMES E;07891033479085;DREAM DES COL SPLSH VIAG/ENC 200ml V2;1,000;116,40;116,40;29,42;0,00;0,00;86,98;74,73;295,65;7,18;89,25;B;;
13/08/2026;024303 - 24303 ACQUA DISTRIBUIDORA DE PERFUMES E;07891033013173;PMPCK MALBEC DES ANTIT AER 2x75g;1,000;59,85;59,85;27,18;0,00;0,00;32,67;54,59;120,20;2,70;91,94;B;;
13/08/2026;024303 - 24303 ACQUA DISTRIBUIDORA DE PERFUMES E;07891033524686;BOTIK GEL LIM FAC MIC AC MAN/SAL 50g PRM;2,000;29,72;14,86;0,00;0,00;0,00;29,72;100,00;0,00;2,45;94,39;B;;
13/08/2026;024303 - 24303 ACQUA DISTRIBUIDORA DE PERFUMES E;07891033512270;CBEM SAB BARRA NUVEM 4x80g;2,000;56,61;28,30;28,94;0,00;0,00;27,67;48,88;95,61;2,28;96,68;C;;
13/08/2026;024303 - 24303 ACQUA DISTRIBUIDORA DE PERFUMES E;07891033528677;MAKE B GLOS LAB C/AC POLIGL N/ROSE 5ml;1,000;55,90;55,90;29,31;0,00;0,00;26,59;47,57;90,72;2,19;98,87;C;;
13/08/2026;024303 - 24303 ACQUA DISTRIBUIDORA DE PERFUMES E;07891033856794;CBEM SAB BARRA CER/FASES 4x80g;1,000;32,58;32,58;13,92;0,00;0,00;18,66;57,27;134,05;1,54;100,41;C;;
13/08/2026;024303 - 24303 ACQUA DISTRIBUIDORA DE PERFUMES E;07891033889136;CBEM SPR INTIMO CER/FASES 75ml;1,000;32,42;32,42;20,65;0,00;1,18;10,59;32,65;57,00;0,87;101,28;C;;
13/08/2026;024303 - 24303 ACQUA DISTRIBUIDORA DE PERFUMES E;07891033908196;SACOLA PP BOTICARIO INST/25;1,000;0,01;0,01;0,71;0,00;0,00;-0,70;-7000,00;-98,59;-0,06;101,23;C;;
13/08/2026;024303 - 24303 ACQUA DISTRIBUIDORA DE PERFUMES E;07891033908233;SACOLA G O BOTICARIO INST/25;2,000;0,02;0,01;5,00;0,00;0,00;-4,98;-24900,00;-99,60;-0,41;100,82;C;;
13/08/2026;024303 - 24303 ACQUA DISTRIBUIDORA DE PERFUMES E;07891033949083;MAKE B PRIMER FAC ANTIOL SALIC PRM 5ml;2,000;0,02;0,01;9,90;0,00;0,00;-9,88;-49400,00;-99,80;-0,82;100,00;C;;
13/08/2026;024617 - ACQUA DISTRIBUIDORA DE PERFUMES E COSMETICOS LTDA;07891033882014;REF LILY CR ACET DES HID CPO V3 250g;2,000;174,48;87,24;28,18;0,00;0,00;146,30;83,85;519,16;25,74;25,74;A;;
13/08/2026;024617 - ACQUA DISTRIBUIDORA DE PERFUMES E COSMETICOS LTDA;07891033841820;LILY DES COL BDY SPLSH 200ml;1,000;109,08;109,08;21,41;0,00;0,00;87,67;80,37;409,48;15,42;41,16;A;;
13/08/2026;024617 - ACQUA DISTRIBUIDORA DE PERFUMES E COSMETICOS LTDA;07891033520299;BOTICOLL PORTINARI D/COL ABSOLUTO 100ml;1,000;152,74;152,74;81,31;0,00;0,00;71,43;46,77;87,85;12,57;53,72;A;;
13/08/2026;024617 - ACQUA DISTRIBUIDORA DE PERFUMES E COSMETICOS LTDA;07891033511471;CBEM DES COL BDY SPLSH NUVEM V3 200ml;1,000;84,62;84,62;36,88;0,00;0,00;47,74;56,42;129,45;8,40;62,12;A;;
13/08/2026;024617 - ACQUA DISTRIBUIDORA DE PERFUMES E COSMETICOS LTDA;07891033756278;INTENSE PO COMPACTO FACIAL 20 5g;1,000;69,90;69,90;29,31;0,00;0,00;40,59;58,07;138,49;7,14;69,26;A;;
13/08/2026;024617 - ACQUA DISTRIBUIDORA DE PERFUMES E COSMETICOS LTDA;07891033867578;NSPA SAB LIQ PERF AMEIXA NEGRA V2 250ml;1,000;59,90;59,90;21,23;0,00;0,00;38,67;64,56;182,15;6,80;76,06;A;;
13/08/2026;024617 - ACQUA DISTRIBUIDORA DE PERFUMES E COSMETICOS LTDA;07891033886890;CBEM LOC DES HID CPO NUVEM N/FORM 200ml;1,000;50,74;50,74;21,07;0,00;0,00;29,67;58,47;140,82;5,22;81,28;B;;
13/08/2026;024617 - ACQUA DISTRIBUIDORA DE PERFUMES E COSMETICOS LTDA;07891033487790;BOTICOLL PORTINARI DES BDY SPR 100ml V7;1,000;50,73;50,73;24,30;0,00;0,00;26,43;52,10;108,77;4,65;85,93;B;;
13/08/2026;024617 - ACQUA DISTRIBUIDORA DE PERFUMES E COSMETICOS LTDA;07891033528677;MAKE B GLOS LAB C/AC POLIGL N/ROSE 5ml;1,000;53,60;53,60;29,33;0,00;0,00;24,27;45,28;82,75;4,27;90,20;B;;
13/08/2026;024617 - ACQUA DISTRIBUIDORA DE PERFUMES E COSMETICOS LTDA;07891033524686;BOTIK GEL LIM FAC MIC AC MAN/SAL 50g PRM;2,000;23,89;11,94;0,00;0,00;0,00;23,89;100,00;0,00;4,20;94,40;B;;
13/08/2026;024617 - ACQUA DISTRIBUIDORA DE PERFUMES E COSMETICOS LTDA;07891033290468;BOTICOLL CONNEX DES BDY SPR 100ml V6 PCK;1,000;46,20;46,20;24,32;0,00;0,00;21,88;47,36;89,97;3,85;98,25;C;;
13/08/2026;024617 - ACQUA DISTRIBUIDORA DE PERFUMES E COSMETICOS LTDA;07891033748938;EGEO DES BDY SPR DOLCE 100ml V8 PCK;1,000;37,90;37,90;24,32;0,00;0,00;13,58;35,83;55,84;2,39;100,64;C;;
13/08/2026;024617 - ACQUA DISTRIBUIDORA DE PERFUMES E COSMETICOS LTDA;07891033512263;CBEM SAB BARRA NUVEM V5 2x80g;1,000;22,20;22,20;9,25;0,00;0,00;12,95;58,33;140,00;2,28;102,92;C;;
13/08/2026;024617 - ACQUA DISTRIBUIDORA DE PERFUMES E COSMETICOS LTDA;07891033908196;SACOLA PP BOTICARIO INST/25;1,000;0,01;0,01;0,71;0,00;0,00;-0,70;-7000,00;-98,59;-0,12;102,80;C;;
13/08/2026;024617 - ACQUA DISTRIBUIDORA DE PERFUMES E COSMETICOS LTDA;07891033908219;SACOLA P BOTICARIO INST/25;5,000;0,05;0,01;6,55;0,00;0,00;-6,50;-13000,00;-99,24;-1,14;101,65;C;;
13/08/2026;024617 - ACQUA DISTRIBUIDORA DE PERFUMES E COSMETICOS LTDA;07891033534098;REF NSPA SAB LIQ CPO PERF AMEIXA 200ml;1,000;0,01;0,01;9,41;0,00;0,00;-9,40;-94000,00;-99,89;-1,65;100,00;C;;
13/08/2026;024668 - ACQUA DISTRIBUIDORA DE PERFUMES E COSMETICOS LTDA;07891033899579;ESTJ HER COD CLIMAX AMOR/26;1,000;307,68;307,68;112,48;0,00;0,00;195,20;63,44;173,54;5,69;5,69;A;;
13/08/2026;024668 - ACQUA DISTRIBUIDORA DE PERFUMES E COSMETICOS LTDA;07891033902309;ESTJ THE BLEND PAIS/26;1,000;319,02;319,02;130,39;0,00;0,00;188,63;59,13;144,67;5,50;11,19;A;;
13/08/2026;024668 - ACQUA DISTRIBUIDORA DE PERFUMES E COSMETICOS LTDA;07891033492459;COFFEE D/COL DUO MAN FOUG/AMB V2 100ml;1,000;219,70;219,70;44,51;0,00;0,00;175,19;79,74;393,60;5,11;16,30;A;;
13/08/2026;024668 - ACQUA DISTRIBUIDORA DE PERFUMES E COSMETICOS LTDA;07891033740550;GLAMOUR DES COL MYRIAD 75ml V2;1,000;186,23;186,23;31,95;0,00;0,00;154,28;82,84;482,88;4,50;20,80;A;;
13/08/2026;024668 - ACQUA DISTRIBUIDORA DE PERFUMES E COSMETICOS LTDA;07891033525072;FLORATTA EDP FLEUR ECLIPSE V2 75ml;1,000;183,58;183,58;48,24;0,00;0,00;135,34;73,72;280,56;3,95;24,74;A;;
13/08/2026;024668 - ACQUA DISTRIBUIDORA DE PERFUMES E COSMETICOS LTDA;07891033856060;INSENSATEZ DES COL V4 100ml;1,000;163,12;163,12;32,72;0,00;0,00;130,40;79,94;398,53;3,80;28,54;A;;
13/08/2026;024668 - ACQUA DISTRIBUIDORA DE PERFUMES E COSMETICOS LTDA;07891033909537;GLAMOUR DES COL INTENSE 75ml;1,000;157,58;157,58;38,43;0,00;0,00;119,15;75,61;310,04;3,47;32,02;A;;
13/08/2026;024668 - ACQUA DISTRIBUIDORA DE PERFUMES E COSMETICOS LTDA;07891033585267;QUASAR DES COL DEEP BLUE 100ml;1,000;150,49;150,49;31,36;0,00;0,00;119,13;79,16;379,88;3,47;35,49;A;;
13/08/2026;024668 - ACQUA DISTRIBUIDORA DE PERFUMES E COSMETICOS LTDA;07891033486649;BOTICOLL PORTINARI DES COL 100ml V5;1,000;195,55;195,55;76,83;0,00;0,00;118,72;60,71;154,52;3,46;38,95;A;;
13/08/2026;024668 - ACQUA DISTRIBUIDORA DE PERFUMES E COSMETICOS LTDA;07891033483150;FLORATTA DES COL GOLD V3 75ml;1,000;134,90;134,90;28,66;0,00;0,00;106,24;78,75;370,69;3,10;42,05;A;;
13/08/2026;024668 - ACQUA DISTRIBUIDORA DE PERFUMES E COSMETICOS LTDA;07891033767007;LIZ DES COL 100ml;1,000;136,48;136,48;36,24;0,00;0,00;100,24;73,45;276,60;2,92;44,97;A;;
13/08/2026;024668 - ACQUA DISTRIBUIDORA DE PERFUMES E COSMETICOS LTDA;07891033896530;EGEO DES COL VANILLA UBESESSION 90ml;1,000;124,90;124,90;29,65;0,00;0,00;95,25;76,26;321,25;2,78;47,75;A;;
13/08/2026;024668 - ACQUA DISTRIBUIDORA DE PERFUMES E COSMETICOS LTDA;07891033483037;FLORATTA DES COL RED V2 75ml;1,000;127,06;127,06;35,52;0,00;0,00;91,54;72,04;257,71;2,67;50,42;A;;
13/08/2026;024668 - ACQUA DISTRIBUIDORA DE PERFUMES E COSMETICOS LTDA;07891033480609;LILY CREM DES HID ACET CPO 250g V8;1,000;149,90;149,90;58,96;0,00;0,00;90,94;60,67;154,24;2,65;53,07;A;;
13/08/2026;024668 - ACQUA DISTRIBUIDORA DE PERFUMES E COSMETICOS LTDA;07891033591459;LILY VELUDO ACETINADO DES CPO 250g;1,000;149,71;149,71;58,94;0,00;0,00;90,77;60,63;154,00;2,65;55,72;A;;
13/08/2026;024668 - ACQUA DISTRIBUIDORA DE PERFUMES E COSMETICOS LTDA;07891033820528;NSPA DES COL BODY SPLASH JAS/SAMB 200ml;1,000;109,90;109,90;19,95;0,00;0,00;89,95;81,85;450,88;2,62;58,34;A;;
13/08/2026;024668 - ACQUA DISTRIBUIDORA DE PERFUMES E COSMETICOS LTDA;07891033524686;BOTIK GEL LIM FAC MIC AC MAN/SAL 50g PRM;4,000;76,29;19,07;0,00;0,00;0,00;76,29;100,00;0,00;2,22;60,56;A;;
13/08/2026;024668 - ACQUA DISTRIBUIDORA DE PERFUMES E COSMETICOS LTDA;07891033550838;NEXT COLONIA 75ml;1,000;100,18;100,18;31,38;0,00;0,00;68,80;68,68;219,25;2,01;62,57;A;;
13/08/2026;024668 - ACQUA DISTRIBUIDORA DE PERFUMES E COSMETICOS LTDA;07891033507054;MAKE B BLUSH PO C/AC POLIG CORAL 55g;1,000;66,44;66,44;0,00;0,00;0,00;66,44;100,00;0,00;1,94;64,51;A;;
13/08/2026;024668 - ACQUA DISTRIBUIDORA DE PERFUMES E COSMETICOS LTDA;07891033830596;CELEBRE DES COL FOUG AROM FORC 100ml;1,000;111,32;111,32;45,91;0,00;0,00;65,41;58,76;142,47;1,91;66,41;A;;
13/08/2026;024668 - ACQUA DISTRIBUIDORA DE PERFUMES E COSMETICOS LTDA;07891033512393;CBEM DES COL BDY SPLSH CER/LIV V2 200ml;1,000;79,90;79,90;19,23;0,00;0,00;60,67;75,93;315,50;1,77;68,18;A;;
13/08/2026;024668 - ACQUA DISTRIBUIDORA DE PERFUMES E COSMETICOS LTDA;07891033595174;REF NSPA LOC DES HID CPO AMEIXA 350ml;1,000;69,90;69,90;10,40;0,00;0,00;59,50;85,12;572,12;1,73;69,92;A;;
13/08/2026;024668 - ACQUA DISTRIBUIDORA DE PERFUMES E COSMETICOS LTDA;07891033481811;LILY OL PERF DES CPO 150ml V11;1,000;78,67;78,67;19,51;0,00;0,00;59,16;75,20;303,23;1,72;71,64;A;;
13/08/2026;024668 - ACQUA DISTRIBUIDORA DE PERFUMES E COSMETICOS LTDA;07891033485147;LILY COND ACET 250ml;1,000;69,90;69,90;16,13;0,00;0,00;53,77;76,92;333,35;1,57;73,21;A;;
13/08/2026;024668 - ACQUA DISTRIBUIDORA DE PERFUMES E COSMETICOS LTDA;07891033521470;DR BOTICA CR PENT POC/TR/NO CACHOS 350ml;1,000;67,90;67,90;14,91;0,00;0,00;52,99;78,04;355,40;1,54;74,75;A;;
13/08/2026;024668 - ACQUA DISTRIBUIDORA DE PERFUMES E COSMETICOS LTDA;07891033526383;MAKE B MASC CILIO 4K PANORAMIC 10g V2;1,000;73,82;73,82;21,07;0,00;0,00;52,75;71,46;250,36;1,54;76,29;A;;
13/08/2026;024668 - ACQUA DISTRIBUIDORA DE PERFUMES E COSMETICOS LTDA;07891033479627;BOTI SUN PROT SOL FAC ULT FLD FPS70 40ml;1,000;79,90;79,90;29,30;0,00;0,00;50,60;63,33;172,70;1,48;77,77;A;;
13/08/2026;024668 - ACQUA DISTRIBUIDORA DE PERFUMES E COSMETICOS LTDA;07891033486342;DREAM DES COL SPLSH AMOR NO AR 200ml V2;1,000;94,93;94,93;46,09;0,00;0,00;48,84;51,45;105,97;1,42;79,19;A;;
13/08/2026;024668 - ACQUA DISTRIBUIDORA DE PERFUMES E COSMETICOS LTDA;07891033595167;REF NSPA LOC DES HID CPO AMEI/NEG 350ml;1,000;60,00;60,00;12,17;0,00;0,00;47,83;79,72;393,02;1,39;80,59;B;;
13/08/2026;024668 - ACQUA DISTRIBUIDORA DE PERFUMES E COSMETICOS LTDA;07891033508815;CBEM DES COL BDY SPLSH DELEITE V3 200ml;1,000;64,30;64,30;18,88;0,00;0,00;45,42;70,64;240,57;1,32;81,91;B;;
13/08/2026;024668 - ACQUA DISTRIBUIDORA DE PERFUMES E COSMETICOS LTDA;07891033854820;FLORATTA DES BDY SPR F/SECRET V2 100ml;1,000;52,90;52,90;8,24;0,00;0,00;44,66;84,42;541,99;1,30;83,21;B;;
13/08/2026;024668 - ACQUA DISTRIBUIDORA DE PERFUMES E COSMETICOS LTDA;07891033499038;CBEM LOC DES HID CPO PESSEGURA V2 200ml;1,000;53,59;53,59;9,02;0,00;0,00;44,57;83,17;494,12;1,30;84,51;B;;
13/08/2026;024668 - ACQUA DISTRIBUIDORA DE PERFUMES E COSMETICOS LTDA;07891033543250;UOMINI BOLSA RETANG MARROM PU NAT/23;1,000;51,66;51,66;9,38;0,00;0,00;42,28;81,84;450,75;1,23;85,74;B;;
13/08/2026;024668 - ACQUA DISTRIBUIDORA DE PERFUMES E COSMETICOS LTDA;07891033962938;GLAMOUR LOC DES HID CPO INTENSE 200ml;1,000;53,42;53,42;11,18;0,00;0,00;42,24;79,07;377,82;1,23;86,98;B;;
13/08/2026;024668 - ACQUA DISTRIBUIDORA DE PERFUMES E COSMETICOS LTDA;07891033864652;ESTJ CBEM DELEITE REG/25;1,000;67,68;67,68;26,48;0,00;0,00;41,20;60,87;155,59;1,20;88,18;B;;
13/08/2026;024668 - ACQUA DISTRIBUIDORA DE PERFUMES E COSMETICOS LTDA;07891033502219;MALBEC SHW GEL CAB/CPO CLUB 250g;1,000;58,00;58,00;18,11;0,00;0,00;39,89;68,78;220,27;1,16;89,34;B;;
13/08/2026;024668 - ACQUA DISTRIBUIDORA DE PERFUMES E COSMETICOS LTDA;07891033879205;LILY SHAMP ACET V2 250ml;1,000;64,90;64,90;28,87;0,00;0,00;36,03;55,52;124,80;1,05;90,39;B;;
13/08/2026;024668 - ACQUA DISTRIBUIDORA DE PERFUMES E COSMETICOS LTDA;07891033867653;NSPA LOC DES HID CP FIRM QUINOA V3 400ml;1,000;70,62;70,62;35,38;0,00;0,00;35,24;49,90;99,60;1,03;91,42;B;;
13/08/2026;024668 - ACQUA DISTRIBUIDORA DE PERFUMES E COSMETICOS LTDA;07891033896615;EGEO DES COL VANILLA UBESESSION PRM 10ml;1,000;37,04;37,04;6,13;0,00;0,00;30,91;83,45;504,24;0,90;92,32;B;;
13/08/2026;024668 - ACQUA DISTRIBUIDORA DE PERFUMES E COSMETICOS LTDA;07891033855438;CBEM LOC DES HID CPO DELEITE V3 200ml;1,000;51,61;51,61;20,83;0,00;0,00;30,78;59,64;147,77;0,90;93,22;B;;
13/08/2026;024668 - ACQUA DISTRIBUIDORA DE PERFUMES E COSMETICOS LTDA;07891033512362;CBEM DES COL BDY SPLSH PESSEGUR V2 200ml;1,000;66,78;66,78;36,49;0,00;0,00;30,29;45,36;83,01;0,88;94,10;B;;
13/08/2026;024668 - ACQUA DISTRIBUIDORA DE PERFUMES E COSMETICOS LTDA;07891033512256;BOTICOLL SAB BARR CPO PERF 5x80g V2;1,000;47,71;47,71;19,48;0,00;0,00;28,23;59,17;144,92;0,82;94,92;B;;
13/08/2026;024668 - ACQUA DISTRIBUIDORA DE PERFUMES E COSMETICOS LTDA;07891033511297;CBEM DES ANTIT AER NUVEM V3 75g;1,000;39,90;39,90;11,94;0,00;0,00;27,96;70,08;234,17;0,82;95,74;C;;
13/08/2026;024668 - ACQUA DISTRIBUIDORA DE PERFUMES E COSMETICOS LTDA;07891033877713;MAKE B BLUSH COMP BERRY MINI PRM 15g;1,000;36,87;36,87;9,16;0,00;0,00;27,71;75,16;302,51;0,81;96,55;C;;
13/08/2026;024668 - ACQUA DISTRIBUIDORA DE PERFUMES E COSMETICOS LTDA;07891033883653;NSPA SAB BARRA AMEIXA V5 3x90g;1,000;37,29;37,29;15,08;0,00;0,00;22,21;59,56;147,28;0,65;97,19;C;;
13/08/2026;024668 - ACQUA DISTRIBUIDORA DE PERFUMES E COSMETICOS LTDA;07891033511648;CBEM DES ANTIT CR R/ALG V3 80g;1,000;32,25;32,25;10,76;0,00;0,00;21,49;66,64;199,72;0,63;97,82;C;;
13/08/2026;024668 - ACQUA DISTRIBUIDORA DE PERFUMES E COSMETICOS LTDA;07891033889136;CBEM SPR INTIMO CER/FASES 75ml;1,000;32,90;32,90;12,20;0,00;1,20;19,50;59,27;169,67;0,57;98,39;C;;
13/08/2026;024668 - ACQUA DISTRIBUIDORA DE PERFUMES E COSMETICOS LTDA;07891033511655;CBEM SAB BARRA ROSA/ALGODAO 4x80g;1,000;32,75;32,75;13,78;0,00;0,00;18,97;57,92;137,66;0,55;98,94;C;;
13/08/2026;024668 - ACQUA DISTRIBUIDORA DE PERFUMES E COSMETICOS LTDA;07891033035304;CAIXA M INST 2021 VERDE ECONOMICA;6,000;18,71;3,12;0,00;0,00;0,00;18,71;100,00;0,00;0,55;99,49;C;;
13/08/2026;024668 - ACQUA DISTRIBUIDORA DE PERFUMES E COSMETICOS LTDA;07891033512317;CBEM SAB BARRA CEREJA LIVRE V2 2x80g;1,000;24,90;24,90;7,39;0,00;0,00;17,51;70,32;236,94;0,51;100,00;C;;
13/08/2026;024668 - ACQUA DISTRIBUIDORA DE PERFUMES E COSMETICOS LTDA;07891033851201;CBEM SAB BARRA DELEITE V4 2x80g;1,000;22,58;22,58;9,17;0,00;0,00;13,41;59,39;146,24;0,39;100,39;C;;
13/08/2026;024668 - ACQUA DISTRIBUIDORA DE PERFUMES E COSMETICOS LTDA;07891033957996;NSPA CR PERF DES HID CP AMX/INT PRM 50ml;6,000;0,06;0,01;13,38;0,00;0,00;-13,32;-22200,00;-99,55;-0,39;100,00;C;;
13/08/2026;024669 - 24669 ACQUA DISTRIBUIDORA DE PERFUMES E;07891033520527;CELEBRE DES COL MASC AGORA 100ml;3,000;288,70;96,23;76,68;0,00;0,00;212,02;73,44;276,50;6,94;6,94;A;;
13/08/2026;024669 - 24669 ACQUA DISTRIBUIDORA DE PERFUMES E;07891033553570;MALBEC EDP 90ml;1,000;264,48;264,48;58,02;0,00;0,00;206,46;78,06;355,84;6,75;13,69;A;;
13/08/2026;024669 - 24669 ACQUA DISTRIBUIDORA DE PERFUMES E;07891033843909;MALBEC DES COL MAGNETIC V3 100ml;1,000;242,56;242,56;63,44;0,00;0,00;179,12;73,85;282,35;5,86;19,55;A;;
13/08/2026;024669 - 24669 ACQUA DISTRIBUIDORA DE PERFUMES E;07891033481811;LILY OL PERF DES CPO 150ml V11;2,000;174,61;87,30;39,04;0,00;0,00;135,57;77,64;347,26;4,43;23,98;A;;
13/08/2026;024669 - 24669 ACQUA DISTRIBUIDORA DE PERFUMES E;07891033546572;BOTICA 214 EDP AFRIC/SUNR FLOR/FRUT 75ml;1,000;226,69;226,69;92,96;0,00;0,00;133,73;58,99;143,86;4,37;28,36;A;;
13/08/2026;024669 - 24669 ACQUA DISTRIBUIDORA DE PERFUMES E;07891033718771;BOTICOLL CRAZY DES COL FEELINGS 100ml;1,000;174,90;174,90;41,45;0,00;0,00;133,45;76,30;321,95;4,37;32,72;A;;
13/08/2026;024669 - 24669 ACQUA DISTRIBUIDORA DE PERFUMES E;07891033902002;ESTJ HER CODE SPLASH MAES/26;1,000;163,90;163,90;41,42;0,00;0,00;122,48;74,73;295,70;4,01;36,73;A;;
13/08/2026;024669 - 24669 ACQUA DISTRIBUIDORA DE PERFUMES E;07891033050093;MA CHERIE DES COL 100ml V6;1,000;144,48;144,48;33,40;0,00;0,00;111,08;76,88;332,57;3,63;40,37;A;;
13/08/2026;024669 - 24669 ACQUA DISTRIBUIDORA DE PERFUMES E;07891033909537;GLAMOUR DES COL INTENSE 75ml;1,000;147,30;147,30;38,43;0,00;0,00;108,87;73,91;283,29;3,56;43,93;A;;
13/08/2026;024669 - 24669 ACQUA DISTRIBUIDORA DE PERFUMES E;07891033483037;FLORATTA DES COL RED V2 75ml;1,000;134,90;134,90;36,07;0,00;0,00;98,83;73,26;274,00;3,23;47,16;A;;
13/08/2026;024669 - 24669 ACQUA DISTRIBUIDORA DE PERFUMES E;07891033908059;ESTJ EGEO BOMB BLACK REG/26;1,000;135,90;135,90;41,76;0,00;0,00;94,14;69,27;225,43;3,08;50,24;A;;
13/08/2026;024669 - 24669 ACQUA DISTRIBUIDORA DE PERFUMES E;07891033476305;BOTICA 214 EDP DARK MINT 90ml V2;1,000;172,71;172,71;90,96;0,00;0,00;81,75;47,33;89,87;2,67;52,91;A;;
13/08/2026;024669 - 24669 ACQUA DISTRIBUIDORA DE PERFUMES E;07891033480586;LILY CR HID DES ACET CPO LOVE 250g V3;1,000;134,91;134,91;53,81;0,00;0,00;81,10;60,11;150,72;2,65;55,57;A;;
13/08/2026;024669 - 24669 ACQUA DISTRIBUIDORA DE PERFUMES E;07891033589906;MAKE B BASE LIQ RETIN 3 H 215Q 26g;1,000;125,13;125,13;46,42;0,00;0,00;78,71;62,90;169,56;2,57;58,14;A;;
13/08/2026;024669 - 24669 ACQUA DISTRIBUIDORA DE PERFUMES E;07891033858507;MAKE B BAS LIQ C/GLYCOL TX 260 V2 30g;1,000;99,90;99,90;23,94;0,00;0,00;75,96;76,04;317,29;2,48;60,63;A;;
13/08/2026;024669 - 24669 ACQUA DISTRIBUIDORA DE PERFUMES E;07891033878222;MAKE B PLT BL/FUS/CLIP BRWN/BL MINI 25g;2,000;172,31;86,15;97,40;0,00;0,00;74,91;43,47;76,91;2,45;63,08;A;;
13/08/2026;024669 - 24669 ACQUA DISTRIBUIDORA DE PERFUMES E;07891033842148;EGEO DES COL SPCY VIBE C/CAR 90ml;1,000;132,45;132,45;61,18;0,00;0,00;71,27;53,81;116,49;2,33;65,41;A;;
13/08/2026;024669 - 24669 ACQUA DISTRIBUIDORA DE PERFUMES E;07891033574933;MAKE B SRUM CIL/SOBRANC EXPL GROW 5g;2,000;105,23;52,61;36,06;0,00;0,00;69,17;65,73;191,82;2,26;67,67;A;;
13/08/2026;024669 - 24669 ACQUA DISTRIBUIDORA DE PERFUMES E;07891033512430;QUASAR DES COL CLASSIC 100ml;1,000;130,41;130,41;64,18;0,00;0,00;66,23;50,79;103,19;2,17;69,84;A;;
13/08/2026;024669 - 24669 ACQUA DISTRIBUIDORA DE PERFUMES E;07891033890736;MAKE B BASE LIQ HYALURONIC 290N 30ml;1,000;93,03;93,03;33,06;0,00;0,00;59,97;64,46;181,40;1,96;71,80;A;;
13/08/2026;024669 - 24669 ACQUA DISTRIBUIDORA DE PERFUMES E;07891033889037;BOTICA 214 CR P/P BARB AR/OAS F/AMB 150g;1,000;64,90;64,90;10,90;0,00;0,00;54,00;83,20;495,41;1,77;73,57;A;;
13/08/2026;024669 - 24669 ACQUA DISTRIBUIDORA DE PERFUMES E;07891033533886;NSPA SAB LIQ PERF AMEIXA 250ml;1,000;59,90;59,90;8,88;0,00;0,00;51,02;85,18;574,55;1,67;75,23;A;;
13/08/2026;024669 - 24669 ACQUA DISTRIBUIDORA DE PERFUMES E;07891033836840;DR BOTICA COL POC/AVENTURA 120ml;1,000;66,83;66,83;19,21;0,00;0,00;47,62;71,26;247,89;1,56;76,79;A;;
13/08/2026;024669 - 24669 ACQUA DISTRIBUIDORA DE PERFUMES E;07891033499038;CBEM LOC DES HID CPO PESSEGURA V2 200ml;1,000;56,42;56,42;9,02;0,00;0,00;47,40;84,01;525,50;1,55;78,34;A;;
13/08/2026;024669 - 24669 ACQUA DISTRIBUIDORA DE PERFUMES E;07891033548965;LILY CREM ACET BANHO 250ml;1,000;83,90;83,90;37,96;0,00;0,00;45,94;54,76;121,02;1,50;79,85;A;;
13/08/2026;024669 - 24669 ACQUA DISTRIBUIDORA DE PERFUMES E;07891033524686;BOTIK GEL LIM FAC MIC AC MAN/SAL 50g PRM;3,000;44,41;14,80;0,00;0,00;0,00;44,41;100,00;0,00;1,45;81,30;B;;
13/08/2026;024669 - 24669 ACQUA DISTRIBUIDORA DE PERFUMES E;07891033756315;INTENSE PO COMPACTO FACIAL 70 5g;1,000;69,90;69,90;28,33;0,00;0,00;41,57;59,47;146,73;1,36;82,66;B;;
13/08/2026;024669 - 24669 ACQUA DISTRIBUIDORA DE PERFUMES E;07891033890293;MAKE B CORRET LIQ HYAL 210Q 68ml;1,000;56,46;56,46;14,89;0,00;0,00;41,57;73,63;279,18;1,36;84,02;B;;
13/08/2026;024669 - 24669 ACQUA DISTRIBUIDORA DE PERFUMES E;07891033533916;NSPA SAB LIQ PERF QUINOA 250ml;1,000;59,90;59,90;20,16;0,00;0,00;39,74;66,34;197,12;1,30;85,32;B;;
13/08/2026;024669 - 24669 ACQUA DISTRIBUIDORA DE PERFUMES E;07891033854837;FLORATTA DES BDY SPRAY RED V2 100ml;1,000;47,61;47,61;8,19;0,00;0,00;39,42;82,80;481,32;1,29;86,61;B;;
13/08/2026;024669 - 24669 ACQUA DISTRIBUIDORA DE PERFUMES E;07891033851645;MAK B COLOR U/B LAC WIN 36g;1,000;64,90;64,90;25,98;0,00;0,00;38,92;59,97;149,81;1,27;87,88;B;;
13/08/2026;024669 - 24669 ACQUA DISTRIBUIDORA DE PERFUMES E;07891033962938;GLAMOUR LOC DES HID CPO INTENSE 200ml;1,000;49,93;49,93;11,18;0,00;0,00;38,75;77,61;346,60;1,27;89,15;B;;
13/08/2026;024669 - 24669 ACQUA DISTRIBUIDORA DE PERFUMES E;07891033511730;MAKE B GLOS LAB C/AC POLIG ROS/LOVER 5ml;1,000;54,11;54,11;16,03;0,00;0,00;38,08;70,38;237,55;1,25;90,39;B;;
13/08/2026;024669 - 24669 ACQUA DISTRIBUIDORA DE PERFUMES E;07891033880164;MAKE B BAT LIQ MAT AC/POL BRW/WIN V2 5ml;1,000;53,15;53,15;15,48;0,00;0,00;37,67;70,87;243,35;1,23;91,63;B;;
13/08/2026;024669 - 24669 ACQUA DISTRIBUIDORA DE PERFUMES E;07891033487851;MALBEC DES BDY SPR 100ml V4 PCK;1,000;42,85;42,85;7,75;0,00;0,00;35,10;81,91;452,90;1,15;92,78;B;;
13/08/2026;024669 - 24669 ACQUA DISTRIBUIDORA DE PERFUMES E;07891033954193;MAKE B BAT EASY MATE BARE ROSE 39g;1,000;51,90;51,90;17,85;0,00;0,00;34,05;65,61;190,76;1,11;93,89;B;;
13/08/2026;024669 - 24669 ACQUA DISTRIBUIDORA DE PERFUMES E;07891033878024;MAKE B BATOM PREENCH HYAL NUDE CHIC 4g;1,000;45,43;45,43;17,71;0,00;0,00;27,72;61,02;156,52;0,91;94,80;B;;
13/08/2026;024669 - 24669 ACQUA DISTRIBUIDORA DE PERFUMES E;07891033539277;MALBEC DES ANTIT AER MAGNET V3 75g;1,000;37,24;37,24;11,19;0,00;0,00;26,05;69,95;232,80;0,85;95,65;C;;
13/08/2026;024669 - 24669 ACQUA DISTRIBUIDORA DE PERFUMES E;07891033511846;MAKE B BAT LIQ DIAM C/AC POL PLAT 5ml;1,000;53,03;53,03;27,12;0,00;0,00;25,91;48,86;95,54;0,85;96,50;C;;
13/08/2026;024669 - 24669 ACQUA DISTRIBUIDORA DE PERFUMES E;07891033944996;CBEM SAB BARRA PESSEGURA V3 4x80g;1,000;38,58;38,58;12,70;0,00;0,00;25,88;67,08;203,78;0,85;97,34;C;;
13/08/2026;024669 - 24669 ACQUA DISTRIBUIDORA DE PERFUMES E;07891033889112;LILY SAB BARRA V2 2x90g;1,000;41,31;41,31;15,86;0,00;0,00;25,45;61,61;160,47;0,83;98,17;C;;
13/08/2026;024669 - 24669 ACQUA DISTRIBUIDORA DE PERFUMES E;07891033539710;CBEM MASC CAP SCH FEIRA PASTA ABAC 30ml;3,000;32,05;10,68;11,19;0,00;0,00;20,86;65,09;186,42;0,68;98,86;C;;
13/08/2026;024669 - 24669 ACQUA DISTRIBUIDORA DE PERFUMES E;07891033486960;LILY DES ANTIT AEROSSOL 75g V9;1,000;35,91;35,91;17,43;0,00;0,00;18,48;51,46;106,02;0,60;99,46;C;;
13/08/2026;024669 - 24669 ACQUA DISTRIBUIDORA DE PERFUMES E;07891033557660;BOTI BABY SAB LIQ GLICERINA 50ml PRM;1,000;15,21;15,21;2,76;0,00;0,00;12,45;81,85;451,09;0,41;99,87;C;;
13/08/2026;024669 - 24669 ACQUA DISTRIBUIDORA DE PERFUMES E;07891033894017;CX PRESENTE M BOTI INST/25 VDA;1,000;10,94;10,94;0,00;0,00;0,00;10,94;100,00;0,00;0,36;100,23;C;;
13/08/2026;024669 - 24669 ACQUA DISTRIBUIDORA DE PERFUMES E;07891033909544;GLAMOUR DES COL INTENSE PRM 10ml;1,000;16,98;16,98;6,19;0,00;0,00;10,79;63,55;174,31;0,35;100,58;C;;
13/08/2026;024669 - 24669 ACQUA DISTRIBUIDORA DE PERFUMES E;07891033507078;CLASH DES COL PRM 10ml;1,000;15,21;15,21;6,11;0,00;0,00;9,10;59,83;148,94;0,30;100,88;C;;
13/08/2026;024669 - 24669 ACQUA DISTRIBUIDORA DE PERFUMES E;07891033957996;NSPA CR PERF DES HID CP AMX/INT PRM 50ml;5,000;0,05;0,01;11,15;0,00;0,00;-11,10;-22200,00;-99,55;-0,36;100,51;C;;
13/08/2026;024669 - 24669 ACQUA DISTRIBUIDORA DE PERFUMES E;07891033534098;REF NSPA SAB LIQ CPO PERF AMEIXA 200ml;1,000;0,01;0,01;15,74;0,00;0,00;-15,73;-157300,00;-99,94;-0,51;100,00;C;;
13/08/2026;024670 - ACQUA DISTRIBUIDORA DE PERFUMES E COSMETICOS LTDA;07891033843879;MALBEC DES COL V6 100ml;2,000;439,80;219,90;165,16;0,00;0,00;274,64;62,45;166,29;13,16;13,16;A;;
13/08/2026;024670 - ACQUA DISTRIBUIDORA DE PERFUMES E COSMETICOS LTDA;07891033479498;THE BLEND EDP 100ml V2;1,000;317,46;317,46;98,91;0,00;0,00;218,55;68,84;220,96;10,47;23,64;A;;
13/08/2026;024670 - ACQUA DISTRIBUIDORA DE PERFUMES E COSMETICOS LTDA;07891033483037;FLORATTA DES COL RED V2 75ml;3,000;403,10;134,37;205,26;0,00;0,00;197,84;49,08;96,39;9,48;33,12;A;;
13/08/2026;024670 - ACQUA DISTRIBUIDORA DE PERFUMES E COSMETICOS LTDA;07891033767007;LIZ DES COL 100ml;2,000;261,42;130,71;72,48;0,00;0,00;188,94;72,27;260,68;9,06;42,17;A;;
13/08/2026;024670 - ACQUA DISTRIBUIDORA DE PERFUMES E COSMETICOS LTDA;07891033902378;ESTJ ZAAD PAIS/26;1,000;308,17;308,17;119,71;0,00;0,00;188,46;61,15;157,43;9,03;51,20;A;;
13/08/2026;024670 - ACQUA DISTRIBUIDORA DE PERFUMES E COSMETICOS LTDA;07891033740437;LINDA DES COL V4 100ml;1,000;192,02;192,02;58,15;0,00;0,00;133,87;69,72;230,21;6,42;57,62;A;;
13/08/2026;024670 - ACQUA DISTRIBUIDORA DE PERFUMES E COSMETICOS LTDA;07891033492527;COFFEE D/C SEDUC/WOM/FLORIEN/FR V6 100ml;1,000;162,28;162,28;46,74;0,00;0,00;115,54;71,20;247,20;5,54;63,16;A;;
13/08/2026;024670 - ACQUA DISTRIBUIDORA DE PERFUMES E COSMETICOS LTDA;07891033534159;LIZ DES COL INTENSO 100ml;1,000;144,90;144,90;34,65;0,00;0,00;110,25;76,09;318,18;5,28;68,44;A;;
13/08/2026;024670 - ACQUA DISTRIBUIDORA DE PERFUMES E COSMETICOS LTDA;07891033878963;FLORATTA EDP RED PASSION V2 75ml;1,000;182,52;182,52;98,84;0,00;0,00;83,68;45,85;84,66;4,01;72,45;A;;
13/08/2026;024670 - ACQUA DISTRIBUIDORA DE PERFUMES E COSMETICOS LTDA;07891033534609;DR BOTICA COL POC/AMIZ V2 120ml;1,000;98,90;98,90;18,03;0,00;0,00;80,87;81,77;448,53;3,88;76,33;A;;
13/08/2026;024670 - ACQUA DISTRIBUIDORA DE PERFUMES E COSMETICOS LTDA;07891033820528;NSPA DES COL BODY SPLASH JAS/SAMB 200ml;1,000;109,90;109,90;42,30;0,00;0,00;67,60;61,51;159,81;3,24;79,57;A;;
13/08/2026;024670 - ACQUA DISTRIBUIDORA DE PERFUMES E COSMETICOS LTDA;07891033903788;PMPCK FLORATTA DES BODY SPRAY RED;1,000;79,35;79,35;16,85;0,00;0,00;62,50;78,76;370,92;3,00;82,56;B;;
13/08/2026;024670 - ACQUA DISTRIBUIDORA DE PERFUMES E COSMETICOS LTDA;07891033585212;CBEM MASC CAP HID NUVEM V2 250ml;2,000;54,90;27,45;0,00;0,00;0,00;54,90;100,00;0,00;2,63;85,19;B;;
13/08/2026;024670 - ACQUA DISTRIBUIDORA DE PERFUMES E COSMETICOS LTDA;07891033902309;ESTJ THE BLEND PAIS/26;1,000;184,95;184,95;130,49;0,00;0,00;54,46;29,45;41,73;2,61;87,80;B;;
13/08/2026;024670 - ACQUA DISTRIBUIDORA DE PERFUMES E COSMETICOS LTDA;07891033521609;INTENSE BAT LIQ TINT 16H SUPF 635 V3 5ml;1,000;51,20;51,20;0,00;0,00;0,00;51,20;100,00;0,00;2,45;90,26;B;;
13/08/2026;024670 - ACQUA DISTRIBUIDORA DE PERFUMES E COSMETICOS LTDA;07891033480623;REF LILY CR ACET DES HID CPO 250g V2;1,000;87,24;87,24;38,23;0,00;0,00;49,01;56,18;128,20;2,35;92,61;B;;
13/08/2026;024670 - ACQUA DISTRIBUIDORA DE PERFUMES E COSMETICOS LTDA;07891033771837;LIZ CREM DES HID CPO 250g;1,000;47,39;47,39;14,87;0,00;0,00;32,52;68,62;218,70;1,56;94,17;B;;
13/08/2026;024670 - ACQUA DISTRIBUIDORA DE PERFUMES E COSMETICOS LTDA;07891033533886;NSPA SAB LIQ PERF AMEIXA 250ml;1,000;40,69;40,69;8,88;0,00;0,00;31,81;78,18;358,22;1,52;95,69;C;;
13/08/2026;024670 - ACQUA DISTRIBUIDORA DE PERFUMES E COSMETICOS LTDA;07891033533923;NSPA SAB LIQ PERF ORQUIDEA NOIRE 250ml;1,000;51,20;51,20;19,98;0,00;0,00;31,22;60,98;156,26;1,50;97,19;C;;
13/08/2026;024670 - ACQUA DISTRIBUIDORA DE PERFUMES E COSMETICOS LTDA;07891033880737;NSPA CR HID MAOS AMEIXA V6 75g;1,000;29,95;29,95;0,00;0,00;0,00;29,95;100,00;0,00;1,44;98,62;C;;
13/08/2026;024670 - ACQUA DISTRIBUIDORA DE PERFUMES E COSMETICOS LTDA;07891033830657;LIZ DES ANTIT AER 75g;1,000;37,89;37,89;17,27;0,00;0,00;20,62;54,42;119,40;0,99;99,61;C;;
13/08/2026;024670 - ACQUA DISTRIBUIDORA DE PERFUMES E COSMETICOS LTDA;07891033944996;CBEM SAB BARRA PESSEGURA V3 4x80g;1,000;25,55;25,55;10,70;0,00;0,00;14,85;58,12;138,79;0,71;100,32;C;;
13/08/2026;024670 - ACQUA DISTRIBUIDORA DE PERFUMES E COSMETICOS LTDA;07891033948994;CBEM GEL LIMP FAC FEIR TANGERINA PRM 50g;1,000;16,70;16,70;6,66;0,00;0,00;10,04;60,12;150,75;0,48;100,80;C;;
13/08/2026;024670 - ACQUA DISTRIBUIDORA DE PERFUMES E COSMETICOS LTDA;07891033561865;MATCH SHAMP NUTRICAO PROFUNDA 50ml;2,000;18,90;9,45;8,88;0,00;0,00;10,02;53,02;112,84;0,48;101,28;C;;
13/08/2026;024670 - ACQUA DISTRIBUIDORA DE PERFUMES E COSMETICOS LTDA;07891033772728;MEN SHAMP CAB/BARBA 200ml;2,000;39,90;19,95;31,70;0,00;0,00;8,20;20,55;25,87;0,39;101,68;C;;
13/08/2026;024670 - ACQUA DISTRIBUIDORA DE PERFUMES E COSMETICOS LTDA;07891033765997;INTENSE LAP BAT VERMELHO 12g;1,000;11,29;11,29;5,97;0,00;0,00;5,32;47,12;89,11;0,25;101,93;C;;
13/08/2026;024670 - ACQUA DISTRIBUIDORA DE PERFUMES E COSMETICOS LTDA;07891033035298;CAIXA M INST 2021 ROSA ECONOMICA;1,000;3,47;3,47;0,00;0,00;0,00;3,47;100,00;0,00;0,17;102,10;C;;
13/08/2026;024670 - ACQUA DISTRIBUIDORA DE PERFUMES E COSMETICOS LTDA;07891033974382;SACOLA UNIT M PAIS 2026 BOTI;2,000;0,02;0,01;0,00;0,00;0,00;0,02;100,00;0,00;0,00;102,10;C;;
13/08/2026;024670 - ACQUA DISTRIBUIDORA DE PERFUMES E COSMETICOS LTDA;07891033908226;SACOLA M BOTICARIO INST/25;1,000;0,01;0,01;1,56;0,00;0,00;-1,55;-15500,00;-99,36;-0,07;102,02;C;;
13/08/2026;024670 - ACQUA DISTRIBUIDORA DE PERFUMES E COSMETICOS LTDA;07891033908219;SACOLA P BOTICARIO INST/25;2,000;0,02;0,01;2,62;0,00;0,00;-2,60;-13000,00;-99,24;-0,12;101,90;C;;
13/08/2026;024670 - ACQUA DISTRIBUIDORA DE PERFUMES E COSMETICOS LTDA;07891033534098;REF NSPA SAB LIQ CPO PERF AMEIXA 200ml;1,000;0,01;0,01;9,33;0,00;0,00;-9,32;-93200,00;-99,89;-0,45;101,45;C;;
13/08/2026;024670 - ACQUA DISTRIBUIDORA DE PERFUMES E COSMETICOS LTDA;07891033534104;REF NSPA SAB LIQ CPO PERF AMEI/NEG 200ml;1,000;0,01;0,01;9,42;0,00;0,00;-9,41;-94100,00;-99,89;-0,45;101,00;C;;
13/08/2026;024670 - ACQUA DISTRIBUIDORA DE PERFUMES E COSMETICOS LTDA;07891033949083;MAKE B PRIMER FAC ANTIOL SALIC PRM 5ml;2,000;0,02;0,01;9,80;0,00;0,00;-9,78;-48900,00;-99,80;-0,47;100,53;C;;
13/08/2026;024670 - ACQUA DISTRIBUIDORA DE PERFUMES E COSMETICOS LTDA;07891033957996;NSPA CR PERF DES HID CP AMX/INT PRM 50ml;5,000;0,05;0,01;11,16;0,00;0,00;-11,11;-22220,00;-99,55;-0,53;100,00;C;;
13/08/2026;024671 - 24671 ACQUA DISTRIBUIDORA DE PERFUMES E;07891033595174;REF NSPA LOC DES HID CPO AMEIXA 350ml;10,000;301,89;30,19;105,20;0,00;0,00;196,69;65,15;186,97;8,27;8,27;A;;
13/08/2026;024671 - 24671 ACQUA DISTRIBUIDORA DE PERFUMES E;07891033479498;THE BLEND EDP 100ml V2;1,000;328,16;328,16;149,33;0,00;0,00;178,83;54,49;119,75;7,52;15,79;A;;
13/08/2026;024671 - 24671 ACQUA DISTRIBUIDORA DE PERFUMES E;07891033512133;ACCORDES DES COL HARMONIA 80ml V4;1,000;236,78;236,78;93,44;0,00;0,00;143,34;60,54;153,40;6,03;21,82;A;;
13/08/2026;024671 - 24671 ACQUA DISTRIBUIDORA DE PERFUMES E;07891033533886;NSPA SAB LIQ PERF AMEIXA 250ml;3,000;158,83;52,94;25,89;0,00;0,00;132,94;83,70;513,48;5,59;27,41;A;;
13/08/2026;024671 - 24671 ACQUA DISTRIBUIDORA DE PERFUMES E;07891033869909;LIZ DES COL AURA 100ml;1,000;165,71;165,71;33,31;0,00;0,00;132,40;79,90;397,48;5,57;32,98;A;;
13/08/2026;024671 - 24671 ACQUA DISTRIBUIDORA DE PERFUMES E;07891033878987;BOTICOLL CONNEXION DES COL V3 100ml;1,000;157,41;157,41;29,03;0,00;0,00;128,38;81,56;442,23;5,40;38,38;A;;
13/08/2026;024671 - 24671 ACQUA DISTRIBUIDORA DE PERFUMES E;07891033909537;GLAMOUR DES COL INTENSE 75ml;1,000;148,41;148,41;38,43;0,00;0,00;109,98;74,11;286,18;4,62;43,00;A;;
13/08/2026;024671 - 24671 ACQUA DISTRIBUIDORA DE PERFUMES E;07891033483037;FLORATTA DES COL RED V2 75ml;2,000;246,29;123,14;136,86;0,00;0,00;109,43;44,43;79,96;4,60;47,60;A;;
13/08/2026;024671 - 24671 ACQUA DISTRIBUIDORA DE PERFUMES E;07891033766642;MEN DES COL NEW 100ml;1,000;160,28;160,28;56,40;0,00;0,00;103,88;64,81;184,18;4,37;51,97;A;;
13/08/2026;024671 - 24671 ACQUA DISTRIBUIDORA DE PERFUMES E;07891033483075;FLORATTA DES COL F/SECRET V3 75ml;1,000;165,72;165,72;61,92;0,00;0,00;103,80;62,64;167,64;4,36;56,34;A;;
13/08/2026;024671 - 24671 ACQUA DISTRIBUIDORA DE PERFUMES E;07891033587292;BOTICA 214 EDP SEV/DOR FOUG/AROM 90ml;1,000;189,86;189,86;97,06;0,00;0,00;92,80;48,88;95,61;3,90;60,24;A;;
13/08/2026;024671 - 24671 ACQUA DISTRIBUIDORA DE PERFUMES E;07891033498123;EGEO DES COL ORIGNL 90ml V2;1,000;149,23;149,23;57,63;0,00;0,00;91,60;61,38;158,94;3,85;64,09;A;;
13/08/2026;024671 - 24671 ACQUA DISTRIBUIDORA DE PERFUMES E;07891033486342;DREAM DES COL SPLSH AMOR NO AR 200ml V2;2,000;180,70;90,35;92,20;0,00;0,00;88,50;48,98;95,99;3,72;67,81;A;;
13/08/2026;024671 - 24671 ACQUA DISTRIBUIDORA DE PERFUMES E;07891033512362;CBEM DES COL BDY SPLSH PESSEGUR V2 200ml;2,000;117,08;58,54;36,14;0,00;0,00;80,94;69,13;223,96;3,40;71,22;A;;
13/08/2026;024671 - 24671 ACQUA DISTRIBUIDORA DE PERFUMES E;07891033045204;BOTIK GEL CR FAC FIRM AC/HIALUR 40g;1,000;109,21;109,21;43,12;0,00;0,00;66,09;60,52;153,27;2,78;73,99;A;;
13/08/2026;024671 - 24671 ACQUA DISTRIBUIDORA DE PERFUMES E;07891033883967;CBEM DES COL BDY SPLSH CER/FASES 200ml;1,000;75,89;75,89;13,54;0,00;0,00;62,35;82,16;460,49;2,62;76,62;A;;
13/08/2026;024671 - 24671 ACQUA DISTRIBUIDORA DE PERFUMES E;07891033869886;LIZ CREM DES HID CPO AURA 250g;1,000;70,97;70,97;14,53;0,00;0,00;56,44;79,53;388,44;2,37;78,99;A;;
13/08/2026;024671 - 24671 ACQUA DISTRIBUIDORA DE PERFUMES E;07891033496808;LILY DES COL LEAU DE LILY SOLEIL 75ml;1,000;132,19;132,19;79,51;0,00;0,00;52,68;39,85;66,26;2,22;81,21;B;;
13/08/2026;024671 - 24671 ACQUA DISTRIBUIDORA DE PERFUMES E;07891033595167;REF NSPA LOC DES HID CPO AMEI/NEG 350ml;1,000;63,26;63,26;12,17;0,00;0,00;51,09;80,76;419,80;2,15;83,35;B;;
13/08/2026;024671 - 24671 ACQUA DISTRIBUIDORA DE PERFUMES E;07891033498932;CBEM LOC DES HID CPO ROS/ALG V3 400ml;1,000;74,75;74,75;26,39;0,00;0,00;48,36;64,70;183,25;2,03;85,39;B;;
13/08/2026;024671 - 24671 ACQUA DISTRIBUIDORA DE PERFUMES E;07891033536283;BOTIK GEL LIMP FAC VITAM C PRM 50g;4,000;45,65;11,41;0,00;0,00;0,00;45,65;100,00;0,00;1,92;87,31;B;;
13/08/2026;024671 - 24671 ACQUA DISTRIBUIDORA DE PERFUMES E;07891033867578;NSPA SAB LIQ PERF AMEIXA NEGRA V2 250ml;1,000;52,48;52,48;11,39;0,00;0,00;41,09;78,30;360,76;1,73;89,03;B;;
13/08/2026;024671 - 24671 ACQUA DISTRIBUIDORA DE PERFUMES E;07891033854820;FLORATTA DES BDY SPR F/SECRET V2 100ml;1,000;48,11;48,11;7,39;0,00;0,00;40,72;84,64;551,01;1,71;90,75;B;;
13/08/2026;024671 - 24671 ACQUA DISTRIBUIDORA DE PERFUMES E;07891033897902;CBEM DES COL BDY SPLSH LAVANDINHA 200ml;1,000;76,04;76,04;36,50;0,00;0,00;39,54;52,00;108,33;1,66;92,41;B;;
13/08/2026;024671 - 24671 ACQUA DISTRIBUIDORA DE PERFUMES E;07891033962938;GLAMOUR LOC DES HID CPO INTENSE 200ml;1,000;50,31;50,31;11,21;0,00;0,00;39,10;77,72;348,80;1,64;94,05;B;;
13/08/2026;024671 - 24671 ACQUA DISTRIBUIDORA DE PERFUMES E;07891033878024;MAKE B BATOM PREENCH HYAL NUDE CHIC 4g;1,000;51,92;51,92;17,70;0,00;0,00;34,22;65,91;193,33;1,44;95,49;C;;
13/08/2026;024671 - 24671 ACQUA DISTRIBUIDORA DE PERFUMES E;07891033567973;MATCH COND SCIENCE PRE/POS QUIM 280ml;1,000;47,67;47,67;21,40;0,00;0,00;26,27;55,11;122,76;1,10;96,60;C;;
13/08/2026;024671 - 24671 ACQUA DISTRIBUIDORA DE PERFUMES E;07891033567966;MATCH SHAMP SCIENCE PRE/POS QUIM 300ml;1,000;45,75;45,75;21,32;0,00;0,00;24,43;53,40;114,59;1,03;97,63;C;;
13/08/2026;024671 - 24671 ACQUA DISTRIBUIDORA DE PERFUMES E;07891033856794;CBEM SAB BARRA CER/FASES 4x80g;1,000;36,95;36,95;12,60;0,00;0,00;24,35;65,90;193,25;1,02;98,65;C;;
13/08/2026;024671 - 24671 ACQUA DISTRIBUIDORA DE PERFUMES E;07891033528349;INTENSE SOMB SUP GLITTER FURTA COR 12g;1,000;41,29;41,29;20,72;0,00;0,00;20,57;49,82;99,28;0,87;99,51;C;;
13/08/2026;024671 - 24671 ACQUA DISTRIBUIDORA DE PERFUMES E;07891033512294;CBEM DES ANTIT ROLL ON R/ALG V3 55ml;1,000;23,92;23,92;5,89;0,00;0,00;18,03;75,38;306,11;0,76;100,27;C;;
13/08/2026;024671 - 24671 ACQUA DISTRIBUIDORA DE PERFUMES E;07891033944996;CBEM SAB BARRA PESSEGURA V3 4x80g;1,000;27,20;27,20;12,70;0,00;0,00;14,50;53,31;114,17;0,61;100,88;C;;
13/08/2026;024671 - 24671 ACQUA DISTRIBUIDORA DE PERFUMES E;07891033945108;BOTIK BALM LAB HID AC/HIALUR V2 32g;1,000;29,59;29,59;18,44;0,00;0,00;11,15;37,68;60,47;0,47;101,35;C;;
13/08/2026;024671 - 24671 ACQUA DISTRIBUIDORA DE PERFUMES E;07891033843138;CBEM SHAMP FEIRA VINAGRE MACA 230ml;1,000;21,00;21,00;10,07;0,00;0,00;10,93;52,05;108,54;0,46;101,81;C;;
13/08/2026;024671 - 24671 ACQUA DISTRIBUIDORA DE PERFUMES E;07891033511464;CBEM DES ANTIT ROL NUVEM V3 55ml;1,000;23,92;23,92;13,39;0,00;0,00;10,53;44,02;78,64;0,44;102,25;C;;
13/08/2026;024671 - 24671 ACQUA DISTRIBUIDORA DE PERFUMES E;07891033512270;CBEM SAB BARRA NUVEM 4x80g;1,000;23,96;23,96;14,25;0,00;0,00;9,71;40,53;68,14;0,41;102,66;C;;
13/08/2026;024671 - 24671 ACQUA DISTRIBUIDORA DE PERFUMES E;07891033894697;BOTIK SRUM FAC ALT/POT AC/HIAL PRM 10ml;1,000;16,32;16,32;7,19;0,00;0,00;9,13;55,94;126,98;0,38;103,05;C;;
13/08/2026;024671 - 24671 ACQUA DISTRIBUIDORA DE PERFUMES E;07891033908233;SACOLA G O BOTICARIO INST/25;1,000;0,01;0,01;2,50;0,00;0,00;-2,49;-24900,00;-99,60;-0,10;102,94;C;;
13/08/2026;024671 - 24671 ACQUA DISTRIBUIDORA DE PERFUMES E;07891033908226;SACOLA M BOTICARIO INST/25;2,000;0,02;0,01;3,12;0,00;0,00;-3,10;-15500,00;-99,36;-0,13;102,81;C;;
13/08/2026;024671 - 24671 ACQUA DISTRIBUIDORA DE PERFUMES E;07891033957996;NSPA CR PERF DES HID CP AMX/INT PRM 50ml;2,000;0,02;0,01;4,46;0,00;0,00;-4,44;-22200,00;-99,55;-0,19;102,62;C;;
13/08/2026;024671 - 24671 ACQUA DISTRIBUIDORA DE PERFUMES E;07891033534098;REF NSPA SAB LIQ CPO PERF AMEIXA 200ml;1,000;0,01;0,01;15,61;0,00;0,00;-15,60;-156000,00;-99,94;-0,66;101,97;C;;
13/08/2026;024671 - 24671 ACQUA DISTRIBUIDORA DE PERFUMES E;07891033534104;REF NSPA SAB LIQ CPO PERF AMEI/NEG 200ml;3,000;0,03;0,01;46,83;0,00;0,00;-46,80;-156000,00;-99,94;-1,97;100,00;C;;
14/08/2026;024303 - 24303 ACQUA DISTRIBUIDORA DE PERFUMES E;07891033837564;COFFEE DES COL WOMAN LUCKY 100ML;7,000;702,73;100,39;284,97;0,00;0,00;417,76;59,45;146,60;24,97;24,97;A;;
14/08/2026;024303 - 24303 ACQUA DISTRIBUIDORA DE PERFUMES E;07891033878963;FLORATTA EDP RED PASSION V2 75ml;1,000;222,80;222,80;47,01;0,00;0,00;175,79;78,90;373,94;10,51;35,47;A;;
14/08/2026;024303 - 24303 ACQUA DISTRIBUIDORA DE PERFUMES E;07891033902422;ESTJ UOMINI PAIS/26;1,000;199,90;199,90;51,46;0,00;0,00;148,44;74,26;288,46;8,87;44,34;A;;
14/08/2026;024303 - 24303 ACQUA DISTRIBUIDORA DE PERFUMES E;07891033520084;NSPA LOC RAD DES HID CPO AMEI DOUR 200ml;6,000;209,70;34,95;67,86;0,00;0,00;141,84;67,64;209,02;8,48;52,82;A;;
14/08/2026;024303 - 24303 ACQUA DISTRIBUIDORA DE PERFUMES E;07891033818495;LINDA DES COL FELICIDADE V2 100ml;3,000;321,01;107,00;191,91;0,00;0,00;129,10;40,22;67,27;7,72;60,53;A;;
14/08/2026;024303 - 24303 ACQUA DISTRIBUIDORA DE PERFUMES E;07891033479054;BOTICOLL ACQUA FRESCA DES COL 100ml V2;2,000;171,28;85,64;72,44;0,00;0,00;98,84;57,71;136,44;5,91;66,44;A;;
14/08/2026;024303 - 24303 ACQUA DISTRIBUIDORA DE PERFUMES E;07891033481415;ACCORDES DES COL 80ml V5;1,000;132,93;132,93;41,29;0,00;0,00;91,64;68,94;221,94;5,48;71,92;A;;
14/08/2026;024303 - 24303 ACQUA DISTRIBUIDORA DE PERFUMES E;07891033841820;LILY DES COL BDY SPLSH 200ml;1,000;106,17;106,17;26,51;0,00;0,00;79,66;75,03;300,49;4,76;76,68;A;;
14/08/2026;024303 - 24303 ACQUA DISTRIBUIDORA DE PERFUMES E;07891033524686;BOTIK GEL LIM FAC MIC AC MAN/SAL 50g PRM;3,000;46,32;15,44;0,00;0,00;0,00;46,32;100,00;0,00;2,77;79,44;A;;
14/08/2026;024303 - 24303 ACQUA DISTRIBUIDORA DE PERFUMES E;07891033568116;MATCH MASC CAP SCIENCE CRESC V2 250g;1,000;69,90;69,90;27,93;0,00;0,00;41,97;60,04;150,27;2,51;81,95;B;;
14/08/2026;024303 - 24303 ACQUA DISTRIBUIDORA DE PERFUMES E;07891033859207;CBEM DES COL BDY SPLSH AMORUDA 200ml;1,000;73,11;73,11;36,91;0,00;0,00;36,20;49,51;98,08;2,16;84,12;B;;
14/08/2026;024303 - 24303 ACQUA DISTRIBUIDORA DE PERFUMES E;07891033512133;ACCORDES DES COL HARMONIA 80ml V4;1,000;125,94;125,94;89,83;0,00;0,00;36,11;28,67;40,20;2,16;86,27;B;;
14/08/2026;024303 - 24303 ACQUA DISTRIBUIDORA DE PERFUMES E;07891033828746;MATCH TON CAP SCIENCE CRESC 65ml;1,000;57,90;57,90;23,39;0,00;0,00;34,51;59,60;147,54;2,06;88,34;B;;
14/08/2026;024303 - 24303 ACQUA DISTRIBUIDORA DE PERFUMES E;07891033481460;ELYSEE EDP NUIT 50ml V2;2,000;299,99;149,99;265,60;0,00;0,00;34,39;11,46;12,95;2,06;90,39;B;;
14/08/2026;024303 - 24303 ACQUA DISTRIBUIDORA DE PERFUMES E;07891033873159;CBEM LOC DES HID CPO AMORUDA 200ml;1,000;42,74;42,74;8,43;0,00;0,00;34,31;80,28;407,00;2,05;92,44;B;;
14/08/2026;024303 - 24303 ACQUA DISTRIBUIDORA DE PERFUMES E;07891033874439;CBEM LOC DES HID CPO AMORUDA 400ml;1,000;60,79;60,79;29,18;0,00;0,00;31,61;52,00;108,33;1,89;94,33;B;;
14/08/2026;024303 - 24303 ACQUA DISTRIBUIDORA DE PERFUMES E;07891033880072;MATCH COND SCIENCE CRESCIMENTO V3 280ml;1,000;49,90;49,90;21,61;0,00;0,00;28,29;56,69;130,91;1,69;96,02;C;;
14/08/2026;024303 - 24303 ACQUA DISTRIBUIDORA DE PERFUMES E;07891033880089;MATCH SHAMP SCIENCE CRESCIMENTO V2 300ml;1,000;47,90;47,90;21,53;0,00;0,00;26,37;55,05;122,48;1,58;97,60;C;;
14/08/2026;024303 - 24303 ACQUA DISTRIBUIDORA DE PERFUMES E;07891033578825;LILY DES BDY SPR LEAU/LILY BLANC 100ml;1,000;44,97;44,97;19,45;0,00;0,00;25,52;56,75;131,21;1,53;99,12;C;;
14/08/2026;024303 - 24303 ACQUA DISTRIBUIDORA DE PERFUMES E;07891033880126;MAKE B BAT LIQ MAT AC/POL G/BERR V2 5ml;1,000;53,76;53,76;29,41;0,00;0,00;24,35;45,29;82,79;1,46;100,58;C;;
14/08/2026;024303 - 24303 ACQUA DISTRIBUIDORA DE PERFUMES E;07891033879823;ACCORDES DES BDY SPR V7 100ml;1,000;36,79;36,79;22,37;0,00;0,00;14,42;39,20;64,46;0,86;101,44;C;;
14/08/2026;024303 - 24303 ACQUA DISTRIBUIDORA DE PERFUMES E;07891033945382;NSPA SAB BARRA CORP AMEI/NEG V4 2x90g;1,000;22,60;22,60;8,93;0,00;0,00;13,67;60,49;153,08;0,82;102,26;C;;
14/08/2026;024303 - 24303 ACQUA DISTRIBUIDORA DE PERFUMES E;07891033748938;EGEO DES BDY SPR DOLCE 100ml V8 PCK;1,000;35,85;35,85;24,32;0,00;0,00;11,53;32,16;47,41;0,69;102,94;C;;
14/08/2026;024303 - 24303 ACQUA DISTRIBUIDORA DE PERFUMES E;07891033867684;FLORATTA SAB LIQ CPO RED 150ml;2,000;42,47;21,23;31,86;0,00;0,00;10,61;24,98;33,30;0,63;103,58;C;;
14/08/2026;024303 - 24303 ACQUA DISTRIBUIDORA DE PERFUMES E;07891033873272;CBEM SAB BARR CPO AMORUDA 2x80g;1,000;18,70;18,70;8,69;0,00;0,00;10,01;53,53;115,19;0,60;104,18;C;;
14/08/2026;024303 - 24303 ACQUA DISTRIBUIDORA DE PERFUMES E;07891033894697;BOTIK SRUM FAC ALT/POT AC/HIAL PRM 10ml;1,000;16,35;16,35;7,27;0,00;0,00;9,08;55,54;124,90;0,54;104,72;C;;
14/08/2026;024303 - 24303 ACQUA DISTRIBUIDORA DE PERFUMES E;07891033957996;NSPA CR PERF DES HID CP AMX/INT PRM 50ml;2,000;0,02;0,01;4,52;0,00;0,00;-4,50;-22500,00;-99,56;-0,27;104,45;C;;
14/08/2026;024303 - 24303 ACQUA DISTRIBUIDORA DE PERFUMES E;07891033949083;MAKE B PRIMER FAC ANTIOL SALIC PRM 5ml;2,000;0,02;0,01;9,90;0,00;0,00;-9,88;-49400,00;-99,80;-0,59;103,86;C;;
14/08/2026;024303 - 24303 ACQUA DISTRIBUIDORA DE PERFUMES E;07891033908219;SACOLA P BOTICARIO INST/25;8,000;0,08;0,01;10,48;0,00;0,00;-10,40;-13000,00;-99,24;-0,62;103,24;C;;
14/08/2026;024303 - 24303 ACQUA DISTRIBUIDORA DE PERFUMES E;07891033908226;SACOLA M BOTICARIO INST/25;8,000;0,08;0,01;12,48;0,00;0,00;-12,40;-15500,00;-99,36;-0,74;102,50;C;;
14/08/2026;024303 - 24303 ACQUA DISTRIBUIDORA DE PERFUMES E;07891033512270;CBEM SAB BARRA NUVEM 4x80g;1,000;0,01;0,01;14,47;0,00;0,00;-14,46;-144600,00;-99,93;-0,86;101,63;C;;
14/08/2026;024303 - 24303 ACQUA DISTRIBUIDORA DE PERFUMES E;07891033856794;CBEM SAB BARRA CER/FASES 4x80g;2,000;0,50;0,25;27,84;0,00;0,00;-27,34;-5468,00;-98,20;-1,63;100,00;C;;
14/08/2026;024617 - ACQUA DISTRIBUIDORA DE PERFUMES E COSMETICOS LTDA;07891033852932;ESTJ HER CODE AMOR/25;1,000;350,00;350,00;160,20;0,00;0,00;189,80;54,23;118,48;36,48;36,48;A;;
14/08/2026;024617 - ACQUA DISTRIBUIDORA DE PERFUMES E COSMETICOS LTDA;07891033483525;BOTICOLL ACQUA FRESCA DES COL 200ml V2;2,000;202,04;101,02;76,68;0,00;0,00;125,36;62,05;163,48;24,09;60,57;A;;
14/08/2026;024617 - ACQUA DISTRIBUIDORA DE PERFUMES E COSMETICOS LTDA;07891033469314;ESTJ BOTICOLL SORTIDO REG/22;1,000;175,32;175,32;88,05;0,00;0,00;87,27;49,78;99,11;16,77;77,34;A;;
14/08/2026;024617 - ACQUA DISTRIBUIDORA DE PERFUMES E COSMETICOS LTDA;07891033524686;BOTIK GEL LIM FAC MIC AC MAN/SAL 50g PRM;2,000;34,02;17,01;0,00;0,00;0,00;34,02;100,00;0,00;6,54;83,88;B;;
14/08/2026;024617 - ACQUA DISTRIBUIDORA DE PERFUMES E COSMETICOS LTDA;07891033945726;DR BOTICA COL POC/CRIATIV V2 120ml;1,000;73,90;73,90;41,00;0,00;0,00;32,90;44,52;80,24;6,32;90,20;B;;
14/08/2026;024617 - ACQUA DISTRIBUIDORA DE PERFUMES E COSMETICOS LTDA;07891033557073;NSPA LOC DES HID CPO LILAC 180ml;1,000;50,59;50,59;22,12;0,00;0,00;28,47;56,28;128,71;5,47;95,67;C;;
14/08/2026;024617 - ACQUA DISTRIBUIDORA DE PERFUMES E COSMETICOS LTDA;07891033471447;CBEM DES ANTIT AER PROTECT/BTY 90g/150ml;1,000;30,01;30,01;17,70;0,00;0,00;12,31;41,02;69,55;2,37;98,04;C;;
14/08/2026;024617 - ACQUA DISTRIBUIDORA DE PERFUMES E COSMETICOS LTDA;07891033035304;CAIXA M INST 2021 VERDE ECONOMICA;3,000;10,22;3,41;0,00;0,00;0,00;10,22;100,00;0,00;1,96;100,00;C;;
14/08/2026;024668 - ACQUA DISTRIBUIDORA DE PERFUMES E COSMETICOS LTDA;07891033909537;GLAMOUR DES COL INTENSE 75ml;4,000;600,73;150,18;153,72;0,00;0,00;447,01;74,41;290,79;8,98;8,98;A;;
14/08/2026;024668 - ACQUA DISTRIBUIDORA DE PERFUMES E COSMETICOS LTDA;07891033902378;ESTJ ZAAD PAIS/26;2,000;622,79;311,39;239,42;0,00;0,00;383,37;61,56;160,12;7,71;16,69;A;;
14/08/2026;024668 - ACQUA DISTRIBUIDORA DE PERFUMES E COSMETICOS LTDA;07891033898169;THE BLEND EDP BOURBON V2 100ml;1,000;353,78;353,78;91,35;0,00;0,00;262,43;74,18;287,28;5,27;21,96;A;;
14/08/2026;024668 - ACQUA DISTRIBUIDORA DE PERFUMES E COSMETICOS LTDA;07891033483037;FLORATTA DES COL RED V2 75ml;2,000;266,06;133,03;71,04;0,00;0,00;195,02;73,30;274,52;3,92;25,88;A;;
14/08/2026;024668 - ACQUA DISTRIBUIDORA DE PERFUMES E COSMETICOS LTDA;07891033553570;MALBEC EDP 90ml;1,000;251,91;251,91;57,29;0,00;0,00;194,62;77,26;339,71;3,91;29,80;A;;
14/08/2026;024668 - ACQUA DISTRIBUIDORA DE PERFUMES E COSMETICOS LTDA;07891033492459;COFFEE D/COL DUO MAN FOUG/AMB V2 100ml;1,000;229,90;229,90;44,51;0,00;0,00;185,39;80,64;416,51;3,73;33,52;A;;
14/08/2026;024668 - ACQUA DISTRIBUIDORA DE PERFUMES E COSMETICOS LTDA;07891033861941;ESTJ CBEM DELEITE NAT/25;2,000;242,40;121,20;84,10;0,00;0,00;158,30;65,31;188,23;3,18;36,70;A;;
14/08/2026;024668 - ACQUA DISTRIBUIDORA DE PERFUMES E COSMETICOS LTDA;07891033818495;LINDA DES COL FELICIDADE V2 100ml;2,000;219,90;109,95;70,96;0,00;0,00;148,94;67,73;209,89;2,99;39,70;A;;
14/08/2026;024668 - ACQUA DISTRIBUIDORA DE PERFUMES E COSMETICOS LTDA;07891033861811;ESTJ LILY LEAU/LILY SOLEIL NAT/25;1,000;209,90;209,90;66,92;0,00;0,00;142,98;68,12;213,66;2,87;42,57;A;;
14/08/2026;024668 - ACQUA DISTRIBUIDORA DE PERFUMES E COSMETICOS LTDA;07891033512713;MAKE B BAS LIQ C/ GLYC TX  190 30g;2,000;189,79;94,89;49,54;0,00;0,00;140,25;73,90;283,10;2,82;45,39;A;;
14/08/2026;024668 - ACQUA DISTRIBUIDORA DE PERFUMES E COSMETICOS LTDA;07891033197347;THATY DES COL BOTICOLL 100ML;1,000;164,73;164,73;25,64;0,00;0,00;139,09;84,44;542,47;2,80;48,19;A;;
14/08/2026;024668 - ACQUA DISTRIBUIDORA DE PERFUMES E COSMETICOS LTDA;07891033837564;COFFEE DES COL WOMAN LUCKY 100ML;2,000;216,53;108,26;80,58;0,00;0,00;135,95;62,79;168,71;2,73;50,92;A;;
14/08/2026;024668 - ACQUA DISTRIBUIDORA DE PERFUMES E COSMETICOS LTDA;07891033903085;ZAAD EDP V3 50ml;1,000;183,29;183,29;54,85;0,00;0,00;128,44;70,07;234,17;2,58;53,50;A;;
14/08/2026;024668 - ACQUA DISTRIBUIDORA DE PERFUMES E COSMETICOS LTDA;07891033520299;BOTICOLL PORTINARI D/COL ABSOLUTO 100ml;1,000;164,74;164,74;37,51;0,00;0,00;127,23;77,23;339,19;2,56;56,06;A;;
14/08/2026;024668 - ACQUA DISTRIBUIDORA DE PERFUMES E COSMETICOS LTDA;07891033880195;BOTICA 214 EDP DARK MINT V3 90ml;1,000;172,71;172,71;47,88;0,00;0,00;124,83;72,28;260,71;2,51;58,57;A;;
14/08/2026;024668 - ACQUA DISTRIBUIDORA DE PERFUMES E COSMETICOS LTDA;07891033962938;GLAMOUR LOC DES HID CPO INTENSE 200ml;3,000;152,13;50,71;33,54;0,00;0,00;118,59;77,95;353,58;2,38;60,95;A;;
14/08/2026;024668 - ACQUA DISTRIBUIDORA DE PERFUMES E COSMETICOS LTDA;07891033893317;LILY EDP V3 75ml;1,000;242,43;242,43;126,66;0,00;0,00;115,77;47,75;91,40;2,33;63,28;A;;
14/08/2026;024668 - ACQUA DISTRIBUIDORA DE PERFUMES E COSMETICOS LTDA;07891033595174;REF NSPA LOC DES HID CPO AMEIXA 350ml;2,000;123,97;61,98;20,80;0,00;0,00;103,17;83,22;496,01;2,07;65,35;A;;
14/08/2026;024668 - ACQUA DISTRIBUIDORA DE PERFUMES E COSMETICOS LTDA;07891033512393;CBEM DES COL BDY SPLSH CER/LIV V2 200ml;2,000;136,56;68,28;38,46;0,00;0,00;98,10;71,84;255,07;1,97;67,32;A;;
14/08/2026;024668 - ACQUA DISTRIBUIDORA DE PERFUMES E COSMETICOS LTDA;07891033947584;REF LILY CR ACET DES HID CPO 200g;1,000;106,90;106,90;13,45;0,00;0,00;93,45;87,42;694,80;1,88;69,20;A;;
14/08/2026;024668 - ACQUA DISTRIBUIDORA DE PERFUMES E COSMETICOS LTDA;07891033506774;CLASH DES COL 100ml;1,000;126,16;126,16;37,78;0,00;0,00;88,38;70,05;233,93;1,78;70,98;A;;
14/08/2026;024668 - ACQUA DISTRIBUIDORA DE PERFUMES E COSMETICOS LTDA;07891033859351;HER CODE CREM AVELUD DES CPO 250g;1,000;112,41;112,41;25,45;0,00;0,00;86,96;77,36;341,69;1,75;72,72;A;;
14/08/2026;024668 - ACQUA DISTRIBUIDORA DE PERFUMES E COSMETICOS LTDA;07891033706686;SOPHIE COL HELLO 100ml;1,000;103,14;103,14;22,98;0,00;0,00;80,16;77,72;348,83;1,61;74,33;A;;
14/08/2026;024668 - ACQUA DISTRIBUIDORA DE PERFUMES E COSMETICOS LTDA;07891033550838;NEXT COLONIA 75ml;1,000;107,90;107,90;31,38;0,00;0,00;76,52;70,92;243,85;1,54;75,87;A;;
14/08/2026;024668 - ACQUA DISTRIBUIDORA DE PERFUMES E COSMETICOS LTDA;07891033892617;BOTICA 214 EDP GOLD/GARD V3 75ml;1,000;172,71;172,71;103,48;0,00;0,00;69,23;40,08;66,90;1,39;77,26;A;;
14/08/2026;024668 - ACQUA DISTRIBUIDORA DE PERFUMES E COSMETICOS LTDA;07891033589876;NSPA OL BIF DES HID CPO UVA MERL 200ml;1,000;91,97;91,97;22,81;0,00;0,00;69,16;75,20;303,20;1,39;78,65;A;;
14/08/2026;024668 - ACQUA DISTRIBUIDORA DE PERFUMES E COSMETICOS LTDA;07891033850976;NSPA OL GLOR DES HID CPO AMEIX/NEG 200ml;1,000;91,97;91,97;27,21;0,00;0,00;64,76;70,41;238,00;1,30;79,96;A;;
14/08/2026;024668 - ACQUA DISTRIBUIDORA DE PERFUMES E COSMETICOS LTDA;07891033539369;MAKE B PINCEL P/BASE FIBRAS DUPLAS ABS;1,000;63,43;63,43;0,00;0,00;0,00;63,43;100,00;0,00;1,27;81,23;B;;
14/08/2026;024668 - ACQUA DISTRIBUIDORA DE PERFUMES E COSMETICOS LTDA;07891033880775;NSPA LOC DES HID CPO AMEIXA V7 400ml;1,000;89,90;89,90;28,58;0,00;0,00;61,32;68,21;214,56;1,23;82,46;B;;
14/08/2026;024668 - ACQUA DISTRIBUIDORA DE PERFUMES E COSMETICOS LTDA;07891033948994;CBEM GEL LIMP FAC FEIR TANGERINA PRM 50g;5,000;93,52;18,70;33,30;0,00;0,00;60,22;64,39;180,84;1,21;83,67;B;;
14/08/2026;024668 - ACQUA DISTRIBUIDORA DE PERFUMES E COSMETICOS LTDA;07891033877959;MAKE B BASE LIQ HYALURONIC 210Q 30ml;1,000;87,90;87,90;32,09;0,00;0,00;55,81;63,49;173,92;1,12;84,79;B;;
14/08/2026;024668 - ACQUA DISTRIBUIDORA DE PERFUMES E COSMETICOS LTDA;07891033498970;CBEM LOC DES HID CPO CER/LIV V2 400ml;1,000;67,50;67,50;12,53;0,00;0,00;54,97;81,44;438,71;1,10;85,90;B;;
14/08/2026;024668 - ACQUA DISTRIBUIDORA DE PERFUMES E COSMETICOS LTDA;07891033883653;NSPA SAB BARRA AMEIXA V5 3x90g;2,000;78,99;39,49;30,16;0,00;0,00;48,83;61,82;161,90;0,98;86,88;B;;
14/08/2026;024668 - ACQUA DISTRIBUIDORA DE PERFUMES E COSMETICOS LTDA;07891033868698;CLASH LOC DES HID CPO 200ml;1,000;57,90;57,90;11,25;0,00;0,00;46,65;80,57;414,67;0,94;87,82;B;;
14/08/2026;024668 - ACQUA DISTRIBUIDORA DE PERFUMES E COSMETICOS LTDA;07891033581238;BOTICARIO NECESSAIRE NYLON;1,000;61,64;61,64;14,99;0,00;0,00;46,65;75,68;311,21;0,94;88,76;B;;
14/08/2026;024668 - ACQUA DISTRIBUIDORA DE PERFUMES E COSMETICOS LTDA;07891033855476;CBEM SAB BARRA SORTIDO V2 4x80g;2,000;71,62;35,81;28,10;0,00;0,00;43,52;60,77;154,88;0,87;89,63;B;;
14/08/2026;024668 - ACQUA DISTRIBUIDORA DE PERFUMES E COSMETICOS LTDA;07891033512614;QUASAR DES B/SPR BLUE RPCK 100ml;1,000;52,90;52,90;9,67;0,00;0,00;43,23;81,72;447,05;0,87;90,50;B;;
14/08/2026;024668 - ACQUA DISTRIBUIDORA DE PERFUMES E COSMETICOS LTDA;07891033867578;NSPA SAB LIQ PERF AMEIXA NEGRA V2 250ml;1,000;53,91;53,91;11,39;0,00;0,00;42,52;78,87;373,31;0,85;91,35;B;;
14/08/2026;024668 - ACQUA DISTRIBUIDORA DE PERFUMES E COSMETICOS LTDA;07891033867554;NSPA SAB LIQ PERF ORQ/NOIRE V2 250ml;1,000;59,90;59,90;19,90;0,00;0,00;40,00;66,78;201,01;0,80;92,16;B;;
14/08/2026;024668 - ACQUA DISTRIBUIDORA DE PERFUMES E COSMETICOS LTDA;07891033907144;MAKE B BAS LIQ MATE SALICYLIC 210Q 30g;1,000;74,64;74,64;36,15;0,00;0,00;38,49;51,57;106,47;0,77;92,93;B;;
14/08/2026;024668 - ACQUA DISTRIBUIDORA DE PERFUMES E COSMETICOS LTDA;07891033878024;MAKE B BATOM PREENCH HYAL NUDE CHIC 4g;1,000;51,92;51,92;17,71;0,00;0,00;34,21;65,89;193,17;0,69;93,62;B;;
14/08/2026;024668 - ACQUA DISTRIBUIDORA DE PERFUMES E COSMETICOS LTDA;07891033944996;CBEM SAB BARRA PESSEGURA V3 4x80g;2,000;55,06;27,53;21,40;0,00;0,00;33,66;61,13;157,29;0,68;94,30;B;;
14/08/2026;024668 - ACQUA DISTRIBUIDORA DE PERFUMES E COSMETICOS LTDA;07891033890286;MAKE B CORRET LIQ HYAL 170Q 68ml;1,000;48,22;48,22;14,93;0,00;0,00;33,29;69,04;222,97;0,67;94,97;B;;
14/08/2026;024668 - ACQUA DISTRIBUIDORA DE PERFUMES E COSMETICOS LTDA;07891033512270;CBEM SAB BARRA NUVEM 4x80g;3,000;75,49;25,16;42,75;0,00;0,00;32,74;43,37;76,58;0,66;95,62;C;;
14/08/2026;024668 - ACQUA DISTRIBUIDORA DE PERFUMES E COSMETICOS LTDA;07891033864652;ESTJ CBEM DELEITE REG/25;1,000;59,18;59,18;26,48;0,00;0,00;32,70;55,26;123,49;0,66;96,28;C;;
14/08/2026;024668 - ACQUA DISTRIBUIDORA DE PERFUMES E COSMETICOS LTDA;07891033501250;MALBEC DES BDY SPR ULTRA BLEU 100ml;2,000;77,80;38,90;45,38;0,00;0,00;32,42;41,67;71,44;0,65;96,93;C;;
14/08/2026;024668 - ACQUA DISTRIBUIDORA DE PERFUMES E COSMETICOS LTDA;07891033589807;REF NSPA LOC DES HID CP UVA MERLOT 350ml;1,000;52,94;52,94;27,55;0,00;0,00;25,39;47,96;92,16;0,51;97,44;C;;
14/08/2026;024668 - ACQUA DISTRIBUIDORA DE PERFUMES E COSMETICOS LTDA;07891033487790;BOTICOLL PORTINARI DES BDY SPR 100ml V7;1,000;46,49;46,49;24,03;0,00;0,00;22,46;48,31;93,47;0,45;97,89;C;;
14/08/2026;024668 - ACQUA DISTRIBUIDORA DE PERFUMES E COSMETICOS LTDA;07891033511679;CBEM DES ANTIT CREM S/PERF V2 80g;1,000;31,41;31,41;10,45;0,00;0,00;20,96;66,73;200,57;0,42;98,32;C;;
14/08/2026;024668 - ACQUA DISTRIBUIDORA DE PERFUMES E COSMETICOS LTDA;07891033879823;ACCORDES DES BDY SPR V7 100ml;1,000;38,90;38,90;22,14;0,00;0,00;16,76;43,08;75,70;0,34;98,65;C;;
14/08/2026;024668 - ACQUA DISTRIBUIDORA DE PERFUMES E COSMETICOS LTDA;07891033889136;CBEM SPR INTIMO CER/FASES 75ml;1,000;29,31;29,31;12,20;0,00;1,07;16,04;54,73;140,25;0,32;98,97;C;;
14/08/2026;024668 - ACQUA DISTRIBUIDORA DE PERFUMES E COSMETICOS LTDA;07891033512317;CBEM SAB BARRA CEREJA LIVRE V2 2x80g;1,000;23,30;23,30;7,39;0,00;0,00;15,91;68,28;215,29;0,32;99,29;C;;
14/08/2026;024668 - ACQUA DISTRIBUIDORA DE PERFUMES E COSMETICOS LTDA;07891033035304;CAIXA M INST 2021 VERDE ECONOMICA;4,000;12,97;3,24;0,00;0,00;0,00;12,97;100,00;0,00;0,26;99,55;C;;
14/08/2026;024668 - ACQUA DISTRIBUIDORA DE PERFUMES E COSMETICOS LTDA;07891033877713;MAKE B BLUSH COMP BERRY MINI PRM 15g;1,000;21,51;21,51;9,16;0,00;0,00;12,35;57,42;134,83;0,25;99,80;C;;
14/08/2026;024668 - ACQUA DISTRIBUIDORA DE PERFUMES E COSMETICOS LTDA;07891033581382;BOTI NECESS PINK STARS PES;1,000;34,52;34,52;21,68;0,00;1,26;11,58;33,55;59,23;0,23;100,04;C;;
14/08/2026;024668 - ACQUA DISTRIBUIDORA DE PERFUMES E COSMETICOS LTDA;07891033909544;GLAMOUR DES COL INTENSE PRM 10ml;1,000;16,48;16,48;6,19;0,00;0,00;10,29;62,44;166,24;0,21;100,24;C;;
14/08/2026;024668 - ACQUA DISTRIBUIDORA DE PERFUMES E COSMETICOS LTDA;07891033896639;CBEM SAB BARRA DELEITE ESPEC 2x90g;1,000;19,91;19,91;9,96;0,00;0,00;9,95;49,97;99,90;0,20;100,44;C;;
14/08/2026;024668 - ACQUA DISTRIBUIDORA DE PERFUMES E COSMETICOS LTDA;07891033894017;CX PRESENTE M BOTI INST/25 VDA;2,000;20,98;10,49;14,74;0,00;0,00;6,24;29,74;42,33;0,13;100,57;C;;
14/08/2026;024668 - ACQUA DISTRIBUIDORA DE PERFUMES E COSMETICOS LTDA;07891033957996;NSPA CR PERF DES HID CP AMX/INT PRM 50ml;4,000;0,04;0,01;8,92;0,00;0,00;-8,88;-22200,00;-99,55;-0,18;100,39;C;;
14/08/2026;024668 - ACQUA DISTRIBUIDORA DE PERFUMES E COSMETICOS LTDA;07891033534104;REF NSPA SAB LIQ CPO PERF AMEI/NEG 200ml;1,000;0,01;0,01;9,49;0,00;0,00;-9,48;-94800,00;-99,89;-0,19;100,20;C;;
14/08/2026;024668 - ACQUA DISTRIBUIDORA DE PERFUMES E COSMETICOS LTDA;07891033534111;REF NSPA SAB LIQ CP PERF ORQ/NOIRE 200ml;1,000;0,01;0,01;9,91;0,00;0,00;-9,90;-99000,00;-99,90;-0,20;100,00;C;;
14/08/2026;024669 - 24669 ACQUA DISTRIBUIDORA DE PERFUMES E;07891033586448;ZAAD EDP INTENSE 95ml;1,000;313,68;313,68;82,42;0,00;0,00;231,26;73,72;280,59;6,14;6,14;A;;
14/08/2026;024669 - 24669 ACQUA DISTRIBUIDORA DE PERFUMES E;07891033506774;CLASH DES COL 100ml;2,000;297,65;148,82;75,56;0,00;0,00;222,09;74,61;293,93;5,90;12,04;A;;
14/08/2026;024669 - 24669 ACQUA DISTRIBUIDORA DE PERFUMES E;07891033794232;BOTICA 214 EDP GOLDEN GARDENIA 75ml;1,000;191,90;191,90;0,00;0,00;0,00;191,90;100,00;0,00;5,10;17,13;A;;
14/08/2026;024669 - 24669 ACQUA DISTRIBUIDORA DE PERFUMES E;07891033902378;ESTJ ZAAD PAIS/26;1,000;305,00;305,00;119,71;0,00;0,00;185,29;60,75;154,78;4,92;22,05;A;;
14/08/2026;024669 - 24669 ACQUA DISTRIBUIDORA DE PERFUMES E;07891033899616;ESTJ BOTICA 214 DARK MINT AMOR/26;1,000;230,33;230,33;65,48;0,00;0,00;164,85;71,57;251,76;4,38;26,43;A;;
14/08/2026;024669 - 24669 ACQUA DISTRIBUIDORA DE PERFUMES E;07891033740437;LINDA DES COL V4 100ml;1,000;204,90;204,90;41,58;0,00;0,00;163,32;79,71;392,78;4,34;30,77;A;;
14/08/2026;024669 - 24669 ACQUA DISTRIBUIDORA DE PERFUMES E;07891033818495;LINDA DES COL FELICIDADE V2 100ml;2,000;219,90;109,95;73,76;0,00;0,00;146,14;66,46;198,13;3,88;34,65;A;;
14/08/2026;024669 - 24669 ACQUA DISTRIBUIDORA DE PERFUMES E;07891033486649;BOTICOLL PORTINARI DES COL 100ml V5;1,000;209,90;209,90;69,54;0,00;0,00;140,36;66,87;201,84;3,73;38,37;A;;
14/08/2026;024669 - 24669 ACQUA DISTRIBUIDORA DE PERFUMES E;07891033512133;ACCORDES DES COL HARMONIA 80ml V4;2,000;220,88;110,44;80,78;0,00;0,00;140,10;63,43;173,43;3,72;42,09;A;;
14/08/2026;024669 - 24669 ACQUA DISTRIBUIDORA DE PERFUMES E;07891033595174;REF NSPA LOC DES HID CPO AMEIXA 350ml;6,000;202,71;33,78;63,12;0,00;0,00;139,59;68,86;221,15;3,71;45,80;A;;
14/08/2026;024669 - 24669 ACQUA DISTRIBUIDORA DE PERFUMES E;07891033050093;MA CHERIE DES COL 100ml V6;1,000;152,90;152,90;33,40;0,00;0,00;119,50;78,16;357,78;3,17;48,97;A;;
14/08/2026;024669 - 24669 ACQUA DISTRIBUIDORA DE PERFUMES E;07891033491933;COFFEE DES COL UNIQ MAN FOUG/OR 100ml;1,000;143,50;143,50;41,68;0,00;0,00;101,82;70,95;244,29;2,70;51,68;A;;
14/08/2026;024669 - 24669 ACQUA DISTRIBUIDORA DE PERFUMES E;07891033757558;MAKE B BAS PO MINERAL 30 55G;1,000;107,90;107,90;25,29;0,00;0,00;82,61;76,56;326,65;2,19;53,87;A;;
14/08/2026;024669 - 24669 ACQUA DISTRIBUIDORA DE PERFUMES E;07891033852925;ESTJ MALBEC X AMOR/25;1,000;193,24;193,24;111,97;0,00;0,00;81,27;42,06;72,58;2,16;56,03;A;;
14/08/2026;024669 - 24669 ACQUA DISTRIBUIDORA DE PERFUMES E;07891033880164;MAKE B BAT LIQ MAT AC/POL BRW/WIN V2 5ml;2,000;106,20;53,10;30,96;0,00;0,00;75,24;70,85;243,02;2,00;58,03;A;;
14/08/2026;024669 - 24669 ACQUA DISTRIBUIDORA DE PERFUMES E;07891033548873;ESTJ BOTI BABY CASCA V2;1,000;111,02;111,02;35,91;0,00;0,00;75,11;67,65;209,16;1,99;60,02;A;;
14/08/2026;024669 - 24669 ACQUA DISTRIBUIDORA DE PERFUMES E;07891033511648;CBEM DES ANTIT CR R/ALG V3 80g;3,000;104,70;34,90;32,28;0,00;0,00;72,42;69,17;224,35;1,92;61,94;A;;
14/08/2026;024669 - 24669 ACQUA DISTRIBUIDORA DE PERFUMES E;07891033817566;LINDA DES COL IRRESISTIVEL 100ml;1,000;141,45;141,45;71,94;0,00;0,00;69,51;49,14;96,62;1,85;63,79;A;;
14/08/2026;024669 - 24669 ACQUA DISTRIBUIDORA DE PERFUMES E;07891033859207;CBEM DES COL BDY SPLSH AMORUDA 200ml;1,000;94,90;94,90;26,83;0,00;0,00;68,07;71,73;253,71;1,81;65,60;A;;
14/08/2026;024669 - 24669 ACQUA DISTRIBUIDORA DE PERFUMES E;07891033496808;LILY DES COL LEAU DE LILY SOLEIL 75ml;1,000;148,30;148,30;80,34;0,00;0,00;67,96;45,83;84,59;1,80;67,40;A;;
14/08/2026;024669 - 24669 ACQUA DISTRIBUIDORA DE PERFUMES E;07891033044801;BOTIK ACQ GEL HID FAC ANTIS AC/POLIG 50g;1,000;83,61;83,61;17,10;0,00;0,00;66,51;79,55;388,95;1,77;69,17;A;;
14/08/2026;024669 - 24669 ACQUA DISTRIBUIDORA DE PERFUMES E;07891033877959;MAKE B BASE LIQ HYALURONIC 210Q 30ml;1,000;95,69;95,69;32,09;0,00;0,00;63,60;66,46;198,19;1,69;70,85;A;;
14/08/2026;024669 - 24669 ACQUA DISTRIBUIDORA DE PERFUMES E;07891033486342;DREAM DES COL SPLSH AMOR NO AR 200ml V2;1,000;89,19;89,19;26,75;0,00;0,00;62,44;70,01;233,42;1,66;72,51;A;;
14/08/2026;024669 - 24669 ACQUA DISTRIBUIDORA DE PERFUMES E;07891033539215;DR BOTICA COL POC/CORAC V2 120ml;1,000;96,97;96,97;40,55;0,00;0,00;56,42;58,18;139,14;1,50;74,01;A;;
14/08/2026;024669 - 24669 ACQUA DISTRIBUIDORA DE PERFUMES E;07891033521647;DR BOTICA CR PENT POC/TR/NO CRESP 350ml;1,000;67,90;67,90;14,57;0,00;0,00;53,33;78,54;366,03;1,42;75,43;A;;
14/08/2026;024669 - 24669 ACQUA DISTRIBUIDORA DE PERFUMES E;07891033880829;NSPA LOC DES HID CPO AMEIX/NEG V4 400ml;1,000;68,41;68,41;16,86;0,00;0,00;51,55;75,35;305,75;1,37;76,80;A;;
14/08/2026;024669 - 24669 ACQUA DISTRIBUIDORA DE PERFUMES E;07891033533893;NSPA SAB LIQ PERF AMEIXA NEGRA 250ml;1,000;59,90;59,90;12,24;0,00;0,00;47,66;79,57;389,38;1,27;78,06;A;;
14/08/2026;024669 - 24669 ACQUA DISTRIBUIDORA DE PERFUMES E;07891033524686;BOTIK GEL LIM FAC MIC AC MAN/SAL 50g PRM;3,000;46,27;15,42;0,00;0,00;0,00;46,27;100,00;0,00;1,23;79,29;A;;
14/08/2026;024669 - 24669 ACQUA DISTRIBUIDORA DE PERFUMES E;07891033490394;ZAAD DES COL BDY SPLSH 200ml;1,000;99,62;99,62;53,46;0,00;0,00;46,16;46,34;86,34;1,23;80,52;B;;
14/08/2026;024669 - 24669 ACQUA DISTRIBUIDORA DE PERFUMES E;07891033825479;MAKE B BAS LIQ MATE SALICYLIC 240 30g;1,000;79,90;79,90;39,16;0,00;0,00;40,74;50,99;104,03;1,08;81,60;B;;
14/08/2026;024669 - 24669 ACQUA DISTRIBUIDORA DE PERFUMES E;07891033880102;MAKE B BAT LIQ MAT AC/POL DARK/RG V2 5ml;1,000;54,50;54,50;13,78;0,00;0,00;40,72;74,72;295,50;1,08;82,68;B;;
14/08/2026;024669 - 24669 ACQUA DISTRIBUIDORA DE PERFUMES E;07891033527984;MAKE B BB SEN MULTI 220 260 25g;1,000;76,60;76,60;36,34;0,00;0,00;40,26;52,56;110,79;1,07;83,75;B;;
14/08/2026;024669 - 24669 ACQUA DISTRIBUIDORA DE PERFUMES E;07891033890262;MAKE B CORRET LIQ HYAL 120N 68ml;1,000;54,92;54,92;14,97;0,00;0,00;39,95;72,74;266,87;1,06;84,81;B;;
14/08/2026;024669 - 24669 ACQUA DISTRIBUIDORA DE PERFUMES E;07891033854820;FLORATTA DES BDY SPR F/SECRET V2 100ml;1,000;47,61;47,61;8,23;0,00;0,00;39,38;82,71;478,49;1,05;85,85;B;;
14/08/2026;024669 - 24669 ACQUA DISTRIBUIDORA DE PERFUMES E;07891033509560;CLASH DES BDY SPR 100ml;1,000;47,61;47,61;8,62;0,00;0,00;38,99;81,89;452,32;1,04;86,89;B;;
14/08/2026;024669 - 24669 ACQUA DISTRIBUIDORA DE PERFUMES E;07891033909544;GLAMOUR DES COL INTENSE PRM 10ml;4,000;63,17;15,79;24,76;0,00;0,00;38,41;60,80;155,13;1,02;87,91;B;;
14/08/2026;024669 - 24669 ACQUA DISTRIBUIDORA DE PERFUMES E;07891033799985;GLAMOUR DES BDY SPR SEC BL 100ml V3 PCK;1,000;46,30;46,30;9,42;0,00;0,00;36,88;79,65;391,51;0,98;88,89;B;;
14/08/2026;024669 - 24669 ACQUA DISTRIBUIDORA DE PERFUMES E;07891033570461;CBEM CR ESF CPO PESSEGUR/DEPIL 200g;1,000;62,69;62,69;25,97;0,00;0,00;36,72;58,57;141,39;0,97;89,86;B;;
14/08/2026;024669 - 24669 ACQUA DISTRIBUIDORA DE PERFUMES E;07891033837663;BOTIK SRUM ALT/POT AC/GLICOL 30ml;1,000;110,16;110,16;74,19;0,00;0,00;35,97;32,65;48,48;0,96;90,82;B;;
14/08/2026;024669 - 24669 ACQUA DISTRIBUIDORA DE PERFUMES E;07891033512256;BOTICOLL SAB BARR CPO PERF 5x80g V2;1,000;54,90;54,90;19,48;0,00;0,00;35,42;64,52;181,83;0,94;91,76;B;;
14/08/2026;024669 - 24669 ACQUA DISTRIBUIDORA DE PERFUMES E;07891033487882;REF BOTICOLL PORTINARI DES B/SP 100ml V6;2,000;67,00;33,50;33,30;0,00;0,00;33,70;50,30;101,20;0,89;92,65;B;;
14/08/2026;024669 - 24669 ACQUA DISTRIBUIDORA DE PERFUMES E;07891033556519;MEN DES COL NBA PRM 10ml;2,000;31,30;15,65;0,00;0,00;0,00;31,30;100,00;0,00;0,83;93,48;B;;
14/08/2026;024669 - 24669 ACQUA DISTRIBUIDORA DE PERFUMES E;07891033756469;INTENSE BLUSH STCK PESSEGO 55g;1,000;54,52;54,52;24,06;0,00;0,00;30,46;55,87;126,60;0,81;94,29;B;;
14/08/2026;024669 - 24669 ACQUA DISTRIBUIDORA DE PERFUMES E;07891033531868;BOTIK SRUM FAC ALT POT VITAM C 15ml;1,000;87,67;87,67;60,87;0,00;0,00;26,80;30,57;44,03;0,71;95,00;B;;
14/08/2026;024669 - 24669 ACQUA DISTRIBUIDORA DE PERFUMES E;07891033511655;CBEM SAB BARRA ROSA/ALGODAO 4x80g;1,000;38,90;38,90;13,78;0,00;0,00;25,12;64,58;182,29;0,67;95,67;C;;
14/08/2026;024669 - 24669 ACQUA DISTRIBUIDORA DE PERFUMES E;07891033846825;MALBEC SAB BARRA CUIDADOS 2x80g;1,000;31,90;31,90;7,43;0,00;0,00;24,47;76,71;329,34;0,65;96,32;C;;
14/08/2026;024669 - 24669 ACQUA DISTRIBUIDORA DE PERFUMES E;07891033883653;NSPA SAB BARRA AMEIXA V5 3x90g;1,000;37,92;37,92;14,54;0,00;0,00;23,38;61,66;160,80;0,62;96,94;C;;
14/08/2026;024669 - 24669 ACQUA DISTRIBUIDORA DE PERFUMES E;07891033539710;CBEM MASC CAP SCH FEIRA PASTA ABAC 30ml;3,000;33,92;11,31;11,19;0,00;0,00;22,73;67,01;203,13;0,60;97,55;C;;
14/08/2026;024669 - 24669 ACQUA DISTRIBUIDORA DE PERFUMES E;07891033945368;BOTIK GEL CONC LIMP FAC AC/GLIC V3 150g;1,000;37,97;37,97;15,67;0,00;0,00;22,30;58,73;142,31;0,59;98,14;C;;
14/08/2026;024669 - 24669 ACQUA DISTRIBUIDORA DE PERFUMES E;07891033855476;CBEM SAB BARRA SORTIDO V2 4x80g;1,000;34,05;34,05;14,35;0,00;0,00;19,70;57,86;137,28;0,52;98,66;C;;
14/08/2026;024669 - 24669 ACQUA DISTRIBUIDORA DE PERFUMES E;07891033946730;CBEM GEL LIMP FAC FEIR TANGERINA V2 150g;1,000;33,21;33,21;15,54;0,00;0,00;17,67;53,21;113,71;0,47;99,13;C;;
14/08/2026;024669 - 24669 ACQUA DISTRIBUIDORA DE PERFUMES E;07891033486960;LILY DES ANTIT AEROSSOL 75g V9;1,000;34,48;34,48;17,43;0,00;0,00;17,05;49,45;97,82;0,45;99,58;C;;
14/08/2026;024669 - 24669 ACQUA DISTRIBUIDORA DE PERFUMES E;07891033867684;FLORATTA SAB LIQ CPO RED 150ml;2,000;44,90;22,45;31,58;0,00;0,00;13,32;29,67;42,18;0,35;99,94;C;;
14/08/2026;024669 - 24669 ACQUA DISTRIBUIDORA DE PERFUMES E;07891033557660;BOTI BABY SAB LIQ GLICERINA 50ml PRM;1,000;14,79;14,79;2,76;0,00;0,00;12,03;81,34;435,87;0,32;100,26;C;;
14/08/2026;024669 - 24669 ACQUA DISTRIBUIDORA DE PERFUMES E;07891033894017;CX PRESENTE M BOTI INST/25 VDA;1,000;11,67;11,67;0,00;0,00;0,00;11,67;100,00;0,00;0,31;100,57;C;;
14/08/2026;024669 - 24669 ACQUA DISTRIBUIDORA DE PERFUMES E;07891033894697;BOTIK SRUM FAC ALT/POT AC/HIAL PRM 10ml;1,000;15,21;15,21;7,19;0,00;0,00;8,02;52,73;111,54;0,21;100,78;C;;
14/08/2026;024669 - 24669 ACQUA DISTRIBUIDORA DE PERFUMES E;07891033492671;COFFEE CREM DES HID W/SEDUC 75ml;1,000;23,25;23,25;19,69;0,00;0,00;3,56;15,31;18,08;0,09;100,87;C;;
14/08/2026;024669 - 24669 ACQUA DISTRIBUIDORA DE PERFUMES E;07891033957996;NSPA CR PERF DES HID CP AMX/INT PRM 50ml;2,000;0,02;0,01;4,46;0,00;0,00;-4,44;-22200,00;-99,55;-0,12;100,76;C;;
14/08/2026;024669 - 24669 ACQUA DISTRIBUIDORA DE PERFUMES E;07891033493531;BOTICA 214 EDP PEON/APRCT 75ml V2;4,000;407,84;101,96;413,60;0,00;0,00;-5,76;-1,41;-1,39;-0,15;100,60;C;;
14/08/2026;024669 - 24669 ACQUA DISTRIBUIDORA DE PERFUMES E;07891033881376;FLORATTA EDP ROSE SUCREE PRM 10ml;1,000;0,01;0,01;6,96;0,00;0,00;-6,95;-69500,00;-99,86;-0,18;100,42;C;;
14/08/2026;024669 - 24669 ACQUA DISTRIBUIDORA DE PERFUMES E;07891033534104;REF NSPA SAB LIQ CPO PERF AMEI/NEG 200ml;1,000;0,01;0,01;15,74;0,00;0,00;-15,73;-157300,00;-99,94;-0,42;100,00;C;;
14/08/2026;024670 - ACQUA DISTRIBUIDORA DE PERFUMES E COSMETICOS LTDA;07891033818495;LINDA DES COL FELICIDADE V2 100ml;6,000;609,46;101,58;221,22;0,00;0,00;388,24;63,70;175,50;12,02;12,02;A;;
14/08/2026;024670 - ACQUA DISTRIBUIDORA DE PERFUMES E COSMETICOS LTDA;07891033843916;MALBEC DES COL GOLD V3 100ml;1,000;218,09;218,09;50,55;0,00;0,00;167,54;76,82;331,43;5,19;17,21;A;;
14/08/2026;024670 - ACQUA DISTRIBUIDORA DE PERFUMES E COSMETICOS LTDA;07891033905133;MALBEC DES COL V7 100ml;1,000;197,91;197,91;44,72;0,00;0,00;153,19;77,40;342,55;4,74;21,96;A;;
14/08/2026;024670 - ACQUA DISTRIBUIDORA DE PERFUMES E COSMETICOS LTDA;07891033481415;ACCORDES DES COL 80ml V5;2,000;232,74;116,37;82,72;0,00;0,00;150,02;64,46;181,36;4,65;26,60;A;;
14/08/2026;024670 - ACQUA DISTRIBUIDORA DE PERFUMES E COSMETICOS LTDA;07891033553570;MALBEC EDP 90ml;1,000;235,78;235,78;115,35;0,00;0,00;120,43;51,08;104,40;3,73;30,33;A;;
14/08/2026;024670 - ACQUA DISTRIBUIDORA DE PERFUMES E COSMETICOS LTDA;07891033880195;BOTICA 214 EDP DARK MINT V3 90ml;1,000;164,64;164,64;47,84;0,00;0,00;116,80;70,94;244,15;3,62;33,95;A;;
14/08/2026;024670 - ACQUA DISTRIBUIDORA DE PERFUMES E COSMETICOS LTDA;07891033842148;EGEO DES COL SPCY VIBE C/CAR 90ml;1,000;141,48;141,48;32,02;0,00;0,00;109,46;77,37;341,85;3,39;37,34;A;;
14/08/2026;024670 - ACQUA DISTRIBUIDORA DE PERFUMES E COSMETICOS LTDA;07891033767007;LIZ DES COL 100ml;1,000;135,10;135,10;36,24;0,00;0,00;98,86;73,18;272,79;3,06;40,40;A;;
14/08/2026;024670 - ACQUA DISTRIBUIDORA DE PERFUMES E COSMETICOS LTDA;07891033883967;CBEM DES COL BDY SPLSH CER/FASES 200ml;2,000;135,49;67,74;37,12;0,00;0,00;98,37;72,60;265,01;3,05;43,45;A;;
14/08/2026;024670 - ACQUA DISTRIBUIDORA DE PERFUMES E COSMETICOS LTDA;07891033896530;EGEO DES COL VANILLA UBESESSION 90ml;1,000;124,90;124,90;29,65;0,00;0,00;95,25;76,26;321,25;2,95;46,40;A;;
14/08/2026;024670 - ACQUA DISTRIBUIDORA DE PERFUMES E COSMETICOS LTDA;07891033766666;MEN DES COL GALBE 100ml V2;1,000;163,07;163,07;68,64;0,00;0,00;94,43;57,91;137,57;2,92;49,33;A;;
14/08/2026;024670 - ACQUA DISTRIBUIDORA DE PERFUMES E COSMETICOS LTDA;07891033706693;SOPHIE COL LIKE 100ml;1,000;116,50;116,50;23,15;0,00;0,00;93,35;80,13;403,24;2,89;52,22;A;;
14/08/2026;024670 - ACQUA DISTRIBUIDORA DE PERFUMES E COSMETICOS LTDA;07891033595174;REF NSPA LOC DES HID CPO AMEIXA 350ml;4,000;130,62;32,65;41,60;0,00;0,00;89,02;68,15;213,99;2,76;54,97;A;;
14/08/2026;024670 - ACQUA DISTRIBUIDORA DE PERFUMES E COSMETICOS LTDA;07891033499601;NSPA DES COL BDY SPLSH ORQ NOIRE 200ml;1,000;99,36;99,36;17,65;0,00;0,00;81,71;82,24;462,95;2,53;57,51;A;;
14/08/2026;024670 - ACQUA DISTRIBUIDORA DE PERFUMES E COSMETICOS LTDA;07891033498789;CBEM LOC DES HID CPO BOA NOITE V2 400ml;2,000;111,24;55,62;30,36;0,00;0,00;80,88;72,71;266,40;2,51;60,01;A;;
14/08/2026;024670 - ACQUA DISTRIBUIDORA DE PERFUMES E COSMETICOS LTDA;07891033486458;ELYSEE CR HID DES CPO NUIT 250g V2;1,000;135,46;135,46;56,31;0,00;0,00;79,15;58,43;140,56;2,45;62,46;A;;
14/08/2026;024670 - ACQUA DISTRIBUIDORA DE PERFUMES E COSMETICOS LTDA;07891033520442;CELEBRE DES COL FEM AGORA 100ml;1,000;99,90;99,90;24,93;0,00;0,00;74,97;75,05;300,72;2,32;64,78;A;;
14/08/2026;024670 - ACQUA DISTRIBUIDORA DE PERFUMES E COSMETICOS LTDA;07891033506514;ARBO DES COL INT 100ml;1,000;150,34;150,34;77,47;0,00;0,00;72,87;48,47;94,06;2,26;67,04;A;;
14/08/2026;024670 - ACQUA DISTRIBUIDORA DE PERFUMES E COSMETICOS LTDA;07891033533923;NSPA SAB LIQ PERF ORQUIDEA NOIRE 250ml;2,000;110,36;55,18;39,96;0,00;0,00;70,40;63,79;176,18;2,18;69,22;A;;
14/08/2026;024670 - ACQUA DISTRIBUIDORA DE PERFUMES E COSMETICOS LTDA;07891033877874;MAKE B PLT MULTIF BL/FUS SOFT FUSION 20g;1,000;162,17;162,17;97,46;0,00;0,00;64,71;39,90;66,40;2,00;71,23;A;;
14/08/2026;024670 - ACQUA DISTRIBUIDORA DE PERFUMES E COSMETICOS LTDA;07891033880775;NSPA LOC DES HID CPO AMEIXA V7 400ml;1,000;83,73;83,73;20,45;0,00;0,00;63,28;75,58;309,44;1,96;73,19;A;;
14/08/2026;024670 - ACQUA DISTRIBUIDORA DE PERFUMES E COSMETICOS LTDA;07891033896974;CBEM ADESIVO FAC SECATIVO ESPINHAS 24UN;2,000;71,37;35,68;8,62;0,00;0,00;62,75;87,92;727,96;1,94;75,13;A;;
14/08/2026;024670 - ACQUA DISTRIBUIDORA DE PERFUMES E COSMETICOS LTDA;07891033511235;CBEM DES COL BDY SPLSH BOA NOIT V2 200ml;2,000;133,81;66,90;73,00;0,00;0,00;60,81;45,45;83,30;1,88;77,01;A;;
14/08/2026;024670 - ACQUA DISTRIBUIDORA DE PERFUMES E COSMETICOS LTDA;07891033559831;MAKE B BAT ST/PREN HYAL ROS BLUS V3 34g;1,000;77,87;77,87;17,85;0,00;0,00;60,02;77,08;336,25;1,86;78,87;A;;
14/08/2026;024670 - ACQUA DISTRIBUIDORA DE PERFUMES E COSMETICOS LTDA;07891033531868;BOTIK SRUM FAC ALT POT VITAM C 15ml;1,000;89,35;89,35;33,37;0,00;0,00;55,98;62,65;167,76;1,73;80,60;B;;
14/08/2026;024670 - ACQUA DISTRIBUIDORA DE PERFUMES E COSMETICOS LTDA;07891033487004;EGEO DES COL HIT 90ml V2;2,000;164,90;82,45;113,76;0,00;0,00;51,14;31,01;44,95;1,58;82,19;B;;
14/08/2026;024670 - ACQUA DISTRIBUIDORA DE PERFUMES E COSMETICOS LTDA;07891033859207;CBEM DES COL BDY SPLSH AMORUDA 200ml;1,000;77,14;77,14;34,73;0,00;0,00;42,41;54,98;122,11;1,31;83,50;B;;
14/08/2026;024670 - ACQUA DISTRIBUIDORA DE PERFUMES E COSMETICOS LTDA;07891033507047;MAKE B BLUSH PO C/A POLIG BERRY 55g;1,000;64,82;64,82;23,72;0,00;0,00;41,10;63,41;173,27;1,27;84,78;B;;
14/08/2026;024670 - ACQUA DISTRIBUIDORA DE PERFUMES E COSMETICOS LTDA;07891033890293;MAKE B CORRET LIQ HYAL 210Q 68ml;1,000;52,56;52,56;14,89;0,00;0,00;37,67;71,67;252,99;1,17;85,94;B;;
14/08/2026;024670 - ACQUA DISTRIBUIDORA DE PERFUMES E COSMETICOS LTDA;07891033856718;CBEM LOC DES HID CPO CER/FAS 400ml;1,000;64,14;64,14;27,12;0,00;0,00;37,02;57,72;136,50;1,15;87,09;B;;
14/08/2026;024670 - ACQUA DISTRIBUIDORA DE PERFUMES E COSMETICOS LTDA;07891033907175;MAKE B BAS LIQ MATE SALICYLIC 190Q 30g;1,000;72,01;72,01;36,15;0,00;0,00;35,86;49,80;99,20;1,11;88,20;B;;
14/08/2026;024670 - ACQUA DISTRIBUIDORA DE PERFUMES E COSMETICOS LTDA;07891033016402;NSPA LOC ANTIOX DES HID CPO M/RUBY 200ml;2,000;60,00;30,00;27,00;0,00;0,00;33,00;55,00;122,22;1,02;89,22;B;;
14/08/2026;024670 - ACQUA DISTRIBUIDORA DE PERFUMES E COSMETICOS LTDA;07891033508815;CBEM DES COL BDY SPLSH DELEITE V3 200ml;1,000;51,05;51,05;18,88;0,00;0,00;32,17;63,02;170,39;1,00;90,22;B;;
14/08/2026;024670 - ACQUA DISTRIBUIDORA DE PERFUMES E COSMETICOS LTDA;07891033771837;LIZ CREM DES HID CPO 250g;1,000;46,53;46,53;14,87;0,00;0,00;31,66;68,04;212,91;0,98;91,20;B;;
14/08/2026;024670 - ACQUA DISTRIBUIDORA DE PERFUMES E COSMETICOS LTDA;07891033512256;BOTICOLL SAB BARR CPO PERF 5x80g V2;1,000;49,50;49,50;19,48;0,00;0,00;30,02;60,65;154,11;0,93;92,13;B;;
14/08/2026;024670 - ACQUA DISTRIBUIDORA DE PERFUMES E COSMETICOS LTDA;07891033856756;CBEM CR RELAX CER/FASES 200g;2,000;61,72;30,86;32,70;0,00;0,00;29,02;47,02;88,75;0,90;93,03;B;;
14/08/2026;024670 - ACQUA DISTRIBUIDORA DE PERFUMES E COSMETICOS LTDA;07891033873159;CBEM LOC DES HID CPO AMORUDA 200ml;1,000;46,25;46,25;19,56;0,00;0,00;26,69;57,71;136,45;0,83;93,85;B;;
14/08/2026;024670 - ACQUA DISTRIBUIDORA DE PERFUMES E COSMETICOS LTDA;07891033813315;ELYSEE EDP SUCCES 50ml;2,000;284,08;142,04;257,94;0,00;0,00;26,14;9,20;10,13;0,81;94,66;B;;
14/08/2026;024670 - ACQUA DISTRIBUIDORA DE PERFUMES E COSMETICOS LTDA;07891033512270;CBEM SAB BARRA NUVEM 4x80g;2,000;54,18;27,09;28,51;0,00;0,00;25,67;47,38;90,04;0,80;95,46;C;;
14/08/2026;024670 - ACQUA DISTRIBUIDORA DE PERFUMES E COSMETICOS LTDA;07891033831241;REF MATCH MASC CAP NUTR/PROF 250ml;1,000;50,32;50,32;24,69;0,00;0,00;25,63;50,93;103,81;0,79;96,25;C;;
14/08/2026;024670 - ACQUA DISTRIBUIDORA DE PERFUMES E COSMETICOS LTDA;07891033870752;CBEM MASC CAP FEIR OL/COCO 250ml;1,000;37,41;37,41;16,06;0,00;0,00;21,35;57,07;132,94;0,66;96,91;C;;
14/08/2026;024670 - ACQUA DISTRIBUIDORA DE PERFUMES E COSMETICOS LTDA;07891033855438;CBEM LOC DES HID CPO DELEITE V3 200ml;1,000;40,97;40,97;20,84;0,00;0,00;20,13;49,13;96,59;0,62;97,54;C;;
14/08/2026;024670 - ACQUA DISTRIBUIDORA DE PERFUMES E COSMETICOS LTDA;07891033568192;MATCH SHAMP SCIENCE RECONSTRUCAO 300ml;1,000;33,43;33,43;14,56;0,00;0,00;18,87;56,45;129,60;0,58;98,12;C;;
14/08/2026;024670 - ACQUA DISTRIBUIDORA DE PERFUMES E COSMETICOS LTDA;07891033948994;CBEM GEL LIMP FAC FEIR TANGERINA PRM 50g;2,000;30,66;15,33;13,32;0,00;0,00;17,34;56,56;130,18;0,54;98,66;C;;
14/08/2026;024670 - ACQUA DISTRIBUIDORA DE PERFUMES E COSMETICOS LTDA;07891033843138;CBEM SHAMP FEIRA VINAGRE MACA 230ml;1,000;24,35;24,35;7,40;0,00;0,00;16,95;69,61;229,05;0,52;99,18;C;;
14/08/2026;024670 - ACQUA DISTRIBUIDORA DE PERFUMES E COSMETICOS LTDA;07891033831470;REF MATCH SHAMP NUTR/PROF 250ml;1,000;30,32;30,32;14,69;0,00;0,00;15,63;51,55;106,40;0,48;99,67;C;;
14/08/2026;024670 - ACQUA DISTRIBUIDORA DE PERFUMES E COSMETICOS LTDA;07891033944996;CBEM SAB BARRA PESSEGURA V3 4x80g;1,000;25,97;25,97;10,70;0,00;0,00;15,27;58,80;142,71;0,47;100,14;C;;
14/08/2026;024670 - ACQUA DISTRIBUIDORA DE PERFUMES E COSMETICOS LTDA;07891033568055;MATCH COND SCIENCE RECONSTRUCAO 280ml;1,000;34,82;34,82;21,38;0,00;0,00;13,44;38,60;62,86;0,42;100,56;C;;
14/08/2026;024670 - ACQUA DISTRIBUIDORA DE PERFUMES E COSMETICOS LTDA;07891033870738;CBEM SHAMP FEIR OL/COCO 230ml;1,000;24,35;24,35;12,39;0,00;0,00;11,96;49,12;96,53;0,37;100,93;C;;
14/08/2026;024670 - ACQUA DISTRIBUIDORA DE PERFUMES E COSMETICOS LTDA;07891033974368;CAIXA LACO M BOTI PAIS 2026 UNIT;1,000;10,54;10,54;0,00;0,00;0,00;10,54;100,00;0,00;0,33;101,25;C;;
14/08/2026;024670 - ACQUA DISTRIBUIDORA DE PERFUMES E COSMETICOS LTDA;07891033883431;CAIXA LAÇO P  MAES 25 BOTI;1,000;8,90;8,90;0,00;0,00;0,00;8,90;100,00;0,00;0,28;101,53;C;;
14/08/2026;024670 - ACQUA DISTRIBUIDORA DE PERFUMES E COSMETICOS LTDA;07891033481460;ELYSEE EDP NUIT 50ml V2;2,000;284,07;142,03;277,34;0,00;0,00;6,73;2,37;2,43;0,21;101,74;C;;
14/08/2026;024670 - ACQUA DISTRIBUIDORA DE PERFUMES E COSMETICOS LTDA;07891033894017;CX PRESENTE M BOTI INST/25 VDA;2,000;20,78;10,39;14,74;0,00;0,00;6,04;29,07;40,98;0,19;101,92;C;;
14/08/2026;024670 - ACQUA DISTRIBUIDORA DE PERFUMES E COSMETICOS LTDA;07891033035298;CAIXA M INST 2021 ROSA ECONOMICA;1,000;2,63;2,63;0,00;0,00;0,00;2,63;100,00;0,00;0,08;102,01;C;;
14/08/2026;024670 - ACQUA DISTRIBUIDORA DE PERFUMES E COSMETICOS LTDA;07891033888528;CARTAO PRESENTE BOTICARIO MAES 25 UNIT;1,000;0,49;0,49;0,00;0,00;0,00;0,49;100,00;0,00;0,02;102,02;C;;
14/08/2026;024670 - ACQUA DISTRIBUIDORA DE PERFUMES E COSMETICOS LTDA;07891033974382;SACOLA UNIT M PAIS 2026 BOTI;2,000;0,02;0,01;0,00;0,00;0,00;0,02;100,00;0,00;0,00;102,02;C;;
14/08/2026;024670 - ACQUA DISTRIBUIDORA DE PERFUMES E COSMETICOS LTDA;07891033908226;SACOLA M BOTICARIO INST/25;3,000;0,03;0,01;4,68;0,00;0,00;-4,65;-15500,00;-99,36;-0,14;101,88;C;;
14/08/2026;024670 - ACQUA DISTRIBUIDORA DE PERFUMES E COSMETICOS LTDA;07891033957996;NSPA CR PERF DES HID CP AMX/INT PRM 50ml;3,000;0,03;0,01;6,69;0,00;0,00;-6,66;-22200,00;-99,55;-0,21;101,67;C;;
14/08/2026;024670 - ACQUA DISTRIBUIDORA DE PERFUMES E COSMETICOS LTDA;07891033534104;REF NSPA SAB LIQ CPO PERF AMEI/NEG 200ml;1,000;0,01;0,01;9,42;0,00;0,00;-9,41;-94100,00;-99,89;-0,29;101,38;C;;
14/08/2026;024670 - ACQUA DISTRIBUIDORA DE PERFUMES E COSMETICOS LTDA;07891033534111;REF NSPA SAB LIQ CP PERF ORQ/NOIRE 200ml;1,000;0,01;0,01;9,82;0,00;0,00;-9,81;-98100,00;-99,90;-0,30;101,08;C;;
14/08/2026;024670 - ACQUA DISTRIBUIDORA DE PERFUMES E COSMETICOS LTDA;07891033881376;FLORATTA EDP ROSE SUCREE PRM 10ml;5,000;0,05;0,01;34,80;0,00;0,00;-34,75;-69500,00;-99,86;-1,08;100,00;C;;
14/08/2026;024671 - 24671 ACQUA DISTRIBUIDORA DE PERFUMES E;07891033818495;LINDA DES COL FELICIDADE V2 100ml;4,000;419,95;104,99;141,92;0,00;0,00;278,03;66,21;195,91;14,70;14,70;A;;
14/08/2026;024671 - 24671 ACQUA DISTRIBUIDORA DE PERFUMES E;07891033595174;REF NSPA LOC DES HID CPO AMEIXA 350ml;8,000;271,25;33,91;84,16;0,00;0,00;187,09;68,97;222,30;9,89;24,59;A;;
14/08/2026;024671 - 24671 ACQUA DISTRIBUIDORA DE PERFUMES E;07891033479054;BOTICOLL ACQUA FRESCA DES COL 100ml V2;2,000;174,90;87,45;47,98;0,00;0,00;126,92;72,57;264,53;6,71;31,30;A;;
14/08/2026;024671 - 24671 ACQUA DISTRIBUIDORA DE PERFUMES E;07891033487875;MALBEC DES COL SPRT 100ml V3;1,000;148,19;148,19;40,65;0,00;0,00;107,54;72,57;264,55;5,69;36,99;A;;
14/08/2026;024671 - 24671 ACQUA DISTRIBUIDORA DE PERFUMES E;07891033843879;MALBEC DES COL V6 100ml;1,000;189,86;189,86;82,64;0,00;0,00;107,22;56,47;129,74;5,67;42,66;A;;
14/08/2026;024671 - 24671 ACQUA DISTRIBUIDORA DE PERFUMES E;07891033894208;REF NSPA LOC DES H CP ORQ/NOIRE V2 350ml;5,000;173,65;34,73;67,45;0,00;0,00;106,20;61,16;157,45;5,61;48,27;A;;
14/08/2026;024671 - 24671 ACQUA DISTRIBUIDORA DE PERFUMES E;07891033045105;REF BOTIK CR FAC FIRM AC/HIALUR 40g;1,000;93,51;93,51;0,00;0,00;0,00;93,51;100,00;0,00;4,94;53,21;A;;
14/08/2026;024671 - 24671 ACQUA DISTRIBUIDORA DE PERFUMES E;07891033499601;NSPA DES COL BDY SPLSH ORQ NOIRE 200ml;1,000;104,90;104,90;17,65;0,00;0,00;87,25;83,17;494,33;4,61;57,83;A;;
14/08/2026;024671 - 24671 ACQUA DISTRIBUIDORA DE PERFUMES E;07891033747221;LILY EDP 30ML V2;1,000;166,63;166,63;81,74;0,00;0,00;84,89;50,95;103,85;4,49;62,31;A;;
14/08/2026;024671 - 24671 ACQUA DISTRIBUIDORA DE PERFUMES E;07891033550838;NEXT COLONIA 75ml;1,000;104,50;104,50;31,38;0,00;0,00;73,12;69,97;233,01;3,87;66,18;A;;
14/08/2026;024671 - 24671 ACQUA DISTRIBUIDORA DE PERFUMES E;07891033514410;DR BOTICA COL POCAO FORCA 120ml V2;1,000;88,45;88,45;17,99;0,00;0,00;70,46;79,66;391,66;3,73;69,91;A;;
14/08/2026;024671 - 24671 ACQUA DISTRIBUIDORA DE PERFUMES E;07891033501199;MALBEC DES COL ULT BLEU 100ml;1,000;148,19;148,19;85,77;0,00;0,00;62,42;42,12;72,78;3,30;73,21;A;;
14/08/2026;024671 - 24671 ACQUA DISTRIBUIDORA DE PERFUMES E;07891033897902;CBEM DES COL BDY SPLSH LAVANDINHA 200ml;1,000;91,44;91,44;36,50;0,00;0,00;54,94;60,08;150,52;2,90;76,11;A;;
14/08/2026;024671 - 24671 ACQUA DISTRIBUIDORA DE PERFUMES E;07891033520251;BOTI BABY SAB LIQ GLIC V2 400ml;1,000;61,34;61,34;13,64;0,00;0,00;47,70;77,76;349,71;2,52;78,63;A;;
14/08/2026;024671 - 24671 ACQUA DISTRIBUIDORA DE PERFUMES E;07891033589784;NSPA LOC NUTR DES CPO UVA MERLOT 400ml;1,000;64,71;64,71;17,87;0,00;0,00;46,84;72,38;262,12;2,48;81,11;B;;
14/08/2026;024671 - 24671 ACQUA DISTRIBUIDORA DE PERFUMES E;07891033567980;MATCH MASC CAP SCIENCE PRE/POS QUIM 250g;1,000;62,91;62,91;20,31;0,00;0,00;42,60;67,72;209,75;2,25;83,36;B;;
14/08/2026;024671 - 24671 ACQUA DISTRIBUIDORA DE PERFUMES E;07891033485086;LILY OL PRODIG ACET MULTIF 50ml;1,000;101,70;101,70;61,16;0,00;0,00;40,54;39,86;66,29;2,14;85,50;B;;
14/08/2026;024671 - 24671 ACQUA DISTRIBUIDORA DE PERFUMES E;07891033487004;EGEO DES COL HIT 90ml V2;2,000;145,23;72,61;105,84;0,00;0,00;39,39;27,12;37,22;2,08;87,59;B;;
14/08/2026;024671 - 24671 ACQUA DISTRIBUIDORA DE PERFUMES E;07891033590193;MALBEC LOC DES HID CPO CUIDADOS V3 200ml;1,000;67,90;67,90;29,23;0,00;0,00;38,67;56,95;132,30;2,04;89,63;B;;
14/08/2026;024671 - 24671 ACQUA DISTRIBUIDORA DE PERFUMES E;07891033487714;NSPA LOC HID CPO QUINOA 200ml V2;3,000;96,76;32,25;61,65;0,00;0,00;35,11;36,29;56,95;1,86;91,49;B;;
14/08/2026;024671 - 24671 ACQUA DISTRIBUIDORA DE PERFUMES E;07891033878031;MAKE B BATOM PREENCH HYAL CINNAMON 4g;1,000;51,92;51,92;17,70;0,00;0,00;34,22;65,91;193,33;1,81;93,30;B;;
14/08/2026;024671 - 24671 ACQUA DISTRIBUIDORA DE PERFUMES E;07891033828906;MATCH SPR BRLH HIDRATACAO E BRLH 100ml;1,000;53,91;53,91;23,36;0,00;0,00;30,55;56,67;130,78;1,62;94,91;B;;
14/08/2026;024671 - 24671 ACQUA DISTRIBUIDORA DE PERFUMES E;07891033854837;FLORATTA DES BDY SPRAY RED V2 100ml;1,000;47,90;47,90;24,07;0,00;0,00;23,83;49,75;99,00;1,26;96,17;C;;
14/08/2026;024671 - 24671 ACQUA DISTRIBUIDORA DE PERFUMES E;07891033567966;MATCH SHAMP SCIENCE PRE/POS QUIM 300ml;1,000;43,11;43,11;21,32;0,00;0,00;21,79;50,55;102,20;1,15;97,32;C;;
14/08/2026;024671 - 24671 ACQUA DISTRIBUIDORA DE PERFUMES E;07891033889112;LILY SAB BARRA V2 2x90g;1,000;40,28;40,28;21,10;0,00;0,00;19,18;47,62;90,90;1,01;98,34;C;;
14/08/2026;024671 - 24671 ACQUA DISTRIBUIDORA DE PERFUMES E;07891033947645;CBEM SAB BARRA LAVANDINHA 2x80g;1,000;23,99;23,99;7,11;0,00;0,00;16,88;70,36;237,41;0,89;99,23;C;;
14/08/2026;024671 - 24671 ACQUA DISTRIBUIDORA DE PERFUMES E;07891033536283;BOTIK GEL LIMP FAC VITAM C PRM 50g;2,000;15,12;7,56;0,00;0,00;0,00;15,12;100,00;0,00;0,80;100,03;C;;
14/08/2026;024671 - 24671 ACQUA DISTRIBUIDORA DE PERFUMES E;07891033554089;BOTIK CR N FIR ROST/PESC RES/SIL PRM 10g;1,000;14,83;14,83;0,00;0,00;0,00;14,83;100,00;0,00;0,78;100,81;C;;
14/08/2026;024671 - 24671 ACQUA DISTRIBUIDORA DE PERFUMES E;07891033512270;CBEM SAB BARRA NUVEM 4x80g;1,000;28,83;28,83;14,25;0,00;0,00;14,58;50,57;102,32;0,77;101,58;C;;
14/08/2026;024671 - 24671 ACQUA DISTRIBUIDORA DE PERFUMES E;07891033894017;CX PRESENTE M BOTI INST/25 VDA;1,000;10,75;10,75;7,37;0,00;0,00;3,38;31,44;45,86;0,18;101,76;C;;
14/08/2026;024671 - 24671 ACQUA DISTRIBUIDORA DE PERFUMES E;07891033908196;SACOLA PP BOTICARIO INST/25;2,000;0,02;0,01;1,42;0,00;0,00;-1,40;-7000,00;-98,59;-0,07;101,69;C;;
14/08/2026;024671 - 24671 ACQUA DISTRIBUIDORA DE PERFUMES E;07891033908219;SACOLA P BOTICARIO INST/25;2,000;0,02;0,01;2,62;0,00;0,00;-2,60;-13000,00;-99,24;-0,14;101,55;C;;
14/08/2026;024671 - 24671 ACQUA DISTRIBUIDORA DE PERFUMES E;07891033949892;CBEM LIVRO PARA COLORIR PAPEL;1,000;22,27;22,27;20,33;4,23;0,81;-3,10;-13,94;9,54;-0,16;101,39;C;;
14/08/2026;024671 - 24671 ACQUA DISTRIBUIDORA DE PERFUMES E;07891033957996;NSPA CR PERF DES HID CP AMX/INT PRM 50ml;3,000;0,03;0,01;6,69;0,00;0,00;-6,66;-22200,00;-99,55;-0,35;101,04;C;;
14/08/2026;024671 - 24671 ACQUA DISTRIBUIDORA DE PERFUMES E;07891033908226;SACOLA M BOTICARIO INST/25;6,000;0,06;0,01;9,36;0,00;0,00;-9,30;-15500,00;-99,36;-0,49;100,54;C;;
14/08/2026;024671 - 24671 ACQUA DISTRIBUIDORA DE PERFUMES E;07891033520244;REF BOTI BABY SAB LIQ GLIC 350ml;1,000;0,01;0,01;10,30;0,00;0,00;-10,29;-102900,00;-99,90;-0,54;100,00;C;;
15/08/2026;024303 - 24303 ACQUA DISTRIBUIDORA DE PERFUMES E;07891033553570;MALBEC EDP 90ml;1,000;244,44;244,44;57,90;0,00;0,00;186,54;76,31;322,18;11,67;11,67;A;;
15/08/2026;024303 - 24303 ACQUA DISTRIBUIDORA DE PERFUMES E;07891033506774;CLASH DES COL 100ml;1,000;172,80;172,80;38,17;0,00;0,00;134,63;77,91;352,71;8,42;20,09;A;;
15/08/2026;024303 - 24303 ACQUA DISTRIBUIDORA DE PERFUMES E;07891033878963;FLORATTA EDP RED PASSION V2 75ml;1,000;175,46;175,46;47,01;0,00;0,00;128,45;73,21;273,24;8,03;28,12;A;;
15/08/2026;024303 - 24303 ACQUA DISTRIBUIDORA DE PERFUMES E;07891033483105;FLORATTA DES COL BLUE V2 75ml;1,000;154,71;154,71;28,73;0,00;0,00;125,98;81,43;438,50;7,88;36,00;A;;
15/08/2026;024303 - 24303 ACQUA DISTRIBUIDORA DE PERFUMES E;07891033496808;LILY DES COL LEAU DE LILY SOLEIL 75ml;1,000;187,20;187,20;80,34;0,00;0,00;106,86;57,08;133,01;6,68;42,68;A;;
15/08/2026;024303 - 24303 ACQUA DISTRIBUIDORA DE PERFUMES E;07891033481415;ACCORDES DES COL 80ml V5;1,000;132,93;132,93;41,29;0,00;0,00;91,64;68,94;221,94;5,73;48,41;A;;
15/08/2026;024303 - 24303 ACQUA DISTRIBUIDORA DE PERFUMES E;07891033818495;LINDA DES COL FELICIDADE V2 100ml;2,000;218,12;109,06;127,94;0,00;0,00;90,18;41,34;70,49;5,64;54,06;A;;
15/08/2026;024303 - 24303 ACQUA DISTRIBUIDORA DE PERFUMES E;07891033850549;EGEO DES COL DOLCE ILLUSION 90ml;1,000;147,58;147,58;61,82;0,00;0,00;85,76;58,11;138,73;5,36;59,42;A;;
15/08/2026;024303 - 24303 ACQUA DISTRIBUIDORA DE PERFUMES E;07891033854837;FLORATTA DES BDY SPRAY RED V2 100ml;2,000;98,78;49,39;16,56;0,00;0,00;82,22;83,24;496,50;5,14;64,56;A;;
15/08/2026;024303 - 24303 ACQUA DISTRIBUIDORA DE PERFUMES E;07891033767007;LIZ DES COL 100ml;1,000;144,90;144,90;65,74;0,00;0,00;79,16;54,63;120,41;4,95;69,51;A;;
15/08/2026;024303 - 24303 ACQUA DISTRIBUIDORA DE PERFUMES E;07891033837564;COFFEE DES COL WOMAN LUCKY 100ML;1,000;105,76;105,76;40,71;0,00;0,00;65,05;61,51;159,79;4,07;73,58;A;;
15/08/2026;024303 - 24303 ACQUA DISTRIBUIDORA DE PERFUMES E;07891033598755;BOTIK AGUA MICLR FAC CIC/PANT/CER 200ml;1,000;64,51;64,51;13,30;0,00;0,00;51,21;79,38;385,04;3,20;76,78;A;;
15/08/2026;024303 - 24303 ACQUA DISTRIBUIDORA DE PERFUMES E;07891033486342;DREAM DES COL SPLSH AMOR NO AR 200ml V2;1,000;97,16;97,16;46,59;0,00;0,00;50,57;52,05;108,54;3,16;79,95;A;;
15/08/2026;024303 - 24303 ACQUA DISTRIBUIDORA DE PERFUMES E;07891033552214;DR BOTICA COL POC/CRIATIV 120ml;1,000;66,13;66,13;18,67;0,00;0,00;47,46;71,77;254,20;2,97;82,91;B;;
15/08/2026;024303 - 24303 ACQUA DISTRIBUIDORA DE PERFUMES E;07891033836840;DR BOTICA COL POC/AVENTURA 120ml;1,000;66,13;66,13;19,41;0,00;0,00;46,72;70,65;240,70;2,92;85,84;B;;
15/08/2026;024303 - 24303 ACQUA DISTRIBUIDORA DE PERFUMES E;07891033749652;MALBEC LOC DES HID CPO RPCK 200ml;1,000;59,30;59,30;14,15;0,00;0,00;45,15;76,14;319,08;2,82;88,66;B;;
15/08/2026;024303 - 24303 ACQUA DISTRIBUIDORA DE PERFUMES E;07891033875566;EGEO CR DES HID CPO DOLCE ILLUSION 250g;1,000;71,50;71,50;30,78;0,00;0,00;40,72;56,95;132,29;2,55;91,21;B;;
15/08/2026;024303 - 24303 ACQUA DISTRIBUIDORA DE PERFUMES E;07891033771837;LIZ CREM DES HID CPO 250g;1,000;49,90;49,90;14,95;0,00;0,00;34,95;70,04;233,78;2,19;93,39;B;;
15/08/2026;024303 - 24303 ACQUA DISTRIBUIDORA DE PERFUMES E;07891033524686;BOTIK GEL LIM FAC MIC AC MAN/SAL 50g PRM;2,000;27,68;13,84;0,00;0,00;0,00;27,68;100,00;0,00;1,73;95,12;C;;
15/08/2026;024303 - 24303 ACQUA DISTRIBUIDORA DE PERFUMES E;07891033518012;BOTI BABY SAB LIQ GLIC V2 200ml;1,000;42,41;42,41;17,69;0,00;0,00;24,72;58,29;139,74;1,55;96,67;C;;
15/08/2026;024303 - 24303 ACQUA DISTRIBUIDORA DE PERFUMES E;07891033512270;CBEM SAB BARRA NUVEM 4x80g;2,000;52,04;26,02;28,94;0,00;0,00;23,10;44,39;79,82;1,44;98,11;C;;
15/08/2026;024303 - 24303 ACQUA DISTRIBUIDORA DE PERFUMES E;07891033954193;MAKE B BAT EASY MATE BARE ROSE 39g;1,000;45,91;45,91;25,98;0,00;0,00;19,93;43,41;76,71;1,25;99,36;C;;
15/08/2026;024303 - 24303 ACQUA DISTRIBUIDORA DE PERFUMES E;07891033867684;FLORATTA SAB LIQ CPO RED 150ml;6,000;114,09;19,01;95,58;0,00;0,00;18,51;16,22;19,37;1,16;100,52;C;;
15/08/2026;024303 - 24303 ACQUA DISTRIBUIDORA DE PERFUMES E;07891033945382;NSPA SAB BARRA CORP AMEI/NEG V4 2x90g;1,000;22,41;22,41;8,93;0,00;0,00;13,48;60,15;150,95;0,84;101,36;C;;
15/08/2026;024303 - 24303 ACQUA DISTRIBUIDORA DE PERFUMES E;07891033908219;SACOLA P BOTICARIO INST/25;2,000;0,02;0,01;2,62;0,00;0,00;-2,60;-13000,00;-99,24;-0,16;101,20;C;;
15/08/2026;024303 - 24303 ACQUA DISTRIBUIDORA DE PERFUMES E;07891033908226;SACOLA M BOTICARIO INST/25;6,000;0,06;0,01;9,36;0,00;0,00;-9,30;-15500,00;-99,36;-0,58;100,62;C;;
15/08/2026;024303 - 24303 ACQUA DISTRIBUIDORA DE PERFUMES E;07891033949083;MAKE B PRIMER FAC ANTIOL SALIC PRM 5ml;2,000;0,02;0,01;9,90;0,00;0,00;-9,88;-49400,00;-99,80;-0,62;100,00;C;;
15/08/2026;024617 - ACQUA DISTRIBUIDORA DE PERFUMES E COSMETICOS LTDA;07891033905133;MALBEC DES COL V7 100ml;1,000;209,55;209,55;44,53;0,00;0,00;165,02;78,75;370,58;12,76;12,76;A;;
15/08/2026;024617 - ACQUA DISTRIBUIDORA DE PERFUMES E COSMETICOS LTDA;07891033506774;CLASH DES COL 100ml;1,000;146,31;146,31;38,17;0,00;0,00;108,14;73,91;283,31;8,36;21,12;A;;
15/08/2026;024617 - ACQUA DISTRIBUIDORA DE PERFUMES E COSMETICOS LTDA;07891033520527;CELEBRE DES COL MASC AGORA 100ml;2,000;181,15;90,57;80,38;0,00;0,00;100,77;55,63;125,37;7,79;28,91;A;;
15/08/2026;024617 - ACQUA DISTRIBUIDORA DE PERFUMES E COSMETICOS LTDA;07891033820467;NSPA LOC DES CPO A/STRES JAS/SAMB 200ml;3,000;96,17;32,06;0,00;0,00;0,00;96,17;100,00;0,00;7,44;36,35;A;;
15/08/2026;024617 - ACQUA DISTRIBUIDORA DE PERFUMES E COSMETICOS LTDA;07891033491933;COFFEE DES COL UNIQ MAN FOUG/OR 100ml;1,000;179,90;179,90;91,71;0,00;0,00;88,19;49,02;96,16;6,82;43,17;A;;
15/08/2026;024617 - ACQUA DISTRIBUIDORA DE PERFUMES E COSMETICOS LTDA;07891033869909;LIZ DES COL AURA 100ml;1,000;150,41;150,41;65,81;0,00;0,00;84,60;56,25;128,55;6,54;49,71;A;;
15/08/2026;024617 - ACQUA DISTRIBUIDORA DE PERFUMES E COSMETICOS LTDA;07891033594368;EGEO DES COL CHOC HIGH 90ml;1,000;113,39;113,39;29,70;0,00;0,00;83,69;73,81;281,78;6,47;56,18;A;;
15/08/2026;024617 - ACQUA DISTRIBUIDORA DE PERFUMES E COSMETICOS LTDA;07891033896530;EGEO DES COL VANILLA UBESESSION 90ml;1,000;107,41;107,41;30,14;0,00;0,00;77,27;71,94;256,37;5,97;62,15;A;;
15/08/2026;024617 - ACQUA DISTRIBUIDORA DE PERFUMES E COSMETICOS LTDA;07891033524686;BOTIK GEL LIM FAC MIC AC MAN/SAL 50g PRM;5,000;73,43;14,69;0,00;0,00;0,00;73,43;100,00;0,00;5,68;67,83;A;;
15/08/2026;024617 - ACQUA DISTRIBUIDORA DE PERFUMES E COSMETICOS LTDA;07891033706686;SOPHIE COL HELLO 100ml;1,000;119,90;119,90;49,51;0,00;0,00;70,39;58,71;142,17;5,44;73,27;A;;
15/08/2026;024617 - ACQUA DISTRIBUIDORA DE PERFUMES E COSMETICOS LTDA;07891033880775;NSPA LOC DES HID CPO AMEIXA V7 400ml;1,000;89,90;89,90;35,74;0,00;0,00;54,16;60,24;151,54;4,19;77,46;A;;
15/08/2026;024617 - ACQUA DISTRIBUIDORA DE PERFUMES E COSMETICOS LTDA;07891033539215;DR BOTICA COL POC/CORAC V2 120ml;1,000;94,25;94,25;41,00;0,00;0,00;53,25;56,50;129,88;4,12;81,58;B;;
15/08/2026;024617 - ACQUA DISTRIBUIDORA DE PERFUMES E COSMETICOS LTDA;07891033886944;CBEM LOC DES HID CP R/ALG N/FORM 400ml;1,000;75,18;75,18;29,15;0,00;0,00;46,03;61,23;157,91;3,56;85,13;B;;
15/08/2026;024617 - ACQUA DISTRIBUIDORA DE PERFUMES E COSMETICOS LTDA;07891033877997;MAKE B BASE LIQ HYALURONIC 225N 30ml;1,000;86,47;86,47;42,70;0,00;0,00;43,77;50,62;102,51;3,38;88,52;B;;
15/08/2026;024617 - ACQUA DISTRIBUIDORA DE PERFUMES E COSMETICOS LTDA;07891033771837;LIZ CREM DES HID CPO 250g;4,000;154,57;38,64;115,48;0,00;0,00;39,09;25,29;33,85;3,02;91,54;B;;
15/08/2026;024617 - ACQUA DISTRIBUIDORA DE PERFUMES E COSMETICOS LTDA;07891033869527;SOPHIE JELLY CREAM CPO SPID/GWEN 150g;1,000;55,45;55,45;22,64;0,00;0,00;32,81;59,17;144,92;2,54;94,08;B;;
15/08/2026;024617 - ACQUA DISTRIBUIDORA DE PERFUMES E COSMETICOS LTDA;07891033839612;ARBO DES BDY SPR 100ml V6;1,000;52,90;52,90;24,32;0,00;0,00;28,58;54,03;117,52;2,21;96,29;C;;
15/08/2026;024617 - ACQUA DISTRIBUIDORA DE PERFUMES E COSMETICOS LTDA;07891033511655;CBEM SAB BARRA ROSA/ALGODAO 4x80g;1,000;37,07;37,07;13,90;0,00;0,00;23,17;62,50;166,69;1,79;98,08;C;;
15/08/2026;024617 - ACQUA DISTRIBUIDORA DE PERFUMES E COSMETICOS LTDA;07891033974368;CAIXA LACO M BOTI PAIS 2026 UNIT;2,000;22,46;11,23;0,00;0,00;0,00;22,46;100,00;0,00;1,74;99,82;C;;
15/08/2026;024617 - ACQUA DISTRIBUIDORA DE PERFUMES E COSMETICOS LTDA;07891033706839;DR BOTICA SAB BARRA TRIO BNH CORAC 3x80g;1,000;38,37;38,37;16,18;0,00;0,00;22,19;57,83;137,14;1,72;101,53;C;;
15/08/2026;024617 - ACQUA DISTRIBUIDORA DE PERFUMES E COSMETICOS LTDA;07891033965847;SACOLA M AMOR 2026 2025 BOTI UNIT;2,000;0,02;0,01;0,00;0,00;0,00;0,02;100,00;0,00;0,00;101,53;C;;
15/08/2026;024617 - ACQUA DISTRIBUIDORA DE PERFUMES E COSMETICOS LTDA;07891033908219;SACOLA P BOTICARIO INST/25;4,000;0,04;0,01;5,24;0,00;0,00;-5,20;-13000,00;-99,24;-0,40;101,13;C;;
15/08/2026;024617 - ACQUA DISTRIBUIDORA DE PERFUMES E COSMETICOS LTDA;07891033949083;MAKE B PRIMER FAC ANTIOL SALIC PRM 5ml;1,000;0,01;0,01;7,24;0,00;0,00;-7,23;-72300,00;-99,86;-0,56;100,57;C;;
15/08/2026;024617 - ACQUA DISTRIBUIDORA DE PERFUMES E COSMETICOS LTDA;07891033598779;BOTIK CR MULTR FAC CIC/PANT/CER PRM 10g;1,000;0,01;0,01;7,41;0,00;0,00;-7,40;-74000,00;-99,87;-0,57;100,00;C;;
15/08/2026;024668 - ACQUA DISTRIBUIDORA DE PERFUMES E COSMETICOS LTDA;07891033905133;MALBEC DES COL V7 100ml;2,000;439,80;219,90;89,50;0,00;0,00;350,30;79,65;391,40;6,12;6,12;A;;
15/08/2026;024668 - ACQUA DISTRIBUIDORA DE PERFUMES E COSMETICOS LTDA;07891033479498;THE BLEND EDP 100ml V2;1,000;312,13;312,13;98,91;0,00;0,00;213,22;68,31;215,57;3,73;9,85;A;;
15/08/2026;024668 - ACQUA DISTRIBUIDORA DE PERFUMES E COSMETICOS LTDA;07891033512133;ACCORDES DES COL HARMONIA 80ml V4;1,000;245,76;245,76;40,61;0,00;0,00;205,15;83,48;505,17;3,59;13,44;A;;
15/08/2026;024668 - ACQUA DISTRIBUIDORA DE PERFUMES E COSMETICOS LTDA;07891033767007;LIZ DES COL 100ml;2,000;262,82;131,41;72,48;0,00;0,00;190,34;72,42;262,61;3,33;16,77;A;;
15/08/2026;024668 - ACQUA DISTRIBUIDORA DE PERFUMES E COSMETICOS LTDA;07891033843909;MALBEC DES COL MAGNETIC V3 100ml;1,000;241,59;241,59;62,79;0,00;0,00;178,80;74,01;284,76;3,13;19,89;A;;
15/08/2026;024668 - ACQUA DISTRIBUIDORA DE PERFUMES E COSMETICOS LTDA;07891033480609;LILY CREM DES HID ACET CPO 250g V8;2,000;290,90;145,45;117,92;0,00;0,00;172,98;59,46;146,69;3,02;22,92;A;;
15/08/2026;024668 - ACQUA DISTRIBUIDORA DE PERFUMES E COSMETICOS LTDA;07891033585069;MALBEC DES COL PURE GOLD 100ml;1,000;209,57;209,57;52,68;0,00;0,00;156,89;74,86;297,82;2,74;25,66;A;;
15/08/2026;024668 - ACQUA DISTRIBUIDORA DE PERFUMES E COSMETICOS LTDA;07891033506514;ARBO DES COL INT 100ml;1,000;189,90;189,90;36,61;0,00;0,00;153,29;80,72;418,71;2,68;28,34;A;;
15/08/2026;024668 - ACQUA DISTRIBUIDORA DE PERFUMES E COSMETICOS LTDA;07891033869831;HER CODE EDP CLIMAX 50ml;1,000;206,46;206,46;54,29;0,00;0,00;152,17;73,70;280,29;2,66;31,00;A;;
15/08/2026;024668 - ACQUA DISTRIBUIDORA DE PERFUMES E COSMETICOS LTDA;07891033818495;LINDA DES COL FELICIDADE V2 100ml;2,000;219,90;109,95;70,96;0,00;0,00;148,94;67,73;209,89;2,60;33,61;A;;
15/08/2026;024668 - ACQUA DISTRIBUIDORA DE PERFUMES E COSMETICOS LTDA;07891033893317;LILY EDP V3 75ml;1,000;269,45;269,45;126,66;0,00;0,00;142,79;52,99;112,73;2,50;36,10;A;;
15/08/2026;024668 - ACQUA DISTRIBUIDORA DE PERFUMES E COSMETICOS LTDA;07891033481811;LILY OL PERF DES CPO 150ml V11;2,000;179,05;89,52;39,02;0,00;0,00;140,03;78,21;358,87;2,45;38,55;A;;
15/08/2026;024668 - ACQUA DISTRIBUIDORA DE PERFUMES E COSMETICOS LTDA;07891033741038;GLAMOUR DES COL SEC BL 75ml V4;1,000;175,79;175,79;40,19;0,00;0,00;135,60;77,14;337,40;2,37;40,92;A;;
15/08/2026;024668 - ACQUA DISTRIBUIDORA DE PERFUMES E COSMETICOS LTDA;07891033861811;ESTJ LILY LEAU/LILY SOLEIL NAT/25;1,000;199,06;199,06;66,92;0,00;0,00;132,14;66,38;197,46;2,31;43,23;A;;
15/08/2026;024668 - ACQUA DISTRIBUIDORA DE PERFUMES E COSMETICOS LTDA;07891033843923;MALBEC DES COL BLACK V2 100ml;1,000;233,91;233,91;102,34;0,00;0,00;131,57;56,25;128,56;2,30;45,53;A;;
15/08/2026;024668 - ACQUA DISTRIBUIDORA DE PERFUMES E COSMETICOS LTDA;07891033197347;THATY DES COL BOTICOLL 100ML;1,000;156,91;156,91;25,64;0,00;0,00;131,27;83,66;511,97;2,30;47,83;A;;
15/08/2026;024668 - ACQUA DISTRIBUIDORA DE PERFUMES E COSMETICOS LTDA;07891033880195;BOTICA 214 EDP DARK MINT V3 90ml;1,000;174,33;174,33;47,88;0,00;0,00;126,45;72,53;264,10;2,21;50,04;A;;
15/08/2026;024668 - ACQUA DISTRIBUIDORA DE PERFUMES E COSMETICOS LTDA;07891033883646;QUASAR DES COL CLASSIC V2 100ml;1,000;144,90;144,90;28,10;0,00;0,00;116,80;80,61;415,66;2,04;52,08;A;;
15/08/2026;024668 - ACQUA DISTRIBUIDORA DE PERFUMES E COSMETICOS LTDA;07891033826865;EGEO DES COL BLUE C/CAR 90ml;1,000;143,71;143,71;32,56;0,00;0,00;111,15;77,34;341,37;1,94;54,02;A;;
15/08/2026;024668 - ACQUA DISTRIBUIDORA DE PERFUMES E COSMETICOS LTDA;07891033830596;CELEBRE DES COL FOUG AROM FORC 100ml;2,000;200,94;100,47;91,82;0,00;0,00;109,12;54,30;118,84;1,91;55,93;A;;
15/08/2026;024668 - ACQUA DISTRIBUIDORA DE PERFUMES E COSMETICOS LTDA;07891033492473;COFFEE D/COL SEDUC MAN OR/AMAD V5 100ml;1,000;179,90;179,90;78,99;0,00;0,00;100,91;56,09;127,75;1,76;57,70;A;;
15/08/2026;024668 - ACQUA DISTRIBUIDORA DE PERFUMES E COSMETICOS LTDA;07891033553662;ARBO DES COL ATLANTICA 100ml;1,000;175,35;175,35;75,42;0,00;0,00;99,93;56,99;132,50;1,75;59,44;A;;
15/08/2026;024668 - ACQUA DISTRIBUIDORA DE PERFUMES E COSMETICOS LTDA;07891033500222;HER CODE EDP 50ml;1,000;205,53;205,53;110,62;0,00;0,00;94,91;46,18;85,80;1,66;61,10;A;;
15/08/2026;024668 - ACQUA DISTRIBUIDORA DE PERFUMES E COSMETICOS LTDA;07891033483150;FLORATTA DES COL GOLD V3 75ml;1,000;121,41;121,41;28,66;0,00;0,00;92,75;76,39;323,62;1,62;62,72;A;;
15/08/2026;024668 - ACQUA DISTRIBUIDORA DE PERFUMES E COSMETICOS LTDA;07891033706686;SOPHIE COL HELLO 100ml;1,000;112,83;112,83;22,98;0,00;0,00;89,85;79,63;390,99;1,57;64,29;A;;
15/08/2026;024668 - ACQUA DISTRIBUIDORA DE PERFUMES E COSMETICOS LTDA;07891033861941;ESTJ CBEM DELEITE NAT/25;1,000;130,00;130,00;42,05;0,00;0,00;87,95;67,65;209,16;1,54;65,83;A;;
15/08/2026;024668 - ACQUA DISTRIBUIDORA DE PERFUMES E COSMETICOS LTDA;07891033533886;NSPA SAB LIQ PERF AMEIXA 250ml;2,000;103,55;51,77;17,74;0,00;0,00;85,81;82,87;483,71;1,50;67,33;A;;
15/08/2026;024668 - ACQUA DISTRIBUIDORA DE PERFUMES E COSMETICOS LTDA;07891033902422;ESTJ UOMINI PAIS/26;1,000;171,68;171,68;87,14;0,00;0,00;84,54;49,24;97,02;1,48;68,81;A;;
15/08/2026;024668 - ACQUA DISTRIBUIDORA DE PERFUMES E COSMETICOS LTDA;07891033482801;NSPA DES COL BDY SPLSH AMEI/NEG 200ml V2;1,000;97,13;97,13;19,86;0,00;0,00;77,27;79,55;389,07;1,35;70,16;A;;
15/08/2026;024668 - ACQUA DISTRIBUIDORA DE PERFUMES E COSMETICOS LTDA;07891033841820;LILY DES COL BDY SPLSH 200ml;1,000;98,21;98,21;21,19;0,00;0,00;77,02;78,42;363,47;1,35;71,51;A;;
15/08/2026;024668 - ACQUA DISTRIBUIDORA DE PERFUMES E COSMETICOS LTDA;07891033859207;CBEM DES COL BDY SPLSH AMORUDA 200ml;1,000;94,90;94,90;19,81;0,00;0,00;75,09;79,13;379,05;1,31;72,82;A;;
15/08/2026;024668 - ACQUA DISTRIBUIDORA DE PERFUMES E COSMETICOS LTDA;07891033498123;EGEO DES COL ORIGNL 90ml V2;1,000;134,88;134,88;61,22;0,00;0,00;73,66;54,61;120,32;1,29;74,11;A;;
15/08/2026;024668 - ACQUA DISTRIBUIDORA DE PERFUMES E COSMETICOS LTDA;07891033515004;SOPHIE COL CANDY 100ml V2;1,000;94,28;94,28;20,94;0,00;0,00;73,34;77,79;350,24;1,28;75,39;A;;
15/08/2026;024668 - ACQUA DISTRIBUIDORA DE PERFUMES E COSMETICOS LTDA;07891033947584;REF LILY CR ACET DES HID CPO 200g;1,000;84,14;84,14;13,45;0,00;0,00;70,69;84,01;525,58;1,24;76,63;A;;
15/08/2026;024668 - ACQUA DISTRIBUIDORA DE PERFUMES E COSMETICOS LTDA;07891033890712;MAKE B BASE LIQ HYALURONIC 285N 30ml;1,000;102,15;102,15;33,87;0,00;0,00;68,28;66,84;201,59;1,19;77,82;A;;
15/08/2026;024668 - ACQUA DISTRIBUIDORA DE PERFUMES E COSMETICOS LTDA;07891033902194;CBEM DES COL BDY SPLSH DEL/CARAM 200ml;1,000;94,90;94,90;34,73;0,00;0,00;60,17;63,40;173,25;1,05;78,87;A;;
15/08/2026;024668 - ACQUA DISTRIBUIDORA DE PERFUMES E COSMETICOS LTDA;07891033526383;MAKE B MASC CILIO 4K PANORAMIC 10g V2;1,000;73,64;73,64;21,07;0,00;0,00;52,57;71,39;249,50;0,92;79,79;A;;
15/08/2026;024668 - ACQUA DISTRIBUIDORA DE PERFUMES E COSMETICOS LTDA;07891033850518;REF NSPA OL GLOR D H CPO AMEIXA 150ml;1,000;70,00;70,00;17,93;0,00;0,00;52,07;74,39;290,41;0,91;80,70;B;;
15/08/2026;024668 - ACQUA DISTRIBUIDORA DE PERFUMES E COSMETICOS LTDA;07891033508815;CBEM DES COL BDY SPLSH DELEITE V3 200ml;1,000;70,90;70,90;18,88;0,00;0,00;52,02;73,37;275,53;0,91;81,61;B;;
15/08/2026;024668 - ACQUA DISTRIBUIDORA DE PERFUMES E COSMETICOS LTDA;07891033715008;MAKE B LAP RETR P/OLH MARR PCK V2;1,000;51,04;51,04;0,00;0,00;0,00;51,04;100,00;0,00;0,89;82,50;B;;
15/08/2026;024668 - ACQUA DISTRIBUIDORA DE PERFUMES E COSMETICOS LTDA;07891033836840;DR BOTICA COL POC/AVENTURA 120ml;1,000;70,09;70,09;19,23;0,00;0,00;50,86;72,56;264,48;0,89;83,39;B;;
15/08/2026;024668 - ACQUA DISTRIBUIDORA DE PERFUMES E COSMETICOS LTDA;07891033828159;MAKE B DEMAQ BIF MICLR 110ml V3;1,000;61,39;61,39;10,58;0,00;0,00;50,81;82,77;480,25;0,89;84,28;B;;
15/08/2026;024668 - ACQUA DISTRIBUIDORA DE PERFUMES E COSMETICOS LTDA;07891033873159;CBEM LOC DES HID CPO AMORUDA 200ml;1,000;56,90;56,90;8,56;0,00;0,00;48,34;84,96;564,72;0,85;85,13;B;;
15/08/2026;024668 - ACQUA DISTRIBUIDORA DE PERFUMES E COSMETICOS LTDA;07891033896585;CBEM MANTG DES HID CPO DELEITE 200g;1,000;72,90;72,90;25,89;0,00;0,00;47,01;64,49;181,58;0,82;85,95;B;;
15/08/2026;024668 - ACQUA DISTRIBUIDORA DE PERFUMES E COSMETICOS LTDA;07891033868698;CLASH LOC DES HID CPO 200ml;1,000;57,90;57,90;11,25;0,00;0,00;46,65;80,57;414,67;0,82;86,76;B;;
15/08/2026;024668 - ACQUA DISTRIBUIDORA DE PERFUMES E COSMETICOS LTDA;07891033536771;QUASAR CR P/BARB BLUE 110g;1,000;55,90;55,90;11,68;0,00;0,00;44,22;79,11;378,60;0,77;87,54;B;;
15/08/2026;024668 - ACQUA DISTRIBUIDORA DE PERFUMES E COSMETICOS LTDA;07891033520442;CELEBRE DES COL FEM AGORA 100ml;1,000;89,91;89,91;45,89;0,00;0,00;44,02;48,96;95,93;0,77;88,31;B;;
15/08/2026;024668 - ACQUA DISTRIBUIDORA DE PERFUMES E COSMETICOS LTDA;07891033526192;MAKE B MASC CIL SCANDAL L C/OL COCO 10g;1,000;65,02;65,02;23,82;0,00;0,00;41,20;63,37;172,96;0,72;89,03;B;;
15/08/2026;024668 - ACQUA DISTRIBUIDORA DE PERFUMES E COSMETICOS LTDA;07891033487851;MALBEC DES BDY SPR 100ml V4 PCK;1,000;47,61;47,61;8,52;0,00;0,00;39,09;82,10;458,80;0,68;89,71;B;;
15/08/2026;024668 - ACQUA DISTRIBUIDORA DE PERFUMES E COSMETICOS LTDA;07891033896639;CBEM SAB BARRA DELEITE ESPEC 2x90g;2,000;58,26;29,13;19,92;0,00;0,00;38,34;65,81;192,47;0,67;90,38;B;;
15/08/2026;024668 - ACQUA DISTRIBUIDORA DE PERFUMES E COSMETICOS LTDA;07891033733675;EGEO DES BDY SPR BLUE 100ml V2 PCK;1,000;46,10;46,10;8,98;0,00;0,00;37,12;80,52;413,36;0,65;91,03;B;;
15/08/2026;024668 - ACQUA DISTRIBUIDORA DE PERFUMES E COSMETICOS LTDA;07891033589784;NSPA LOC NUTR DES CPO UVA MERLOT 400ml;1,000;71,90;71,90;35,38;0,00;0,00;36,52;50,79;103,22;0,64;91,67;B;;
15/08/2026;024668 - ACQUA DISTRIBUIDORA DE PERFUMES E COSMETICOS LTDA;07891033880799;NSPA LOC DES HID CPO AMEIXA V6 200ml;1,000;63,97;63,97;27,57;0,00;0,00;36,40;56,90;132,03;0,64;92,31;B;;
15/08/2026;024668 - ACQUA DISTRIBUIDORA DE PERFUMES E COSMETICOS LTDA;07891033521227;DR BOTICA SHAMP POC/ESPUM LISOS 400ml;1,000;63,90;63,90;27,72;0,00;0,00;36,18;56,62;130,52;0,63;92,94;B;;
15/08/2026;024668 - ACQUA DISTRIBUIDORA DE PERFUMES E COSMETICOS LTDA;07891033524686;BOTIK GEL LIM FAC MIC AC MAN/SAL 50g PRM;2,000;35,04;17,52;0,00;0,00;0,00;35,04;100,00;0,00;0,61;93,55;B;;
15/08/2026;024668 - ACQUA DISTRIBUIDORA DE PERFUMES E COSMETICOS LTDA;07891033512270;CBEM SAB BARRA NUVEM 4x80g;3,000;75,23;25,08;42,75;0,00;0,00;32,48;43,17;75,98;0,57;94,12;B;;
15/08/2026;024668 - ACQUA DISTRIBUIDORA DE PERFUMES E COSMETICOS LTDA;07891033825509;MAKE B BAS LIQ MATE SALICYLIC 270 30g;1,000;70,00;70,00;38,50;0,00;0,00;31,50;45,00;81,82;0,55;94,67;B;;
15/08/2026;024668 - ACQUA DISTRIBUIDORA DE PERFUMES E COSMETICOS LTDA;07891033552214;DR BOTICA COL POC/CRIATIV 120ml;1,000;70,00;70,00;38,59;0,00;0,00;31,41;44,87;81,39;0,55;95,22;C;;
15/08/2026;024668 - ACQUA DISTRIBUIDORA DE PERFUMES E COSMETICOS LTDA;07891033879168;NSPA CR ANTIS P/MAOS FPS15 QUINOA V3 75g;1,000;53,91;53,91;24,55;0,00;0,00;29,36;54,46;119,59;0,51;95,73;C;;
15/08/2026;024668 - ACQUA DISTRIBUIDORA DE PERFUMES E COSMETICOS LTDA;07891033486533;ELYSEE DES ANTIT AEROSSOL 75g V3;1,000;35,00;35,00;11,49;0,00;0,00;23,51;67,17;204,61;0,41;96,14;C;;
15/08/2026;024668 - ACQUA DISTRIBUIDORA DE PERFUMES E COSMETICOS LTDA;07891033774869;UOMINI DES ANTIT AER 75g V7;1,000;33,85;33,85;10,69;0,00;0,00;23,16;68,42;216,65;0,40;96,55;C;;
15/08/2026;024668 - ACQUA DISTRIBUIDORA DE PERFUMES E COSMETICOS LTDA;07891033839605;ARBO DES ANTIT AER 75ml V9;1,000;39,90;39,90;18,52;0,00;0,00;21,38;53,58;115,44;0,37;96,92;C;;
15/08/2026;024668 - ACQUA DISTRIBUIDORA DE PERFUMES E COSMETICOS LTDA;07891033548057;CBEM MASC FAC FEIRA MELANCIA 50g;1,000;43,05;43,05;22,64;0,00;0,00;20,41;47,41;90,15;0,36;97,28;C;;
15/08/2026;024668 - ACQUA DISTRIBUIDORA DE PERFUMES E COSMETICOS LTDA;07891033839612;ARBO DES BDY SPR 100ml V6;1,000;43,22;43,22;24,05;0,00;0,00;19,17;44,35;79,71;0,34;97,61;C;;
15/08/2026;024668 - ACQUA DISTRIBUIDORA DE PERFUMES E COSMETICOS LTDA;07891033583577;CBEM SAB BARRA PESSEGUR/GOST 4x80g;1,000;31,64;31,64;13,80;0,00;0,00;17,84;56,38;129,28;0,31;97,93;C;;
15/08/2026;024668 - ACQUA DISTRIBUIDORA DE PERFUMES E COSMETICOS LTDA;07891033511662;CBEM SAB BARRA ROSA/ALGODAO V8 2x80g;1,000;24,90;24,90;7,21;0,00;0,00;17,69;71,04;245,35;0,31;98,24;C;;
15/08/2026;024668 - ACQUA DISTRIBUIDORA DE PERFUMES E COSMETICOS LTDA;07891033855476;CBEM SAB BARRA SORTIDO V2 4x80g;1,000;31,66;31,66;14,05;0,00;0,00;17,61;55,62;125,34;0,31;98,54;C;;
15/08/2026;024668 - ACQUA DISTRIBUIDORA DE PERFUMES E COSMETICOS LTDA;07891033035304;CAIXA M INST 2021 VERDE ECONOMICA;5,000;16,60;3,32;0,00;0,00;0,00;16,60;100,00;0,00;0,29;98,83;C;;
15/08/2026;024668 - ACQUA DISTRIBUIDORA DE PERFUMES E COSMETICOS LTDA;07891033873272;CBEM SAB BARR CPO AMORUDA 2x80g;1,000;24,90;24,90;8,61;0,00;0,00;16,29;65,42;189,20;0,28;99,12;C;;
15/08/2026;024668 - ACQUA DISTRIBUIDORA DE PERFUMES E COSMETICOS LTDA;07891033883615;NSPA SAB BARRA AMEIXA V3 2x90g;1,000;26,42;26,42;10,52;0,00;0,00;15,90;60,18;151,14;0,28;99,40;C;;
15/08/2026;024668 - ACQUA DISTRIBUIDORA DE PERFUMES E COSMETICOS LTDA;07891033948994;CBEM GEL LIMP FAC FEIR TANGERINA PRM 50g;2,000;28,04;14,02;13,32;0,00;0,00;14,72;52,50;110,51;0,26;99,65;C;;
15/08/2026;024668 - ACQUA DISTRIBUIDORA DE PERFUMES E COSMETICOS LTDA;07891033471447;CBEM DES ANTIT AER PROTECT/BTY 90g/150ml;1,000;32,15;32,15;17,70;0,00;0,00;14,45;44,95;81,64;0,25;99,91;C;;
15/08/2026;024668 - ACQUA DISTRIBUIDORA DE PERFUMES E COSMETICOS LTDA;07891033830657;LIZ DES ANTIT AER 75g;1,000;27,60;27,60;18,26;0,00;0,00;9,34;33,84;51,15;0,16;100,07;C;;
15/08/2026;024668 - ACQUA DISTRIBUIDORA DE PERFUMES E COSMETICOS LTDA;07891033894017;CX PRESENTE M BOTI INST/25 VDA;2,000;22,24;11,12;14,74;0,00;0,00;7,50;33,72;50,88;0,13;100,20;C;;
15/08/2026;024668 - ACQUA DISTRIBUIDORA DE PERFUMES E COSMETICOS LTDA;07891033576401;ARBO NECESSAIRE PES;1,000;28,06;28,06;19,70;0,00;1,02;7,34;26,14;42,44;0,13;100,33;C;;
15/08/2026;024668 - ACQUA DISTRIBUIDORA DE PERFUMES E COSMETICOS LTDA;07891033534098;REF NSPA SAB LIQ CPO PERF AMEIXA 200ml;2,000;0,02;0,01;18,82;0,00;0,00;-18,80;-94000,00;-99,89;-0,33;100,00;C;;
15/08/2026;024669 - 24669 ACQUA DISTRIBUIDORA DE PERFUMES E;07891033512133;ACCORDES DES COL HARMONIA 80ml V4;6,000;718,53;119,75;242,34;0,00;0,00;476,19;66,27;196,50;12,53;12,53;A;;
15/08/2026;024669 - 24669 ACQUA DISTRIBUIDORA DE PERFUMES E;07891033481415;ACCORDES DES COL 80ml V5;6,000;718,54;119,76;261,06;0,00;0,00;457,48;63,67;175,24;12,04;24,57;A;;
15/08/2026;024669 - 24669 ACQUA DISTRIBUIDORA DE PERFUMES E;07891033595174;REF NSPA LOC DES HID CPO AMEIXA 350ml;7,000;268,57;38,37;73,64;0,00;0,00;194,93;72,58;264,71;5,13;29,70;A;;
15/08/2026;024669 - 24669 ACQUA DISTRIBUIDORA DE PERFUMES E;07891033839711;LILY DES COL LEAU DE 75ml;1,000;229,00;229,00;43,84;0,00;0,00;185,16;80,86;422,35;4,87;34,57;A;;
15/08/2026;024669 - 24669 ACQUA DISTRIBUIDORA DE PERFUMES E;07891033837564;COFFEE DES COL WOMAN LUCKY 100ML;2,000;229,90;114,95;75,28;0,00;0,00;154,62;67,26;205,39;4,07;38,64;A;;
15/08/2026;024669 - 24669 ACQUA DISTRIBUIDORA DE PERFUMES E;07891033506514;ARBO DES COL INT 100ml;1,000;189,90;189,90;36,64;0,00;0,00;153,26;80,71;418,29;4,03;42,67;A;;
15/08/2026;024669 - 24669 ACQUA DISTRIBUIDORA DE PERFUMES E;07891033483136;FLORATTA DES COL ROSE V4 75ml;1,000;174,90;174,90;30,70;0,00;0,00;144,20;82,45;469,71;3,79;46,47;A;;
15/08/2026;024669 - 24669 ACQUA DISTRIBUIDORA DE PERFUMES E;07891033486342;DREAM DES COL SPLSH AMOR NO AR 200ml V2;2,000;193,61;96,80;53,50;0,00;0,00;140,11;72,37;261,89;3,69;50,15;A;;
15/08/2026;024669 - 24669 ACQUA DISTRIBUIDORA DE PERFUMES E;07891033479054;BOTICOLL ACQUA FRESCA DES COL 100ml V2;2,000;174,90;87,45;48,46;0,00;0,00;126,44;72,29;260,92;3,33;53,48;A;;
15/08/2026;024669 - 24669 ACQUA DISTRIBUIDORA DE PERFUMES E;07891033744442;ARBO DES COL BOTANIC 100ml V2 RPCK;1,000;180,49;180,49;67,45;0,00;0,00;113,04;62,63;167,59;2,97;56,46;A;;
15/08/2026;024669 - 24669 ACQUA DISTRIBUIDORA DE PERFUMES E;07891033476299;BOTICA 214 EDP GOLD/GARD 75ml V2;1,000;138,17;138,17;45,59;0,00;0,00;92,58;67,00;203,07;2,44;58,89;A;;
15/08/2026;024669 - 24669 ACQUA DISTRIBUIDORA DE PERFUMES E;07891033908127;ESTJ CBEM NUVEM REG/26;2,000;117,80;58,90;30,56;0,00;0,00;87,24;74,06;285,47;2,30;61,19;A;;
15/08/2026;024669 - 24669 ACQUA DISTRIBUIDORA DE PERFUMES E;07891033483037;FLORATTA DES COL RED V2 75ml;1,000;121,41;121,41;36,07;0,00;0,00;85,34;70,29;236,60;2,25;63,43;A;;
15/08/2026;024669 - 24669 ACQUA DISTRIBUIDORA DE PERFUMES E;07891033877959;MAKE B BASE LIQ HYALURONIC 210Q 30ml;1,000;106,26;106,26;32,09;0,00;0,00;74,17;69,80;231,13;1,95;65,38;A;;
15/08/2026;024669 - 24669 ACQUA DISTRIBUIDORA DE PERFUMES E;07891033589869;MAKE B BASE LIQ RETIN 3 H 205N 26g;1,000;113,90;113,90;41,44;0,00;0,00;72,46;63,62;174,86;1,91;67,29;A;;
15/08/2026;024669 - 24669 ACQUA DISTRIBUIDORA DE PERFUMES E;07891033886654;MAKE B BASE LIQ RETIN 3 H 210Q 26g;1,000;117,01;117,01;46,26;0,00;0,00;70,75;60,46;152,94;1,86;69,15;A;;
15/08/2026;024669 - 24669 ACQUA DISTRIBUIDORA DE PERFUMES E;07891033757558;MAKE B BAS PO MINERAL 30 55G;1,000;95,72;95,72;25,29;0,00;0,00;70,43;73,58;278,49;1,85;71,01;A;;
15/08/2026;024669 - 24669 ACQUA DISTRIBUIDORA DE PERFUMES E;07891033481811;LILY OL PERF DES CPO 150ml V11;1,000;89,15;89,15;19,52;0,00;0,00;69,63;78,10;356,71;1,83;72,84;A;;
15/08/2026;024669 - 24669 ACQUA DISTRIBUIDORA DE PERFUMES E;07891033897902;CBEM DES COL BDY SPLSH LAVANDINHA 200ml;1,000;85,41;85,41;19,50;0,00;0,00;65,91;77,17;338,00;1,73;74,57;A;;
15/08/2026;024669 - 24669 ACQUA DISTRIBUIDORA DE PERFUMES E;07891033883103;CBEM LOC DES HID CPO MORAN/LEIT V8 400ml;1,000;75,21;75,21;14,06;0,00;0,00;61,15;81,31;434,92;1,61;76,18;A;;
15/08/2026;024669 - 24669 ACQUA DISTRIBUIDORA DE PERFUMES E;07891033499700;FLORATTA DES COL BDY SPLSH RED 200ml;1,000;96,05;96,05;36,65;0,00;0,00;59,40;61,84;162,07;1,56;77,74;A;;
15/08/2026;024669 - 24669 ACQUA DISTRIBUIDORA DE PERFUMES E;07891033515004;SOPHIE COL CANDY 100ml V2;1,000;101,54;101,54;43,34;0,00;0,00;58,20;57,32;134,29;1,53;79,28;A;;
15/08/2026;024669 - 24669 ACQUA DISTRIBUIDORA DE PERFUMES E;07891033880775;NSPA LOC DES HID CPO AMEIXA V7 400ml;1,000;75,71;75,71;20,45;0,00;0,00;55,26;72,99;270,22;1,45;80,73;B;;
15/08/2026;024669 - 24669 ACQUA DISTRIBUIDORA DE PERFUMES E;07891033860586;SOPHIE SPLSH CPO/CAB SHIM BRLH/INT 110ml;1,000;70,31;70,31;15,45;0,00;0,00;54,86;78,03;355,08;1,44;82,17;B;;
15/08/2026;024669 - 24669 ACQUA DISTRIBUIDORA DE PERFUMES E;07891033016341;NSPA GEL ESF CPO MORANGO RUBY 175G;1,000;59,90;59,90;11,25;0,00;0,00;48,65;81,22;432,44;1,28;83,45;B;;
15/08/2026;024669 - 24669 ACQUA DISTRIBUIDORA DE PERFUMES E;07891033400867;MAKE B PINCEL BLUSH;1,000;59,96;59,96;11,51;0,00;0,00;48,45;80,80;420,94;1,27;84,73;B;;
15/08/2026;024669 - 24669 ACQUA DISTRIBUIDORA DE PERFUMES E;07891033907151;MAKE B BAS LIQ MATE SALICYLIC 205N 30g;1,000;79,90;79,90;36,15;0,00;0,00;43,75;54,76;121,02;1,15;85,88;B;;
15/08/2026;024669 - 24669 ACQUA DISTRIBUIDORA DE PERFUMES E;07891033867684;FLORATTA SAB LIQ CPO RED 150ml;5,000;122,28;24,46;78,95;0,00;0,00;43,33;35,44;54,88;1,14;87,02;B;;
15/08/2026;024669 - 24669 ACQUA DISTRIBUIDORA DE PERFUMES E;07891033890286;MAKE B CORRET LIQ HYAL 170Q 68ml;1,000;55,59;55,59;14,93;0,00;0,00;40,66;73,14;272,34;1,07;88,09;B;;
15/08/2026;024669 - 24669 ACQUA DISTRIBUIDORA DE PERFUMES E;07891033880799;NSPA LOC DES HID CPO AMEIXA V6 200ml;1,000;67,81;67,81;27,57;0,00;0,00;40,24;59,34;145,96;1,06;89,15;B;;
15/08/2026;024669 - 24669 ACQUA DISTRIBUIDORA DE PERFUMES E;07891033598304;NSPA SAB LIQ PERF CPO ORQ/LUMIER 250ml;1,000;59,90;59,90;21,02;0,00;0,00;38,88;64,91;184,97;1,02;90,17;B;;
15/08/2026;024669 - 24669 ACQUA DISTRIBUIDORA DE PERFUMES E;07891033884513;CBEM DES COL BDY SPLSH MORANG/LEITE 60ml;1,000;47,57;47,57;10,90;0,00;0,00;36,67;77,09;336,42;0,96;91,14;B;;
15/08/2026;024669 - 24669 ACQUA DISTRIBUIDORA DE PERFUMES E;07891033055463;MAKE B PRIMER FAC ANTIOL SALICYLIC 30g;1,000;70,86;70,86;34,39;0,00;0,00;36,47;51,47;106,05;0,96;92,10;B;;
15/08/2026;024669 - 24669 ACQUA DISTRIBUIDORA DE PERFUMES E;07891033512256;BOTICOLL SAB BARR CPO PERF 5x80g V2;1,000;54,90;54,90;19,48;0,00;0,00;35,42;64,52;181,83;0,93;93,03;B;;
15/08/2026;024669 - 24669 ACQUA DISTRIBUIDORA DE PERFUMES E;07891033528677;MAKE B GLOS LAB C/AC POLIGL N/ROSE 5ml;1,000;49,59;49,59;17,19;0,00;0,00;32,40;65,34;188,48;0,85;93,88;B;;
15/08/2026;024669 - 24669 ACQUA DISTRIBUIDORA DE PERFUMES E;07891033013029;PMPCK LILY DES ANTIT AER 2x75g;1,000;58,42;58,42;26,15;0,00;0,00;32,27;55,24;123,40;0,85;94,73;B;;
15/08/2026;024669 - 24669 ACQUA DISTRIBUIDORA DE PERFUMES E;07891033524686;BOTIK GEL LIM FAC MIC AC MAN/SAL 50g PRM;2,000;29,91;14,95;0,00;0,00;0,00;29,91;100,00;0,00;0,79;95,52;C;;
15/08/2026;024669 - 24669 ACQUA DISTRIBUIDORA DE PERFUMES E;07891033521630;INTENSE BAT CREM 250 V7 38g;1,000;36,88;36,88;8,71;0,00;0,00;28,17;76,38;323,42;0,74;96,26;C;;
15/08/2026;024669 - 24669 ACQUA DISTRIBUIDORA DE PERFUMES E;07891033521609;INTENSE BAT LIQ TINT 16H SUPF 635 V3 5ml;1,000;53,13;53,13;25,69;0,00;0,00;27,44;51,65;106,81;0,72;96,98;C;;
15/08/2026;024669 - 24669 ACQUA DISTRIBUIDORA DE PERFUMES E;07891033514380;SOPHIE SAB BARRA 3x80g V2;1,000;42,26;42,26;16,20;0,00;0,00;26,06;61,67;160,86;0,69;97,67;C;;
15/08/2026;024669 - 24669 ACQUA DISTRIBUIDORA DE PERFUMES E;07891033512270;CBEM SAB BARRA NUVEM 4x80g;1,000;38,90;38,90;14,25;0,00;0,00;24,65;63,37;172,98;0,65;98,32;C;;
15/08/2026;024669 - 24669 ACQUA DISTRIBUIDORA DE PERFUMES E;07891033522828;INTENSE GLOS LAB 215 V2 5ml;1,000;41,31;41,31;17,87;0,00;0,00;23,44;56,74;131,17;0,62;98,93;C;;
15/08/2026;024669 - 24669 ACQUA DISTRIBUIDORA DE PERFUMES E;07891033909544;GLAMOUR DES COL INTENSE PRM 10ml;2,000;34,42;17,21;12,38;0,00;0,00;22,04;64,03;178,03;0,58;99,51;C;;
15/08/2026;024669 - 24669 ACQUA DISTRIBUIDORA DE PERFUMES E;07891033881291;BOTIK SRUM FAC A/P PREENCH AC/H PRM 10ml;1,000;15,88;15,88;0,00;0,00;0,00;15,88;100,00;0,00;0,42;99,93;C;;
15/08/2026;024669 - 24669 ACQUA DISTRIBUIDORA DE PERFUMES E;07891033557660;BOTI BABY SAB LIQ GLICERINA 50ml PRM;1,000;14,99;14,99;2,76;0,00;0,00;12,23;81,59;443,12;0,32;100,25;C;;
15/08/2026;024669 - 24669 ACQUA DISTRIBUIDORA DE PERFUMES E;07891033894017;CX PRESENTE M BOTI INST/25 VDA;1,000;11,68;11,68;0,00;0,00;0,00;11,68;100,00;0,00;0,31;100,56;C;;
15/08/2026;024669 - 24669 ACQUA DISTRIBUIDORA DE PERFUMES E;07891033531868;BOTIK SRUM FAC ALT POT VITAM C 15ml;1,000;69,24;69,24;60,87;0,00;0,00;8,37;12,09;13,75;0,22;100,78;C;;
15/08/2026;024669 - 24669 ACQUA DISTRIBUIDORA DE PERFUMES E;07891033881376;FLORATTA EDP ROSE SUCREE PRM 10ml;2,000;0,02;0,01;13,92;0,00;0,00;-13,90;-69500,00;-99,86;-0,37;100,41;C;;
15/08/2026;024669 - 24669 ACQUA DISTRIBUIDORA DE PERFUMES E;07891033534098;REF NSPA SAB LIQ CPO PERF AMEIXA 200ml;1,000;0,01;0,01;15,74;0,00;0,00;-15,73;-157300,00;-99,94;-0,41;100,00;C;;
15/08/2026;024670 - ACQUA DISTRIBUIDORA DE PERFUMES E COSMETICOS LTDA;07891033902378;ESTJ ZAAD PAIS/26;1,000;293,66;293,66;119,71;0,00;0,00;173,95;59,24;145,31;11,24;11,24;A;;
15/08/2026;024670 - ACQUA DISTRIBUIDORA DE PERFUMES E COSMETICOS LTDA;07891033880225;BOTICA 214 EDP FOUG/AR V/FIRENZ V2 90ml;1,000;180,85;180,85;46,17;0,00;0,00;134,68;74,47;291,70;8,71;19,95;A;;
15/08/2026;024670 - ACQUA DISTRIBUIDORA DE PERFUMES E COSMETICOS LTDA;07891033837564;COFFEE DES COL WOMAN LUCKY 100ML;2,000;214,90;107,45;80,58;0,00;0,00;134,32;62,50;166,69;8,68;28,63;A;;
15/08/2026;024670 - ACQUA DISTRIBUIDORA DE PERFUMES E COSMETICOS LTDA;07891033856442;BOTICA 214 EDP ARAB/OASIS FLOR/FRUT 75ml;1,000;229,90;229,90;96,32;0,00;0,00;133,58;58,10;138,68;8,63;37,27;A;;
15/08/2026;024670 - ACQUA DISTRIBUIDORA DE PERFUMES E COSMETICOS LTDA;07891033595174;REF NSPA LOC DES HID CPO AMEIXA 350ml;6,000;171,95;28,66;62,40;0,00;0,00;109,55;63,71;175,56;7,08;44,35;A;;
15/08/2026;024670 - ACQUA DISTRIBUIDORA DE PERFUMES E COSMETICOS LTDA;07891033842131;EGEO DES COL VAN VIBE 90ml;1,000;164,90;164,90;56,88;0,00;0,00;108,02;65,51;189,91;6,98;51,33;A;;
15/08/2026;024670 - ACQUA DISTRIBUIDORA DE PERFUMES E COSMETICOS LTDA;07891033744381;ARBO DES COL 100ml V4;1,000;180,00;180,00;75,37;0,00;0,00;104,63;58,13;138,82;6,76;58,09;A;;
15/08/2026;024670 - ACQUA DISTRIBUIDORA DE PERFUMES E COSMETICOS LTDA;07891033909537;GLAMOUR DES COL INTENSE 75ml;1,000;133,57;133,57;38,43;0,00;0,00;95,14;71,23;247,57;6,15;64,24;A;;
15/08/2026;024670 - ACQUA DISTRIBUIDORA DE PERFUMES E COSMETICOS LTDA;07891033481811;LILY OL PERF DES CPO 150ml V11;1,000;91,90;91,90;19,49;0,00;0,00;72,41;78,79;371,52;4,68;68,92;A;;
15/08/2026;024670 - ACQUA DISTRIBUIDORA DE PERFUMES E COSMETICOS LTDA;07891033818495;LINDA DES COL FELICIDADE V2 100ml;1,000;101,79;101,79;36,87;0,00;0,00;64,92;63,78;176,08;4,20;73,12;A;;
15/08/2026;024670 - ACQUA DISTRIBUIDORA DE PERFUMES E COSMETICOS LTDA;07891033479054;BOTICOLL ACQUA FRESCA DES COL 100ml V2;1,000;80,52;80,52;23,98;0,00;0,00;56,54;70,22;235,78;3,65;76,77;A;;
15/08/2026;024670 - ACQUA DISTRIBUIDORA DE PERFUMES E COSMETICOS LTDA;07891033860586;SOPHIE SPLSH CPO/CAB SHIM BRLH/INT 110ml;1,000;68,99;68,99;15,46;0,00;0,00;53,53;77,59;346,25;3,46;80,23;B;;
15/08/2026;024670 - ACQUA DISTRIBUIDORA DE PERFUMES E COSMETICOS LTDA;07891033533862;BOTIK PROT SOL FAC FPS 80 AC/HIAL 40ml;1,000;73,14;73,14;26,84;0,00;0,00;46,30;63,30;172,50;2,99;83,23;B;;
15/08/2026;024670 - ACQUA DISTRIBUIDORA DE PERFUMES E COSMETICOS LTDA;07891033922222;BOTICA 214 LOC D H CP AR/OAS FL/FR 150ml;1,000;64,90;64,90;24,25;0,00;0,00;40,65;62,63;167,63;2,63;85,85;B;;
15/08/2026;024670 - ACQUA DISTRIBUIDORA DE PERFUMES E COSMETICOS LTDA;07891033718771;BOTICOLL CRAZY DES COL FEELINGS 100ml;1,000;80,53;80,53;41,43;0,00;0,00;39,10;48,55;94,38;2,53;88,38;B;;
15/08/2026;024670 - ACQUA DISTRIBUIDORA DE PERFUMES E COSMETICOS LTDA;07891033498789;CBEM LOC DES HID CPO BOA NOITE V2 400ml;1,000;48,70;48,70;15,18;0,00;0,00;33,52;68,83;220,82;2,17;90,55;B;;
15/08/2026;024670 - ACQUA DISTRIBUIDORA DE PERFUMES E COSMETICOS LTDA;07891033499571;REF NSPA LOC DES HID CPO ORQ NOIRE 350ml;2,000;56,00;28,00;25,34;0,00;0,00;30,66;54,75;120,99;1,98;92,53;B;;
15/08/2026;024670 - ACQUA DISTRIBUIDORA DE PERFUMES E COSMETICOS LTDA;07891033588695;BOTI NECESS MASC AZUL LONA NAT/24;1,000;46,07;46,07;21,43;0,00;1,68;22,96;49,83;114,98;1,48;94,01;B;;
15/08/2026;024670 - ACQUA DISTRIBUIDORA DE PERFUMES E COSMETICOS LTDA;07891033511235;CBEM DES COL BDY SPLSH BOA NOIT V2 200ml;1,000;58,56;58,56;36,50;0,00;0,00;22,06;37,67;60,44;1,43;95,44;C;;
15/08/2026;024670 - ACQUA DISTRIBUIDORA DE PERFUMES E COSMETICOS LTDA;07891033491391;MATCH LEAVE IN HIDRATACAO ANTIF 150ml;1,000;40,00;40,00;19,00;0,00;0,00;21,00;52,50;110,53;1,36;96,80;C;;
15/08/2026;024670 - ACQUA DISTRIBUIDORA DE PERFUMES E COSMETICOS LTDA;07891033850679;EGEO DES COL COGU MELLOW 90ml;1,000;76,32;76,32;56,91;0,00;0,00;19,41;25,43;34,11;1,25;98,05;C;;
15/08/2026;024670 - ACQUA DISTRIBUIDORA DE PERFUMES E COSMETICOS LTDA;07891033511310;CBEM DES ANTIT ROL BEIJINHO V3 55ml;1,000;19,25;19,25;7,58;0,00;0,00;11,67;60,62;153,96;0,75;98,81;C;;
15/08/2026;024670 - ACQUA DISTRIBUIDORA DE PERFUMES E COSMETICOS LTDA;07891033974368;CAIXA LACO M BOTI PAIS 2026 UNIT;1,000;10,62;10,62;0,00;0,00;0,00;10,62;100,00;0,00;0,69;99,49;C;;
15/08/2026;024670 - ACQUA DISTRIBUIDORA DE PERFUMES E COSMETICOS LTDA;07891033535101;CBEM LOC DES HID CPO SHOW/BNH V2 200ml;2,000;49,13;24,56;41,66;0,00;0,00;7,47;15,20;17,93;0,48;99,97;C;;
15/08/2026;024670 - ACQUA DISTRIBUIDORA DE PERFUMES E COSMETICOS LTDA;07891033948994;CBEM GEL LIMP FAC FEIR TANGERINA PRM 50g;1,000;13,54;13,54;6,66;0,00;0,00;6,88;50,81;103,30;0,44;100,42;C;;
15/08/2026;024670 - ACQUA DISTRIBUIDORA DE PERFUMES E COSMETICOS LTDA;07891033888528;CARTAO PRESENTE BOTICARIO MAES 25 UNIT;1,000;0,46;0,46;0,00;0,00;0,00;0,46;100,00;0,00;0,03;100,45;C;;
15/08/2026;024670 - ACQUA DISTRIBUIDORA DE PERFUMES E COSMETICOS LTDA;07891033881376;FLORATTA EDP ROSE SUCREE PRM 10ml;1,000;0,01;0,01;6,96;0,00;0,00;-6,95;-69500,00;-99,86;-0,45;100,00;C;;
15/08/2026;024671 - 24671 ACQUA DISTRIBUIDORA DE PERFUMES E;07891033878420;THE BLEND EDP SAFFRON 100ml;1,000;348,59;348,59;94,25;0,00;0,00;254,34;72,96;269,86;12,87;12,87;A;;
15/08/2026;024671 - 24671 ACQUA DISTRIBUIDORA DE PERFUMES E;07891033855629;ESTJ MALBEC PREMIUM PAIS/25;1,000;373,30;373,30;149,92;0,00;0,00;223,38;59,84;149,00;11,31;24,18;A;;
15/08/2026;024671 - 24671 ACQUA DISTRIBUIDORA DE PERFUMES E;07891033909537;GLAMOUR DES COL INTENSE 75ml;2,000;295,88;147,94;76,86;0,00;0,00;219,02;74,02;284,96;11,09;35,26;A;;
15/08/2026;024671 - 24671 ACQUA DISTRIBUIDORA DE PERFUMES E;07891033826889;EGEO DES COL DOLCE C/CAR 90ml;1,000;164,90;164,90;30,47;0,00;0,00;134,43;81,52;441,19;6,80;42,07;A;;
15/08/2026;024671 - 24671 ACQUA DISTRIBUIDORA DE PERFUMES E;07891033843916;MALBEC DES COL GOLD V3 100ml;1,000;211,78;211,78;98,84;0,00;0,00;112,94;53,33;114,27;5,72;47,78;A;;
15/08/2026;024671 - 24671 ACQUA DISTRIBUIDORA DE PERFUMES E;07891033554072;BOTIK CR NUTR FIRM ROS/PESC RESV/SIL 40g;1,000;157,35;157,35;48,53;0,00;0,00;108,82;69,16;224,23;5,51;53,29;A;;
15/08/2026;024671 - 24671 ACQUA DISTRIBUIDORA DE PERFUMES E;07891033548866;ESTJ BOTI BABY CASINHA;1,000;153,35;153,35;48,97;0,00;0,00;104,38;68,07;213,15;5,28;58,57;A;;
15/08/2026;024671 - 24671 ACQUA DISTRIBUIDORA DE PERFUMES E;07891033514489;FLORATTA DES COL GOLD 75ml V2;1,000;124,44;124,44;30,27;0,00;0,00;94,17;75,68;311,10;4,77;63,34;A;;
15/08/2026;024671 - 24671 ACQUA DISTRIBUIDORA DE PERFUMES E;07891033512362;CBEM DES COL BDY SPLSH PESSEGUR V2 200ml;2,000;127,44;63,72;36,14;0,00;0,00;91,30;71,64;252,63;4,62;67,96;A;;
15/08/2026;024671 - 24671 ACQUA DISTRIBUIDORA DE PERFUMES E;07891033776894;REF LILY CR HID DES ACET CPO ABSOLU 250g;1,000;89,23;89,23;15,71;0,00;0,00;73,52;82,39;467,98;3,72;71,68;A;;
15/08/2026;024671 - 24671 ACQUA DISTRIBUIDORA DE PERFUMES E;07891033896530;EGEO DES COL VANILLA UBESESSION 90ml;1,000;103,00;103,00;29,65;0,00;0,00;73,35;71,21;247,39;3,71;75,40;A;;
15/08/2026;024671 - 24671 ACQUA DISTRIBUIDORA DE PERFUMES E;07891033854233;NSPA OL CREM CPO ROSAS SECRETAS 175g;1,000;86,72;86,72;31,39;0,00;0,00;55,33;63,80;176,27;2,80;78,20;A;;
15/08/2026;024671 - 24671 ACQUA DISTRIBUIDORA DE PERFUMES E;07891033526383;MAKE B MASC CILIO 4K PANORAMIC 10g V2;1,000;69,89;69,89;21,05;0,00;0,00;48,84;69,88;232,02;2,47;80,67;B;;
15/08/2026;024671 - 24671 ACQUA DISTRIBUIDORA DE PERFUMES E;07891033595174;REF NSPA LOC DES HID CPO AMEIXA 350ml;2,000;63,28;31,64;21,04;0,00;0,00;42,24;66,75;200,76;2,14;82,81;B;;
15/08/2026;024671 - 24671 ACQUA DISTRIBUIDORA DE PERFUMES E;07891033487004;EGEO DES COL HIT 90ml V2;2,000;147,31;73,65;105,84;0,00;0,00;41,47;28,15;39,18;2,10;84,90;B;;
15/08/2026;024671 - 24671 ACQUA DISTRIBUIDORA DE PERFUMES E;07891033874910;BOTIK GEL LIMP F MCL AC MAND/SAL V2 150g;1,000;65,90;65,90;26,27;0,00;0,00;39,63;60,14;150,86;2,01;86,91;B;;
15/08/2026;024671 - 24671 ACQUA DISTRIBUIDORA DE PERFUMES E;07891033890279;MAKE B CORRET LIQ HYAL 140Q 68ml;1,000;50,52;50,52;14,97;0,00;0,00;35,55;70,37;237,47;1,80;88,71;B;;
15/08/2026;024671 - 24671 ACQUA DISTRIBUIDORA DE PERFUMES E;07891033836840;DR BOTICA COL POC/AVENTURA 120ml;1,000;69,53;69,53;40,57;0,00;0,00;28,96;41,65;71,38;1,47;90,18;B;;
15/08/2026;024671 - 24671 ACQUA DISTRIBUIDORA DE PERFUMES E;07891033534760;DR BOTICA TRIO SAB BARR BNH/ENC 3x80g V2;1,000;42,24;42,24;15,09;0,00;0,00;27,15;64,28;179,92;1,37;91,55;B;;
15/08/2026;024671 - 24671 ACQUA DISTRIBUIDORA DE PERFUMES E;07891033587759;MALBEC SHW GEL CAB/CPO GOLD 75g;1,000;31,60;31,60;10,16;0,00;0,00;21,44;67,85;211,02;1,09;92,63;B;;
15/08/2026;024671 - 24671 ACQUA DISTRIBUIDORA DE PERFUMES E;07891033490257;FLORATTA DES BDY SPR ROSE 100ml V8;1,000;45,32;45,32;24,05;0,00;0,00;21,27;46,93;88,44;1,08;93,71;B;;
15/08/2026;024671 - 24671 ACQUA DISTRIBUIDORA DE PERFUMES E;07891033512140;QUASAR DES ANTIT AER BLUE V10 75g;1,000;32,19;32,19;11,27;0,00;0,00;20,92;64,99;185,63;1,06;94,77;B;;
15/08/2026;024671 - 24671 ACQUA DISTRIBUIDORA DE PERFUMES E;07891033944996;CBEM SAB BARRA PESSEGURA V3 4x80g;1,000;33,33;33,33;12,70;0,00;0,00;20,63;61,90;162,44;1,04;95,81;C;;
15/08/2026;024671 - 24671 ACQUA DISTRIBUIDORA DE PERFUMES E;07891033507269;QUASAR DES ANTIT AER RUSH 75g/125ml;1,000;32,18;32,18;12,46;0,00;0,00;19,72;61,28;158,27;1,00;96,81;C;;
15/08/2026;024671 - 24671 ACQUA DISTRIBUIDORA DE PERFUMES E;07891033758272;MALBEC DES ANTIT AER GOLD 75g/125ml V2;1,000;36,13;36,13;17,27;0,00;0,00;18,86;52,20;109,21;0,95;97,77;C;;
15/08/2026;024671 - 24671 ACQUA DISTRIBUIDORA DE PERFUMES E;07891033946730;CBEM GEL LIMP FAC FEIR TANGERINA V2 150g;1,000;32,46;32,46;15,55;0,00;0,00;16,91;52,09;108,75;0,86;98,62;C;;
15/08/2026;024671 - 24671 ACQUA DISTRIBUIDORA DE PERFUMES E;07891033748938;EGEO DES BDY SPR DOLCE 100ml V8 PCK;1,000;37,90;37,90;24,05;0,00;0,00;13,85;36,54;57,59;0,70;99,32;C;;
15/08/2026;024671 - 24671 ACQUA DISTRIBUIDORA DE PERFUMES E;07891033867684;FLORATTA SAB LIQ CPO RED 150ml;2,000;44,90;22,45;31,56;0,00;0,00;13,34;29,71;42,27;0,68;100,00;C;;
15/08/2026;024671 - 24671 ACQUA DISTRIBUIDORA DE PERFUMES E;07891033771837;LIZ CREM DES HID CPO 250g;2,000;42,75;21,37;29,72;0,00;0,00;13,03;30,48;43,84;0,66;100,66;C;;
15/08/2026;024671 - 24671 ACQUA DISTRIBUIDORA DE PERFUMES E;07891033894017;CX PRESENTE M BOTI INST/25 VDA;1,000;11,09;11,09;7,37;0,00;0,00;3,72;33,54;50,47;0,19;100,85;C;;
15/08/2026;024671 - 24671 ACQUA DISTRIBUIDORA DE PERFUMES E;07891033536283;BOTIK GEL LIMP FAC VITAM C PRM 50g;1,000;0,01;0,01;0,00;0,00;0,00;0,01;100,00;0,00;0,00;100,85;C;;
15/08/2026;024671 - 24671 ACQUA DISTRIBUIDORA DE PERFUMES E;07891033908233;SACOLA G O BOTICARIO INST/25;1,000;0,01;0,01;2,50;0,00;0,00;-2,49;-24900,00;-99,60;-0,13;100,72;C;;
15/08/2026;024671 - 24671 ACQUA DISTRIBUIDORA DE PERFUMES E;07891033908219;SACOLA P BOTICARIO INST/25;5,000;0,05;0,01;6,55;0,00;0,00;-6,50;-13000,00;-99,24;-0,33;100,39;C;;
15/08/2026;024671 - 24671 ACQUA DISTRIBUIDORA DE PERFUMES E;07891033908226;SACOLA M BOTICARIO INST/25;5,000;0,05;0,01;7,80;0,00;0,00;-7,75;-15500,00;-99,36;-0,39;100,00;C;;
16/08/2026;024617 - ACQUA DISTRIBUIDORA DE PERFUMES E COSMETICOS LTDA;07891033481811;LILY OL PERF DES CPO 150ml V11;1,000;87,62;87,62;19,71;0,00;0,00;67,91;77,51;344,55;26,74;26,74;A;;
16/08/2026;024617 - ACQUA DISTRIBUIDORA DE PERFUMES E COSMETICOS LTDA;07891033479054;BOTICOLL ACQUA FRESCA DES COL 100ml V2;2,000;166,74;83,37;117,88;0,00;0,00;48,86;29,30;41,45;19,24;45,97;A;;
16/08/2026;024617 - ACQUA DISTRIBUIDORA DE PERFUMES E COSMETICOS LTDA;07891033512256;BOTICOLL SAB BARR CPO PERF 5x80g V2;1,000;52,34;52,34;19,66;0,00;0,00;32,68;62,44;166,23;12,87;58,84;A;;
16/08/2026;024617 - ACQUA DISTRIBUIDORA DE PERFUMES E COSMETICOS LTDA;07891033945726;DR BOTICA COL POC/CRIATIV V2 120ml;1,000;70,52;70,52;41,00;0,00;0,00;29,52;41,86;72,00;11,62;70,46;A;;
16/08/2026;024617 - ACQUA DISTRIBUIDORA DE PERFUMES E COSMETICOS LTDA;07891033706839;DR BOTICA SAB BARRA TRIO BNH CORAC 3x80g;1,000;44,90;44,90;16,18;0,00;0,00;28,72;63,96;177,50;11,31;81,77;B;;
16/08/2026;024617 - ACQUA DISTRIBUIDORA DE PERFUMES E COSMETICOS LTDA;07891033512362;CBEM DES COL BDY SPLSH PESSEGUR V2 200ml;1,000;64,37;64,37;36,91;0,00;0,00;27,46;42,66;74,40;10,81;92,58;B;;
16/08/2026;024617 - ACQUA DISTRIBUIDORA DE PERFUMES E COSMETICOS LTDA;07891033035304;CAIXA M INST 2021 VERDE ECONOMICA;3,000;10,11;3,37;0,00;0,00;0,00;10,11;100,00;0,00;3,98;96,56;C;;
16/08/2026;024617 - ACQUA DISTRIBUIDORA DE PERFUMES E COSMETICOS LTDA;07891033860777;COFFEE DES ANTIT AER ORIENT/AMB 125ml;1,000;27,90;27,90;17,86;0,00;0,00;10,04;35,99;56,22;3,95;100,51;C;;
16/08/2026;024617 - ACQUA DISTRIBUIDORA DE PERFUMES E COSMETICOS LTDA;07891033908219;SACOLA P BOTICARIO INST/25;1,000;0,01;0,01;1,31;0,00;0,00;-1,30;-13000,00;-99,24;-0,51;100,00;C;;
17/08/2026;024303 - 24303 ACQUA DISTRIBUIDORA DE PERFUMES E;07891033837564;COFFEE DES COL WOMAN LUCKY 100ML;2,000;234,18;117,09;81,42;0,00;0,00;152,76;65,23;187,62;17,72;17,72;A;;
17/08/2026;024303 - 24303 ACQUA DISTRIBUIDORA DE PERFUMES E;07891033869831;HER CODE EDP CLIMAX 50ml;1,000;174,07;174,07;53,67;0,00;0,00;120,40;69,17;224,33;13,97;31,69;A;;
17/08/2026;024303 - 24303 ACQUA DISTRIBUIDORA DE PERFUMES E;07891033481415;ACCORDES DES COL 80ml V5;1,000;124,40;124,40;41,29;0,00;0,00;83,11;66,81;201,28;9,64;41,33;A;;
17/08/2026;024303 - 24303 ACQUA DISTRIBUIDORA DE PERFUMES E;07891033486212;FLORATTA EDP FLEUR D ECLIPSE 75ml;1,000;169,24;169,24;90,59;0,00;0,00;78,65;46,47;86,82;9,12;50,45;A;;
17/08/2026;024303 - 24303 ACQUA DISTRIBUIDORA DE PERFUMES E;07891033587339;BOTICA 214 EDP SEV/DOR FLOR/FRUT 75ml;1,000;173,59;173,59;102,14;0,00;0,00;71,45;41,16;69,95;8,29;58,74;A;;
17/08/2026;024303 - 24303 ACQUA DISTRIBUIDORA DE PERFUMES E;07891033896530;EGEO DES COL VANILLA UBESESSION 90ml;1,000;119,37;119,37;59,93;0,00;0,00;59,44;49,79;99,18;6,89;65,63;A;;
17/08/2026;024303 - 24303 ACQUA DISTRIBUIDORA DE PERFUMES E;07891033860586;SOPHIE SPLSH CPO/CAB SHIM BRLH/INT 110ml;1,000;69,99;69,99;15,62;0,00;0,00;54,37;77,68;348,08;6,31;71,94;A;;
17/08/2026;024303 - 24303 ACQUA DISTRIBUIDORA DE PERFUMES E;07891033836840;DR BOTICA COL POC/AVENTURA 120ml;1,000;69,99;69,99;19,41;0,00;0,00;50,58;72,27;260,59;5,87;77,80;A;;
17/08/2026;024303 - 24303 ACQUA DISTRIBUIDORA DE PERFUMES E;07891033479054;BOTICOLL ACQUA FRESCA DES COL 100ml V2;1,000;78,71;78,71;36,22;0,00;0,00;42,49;53,98;117,31;4,93;82,73;B;;
17/08/2026;024303 - 24303 ACQUA DISTRIBUIDORA DE PERFUMES E;07891033512133;ACCORDES DES COL HARMONIA 80ml V4;1,000;130,16;130,16;89,83;0,00;0,00;40,33;30,98;44,90;4,68;87,41;B;;
17/08/2026;024303 - 24303 ACQUA DISTRIBUIDORA DE PERFUMES E;07891033718771;BOTICOLL CRAZY DES COL FEELINGS 100ml;1,000;78,71;78,71;40,32;0,00;0,00;38,39;48,77;95,21;4,45;91,86;B;;
17/08/2026;024303 - 24303 ACQUA DISTRIBUIDORA DE PERFUMES E;07891033013029;PMPCK LILY DES ANTIT AER 2x75g;1,000;55,90;55,90;26,42;0,00;0,00;29,48;52,74;111,58;3,42;95,28;C;;
17/08/2026;024303 - 24303 ACQUA DISTRIBUIDORA DE PERFUMES E;07891033816231;MAKE B BAT MATE C/AC POLIGL VIOLET 4g;1,000;49,60;49,60;26,70;0,00;0,00;22,90;46,17;85,77;2,66;97,94;C;;
17/08/2026;024303 - 24303 ACQUA DISTRIBUIDORA DE PERFUMES E;07891033880188;MAKE B BAT LIQ MAT AC/POL WARM/CA V2 5ml;1,000;50,00;50,00;29,43;0,00;0,00;20,57;41,14;69,89;2,39;100,33;C;;
17/08/2026;024303 - 24303 ACQUA DISTRIBUIDORA DE PERFUMES E;07891033524686;BOTIK GEL LIM FAC MIC AC MAN/SAL 50g PRM;1,000;15,90;15,90;0,00;0,00;0,00;15,90;100,00;0,00;1,84;102,17;C;;
17/08/2026;024303 - 24303 ACQUA DISTRIBUIDORA DE PERFUMES E;07891033471454;CBEM DES ANTIT ROLL PROTECT/BEAUTY 55ml;1,000;19,71;19,71;12,92;0,00;0,00;6,79;34,45;52,55;0,79;102,96;C;;
17/08/2026;024303 - 24303 ACQUA DISTRIBUIDORA DE PERFUMES E;07891033908196;SACOLA PP BOTICARIO INST/25;1,000;0,01;0,01;0,71;0,00;0,00;-0,70;-7000,00;-98,59;-0,08;102,88;C;;
17/08/2026;024303 - 24303 ACQUA DISTRIBUIDORA DE PERFUMES E;07891033908219;SACOLA P BOTICARIO INST/25;1,000;0,01;0,01;1,31;0,00;0,00;-1,30;-13000,00;-99,24;-0,15;102,73;C;;
17/08/2026;024303 - 24303 ACQUA DISTRIBUIDORA DE PERFUMES E;07891033949892;CBEM LIVRO PARA COLORIR PAPEL;1,000;23,80;23,80;20,48;4,52;0,87;-2,07;-8,70;16,21;-0,24;102,49;C;;
17/08/2026;024303 - 24303 ACQUA DISTRIBUIDORA DE PERFUMES E;07891033957996;NSPA CR PERF DES HID CP AMX/INT PRM 50ml;1,000;0,01;0,01;2,26;0,00;0,00;-2,25;-22500,00;-99,56;-0,26;102,22;C;;
17/08/2026;024303 - 24303 ACQUA DISTRIBUIDORA DE PERFUMES E;07891033908226;SACOLA M BOTICARIO INST/25;6,000;0,06;0,01;9,36;0,00;0,00;-9,30;-15500,00;-99,36;-1,08;101,15;C;;
17/08/2026;024303 - 24303 ACQUA DISTRIBUIDORA DE PERFUMES E;07891033949083;MAKE B PRIMER FAC ANTIOL SALIC PRM 5ml;2,000;0,02;0,01;9,90;0,00;0,00;-9,88;-49400,00;-99,80;-1,15;100,00;C;;
17/08/2026;024617 - ACQUA DISTRIBUIDORA DE PERFUMES E COSMETICOS LTDA;07891033843909;MALBEC DES COL MAGNETIC V3 100ml;1,000;219,90;219,90;61,42;0,00;0,00;158,48;72,07;258,03;20,50;20,50;A;;
17/08/2026;024617 - ACQUA DISTRIBUIDORA DE PERFUMES E COSMETICOS LTDA;07891033826858;EGEO DES COL BOMB BLACK C/CAR 90ml;1,000;164,90;164,90;61,82;0,00;0,00;103,08;62,51;166,74;13,33;33,83;A;;
17/08/2026;024617 - ACQUA DISTRIBUIDORA DE PERFUMES E COSMETICOS LTDA;07891033512133;ACCORDES DES COL HARMONIA 80ml V4;1,000;126,33;126,33;41,81;0,00;0,00;84,52;66,90;202,15;10,93;44,76;A;;
17/08/2026;024617 - ACQUA DISTRIBUIDORA DE PERFUMES E COSMETICOS LTDA;07891033863693;NSPA DES COL BDY SPLSH ORQ/LUMIERE 200ml;1,000;104,45;104,45;20,71;0,00;0,00;83,74;80,17;404,35;10,83;55,60;A;;
17/08/2026;024617 - ACQUA DISTRIBUIDORA DE PERFUMES E COSMETICOS LTDA;07891033818495;LINDA DES COL FELICIDADE V2 100ml;1,000;111,17;111,17;35,85;0,00;0,00;75,32;67,75;210,10;9,74;65,34;A;;
17/08/2026;024617 - ACQUA DISTRIBUIDORA DE PERFUMES E COSMETICOS LTDA;07891033890736;MAKE B BASE LIQ HYALURONIC 290N 30ml;1,000;103,04;103,04;42,70;0,00;0,00;60,34;58,56;141,31;7,80;73,14;A;;
17/08/2026;024617 - ACQUA DISTRIBUIDORA DE PERFUMES E COSMETICOS LTDA;07891033757664;MAKE B BAS PO MINERAL 60 55g;1,000;104,57;104,57;54,24;0,00;0,00;50,33;48,13;92,79;6,51;79,65;A;;
17/08/2026;024617 - ACQUA DISTRIBUIDORA DE PERFUMES E COSMETICOS LTDA;07891033598236;NSPA CR PERF DES CPO ORQ/LUMIER 400ml;1,000;84,31;84,31;35,72;0,00;0,00;48,59;57,63;136,03;6,29;85,94;B;;
17/08/2026;024617 - ACQUA DISTRIBUIDORA DE PERFUMES E COSMETICOS LTDA;07891033598298;NSPA CR PERF DES CPO ORQ/LUMIER 180ml;1,000;61,68;61,68;23,95;0,00;0,00;37,73;61,17;157,54;4,88;90,82;B;;
17/08/2026;024617 - ACQUA DISTRIBUIDORA DE PERFUMES E COSMETICOS LTDA;07891033816187;MAKE B BAT MATE C/AC POLIGL RED SUPR 4g;1,000;48,68;48,68;26,70;0,00;0,00;21,98;45,15;82,32;2,84;93,66;B;;
17/08/2026;024617 - ACQUA DISTRIBUIDORA DE PERFUMES E COSMETICOS LTDA;07891033945382;NSPA SAB BARRA CORP AMEI/NEG V4 2x90g;1,000;28,04;28,04;8,92;0,00;0,00;19,12;68,19;214,35;2,47;96,14;C;;
17/08/2026;024617 - ACQUA DISTRIBUIDORA DE PERFUMES E COSMETICOS LTDA;07891033534166;LIZ CR DES HID CPO INTENSO 250g;1,000;46,83;46,83;32,89;0,00;0,00;13,94;29,77;42,38;1,80;97,94;C;;
17/08/2026;024617 - ACQUA DISTRIBUIDORA DE PERFUMES E COSMETICOS LTDA;07891033867684;FLORATTA SAB LIQ CPO RED 150ml;1,000;28,07;28,07;15,93;0,00;0,00;12,14;43,25;76,21;1,57;99,51;C;;
17/08/2026;024617 - ACQUA DISTRIBUIDORA DE PERFUMES E COSMETICOS LTDA;07891033974368;CAIXA LACO M BOTI PAIS 2026 UNIT;1,000;10,92;10,92;0,00;0,00;0,00;10,92;100,00;0,00;1,41;100,92;C;;
17/08/2026;024617 - ACQUA DISTRIBUIDORA DE PERFUMES E COSMETICOS LTDA;07891033771837;LIZ CREM DES HID CPO 250g;1,000;38,74;38,74;28,87;0,00;0,00;9,87;25,48;34,19;1,28;102,20;C;;
17/08/2026;024617 - ACQUA DISTRIBUIDORA DE PERFUMES E COSMETICOS LTDA;07891033894208;REF NSPA LOC DES H CP ORQ/NOIRE V2 350ml;1,000;36,16;36,16;27,84;0,00;0,00;8,32;23,01;29,89;1,08;103,27;C;;
17/08/2026;024617 - ACQUA DISTRIBUIDORA DE PERFUMES E COSMETICOS LTDA;07891033524686;BOTIK GEL LIM FAC MIC AC MAN/SAL 50g PRM;1,000;0,01;0,01;0,00;0,00;0,00;0,01;100,00;0,00;0,00;103,28;C;;
17/08/2026;024617 - ACQUA DISTRIBUIDORA DE PERFUMES E COSMETICOS LTDA;07891033908219;SACOLA P BOTICARIO INST/25;3,000;0,03;0,01;3,93;0,00;0,00;-3,90;-13000,00;-99,24;-0,50;102,77;C;;
17/08/2026;024617 - ACQUA DISTRIBUIDORA DE PERFUMES E COSMETICOS LTDA;07891033850563;EGEO DES COL DOLCE ILLUSION PRM 10ml;1,000;0,01;0,01;7,30;0,00;0,00;-7,29;-72900,00;-99,86;-0,94;101,83;C;;
17/08/2026;024617 - ACQUA DISTRIBUIDORA DE PERFUMES E COSMETICOS LTDA;07891033883103;CBEM LOC DES HID CPO MORAN/LEIT V8 400ml;1,000;0,01;0,01;14,14;0,00;0,00;-14,13;-141300,00;-99,93;-1,83;100,00;C;;
17/08/2026;024668 - ACQUA DISTRIBUIDORA DE PERFUMES E COSMETICOS LTDA;07891033483037;FLORATTA DES COL RED V2 75ml;3,000;357,42;119,14;106,56;0,00;0,00;250,86;70,19;235,42;7,76;7,76;A;;
17/08/2026;024668 - ACQUA DISTRIBUIDORA DE PERFUMES E COSMETICOS LTDA;07891033553570;MALBEC EDP 90ml;1,000;269,96;269,96;57,29;0,00;0,00;212,67;78,78;371,22;6,58;14,35;A;;
17/08/2026;024668 - ACQUA DISTRIBUIDORA DE PERFUMES E COSMETICOS LTDA;07891033818495;LINDA DES COL FELICIDADE V2 100ml;3,000;297,33;99,11;106,44;0,00;0,00;190,89;64,20;179,34;5,91;20,26;A;;
17/08/2026;024668 - ACQUA DISTRIBUIDORA DE PERFUMES E COSMETICOS LTDA;07891033896530;EGEO DES COL VANILLA UBESESSION 90ml;2,000;248,30;124,15;59,30;0,00;0,00;189,00;76,12;318,72;5,85;26,11;A;;
17/08/2026;024668 - ACQUA DISTRIBUIDORA DE PERFUMES E COSMETICOS LTDA;07891033483150;FLORATTA DES COL GOLD V3 75ml;2,000;245,07;122,53;57,32;0,00;0,00;187,75;76,61;327,55;5,81;31,92;A;;
17/08/2026;024668 - ACQUA DISTRIBUIDORA DE PERFUMES E COSMETICOS LTDA;07891033843916;MALBEC DES COL GOLD V3 100ml;1,000;225,65;225,65;50,55;0,00;0,00;175,10;77,60;346,39;5,42;37,34;A;;
17/08/2026;024668 - ACQUA DISTRIBUIDORA DE PERFUMES E COSMETICOS LTDA;07891033843923;MALBEC DES COL BLACK V2 100ml;1,000;229,00;229,00;102,34;0,00;0,00;126,66;55,31;123,76;3,92;41,26;A;;
17/08/2026;024668 - ACQUA DISTRIBUIDORA DE PERFUMES E COSMETICOS LTDA;07891033909537;GLAMOUR DES COL INTENSE 75ml;1,000;164,90;164,90;38,43;0,00;0,00;126,47;76,69;329,09;3,91;45,17;A;;
17/08/2026;024668 - ACQUA DISTRIBUIDORA DE PERFUMES E COSMETICOS LTDA;07891033837564;COFFEE DES COL WOMAN LUCKY 100ML;2,000;199,76;99,88;80,58;0,00;0,00;119,18;59,66;147,90;3,69;48,86;A;;
17/08/2026;024668 - ACQUA DISTRIBUIDORA DE PERFUMES E COSMETICOS LTDA;07891033883646;QUASAR DES COL CLASSIC V2 100ml;1,000;144,90;144,90;28,10;0,00;0,00;116,80;80,61;415,66;3,62;52,48;A;;
17/08/2026;024668 - ACQUA DISTRIBUIDORA DE PERFUMES E COSMETICOS LTDA;07891033902422;ESTJ UOMINI PAIS/26;1,000;199,90;199,90;87,14;0,00;0,00;112,76;56,41;129,40;3,49;55,97;A;;
17/08/2026;024668 - ACQUA DISTRIBUIDORA DE PERFUMES E COSMETICOS LTDA;07891033222490;FREE DES COL BOTICOLL 100ml V4;1,000;167,99;167,99;59,49;0,00;0,00;108,50;64,59;182,38;3,36;59,33;A;;
17/08/2026;024668 - ACQUA DISTRIBUIDORA DE PERFUMES E COSMETICOS LTDA;07891033587292;BOTICA 214 EDP SEV/DOR FOUG/AROM 90ml;1,000;199,90;199,90;93,61;0,00;0,00;106,29;53,17;113,55;3,29;62,62;A;;
17/08/2026;024668 - ACQUA DISTRIBUIDORA DE PERFUMES E COSMETICOS LTDA;07891033524686;BOTIK GEL LIM FAC MIC AC MAN/SAL 50g PRM;5,000;103,39;20,68;0,00;0,00;0,00;103,39;100,00;0,00;3,20;65,82;A;;
17/08/2026;024668 - ACQUA DISTRIBUIDORA DE PERFUMES E COSMETICOS LTDA;07891033962938;GLAMOUR LOC DES HID CPO INTENSE 200ml;2,000;102,37;51,18;22,36;0,00;0,00;80,01;78,16;357,83;2,48;68,29;A;;
17/08/2026;024668 - ACQUA DISTRIBUIDORA DE PERFUMES E COSMETICOS LTDA;07891033512133;ACCORDES DES COL HARMONIA 80ml V4;1,000;117,90;117,90;40,61;0,00;0,00;77,29;65,56;190,32;2,39;70,68;A;;
17/08/2026;024668 - ACQUA DISTRIBUIDORA DE PERFUMES E COSMETICOS LTDA;07891033587339;BOTICA 214 EDP SEV/DOR FLOR/FRUT 75ml;1,000;167,43;167,43;95,06;0,00;0,00;72,37;43,22;76,13;2,24;72,92;A;;
17/08/2026;024668 - ACQUA DISTRIBUIDORA DE PERFUMES E COSMETICOS LTDA;07891033859207;CBEM DES COL BDY SPLSH AMORUDA 200ml;1,000;85,41;85,41;19,81;0,00;0,00;65,60;76,81;331,15;2,03;74,95;A;;
17/08/2026;024668 - ACQUA DISTRIBUIDORA DE PERFUMES E COSMETICOS LTDA;07891033548873;ESTJ BOTI BABY CASCA V2;1,000;113,74;113,74;50,29;0,00;0,00;63,45;55,79;126,17;1,96;76,92;A;;
17/08/2026;024668 - ACQUA DISTRIBUIDORA DE PERFUMES E COSMETICOS LTDA;07891033475995;BOTI SUN PROT FAC ANTIOL A/FL FPS70 40ml;1,000;72,12;72,12;15,91;0,00;0,00;56,21;77,94;353,30;1,74;78,66;A;;
17/08/2026;024668 - ACQUA DISTRIBUIDORA DE PERFUMES E COSMETICOS LTDA;07891033836840;DR BOTICA COL POC/AVENTURA 120ml;1,000;73,90;73,90;19,23;0,00;0,00;54,67;73,98;284,30;1,69;80,35;B;;
17/08/2026;024668 - ACQUA DISTRIBUIDORA DE PERFUMES E COSMETICOS LTDA;07891033850518;REF NSPA OL GLOR D H CPO AMEIXA 150ml;1,000;72,12;72,12;17,93;0,00;0,00;54,19;75,14;302,23;1,68;82,03;B;;
17/08/2026;024668 - ACQUA DISTRIBUIDORA DE PERFUMES E COSMETICOS LTDA;07891033508815;CBEM DES COL BDY SPLSH DELEITE V3 200ml;1,000;70,90;70,90;18,88;0,00;0,00;52,02;73,37;275,53;1,61;83,64;B;;
17/08/2026;024668 - ACQUA DISTRIBUIDORA DE PERFUMES E COSMETICOS LTDA;07891033481415;ACCORDES DES COL 80ml V5;2,000;238,65;119,32;186,74;0,00;0,00;51,91;21,75;27,80;1,61;85,25;B;;
17/08/2026;024668 - ACQUA DISTRIBUIDORA DE PERFUMES E COSMETICOS LTDA;07891033035304;CAIXA M INST 2021 VERDE ECONOMICA;14,000;47,46;3,39;0,00;0,00;0,00;47,46;100,00;0,00;1,47;86,71;B;;
17/08/2026;024668 - ACQUA DISTRIBUIDORA DE PERFUMES E COSMETICOS LTDA;07891033520442;CELEBRE DES COL FEM AGORA 100ml;1,000;91,47;91,47;45,89;0,00;0,00;45,58;49,83;99,32;1,41;88,12;B;;
17/08/2026;024668 - ACQUA DISTRIBUIDORA DE PERFUMES E COSMETICOS LTDA;07891033533886;NSPA SAB LIQ PERF AMEIXA 250ml;1,000;54,06;54,06;8,87;0,00;0,00;45,19;83,59;509,47;1,40;89,52;B;;
17/08/2026;024668 - ACQUA DISTRIBUIDORA DE PERFUMES E COSMETICOS LTDA;07891033483525;BOTICOLL ACQUA FRESCA DES COL 200ml V2;2,000;192,78;96,39;149,72;0,00;0,00;43,06;22,34;28,76;1,33;90,86;B;;
17/08/2026;024668 - ACQUA DISTRIBUIDORA DE PERFUMES E COSMETICOS LTDA;07891033907199;MAKE B BAS LIQ MATE SALICYLIC 180Q 30g;1,000;76,24;76,24;36,15;0,00;0,00;40,09;52,58;110,90;1,24;92,10;B;;
17/08/2026;024668 - ACQUA DISTRIBUIDORA DE PERFUMES E COSMETICOS LTDA;07891033487851;MALBEC DES BDY SPR 100ml V4 PCK;1,000;47,61;47,61;8,52;0,00;0,00;39,09;82,10;458,80;1,21;93,31;B;;
17/08/2026;024668 - ACQUA DISTRIBUIDORA DE PERFUMES E COSMETICOS LTDA;07891033873210;CBEM SAB LIQ ESF CPO AMORUDA 200ml;1,000;49,41;49,41;13,57;0,00;0,00;35,84;72,54;264,11;1,11;94,42;B;;
17/08/2026;024668 - ACQUA DISTRIBUIDORA DE PERFUMES E COSMETICOS LTDA;07891033948994;CBEM GEL LIMP FAC FEIR TANGERINA PRM 50g;4,000;59,52;14,88;26,64;0,00;0,00;32,88;55,24;123,42;1,02;95,43;C;;
17/08/2026;024668 - ACQUA DISTRIBUIDORA DE PERFUMES E COSMETICOS LTDA;07891033885602;MALBEC DES ANTIT ROLL V10 55ml;1,000;29,90;29,90;5,16;0,00;0,00;24,74;82,74;479,46;0,77;96,20;C;;
17/08/2026;024668 - ACQUA DISTRIBUIDORA DE PERFUMES E COSMETICOS LTDA;07891033859337;MALBEC SPRAY INTIMO PURE GOLD 75ml;1,000;43,31;43,31;19,24;0,00;0,00;24,07;55,58;125,10;0,75;96,95;C;;
17/08/2026;024668 - ACQUA DISTRIBUIDORA DE PERFUMES E COSMETICOS LTDA;07891033843138;CBEM SHAMP FEIRA VINAGRE MACA 230ml;1,000;27,90;27,90;7,02;0,00;0,00;20,88;74,84;297,44;0,65;97,59;C;;
17/08/2026;024668 - ACQUA DISTRIBUIDORA DE PERFUMES E COSMETICOS LTDA;07891033896639;CBEM SAB BARRA DELEITE ESPEC 2x90g;1,000;29,90;29,90;9,96;0,00;0,00;19,94;66,69;200,20;0,62;98,21;C;;
17/08/2026;024668 - ACQUA DISTRIBUIDORA DE PERFUMES E COSMETICOS LTDA;07891033519538;INTENSE MASC P/CILIO POP PRETO 10g;1,000;33,67;33,67;13,76;0,00;0,00;19,91;59,13;144,69;0,62;98,83;C;;
17/08/2026;024668 - ACQUA DISTRIBUIDORA DE PERFUMES E COSMETICOS LTDA;07891033870790;CBEM SHAMP FEIR PAST/ABAC 230ml;1,000;27,90;27,90;9,47;0,00;0,00;18,43;66,06;194,61;0,57;99,40;C;;
17/08/2026;024668 - ACQUA DISTRIBUIDORA DE PERFUMES E COSMETICOS LTDA;07891033536801;QUASAR DES ROLL BLUE V10 55ml;1,000;29,90;29,90;11,50;0,00;0,00;18,40;61,54;160,00;0,57;99,97;C;;
17/08/2026;024668 - ACQUA DISTRIBUIDORA DE PERFUMES E COSMETICOS LTDA;07891033490257;FLORATTA DES BDY SPR ROSE 100ml V8;1,000;40,59;40,59;24,07;0,00;0,00;16,52;40,70;68,63;0,51;100,48;C;;
17/08/2026;024668 - ACQUA DISTRIBUIDORA DE PERFUMES E COSMETICOS LTDA;07891033867684;FLORATTA SAB LIQ CPO RED 150ml;2,000;38,38;19,19;31,58;0,00;0,00;6,80;17,72;21,53;0,21;100,69;C;;
17/08/2026;024668 - ACQUA DISTRIBUIDORA DE PERFUMES E COSMETICOS LTDA;07891033517343;REF NSPA SHAMP AMEI 250ml;1,000;21,45;21,45;17,86;0,00;0,00;3,59;16,74;20,10;0,11;100,80;C;;
17/08/2026;024668 - ACQUA DISTRIBUIDORA DE PERFUMES E COSMETICOS LTDA;07891033553587;MALBEC EDP PRM 10ml;1,000;1,50;1,50;2,34;0,00;0,00;-0,84;-56,00;-35,90;-0,03;100,77;C;;
17/08/2026;024668 - ACQUA DISTRIBUIDORA DE PERFUMES E COSMETICOS LTDA;07891033534098;REF NSPA SAB LIQ CPO PERF AMEIXA 200ml;1,000;0,01;0,01;9,41;0,00;0,00;-9,40;-94000,00;-99,89;-0,29;100,48;C;;
17/08/2026;024668 - ACQUA DISTRIBUIDORA DE PERFUMES E COSMETICOS LTDA;07891033957996;NSPA CR PERF DES HID CP AMX/INT PRM 50ml;7,000;0,07;0,01;15,61;0,00;0,00;-15,54;-22200,00;-99,55;-0,48;100,00;C;;
17/08/2026;024669 - 24669 ACQUA DISTRIBUIDORA DE PERFUMES E;07891033492459;COFFEE D/COL DUO MAN FOUG/AMB V2 100ml;1,000;215,03;215,03;44,51;0,00;0,00;170,52;79,30;383,10;21,67;21,67;A;;
17/08/2026;024669 - 24669 ACQUA DISTRIBUIDORA DE PERFUMES E;07891033830596;CELEBRE DES COL FOUG AROM FORC 100ml;1,000;119,90;119,90;20,02;0,00;0,00;99,88;83,30;498,90;12,69;34,36;A;;
17/08/2026;024669 - 24669 ACQUA DISTRIBUIDORA DE PERFUMES E;07891033897902;CBEM DES COL BDY SPLSH LAVANDINHA 200ml;1,000;94,00;94,00;19,50;0,00;0,00;74,50;79,26;382,05;9,47;43,83;A;;
17/08/2026;024669 - 24669 ACQUA DISTRIBUIDORA DE PERFUMES E;07891033826902;EGEO DES COL RED C/CART 90ml;1,000;127,07;127,07;62,84;0,00;0,00;64,23;50,55;102,21;8,16;51,99;A;;
17/08/2026;024669 - 24669 ACQUA DISTRIBUIDORA DE PERFUMES E;07891033860616;SOPHIE SPLSH CPO/CAB SHIM AMIZ/IL 110ml;1,000;79,90;79,90;16,36;0,00;0,00;63,54;79,52;388,39;8,07;60,07;A;;
17/08/2026;024669 - 24669 ACQUA DISTRIBUIDORA DE PERFUMES E;07891033867653;NSPA LOC DES HID CP FIRM QUINOA V3 400ml;1,000;89,00;89,00;35,38;0,00;0,00;53,62;60,25;151,55;6,81;66,88;A;;
17/08/2026;024669 - 24669 ACQUA DISTRIBUIDORA DE PERFUMES E;07891033756278;INTENSE PO COMPACTO FACIAL 20 5g;1,000;62,91;62,91;17,17;0,00;0,00;45,74;72,71;266,39;5,81;72,70;A;;
17/08/2026;024669 - 24669 ACQUA DISTRIBUIDORA DE PERFUMES E;07891033598762;BOTIK CR MULTIREP FAC CIC/PANT/CER 30g;1,000;56,61;56,61;13,56;0,00;0,00;43,05;76,05;317,48;5,47;78,17;A;;
17/08/2026;024669 - 24669 ACQUA DISTRIBUIDORA DE PERFUMES E;07891033881376;FLORATTA EDP ROSE SUCREE PRM 10ml;1,000;43,70;43,70;6,96;0,00;0,00;36,74;84,07;527,87;4,67;82,84;B;;
17/08/2026;024669 - 24669 ACQUA DISTRIBUIDORA DE PERFUMES E;07891033595174;REF NSPA LOC DES HID CPO AMEIXA 350ml;2,000;51,12;25,56;21,04;0,00;0,00;30,08;58,84;142,97;3,82;86,66;B;;
17/08/2026;024669 - 24669 ACQUA DISTRIBUIDORA DE PERFUMES E;07891033524686;BOTIK GEL LIM FAC MIC AC MAN/SAL 50g PRM;2,000;29,18;14,59;0,00;0,00;0,00;29,18;100,00;0,00;3,71;90,37;B;;
17/08/2026;024669 - 24669 ACQUA DISTRIBUIDORA DE PERFUMES E;07891033487882;REF BOTICOLL PORTINARI DES B/SP 100ml V6;1,000;37,90;37,90;16,65;0,00;0,00;21,25;56,07;127,63;2,70;93,07;B;;
17/08/2026;024669 - 24669 ACQUA DISTRIBUIDORA DE PERFUMES E;07891033572069;AU MIGOS PETS LIMP/HID PAT ADULTOS 120ml;1,000;23,45;23,45;8,35;0,00;0,00;15,10;64,39;180,84;1,92;94,99;B;;
17/08/2026;024669 - 24669 ACQUA DISTRIBUIDORA DE PERFUMES E;07891033945108;BOTIK BALM LAB HID AC/HIALUR V2 32g;1,000;33,19;33,19;18,44;0,00;0,00;14,75;44,44;79,99;1,87;96,86;C;;
17/08/2026;024669 - 24669 ACQUA DISTRIBUIDORA DE PERFUMES E;07891033290468;BOTICOLL CONNEX DES BDY SPR 100ml V6 PCK;1,000;34,04;34,04;24,05;0,00;0,00;9,99;29,35;41,54;1,27;98,13;C;;
17/08/2026;024669 - 24669 ACQUA DISTRIBUIDORA DE PERFUMES E;07891033561865;MATCH SHAMP NUTRICAO PROFUNDA 50ml;2,000;18,90;9,45;8,96;0,00;0,00;9,94;52,59;110,94;1,26;99,39;C;;
17/08/2026;024669 - 24669 ACQUA DISTRIBUIDORA DE PERFUMES E;07891033796472;MATCH COND ANTI IDADE 250ml;1,000;23,95;23,95;18,77;0,00;0,00;5,18;21,63;27,60;0,66;100,05;C;;
17/08/2026;024669 - 24669 ACQUA DISTRIBUIDORA DE PERFUMES E;07891033481002;CBEM COND FEIRA BANANA 170ml;1,000;16,45;16,45;12,42;0,00;0,00;4,03;24,50;32,45;0,51;100,56;C;;
17/08/2026;024669 - 24669 ACQUA DISTRIBUIDORA DE PERFUMES E;07891033957996;NSPA CR PERF DES HID CP AMX/INT PRM 50ml;2,000;0,02;0,01;4,46;0,00;0,00;-4,44;-22200,00;-99,55;-0,56;100,00;C;;
17/08/2026;024670 - ACQUA DISTRIBUIDORA DE PERFUMES E COSMETICOS LTDA;07891033585069;MALBEC DES COL PURE GOLD 100ml;1,000;250,91;250,91;53,33;0,00;0,00;197,58;78,75;370,49;6,23;6,23;A;;
17/08/2026;024670 - ACQUA DISTRIBUIDORA DE PERFUMES E COSMETICOS LTDA;07891033843916;MALBEC DES COL GOLD V3 100ml;1,000;219,24;219,24;50,55;0,00;0,00;168,69;76,94;333,71;5,32;11,55;A;;
17/08/2026;024670 - ACQUA DISTRIBUIDORA DE PERFUMES E COSMETICOS LTDA;07891033553570;MALBEC EDP 90ml;1,000;270,36;270,36;115,35;0,00;0,00;155,01;57,33;134,38;4,89;16,44;A;;
17/08/2026;024670 - ACQUA DISTRIBUIDORA DE PERFUMES E COSMETICOS LTDA;07891033483075;FLORATTA DES COL F/SECRET V3 75ml;1,000;171,47;171,47;34,67;0,00;0,00;136,80;79,78;394,58;4,31;20,75;A;;
17/08/2026;024670 - ACQUA DISTRIBUIDORA DE PERFUMES E COSMETICOS LTDA;07891033595174;REF NSPA LOC DES HID CPO AMEIXA 350ml;6,000;198,90;33,15;62,40;0,00;0,00;136,50;68,63;218,75;4,30;25,05;A;;
17/08/2026;024670 - ACQUA DISTRIBUIDORA DE PERFUMES E COSMETICOS LTDA;07891033481392;COFFEE DES COL WOMAN SEDUC 100ml V5;1,000;177,99;177,99;41,83;0,00;0,00;136,16;76,50;325,51;4,29;29,35;A;;
17/08/2026;024670 - ACQUA DISTRIBUIDORA DE PERFUMES E COSMETICOS LTDA;07891033880195;BOTICA 214 EDP DARK MINT V3 90ml;1,000;176,75;176,75;47,84;0,00;0,00;128,91;72,93;269,46;4,06;33,41;A;;
17/08/2026;024670 - ACQUA DISTRIBUIDORA DE PERFUMES E COSMETICOS LTDA;07891033909537;GLAMOUR DES COL INTENSE 75ml;1,000;164,90;164,90;38,43;0,00;0,00;126,47;76,69;329,09;3,99;37,40;A;;
17/08/2026;024670 - ACQUA DISTRIBUIDORA DE PERFUMES E COSMETICOS LTDA;07891033818495;LINDA DES COL FELICIDADE V2 100ml;2,000;197,08;98,54;73,74;0,00;0,00;123,34;62,58;167,26;3,89;41,29;A;;
17/08/2026;024670 - ACQUA DISTRIBUIDORA DE PERFUMES E COSMETICOS LTDA;07891033878963;FLORATTA EDP RED PASSION V2 75ml;1,000;215,49;215,49;98,84;0,00;0,00;116,65;54,13;118,02;3,68;44,97;A;;
17/08/2026;024670 - ACQUA DISTRIBUIDORA DE PERFUMES E COSMETICOS LTDA;07891033483037;FLORATTA DES COL RED V2 75ml;2,000;248,06;124,03;136,84;0,00;0,00;111,22;44,84;81,28;3,51;48,48;A;;
17/08/2026;024670 - ACQUA DISTRIBUIDORA DE PERFUMES E COSMETICOS LTDA;07891033767007;LIZ DES COL 100ml;1,000;136,81;136,81;36,24;0,00;0,00;100,57;73,51;277,51;3,17;51,65;A;;
17/08/2026;024670 - ACQUA DISTRIBUIDORA DE PERFUMES E COSMETICOS LTDA;07891033508815;CBEM DES COL BDY SPLSH DELEITE V3 200ml;2,000;127,12;63,56;37,76;0,00;0,00;89,36;70,30;236,65;2,82;54,46;A;;
17/08/2026;024670 - ACQUA DISTRIBUIDORA DE PERFUMES E COSMETICOS LTDA;07891033480609;LILY CREM DES HID ACET CPO 250g V8;1,000;147,09;147,09;58,96;0,00;0,00;88,13;59,92;149,47;2,78;57,24;A;;
17/08/2026;024670 - ACQUA DISTRIBUIDORA DE PERFUMES E COSMETICOS LTDA;07891033512430;QUASAR DES COL CLASSIC 100ml;1,000;144,90;144,90;59,78;0,00;0,00;85,12;58,74;142,39;2,68;59,93;A;;
17/08/2026;024670 - ACQUA DISTRIBUIDORA DE PERFUMES E COSMETICOS LTDA;07891033872725;NSPA DES COL BDY SPLSH UVA MERLOT 200ml;1,000;93,61;93,61;19,90;0,00;0,00;73,71;78,74;370,40;2,32;62,25;A;;
17/08/2026;024670 - ACQUA DISTRIBUIDORA DE PERFUMES E COSMETICOS LTDA;07891033483150;FLORATTA DES COL GOLD V3 75ml;1,000;134,90;134,90;63,07;0,00;0,00;71,83;53,25;113,89;2,26;64,52;A;;
17/08/2026;024670 - ACQUA DISTRIBUIDORA DE PERFUMES E COSMETICOS LTDA;07891033548866;ESTJ BOTI BABY CASINHA;1,000;117,53;117,53;47,52;0,00;0,00;70,01;59,57;147,33;2,21;66,72;A;;
17/08/2026;024670 - ACQUA DISTRIBUIDORA DE PERFUMES E COSMETICOS LTDA;07891033535118;CBEM DES COL BDY SPLSH SHOW/BNH V2 200ml;1,000;88,96;88,96;19,14;0,00;0,00;69,82;78,48;364,79;2,20;68,93;A;;
17/08/2026;024670 - ACQUA DISTRIBUIDORA DE PERFUMES E COSMETICOS LTDA;07891033880829;NSPA LOC DES HID CPO AMEIX/NEG V4 400ml;1,000;84,27;84,27;16,85;0,00;0,00;67,42;80,00;400,12;2,13;71,05;A;;
17/08/2026;024670 - ACQUA DISTRIBUIDORA DE PERFUMES E COSMETICOS LTDA;07891033903788;PMPCK FLORATTA DES BODY SPRAY RED;1,000;79,35;79,35;16,85;0,00;0,00;62,50;78,76;370,92;1,97;73,02;A;;
17/08/2026;024670 - ACQUA DISTRIBUIDORA DE PERFUMES E COSMETICOS LTDA;07891033533862;BOTIK PROT SOL FAC FPS 80 AC/HIAL 40ml;1,000;87,90;87,90;26,84;0,00;0,00;61,06;69,47;227,50;1,93;74,95;A;;
17/08/2026;024670 - ACQUA DISTRIBUIDORA DE PERFUMES E COSMETICOS LTDA;07891033479054;BOTICOLL ACQUA FRESCA DES COL 100ml V2;1,000;85,00;85,00;23,98;0,00;0,00;61,02;71,79;254,46;1,92;76,87;A;;
17/08/2026;024670 - ACQUA DISTRIBUIDORA DE PERFUMES E COSMETICOS LTDA;07891033747221;LILY EDP 30ML V2;1,000;137,50;137,50;81,74;0,00;0,00;55,76;40,55;68,22;1,76;78,63;A;;
17/08/2026;024670 - ACQUA DISTRIBUIDORA DE PERFUMES E COSMETICOS LTDA;07891033568116;MATCH MASC CAP SCIENCE CRESC V2 250g;1,000;69,90;69,90;17,86;0,00;0,00;52,04;74,45;291,38;1,64;80,27;B;;
17/08/2026;024670 - ACQUA DISTRIBUIDORA DE PERFUMES E COSMETICOS LTDA;07891033836840;DR BOTICA COL POC/AVENTURA 120ml;1,000;69,38;69,38;19,23;0,00;0,00;50,15;72,28;260,79;1,58;81,85;B;;
17/08/2026;024670 - ACQUA DISTRIBUIDORA DE PERFUMES E COSMETICOS LTDA;07891033527229;COFFEE OL DES HID CPO W/SEDUC 150ml V3;1,000;79,57;79,57;30,06;0,00;0,00;49,51;62,22;164,70;1,56;83,41;B;;
17/08/2026;024670 - ACQUA DISTRIBUIDORA DE PERFUMES E COSMETICOS LTDA;07891033487004;EGEO DES COL HIT 90ml V2;2,000;160,00;80,00;113,76;0,00;0,00;46,24;28,90;40,65;1,46;84,87;B;;
17/08/2026;024670 - ACQUA DISTRIBUIDORA DE PERFUMES E COSMETICOS LTDA;07891033718771;BOTICOLL CRAZY DES COL FEELINGS 100ml;1,000;85,00;85,00;41,43;0,00;0,00;43,57;51,26;105,17;1,37;86,25;B;;
17/08/2026;024670 - ACQUA DISTRIBUIDORA DE PERFUMES E COSMETICOS LTDA;07891033589784;NSPA LOC NUTR DES CPO UVA MERLOT 400ml;1,000;60,09;60,09;18,51;0,00;0,00;41,58;69,20;224,64;1,31;87,56;B;;
17/08/2026;024670 - ACQUA DISTRIBUIDORA DE PERFUMES E COSMETICOS LTDA;07891033487851;MALBEC DES BDY SPR 100ml V4 PCK;1,000;47,61;47,61;8,51;0,00;0,00;39,10;82,13;459,46;1,23;88,79;B;;
17/08/2026;024670 - ACQUA DISTRIBUIDORA DE PERFUMES E COSMETICOS LTDA;07891033771837;LIZ CREM DES HID CPO 250g;2,000;65,90;32,95;29,74;0,00;0,00;36,16;54,87;121,59;1,14;89,93;B;;
17/08/2026;024670 - ACQUA DISTRIBUIDORA DE PERFUMES E COSMETICOS LTDA;07891033880126;MAKE B BAT LIQ MAT AC/POL G/BERR V2 5ml;1,000;50,56;50,56;15,62;0,00;0,00;34,94;69,11;223,69;1,10;91,03;B;;
17/08/2026;024670 - ACQUA DISTRIBUIDORA DE PERFUMES E COSMETICOS LTDA;07891033902194;CBEM DES COL BDY SPLSH DEL/CARAM 200ml;1,000;64,06;64,06;34,73;0,00;0,00;29,33;45,79;84,45;0,92;91,96;B;;
17/08/2026;024670 - ACQUA DISTRIBUIDORA DE PERFUMES E COSMETICOS LTDA;07891033534104;REF NSPA SAB LIQ CPO PERF AMEI/NEG 200ml;1,000;38,64;38,64;9,42;0,00;0,00;29,22;75,62;310,19;0,92;92,88;B;;
17/08/2026;024670 - ACQUA DISTRIBUIDORA DE PERFUMES E COSMETICOS LTDA;07891033754939;MAKE B PO COMP FAC ILUM GOLD 54g;1,000;71,48;71,48;42,62;0,00;0,00;28,86;40,37;67,71;0,91;93,79;B;;
17/08/2026;024670 - ACQUA DISTRIBUIDORA DE PERFUMES E COSMETICOS LTDA;07891033836970;MATCH SHAMP OL CONTROLADA 300ml;1,000;47,90;47,90;20,32;0,00;0,00;27,58;57,58;135,73;0,87;94,66;B;;
17/08/2026;024670 - ACQUA DISTRIBUIDORA DE PERFUMES E COSMETICOS LTDA;07891033855643;CBEM SAB BARRA DELEITE V2 4x80g;1,000;37,82;37,82;14,34;0,00;0,00;23,48;62,08;163,74;0,74;95,40;C;;
17/08/2026;024670 - ACQUA DISTRIBUIDORA DE PERFUMES E COSMETICOS LTDA;07891033748938;EGEO DES BDY SPR DOLCE 100ml V8 PCK;1,000;31,11;31,11;8,81;0,00;0,00;22,30;71,68;253,12;0,70;96,10;C;;
17/08/2026;024670 - ACQUA DISTRIBUIDORA DE PERFUMES E COSMETICOS LTDA;07891033562572;INTENSE GLOS LAB DEL/CHOCOLAT ROSA 55ml;1,000;29,34;29,34;8,17;0,00;0,00;21,17;72,15;259,12;0,67;96,77;C;;
17/08/2026;024670 - ACQUA DISTRIBUIDORA DE PERFUMES E COSMETICOS LTDA;07891033878024;MAKE B BATOM PREENCH HYAL NUDE CHIC 4g;1,000;38,70;38,70;17,70;0,00;0,00;21,00;54,26;118,64;0,66;97,43;C;;
17/08/2026;024670 - ACQUA DISTRIBUIDORA DE PERFUMES E COSMETICOS LTDA;07891033878017;MAKE B BATOM PREENCH HYAL ROSA ROSE 4g;1,000;38,70;38,70;17,71;0,00;0,00;20,99;54,24;118,52;0,66;98,09;C;;
17/08/2026;024670 - ACQUA DISTRIBUIDORA DE PERFUMES E COSMETICOS LTDA;07891033568055;MATCH COND SCIENCE RECONSTRUCAO 280ml;1,000;39,92;39,92;21,38;0,00;0,00;18,54;46,44;86,72;0,58;98,68;C;;
17/08/2026;024670 - ACQUA DISTRIBUIDORA DE PERFUMES E COSMETICOS LTDA;07891033948666;MATCH SHAMP SCIENCE RECONST V2 300ml;1,000;38,32;38,32;21,27;0,00;0,00;17,05;44,49;80,16;0,54;99,21;C;;
17/08/2026;024670 - ACQUA DISTRIBUIDORA DE PERFUMES E COSMETICOS LTDA;07891033909544;GLAMOUR DES COL INTENSE PRM 10ml;1,000;17,29;17,29;6,19;0,00;0,00;11,10;64,20;179,32;0,35;99,56;C;;
17/08/2026;024670 - ACQUA DISTRIBUIDORA DE PERFUMES E COSMETICOS LTDA;07891033522811;INTENSE GLOS LAB 115 V2 5ml;1,000;27,54;27,54;17,66;0,00;0,00;9,88;35,88;55,95;0,31;99,88;C;;
17/08/2026;024670 - ACQUA DISTRIBUIDORA DE PERFUMES E COSMETICOS LTDA;07891033948994;CBEM GEL LIMP FAC FEIR TANGERINA PRM 50g;1,000;15,84;15,84;6,66;0,00;0,00;9,18;57,95;137,84;0,29;100,17;C;;
17/08/2026;024670 - ACQUA DISTRIBUIDORA DE PERFUMES E COSMETICOS LTDA;07891033883431;CAIXA LAÇO P  MAES 25 BOTI;1,000;8,01;8,01;0,00;0,00;0,00;8,01;100,00;0,00;0,25;100,42;C;;
17/08/2026;024670 - ACQUA DISTRIBUIDORA DE PERFUMES E COSMETICOS LTDA;07891033492671;COFFEE CREM DES HID W/SEDUC 75ml;1,000;25,21;25,21;19,71;0,00;0,00;5,50;21,82;27,90;0,17;100,59;C;;
17/08/2026;024670 - ACQUA DISTRIBUIDORA DE PERFUMES E COSMETICOS LTDA;07891033965847;SACOLA M AMOR 2026 2025 BOTI UNIT;3,000;0,03;0,01;0,00;0,00;0,00;0,03;100,00;0,00;0,00;100,59;C;;
17/08/2026;024670 - ACQUA DISTRIBUIDORA DE PERFUMES E COSMETICOS LTDA;07891033908219;SACOLA P BOTICARIO INST/25;2,000;0,02;0,01;2,62;0,00;0,00;-2,60;-13000,00;-99,24;-0,08;100,51;C;;
17/08/2026;024670 - ACQUA DISTRIBUIDORA DE PERFUMES E COSMETICOS LTDA;07891033908226;SACOLA M BOTICARIO INST/25;3,000;0,03;0,01;4,68;0,00;0,00;-4,65;-15500,00;-99,36;-0,15;100,36;C;;
17/08/2026;024670 - ACQUA DISTRIBUIDORA DE PERFUMES E COSMETICOS LTDA;07891033949083;MAKE B PRIMER FAC ANTIOL SALIC PRM 5ml;1,000;0,01;0,01;4,90;0,00;0,00;-4,89;-48900,00;-99,80;-0,15;100,21;C;;
17/08/2026;024670 - ACQUA DISTRIBUIDORA DE PERFUMES E COSMETICOS LTDA;07891033957996;NSPA CR PERF DES HID CP AMX/INT PRM 50ml;3,000;0,03;0,01;6,69;0,00;0,00;-6,66;-22200,00;-99,55;-0,21;100,00;C;;
17/08/2026;024671 - 24671 ACQUA DISTRIBUIDORA DE PERFUMES E;07891033818495;LINDA DES COL FELICIDADE V2 100ml;8,000;862,00;107,75;283,84;0,00;0,00;578,16;67,07;203,69;29,98;29,98;A;;
17/08/2026;024671 - 24671 ACQUA DISTRIBUIDORA DE PERFUMES E;07891033757923;FLORATTA DES COL RED 75ml;2,000;258,19;129,09;124,06;0,00;0,00;134,13;51,95;108,12;6,95;36,93;A;;
17/08/2026;024671 - 24671 ACQUA DISTRIBUIDORA DE PERFUMES E;07891033856459;BOTICA 214 EDP ARAB/OASIS FOUG/AMB 90ml;1,000;214,98;214,98;97,06;0,00;0,00;117,92;54,85;121,49;6,11;43,04;A;;
17/08/2026;024671 - 24671 ACQUA DISTRIBUIDORA DE PERFUMES E;07891033487004;EGEO DES COL HIT 90ml V2;4,000;299,85;74,96;211,68;0,00;0,00;88,17;29,40;41,65;4,57;47,62;A;;
17/08/2026;024671 - 24671 ACQUA DISTRIBUIDORA DE PERFUMES E;07891033870301;REF BOTIK SRUM FAC ALT/POT AC/HIAL 30ml;1,000;106,01;106,01;18,96;0,00;0,00;87,05;82,11;459,12;4,51;52,13;A;;
17/08/2026;024671 - 24671 ACQUA DISTRIBUIDORA DE PERFUMES E;07891033880225;BOTICA 214 EDP FOUG/AR V/FIRENZ V2 90ml;1,000;179,05;179,05;97,05;0,00;0,00;82,00;45,80;84,49;4,25;56,38;A;;
17/08/2026;024671 - 24671 ACQUA DISTRIBUIDORA DE PERFUMES E;07891033518029;BOTI BABY COL SOL V2 100ml;1,000;95,54;95,54;16,56;0,00;0,00;78,98;82,67;476,93;4,09;60,47;A;;
17/08/2026;024671 - 24671 ACQUA DISTRIBUIDORA DE PERFUMES E;07891033050093;MA CHERIE DES COL 100ml V6;1,000;107,03;107,03;33,40;0,00;0,00;73,63;68,79;220,45;3,82;64,29;A;;
17/08/2026;024671 - 24671 ACQUA DISTRIBUIDORA DE PERFUMES E;07891033883967;CBEM DES COL BDY SPLSH CER/FASES 200ml;1,000;79,90;79,90;13,54;0,00;0,00;66,36;83,05;490,10;3,44;67,73;A;;
17/08/2026;024671 - 24671 ACQUA DISTRIBUIDORA DE PERFUMES E;07891033947584;REF LILY CR ACET DES HID CPO 200g;1,000;99,90;99,90;39,29;0,00;0,00;60,61;60,67;154,26;3,14;70,88;A;;
17/08/2026;024671 - 24671 ACQUA DISTRIBUIDORA DE PERFUMES E;07891033591329;BOTI BABY COL LUA RPCK 100ml;1,000;95,54;95,54;38,12;0,00;0,00;57,42;60,10;150,63;2,98;73,85;A;;
17/08/2026;024671 - 24671 ACQUA DISTRIBUIDORA DE PERFUMES E;07891033520251;BOTI BABY SAB LIQ GLIC V2 400ml;1,000;68,22;68,22;13,64;0,00;0,00;54,58;80,01;400,15;2,83;76,68;A;;
17/08/2026;024671 - 24671 ACQUA DISTRIBUIDORA DE PERFUMES E;07891033867684;FLORATTA SAB LIQ CPO RED 150ml;5,000;130,84;26,17;78,90;0,00;0,00;51,94;39,70;65,83;2,69;79,38;A;;
17/08/2026;024671 - 24671 ACQUA DISTRIBUIDORA DE PERFUMES E;07891033595174;REF NSPA LOC DES HID CPO AMEIXA 350ml;1,000;59,40;59,40;10,52;0,00;0,00;48,88;82,29;464,64;2,53;81,91;B;;
17/08/2026;024671 - 24671 ACQUA DISTRIBUIDORA DE PERFUMES E;07891033533862;BOTIK PROT SOL FAC FPS 80 AC/HIAL 40ml;1,000;74,08;74,08;26,85;0,00;0,00;47,23;63,76;175,90;2,45;84,36;B;;
17/08/2026;024671 - 24671 ACQUA DISTRIBUIDORA DE PERFUMES E;07891033899692;ESTJ CBEM AMORUDA AMOR/26;1,000;89,52;89,52;42,46;0,00;0,00;47,06;52,57;110,83;2,44;86,80;B;;
17/08/2026;024671 - 24671 ACQUA DISTRIBUIDORA DE PERFUMES E;07891033518036;BOTI BABY COND V2 400ml;1,000;68,22;68,22;27,08;0,00;0,00;41,14;60,30;151,92;2,13;88,93;B;;
17/08/2026;024671 - 24671 ACQUA DISTRIBUIDORA DE PERFUMES E;07891033741311;MEN SAB BARR NBA 2x90g;2,000;50,40;25,20;14,02;0,00;0,00;36,38;72,18;259,49;1,89;90,82;B;;
17/08/2026;024671 - 24671 ACQUA DISTRIBUIDORA DE PERFUMES E;07891033894208;REF NSPA LOC DES H CP ORQ/NOIRE V2 350ml;2,000;61,81;30,90;26,98;0,00;0,00;34,83;56,35;129,10;1,81;92,62;B;;
17/08/2026;024671 - 24671 ACQUA DISTRIBUIDORA DE PERFUMES E;07891033897902;CBEM DES COL BDY SPLSH LAVANDINHA 200ml;1,000;66,43;66,43;36,50;0,00;0,00;29,93;45,05;82,00;1,55;94,17;B;;
17/08/2026;024671 - 24671 ACQUA DISTRIBUIDORA DE PERFUMES E;07891033877713;MAKE B BLUSH COMP BERRY MINI PRM 15g;1,000;36,46;36,46;9,16;0,00;0,00;27,30;74,88;298,03;1,42;95,59;C;;
17/08/2026;024671 - 24671 ACQUA DISTRIBUIDORA DE PERFUMES E;07891033559756;MEN SHAMP/COND 2/1 250ml;1,000;36,16;36,16;9,34;0,00;0,00;26,82;74,17;287,15;1,39;96,98;C;;
17/08/2026;024671 - 24671 ACQUA DISTRIBUIDORA DE PERFUMES E;07891033907120;MAKE B BAS LIQ MATE SALICYLIC 220Q 30g;1,000;59,94;59,94;36,15;0,00;0,00;23,79;39,69;65,81;1,23;98,21;C;;
17/08/2026;024671 - 24671 ACQUA DISTRIBUIDORA DE PERFUMES E;07891033520213;REF BOTI BABY SHAMP 350ml;1,000;37,73;37,73;20,84;0,00;0,00;16,89;44,77;81,05;0,88;99,09;C;;
17/08/2026;024671 - 24671 ACQUA DISTRIBUIDORA DE PERFUMES E;07891033944996;CBEM SAB BARRA PESSEGURA V3 4x80g;1,000;27,32;27,32;12,70;0,00;0,00;14,62;53,51;115,12;0,76;99,85;C;;
17/08/2026;024671 - 24671 ACQUA DISTRIBUIDORA DE PERFUMES E;07891033534166;LIZ CR DES HID CPO INTENSO 250g;2,000;74,90;37,45;60,34;0,00;0,00;14,56;19,44;24,13;0,75;100,60;C;;
17/08/2026;024671 - 24671 ACQUA DISTRIBUIDORA DE PERFUMES E;07891033771837;LIZ CREM DES HID CPO 250g;2,000;42,06;21,03;29,72;0,00;0,00;12,34;29,34;41,52;0,64;101,24;C;;
17/08/2026;024671 - 24671 ACQUA DISTRIBUIDORA DE PERFUMES E;07891033840977;FLORATTA LOC DES HID CPO RED 75ml;1,000;28,24;28,24;16,64;0,00;0,00;11,60;41,08;69,71;0,60;101,84;C;;
17/08/2026;024671 - 24671 ACQUA DISTRIBUIDORA DE PERFUMES E;07891033748938;EGEO DES BDY SPR DOLCE 100ml V8 PCK;1,000;33,51;33,51;24,05;0,00;0,00;9,46;28,23;39,33;0,49;102,33;C;;
17/08/2026;024671 - 24671 ACQUA DISTRIBUIDORA DE PERFUMES E;07891033908219;SACOLA P BOTICARIO INST/25;3,000;0,03;0,01;3,93;0,00;0,00;-3,90;-13000,00;-99,24;-0,20;102,13;C;;
17/08/2026;024671 - 24671 ACQUA DISTRIBUIDORA DE PERFUMES E;07891033553587;MALBEC EDP PRM 10ml;2,000;0,50;0,25;4,68;0,00;0,00;-4,18;-836,00;-89,32;-0,22;101,92;C;;
17/08/2026;024671 - 24671 ACQUA DISTRIBUIDORA DE PERFUMES E;07891033949083;MAKE B PRIMER FAC ANTIOL SALIC PRM 5ml;1,000;0,01;0,01;4,90;0,00;0,00;-4,89;-48900,00;-99,80;-0,25;101,66;C;;
17/08/2026;024671 - 24671 ACQUA DISTRIBUIDORA DE PERFUMES E;07891033518067;REF BOTI BABY COND 350ml;2,000;39,14;19,57;44,28;0,00;0,00;-5,14;-13,13;-11,61;-0,27;101,40;C;;
17/08/2026;024671 - 24671 ACQUA DISTRIBUIDORA DE PERFUMES E;07891033908226;SACOLA M BOTICARIO INST/25;5,000;0,05;0,01;7,80;0,00;0,00;-7,75;-15500,00;-99,36;-0,40;100,99;C;;
17/08/2026;024671 - 24671 ACQUA DISTRIBUIDORA DE PERFUMES E;07891033957996;NSPA CR PERF DES HID CP AMX/INT PRM 50ml;4,000;0,04;0,01;8,92;0,00;0,00;-8,88;-22200,00;-99,55;-0,46;100,53;C;;
17/08/2026;024671 - 24671 ACQUA DISTRIBUIDORA DE PERFUMES E;07891033520244;REF BOTI BABY SAB LIQ GLIC 350ml;1,000;0,01;0,01;10,30;0,00;0,00;-10,29;-102900,00;-99,90;-0,53;100,00;C;;
18/08/2026;024303 - 24303 ACQUA DISTRIBUIDORA DE PERFUMES E;07891033881352;FLORATTA EDP ROSE SUCREE 75ml;2,000;425,97;212,98;104,34;0,00;0,00;321,63;75,51;308,25;22,24;22,24;A;;
18/08/2026;024303 - 24303 ACQUA DISTRIBUIDORA DE PERFUMES E;07891033839711;LILY DES COL LEAU DE 75ml;1,000;227,75;227,75;43,29;0,00;0,00;184,46;80,99;426,10;12,76;35,00;A;;
18/08/2026;024303 - 24303 ACQUA DISTRIBUIDORA DE PERFUMES E;07891033587292;BOTICA 214 EDP SEV/DOR FOUG/AROM 90ml;1,000;178,53;178,53;46,29;0,00;0,00;132,24;74,07;285,68;9,15;44,15;A;;
18/08/2026;024303 - 24303 ACQUA DISTRIBUIDORA DE PERFUMES E;07891033541508;MALBEC DES COL ICON 100ml;1,000;186,57;186,57;83,50;0,00;0,00;103,07;55,24;123,44;7,13;51,28;A;;
18/08/2026;024303 - 24303 ACQUA DISTRIBUIDORA DE PERFUMES E;07891033481415;ACCORDES DES COL 80ml V5;1,000;131,68;131,68;41,29;0,00;0,00;90,39;68,64;218,91;6,25;57,53;A;;
18/08/2026;024303 - 24303 ACQUA DISTRIBUIDORA DE PERFUMES E;07891033830602;CELEBRE DES COL FLOR FRUT FORC 100ml;1,000;118,78;118,78;46,35;0,00;0,00;72,43;60,98;156,27;5,01;62,54;A;;
18/08/2026;024303 - 24303 ACQUA DISTRIBUIDORA DE PERFUMES E;07891033757923;FLORATTA DES COL RED 75ml;1,000;134,90;134,90;62,72;0,00;0,00;72,18;53,51;115,08;4,99;67,53;A;;
18/08/2026;024303 - 24303 ACQUA DISTRIBUIDORA DE PERFUMES E;07891033886692;MAKE B BASE LIQ RETIN 3 H 275N 26g;1,000;130,67;130,67;59,72;0,00;0,00;70,95;54,30;118,80;4,91;72,44;A;;
18/08/2026;024303 - 24303 ACQUA DISTRIBUIDORA DE PERFUMES E;07891033890699;MAKE B BASE LIQ HYALURONIC 270Q 30ml;1,000;92,16;92,16;34,20;0,00;0,00;57,96;62,89;169,47;4,01;76,45;A;;
18/08/2026;024303 - 24303 ACQUA DISTRIBUIDORA DE PERFUMES E;07891033818495;LINDA DES COL FELICIDADE V2 100ml;1,000;115,88;115,88;63,97;0,00;0,00;51,91;44,80;81,15;3,59;80,04;B;;
18/08/2026;024303 - 24303 ACQUA DISTRIBUIDORA DE PERFUMES E;07891033539215;DR BOTICA COL POC/CORAC V2 120ml;1,000;90,01;90,01;40,98;0,00;0,00;49,03;54,47;119,64;3,39;83,43;B;;
18/08/2026;024303 - 24303 ACQUA DISTRIBUIDORA DE PERFUMES E;07891033959204;NSPA OL GLOR DES HID CPO BAUN EXCL 200ml;1,000;84,75;84,75;41,92;0,00;0,00;42,83;50,54;102,17;2,96;86,39;B;;
18/08/2026;024303 - 24303 ACQUA DISTRIBUIDORA DE PERFUMES E;07891033595174;REF NSPA LOC DES HID CPO AMEIXA 350ml;2,000;59,12;29,56;21,02;0,00;0,00;38,10;64,45;181,26;2,64;89,03;B;;
18/08/2026;024303 - 24303 ACQUA DISTRIBUIDORA DE PERFUMES E;07891033508815;CBEM DES COL BDY SPLSH DELEITE V3 200ml;1,000;70,90;70,90;36,91;0,00;0,00;33,99;47,94;92,09;2,35;91,38;B;;
18/08/2026;024303 - 24303 ACQUA DISTRIBUIDORA DE PERFUMES E;07891033733675;EGEO DES BDY SPR BLUE 100ml V2 PCK;1,000;52,90;52,90;24,30;0,00;0,00;28,60;54,06;117,70;1,98;93,35;B;;
18/08/2026;024303 - 24303 ACQUA DISTRIBUIDORA DE PERFUMES E;07891033512270;CBEM SAB BARRA NUVEM 4x80g;2,000;54,88;27,44;28,94;0,00;0,00;25,94;47,27;89,63;1,79;95,15;C;;
18/08/2026;024303 - 24303 ACQUA DISTRIBUIDORA DE PERFUMES E;07891033487851;MALBEC DES BDY SPR 100ml V4 PCK;1,000;47,61;47,61;22,91;0,00;0,00;24,70;51,88;107,81;1,71;96,86;C;;
18/08/2026;024303 - 24303 ACQUA DISTRIBUIDORA DE PERFUMES E;07891033885190;MAKE B BAT GLOSSY C/AC POL NUDE V2 36g;1,000;50,00;50,00;27,23;0,00;0,00;22,77;45,54;83,62;1,57;98,43;C;;
18/08/2026;024303 - 24303 ACQUA DISTRIBUIDORA DE PERFUMES E;07891033878031;MAKE B BATOM PREENCH HYAL CINNAMON 4g;1,000;45,00;45,00;27,24;0,00;0,00;17,76;39,47;65,20;1,23;99,66;C;;
18/08/2026;024303 - 24303 ACQUA DISTRIBUIDORA DE PERFUMES E;07891033878024;MAKE B BATOM PREENCH HYAL NUDE CHIC 4g;1,000;45,00;45,00;27,24;0,00;0,00;17,76;39,47;65,20;1,23;100,89;C;;
18/08/2026;024303 - 24303 ACQUA DISTRIBUIDORA DE PERFUMES E;07891033945382;NSPA SAB BARRA CORP AMEI/NEG V4 2x90g;1,000;22,66;22,66;8,93;0,00;0,00;13,73;60,59;153,75;0,95;101,84;C;;
18/08/2026;024303 - 24303 ACQUA DISTRIBUIDORA DE PERFUMES E;07891033908219;SACOLA P BOTICARIO INST/25;2,000;0,02;0,01;2,62;0,00;0,00;-2,60;-13000,00;-99,24;-0,18;101,66;C;;
18/08/2026;024303 - 24303 ACQUA DISTRIBUIDORA DE PERFUMES E;07891033957996;NSPA CR PERF DES HID CP AMX/INT PRM 50ml;2,000;0,02;0,01;4,52;0,00;0,00;-4,50;-22500,00;-99,56;-0,31;101,35;C;;
18/08/2026;024303 - 24303 ACQUA DISTRIBUIDORA DE PERFUMES E;07891033908226;SACOLA M BOTICARIO INST/25;3,000;0,03;0,01;4,68;0,00;0,00;-4,65;-15500,00;-99,36;-0,32;101,02;C;;
18/08/2026;024303 - 24303 ACQUA DISTRIBUIDORA DE PERFUMES E;07891033949083;MAKE B PRIMER FAC ANTIOL SALIC PRM 5ml;3,000;0,03;0,01;14,85;0,00;0,00;-14,82;-49400,00;-99,80;-1,02;100,00;C;;
18/08/2026;024617 - ACQUA DISTRIBUIDORA DE PERFUMES E COSMETICOS LTDA;07891033740437;LINDA DES COL V4 100ml;1,000;167,68;167,68;63,00;0,00;0,00;104,68;62,43;166,16;16,96;16,96;A;;
18/08/2026;024617 - ACQUA DISTRIBUIDORA DE PERFUMES E COSMETICOS LTDA;07891033541508;MALBEC DES COL ICON 100ml;1,000;176,78;176,78;74,84;0,00;0,00;101,94;57,66;136,21;16,52;33,48;A;;
18/08/2026;024617 - ACQUA DISTRIBUIDORA DE PERFUMES E COSMETICOS LTDA;07891033881307;HER CODE DES COL BDY SPLSH 200ml;1,000;106,00;106,00;26,52;0,00;0,00;79,48;74,98;299,70;12,88;46,36;A;;
18/08/2026;024617 - ACQUA DISTRIBUIDORA DE PERFUMES E COSMETICOS LTDA;07891033512133;ACCORDES DES COL HARMONIA 80ml V4;1,000;118,74;118,74;41,81;0,00;0,00;76,93;64,79;184,00;12,47;58,83;A;;
18/08/2026;024617 - ACQUA DISTRIBUIDORA DE PERFUMES E COSMETICOS LTDA;07891033818495;LINDA DES COL FELICIDADE V2 100ml;1,000;104,48;104,48;35,85;0,00;0,00;68,63;65,69;191,44;11,12;69,95;A;;
18/08/2026;024617 - ACQUA DISTRIBUIDORA DE PERFUMES E COSMETICOS LTDA;07891033859351;HER CODE CREM AVELUD DES CPO 250g;1,000;106,00;106,00;49,69;0,00;0,00;56,31;53,12;113,32;9,13;79,08;A;;
18/08/2026;024617 - ACQUA DISTRIBUIDORA DE PERFUMES E COSMETICOS LTDA;07891033844876;LINDA LOC DES HID CPO IRRESISTIVEL 200ml;1,000;65,00;65,00;24,51;0,00;0,00;40,49;62,29;165,20;6,56;85,64;B;;
18/08/2026;024617 - ACQUA DISTRIBUIDORA DE PERFUMES E COSMETICOS LTDA;07891033511228;CBEM SAB LIQ ESF CPO BOA NOITE V2 200ml;1,000;54,90;54,90;19,51;0,00;0,00;35,39;64,46;181,39;5,74;91,38;B;;
18/08/2026;024617 - ACQUA DISTRIBUIDORA DE PERFUMES E COSMETICOS LTDA;07891033548798;ESTJ BOTI BABY NINHO V2;1,000;52,90;52,90;20,65;0,00;0,00;32,25;60,96;156,17;5,23;96,60;C;;
18/08/2026;024617 - ACQUA DISTRIBUIDORA DE PERFUMES E COSMETICOS LTDA;07891033521463;INTENSE BAT CREM 260 V2 38g;1,000;36,90;36,90;15,93;0,00;0,00;20,97;56,83;131,64;3,40;100,00;C;;
18/08/2026;024668 - ACQUA DISTRIBUIDORA DE PERFUMES E COSMETICOS LTDA;07891033843879;MALBEC DES COL V6 100ml;2,000;412,22;206,11;82,80;0,00;0,00;329,42;79,91;397,85;11,73;11,73;A;;
18/08/2026;024668 - ACQUA DISTRIBUIDORA DE PERFUMES E COSMETICOS LTDA;07891033553570;MALBEC EDP 90ml;1,000;241,34;241,34;57,29;0,00;0,00;184,05;76,26;321,26;6,55;18,28;A;;
18/08/2026;024668 - ACQUA DISTRIBUIDORA DE PERFUMES E COSMETICOS LTDA;07891033483037;FLORATTA DES COL RED V2 75ml;2,000;254,18;127,09;71,04;0,00;0,00;183,14;72,05;257,80;6,52;24,80;A;;
18/08/2026;024668 - ACQUA DISTRIBUIDORA DE PERFUMES E COSMETICOS LTDA;07891033883646;QUASAR DES COL CLASSIC V2 100ml;2,000;230,27;115,13;56,20;0,00;0,00;174,07;75,59;309,73;6,20;31,00;A;;
18/08/2026;024668 - ACQUA DISTRIBUIDORA DE PERFUMES E COSMETICOS LTDA;07891033585069;MALBEC DES COL PURE GOLD 100ml;1,000;220,00;220,00;52,68;0,00;0,00;167,32;76,05;317,62;5,96;36,95;A;;
18/08/2026;024668 - ACQUA DISTRIBUIDORA DE PERFUMES E COSMETICOS LTDA;07891033468980;ZAAD EDP EXPEDITION 95ml;1,000;301,70;301,70;136,36;0,00;0,00;165,34;54,80;121,25;5,89;42,84;A;;
18/08/2026;024668 - ACQUA DISTRIBUIDORA DE PERFUMES E COSMETICOS LTDA;07891033837564;COFFEE DES COL WOMAN LUCKY 100ML;2,000;219,68;109,84;80,58;0,00;0,00;139,10;63,32;172,62;4,95;47,79;A;;
18/08/2026;024668 - ACQUA DISTRIBUIDORA DE PERFUMES E COSMETICOS LTDA;07891033826858;EGEO DES COL BOMB BLACK C/CAR 90ml;1,000;164,90;164,90;28,83;0,00;0,00;136,07;82,52;471,97;4,84;52,64;A;;
18/08/2026;024668 - ACQUA DISTRIBUIDORA DE PERFUMES E COSMETICOS LTDA;07891033740437;LINDA DES COL V4 100ml;1,000;197,91;197,91;79,11;0,00;0,00;118,80;60,03;150,17;4,23;56,87;A;;
18/08/2026;024668 - ACQUA DISTRIBUIDORA DE PERFUMES E COSMETICOS LTDA;07891033896530;EGEO DES COL VANILLA UBESESSION 90ml;1,000;124,90;124,90;29,65;0,00;0,00;95,25;76,26;321,25;3,39;60,26;A;;
18/08/2026;024668 - ACQUA DISTRIBUIDORA DE PERFUMES E COSMETICOS LTDA;07891033483655;COFFEE DES COL MAN SEDUC 100ml V4;1,000;176,41;176,41;84,47;0,00;0,00;91,94;52,12;108,84;3,27;63,53;A;;
18/08/2026;024668 - ACQUA DISTRIBUIDORA DE PERFUMES E COSMETICOS LTDA;07891033498123;EGEO DES COL ORIGNL 90ml V2;1,000;142,30;142,30;61,22;0,00;0,00;81,08;56,98;132,44;2,89;66,42;A;;
18/08/2026;024668 - ACQUA DISTRIBUIDORA DE PERFUMES E COSMETICOS LTDA;07891033480609;LILY CREM DES HID ACET CPO 250g V8;1,000;134,91;134,91;58,96;0,00;0,00;75,95;56,30;128,82;2,70;69,12;A;;
18/08/2026;024668 - ACQUA DISTRIBUIDORA DE PERFUMES E COSMETICOS LTDA;07891033706693;SOPHIE COL LIKE 100ml;1,000;119,90;119,90;49,00;0,00;0,00;70,90;59,13;144,69;2,52;71,65;A;;
18/08/2026;024668 - ACQUA DISTRIBUIDORA DE PERFUMES E COSMETICOS LTDA;07891033880829;NSPA LOC DES HID CPO AMEIX/NEG V4 400ml;1,000;77,52;77,52;16,86;0,00;0,00;60,66;78,25;359,79;2,16;73,80;A;;
18/08/2026;024668 - ACQUA DISTRIBUIDORA DE PERFUMES E COSMETICOS LTDA;07891033487790;BOTICOLL PORTINARI DES BDY SPR 100ml V7;2,000;105,80;52,90;48,06;0,00;0,00;57,74;54,57;120,14;2,06;75,86;A;;
18/08/2026;024668 - ACQUA DISTRIBUIDORA DE PERFUMES E COSMETICOS LTDA;07891033520442;CELEBRE DES COL FEM AGORA 100ml;1,000;99,90;99,90;45,89;0,00;0,00;54,01;54,06;117,69;1,92;77,78;A;;
18/08/2026;024668 - ACQUA DISTRIBUIDORA DE PERFUMES E COSMETICOS LTDA;07891033595174;REF NSPA LOC DES HID CPO AMEIXA 350ml;1,000;64,24;64,24;10,40;0,00;0,00;53,84;83,81;517,69;1,92;79,70;A;;
18/08/2026;024668 - ACQUA DISTRIBUIDORA DE PERFUMES E COSMETICOS LTDA;07891033533886;NSPA SAB LIQ PERF AMEIXA 250ml;1,000;53,91;53,91;8,87;0,00;0,00;45,04;83,55;507,78;1,60;81,30;B;;
18/08/2026;024668 - ACQUA DISTRIBUIDORA DE PERFUMES E COSMETICOS LTDA;07891033854820;FLORATTA DES BDY SPR F/SECRET V2 100ml;1,000;52,90;52,90;8,24;0,00;0,00;44,66;84,42;541,99;1,59;82,89;B;;
18/08/2026;024668 - ACQUA DISTRIBUIDORA DE PERFUMES E COSMETICOS LTDA;07891033890286;MAKE B CORRET LIQ HYAL 170Q 68ml;1,000;58,32;58,32;14,93;0,00;0,00;43,39;74,40;290,62;1,54;84,44;B;;
18/08/2026;024668 - ACQUA DISTRIBUIDORA DE PERFUMES E COSMETICOS LTDA;07891033487851;MALBEC DES BDY SPR 100ml V4 PCK;1,000;47,61;47,61;8,52;0,00;0,00;39,09;82,10;458,80;1,39;85,83;B;;
18/08/2026;024668 - ACQUA DISTRIBUIDORA DE PERFUMES E COSMETICOS LTDA;07891033499038;CBEM LOC DES HID CPO PESSEGURA V2 200ml;1,000;47,58;47,58;9,02;0,00;0,00;38,56;81,04;427,49;1,37;87,20;B;;
18/08/2026;024668 - ACQUA DISTRIBUIDORA DE PERFUMES E COSMETICOS LTDA;07891033854837;FLORATTA DES BDY SPRAY RED V2 100ml;1,000;44,97;44,97;7,12;0,00;0,00;37,85;84,17;531,60;1,35;88,55;B;;
18/08/2026;024668 - ACQUA DISTRIBUIDORA DE PERFUMES E COSMETICOS LTDA;07891033513246;QUASAR DES SPR RUSH V2 100ml;1,000;46,78;46,78;10,27;0,00;0,00;36,51;78,05;355,50;1,30;89,85;B;;
18/08/2026;024668 - ACQUA DISTRIBUIDORA DE PERFUMES E COSMETICOS LTDA;07891033880799;NSPA LOC DES HID CPO AMEIXA V6 200ml;1,000;62,91;62,91;27,57;0,00;0,00;35,34;56,18;128,18;1,26;91,11;B;;
18/08/2026;024668 - ACQUA DISTRIBUIDORA DE PERFUMES E COSMETICOS LTDA;07891033887026;REF CBEM LOC D H CP PESSEG N/FORM 350ml;1,000;43,95;43,95;9,73;0,00;0,00;34,22;77,86;351,70;1,22;92,33;B;;
18/08/2026;024668 - ACQUA DISTRIBUIDORA DE PERFUMES E COSMETICOS LTDA;07891033877713;MAKE B BLUSH COMP BERRY MINI PRM 15g;1,000;39,90;39,90;9,16;0,00;0,00;30,74;77,04;335,59;1,09;93,42;B;;
18/08/2026;024668 - ACQUA DISTRIBUIDORA DE PERFUMES E COSMETICOS LTDA;07891033839612;ARBO DES BDY SPR 100ml V6;1,000;52,90;52,90;24,05;0,00;0,00;28,85;54,54;119,96;1,03;94,45;B;;
18/08/2026;024668 - ACQUA DISTRIBUIDORA DE PERFUMES E COSMETICOS LTDA;07891033896615;EGEO DES COL VANILLA UBESESSION PRM 10ml;1,000;34,40;34,40;6,13;0,00;0,00;28,27;82,18;461,17;1,01;95,45;C;;
18/08/2026;024668 - ACQUA DISTRIBUIDORA DE PERFUMES E COSMETICOS LTDA;07891033945382;NSPA SAB BARRA CORP AMEI/NEG V4 2x90g;2,000;44,35;22,17;17,66;0,00;0,00;26,69;60,18;151,13;0,95;96,40;C;;
18/08/2026;024668 - ACQUA DISTRIBUIDORA DE PERFUMES E COSMETICOS LTDA;07891033512362;CBEM DES COL BDY SPLSH PESSEGUR V2 200ml;1,000;59,30;59,30;36,49;0,00;0,00;22,81;38,47;62,51;0,81;97,22;C;;
18/08/2026;024668 - ACQUA DISTRIBUIDORA DE PERFUMES E COSMETICOS LTDA;07891033948994;CBEM GEL LIMP FAC FEIR TANGERINA PRM 50g;3,000;41,80;13,93;19,98;0,00;0,00;21,82;52,20;109,21;0,78;97,99;C;;
18/08/2026;024668 - ACQUA DISTRIBUIDORA DE PERFUMES E COSMETICOS LTDA;07891033524686;BOTIK GEL LIM FAC MIC AC MAN/SAL 50g PRM;1,000;20,82;20,82;0,00;0,00;0,00;20,82;100,00;0,00;0,74;98,73;C;;
18/08/2026;024668 - ACQUA DISTRIBUIDORA DE PERFUMES E COSMETICOS LTDA;07891033035304;CAIXA M INST 2021 VERDE ECONOMICA;5,000;15,44;3,09;0,00;0,00;0,00;15,44;100,00;0,00;0,55;99,28;C;;
18/08/2026;024668 - ACQUA DISTRIBUIDORA DE PERFUMES E COSMETICOS LTDA;07891033894208;REF NSPA LOC DES H CP ORQ/NOIRE V2 350ml;2,000;69,90;34,95;55,14;0,00;0,00;14,76;21,12;26,77;0,53;99,81;C;;
18/08/2026;024668 - ACQUA DISTRIBUIDORA DE PERFUMES E COSMETICOS LTDA;07891033501250;MALBEC DES BDY SPR ULTRA BLEU 100ml;1,000;34,69;34,69;22,69;0,00;0,00;12,00;34,59;52,89;0,43;100,24;C;;
18/08/2026;024668 - ACQUA DISTRIBUIDORA DE PERFUMES E COSMETICOS LTDA;07891033813315;ELYSEE EDP SUCCES 50ml;2,000;285,30;142,65;276,02;0,00;0,00;9,28;3,25;3,36;0,33;100,57;C;;
18/08/2026;024668 - ACQUA DISTRIBUIDORA DE PERFUMES E COSMETICOS LTDA;07891033894697;BOTIK SRUM FAC ALT/POT AC/HIAL PRM 10ml;1,000;14,57;14,57;7,19;0,00;0,00;7,38;50,65;102,64;0,26;100,83;C;;
18/08/2026;024668 - ACQUA DISTRIBUIDORA DE PERFUMES E COSMETICOS LTDA;07891033894017;CX PRESENTE M BOTI INST/25 VDA;1,000;8,99;8,99;7,37;0,00;0,00;1,62;18,02;21,98;0,06;100,89;C;;
18/08/2026;024668 - ACQUA DISTRIBUIDORA DE PERFUMES E COSMETICOS LTDA;07891033534098;REF NSPA SAB LIQ CPO PERF AMEIXA 200ml;1,000;0,01;0,01;9,41;0,00;0,00;-9,40;-94000,00;-99,89;-0,33;100,55;C;;
18/08/2026;024668 - ACQUA DISTRIBUIDORA DE PERFUMES E COSMETICOS LTDA;07891033957996;NSPA CR PERF DES HID CP AMX/INT PRM 50ml;7,000;0,07;0,01;15,61;0,00;0,00;-15,54;-22200,00;-99,55;-0,55;100,00;C;;
18/08/2026;024669 - 24669 ACQUA DISTRIBUIDORA DE PERFUMES E;07891033818495;LINDA DES COL FELICIDADE V2 100ml;4,000;429,55;107,39;147,52;0,00;0,00;282,03;65,66;191,18;16,64;16,64;A;;
18/08/2026;024669 - 24669 ACQUA DISTRIBUIDORA DE PERFUMES E;07891033865055;REF CASA 214 AROMAT VAR VAN/SUBLIM 250ml;3,000;303,33;101,11;77,10;0,00;0,00;226,23;74,58;293,42;13,35;29,98;A;;
18/08/2026;024669 - 24669 ACQUA DISTRIBUIDORA DE PERFUMES E;07891033885602;MALBEC DES ANTIT ROLL V10 55ml;8,000;210,75;26,34;41,28;0,00;0,00;169,47;80,41;410,54;10,00;39,98;A;;
18/08/2026;024669 - 24669 ACQUA DISTRIBUIDORA DE PERFUMES E;07891033843923;MALBEC DES COL BLACK V2 100ml;1,000;206,08;206,08;53,57;0,00;0,00;152,51;74,01;284,69;9,00;48,98;A;;
18/08/2026;024669 - 24669 ACQUA DISTRIBUIDORA DE PERFUMES E;07891033830596;CELEBRE DES COL FOUG AROM FORC 100ml;1,000;119,90;119,90;20,02;0,00;0,00;99,88;83,30;498,90;5,89;54,87;A;;
18/08/2026;024669 - 24669 ACQUA DISTRIBUIDORA DE PERFUMES E;07891033757558;MAKE B BAS PO MINERAL 30 55G;1,000;102,87;102,87;25,29;0,00;0,00;77,58;75,42;306,76;4,58;59,45;A;;
18/08/2026;024669 - 24669 ACQUA DISTRIBUIDORA DE PERFUMES E;07891033880157;MAKE B BAT LIQ MAT AC/POL DEEP/RO V2 5ml;2,000;104,69;52,34;27,92;0,00;0,00;76,77;73,33;274,96;4,53;63,98;A;;
18/08/2026;024669 - 24669 ACQUA DISTRIBUIDORA DE PERFUMES E;07891033483037;FLORATTA DES COL RED V2 75ml;1,000;110,24;110,24;36,07;0,00;0,00;74,17;67,28;205,63;4,38;68,35;A;;
18/08/2026;024669 - 24669 ACQUA DISTRIBUIDORA DE PERFUMES E;07891033486342;DREAM DES COL SPLSH AMOR NO AR 200ml V2;1,000;93,61;93,61;26,75;0,00;0,00;66,86;71,42;249,94;3,94;72,30;A;;
18/08/2026;024669 - 24669 ACQUA DISTRIBUIDORA DE PERFUMES E;07891033902194;CBEM DES COL BDY SPLSH DEL/CARAM 200ml;1,000;94,90;94,90;34,73;0,00;0,00;60,17;63,40;173,25;3,55;75,85;A;;
18/08/2026;024669 - 24669 ACQUA DISTRIBUIDORA DE PERFUMES E;07891033903740;PMPCK QUASAR DES BODY SPRAY BLUE;1,000;52,40;52,40;0,00;0,00;0,00;52,40;100,00;0,00;3,09;78,94;A;;
18/08/2026;024669 - 24669 ACQUA DISTRIBUIDORA DE PERFUMES E;07891033486809;REF NSPA LOC FIRM D H CPO QUIN 400ml V2;1,000;69,90;69,90;17,54;0,00;0,00;52,36;74,91;298,52;3,09;82,03;B;;
18/08/2026;024669 - 24669 ACQUA DISTRIBUIDORA DE PERFUMES E;07891033844876;LINDA LOC DES HID CPO IRRESISTIVEL 200ml;1,000;69,90;69,90;21,77;0,00;0,00;48,13;68,86;221,08;2,84;84,87;B;;
18/08/2026;024669 - 24669 ACQUA DISTRIBUIDORA DE PERFUMES E;07891033524686;BOTIK GEL LIM FAC MIC AC MAN/SAL 50g PRM;3,000;42,50;14,17;0,00;0,00;0,00;42,50;100,00;0,00;2,51;87,38;B;;
18/08/2026;024669 - 24669 ACQUA DISTRIBUIDORA DE PERFUMES E;07891033595174;REF NSPA LOC DES HID CPO AMEIXA 350ml;2,000;62,91;31,45;21,04;0,00;0,00;41,87;66,56;199,00;2,47;89,85;B;;
18/08/2026;024669 - 24669 ACQUA DISTRIBUIDORA DE PERFUMES E;07891033521593;INTENSE BAT LIQ TINT 16H SUPF 245 V3 5ml;1,000;57,11;57,11;27,20;0,00;0,00;29,91;52,37;109,96;1,76;91,61;B;;
18/08/2026;024669 - 24669 ACQUA DISTRIBUIDORA DE PERFUMES E;07891033896936;MATCH SHAMP ESC/HID 300ml;1,000;47,90;47,90;21,32;0,00;0,00;26,58;55,49;124,67;1,57;93,18;B;;
18/08/2026;024669 - 24669 ACQUA DISTRIBUIDORA DE PERFUMES E;07891033856756;CBEM CR RELAX CER/FASES 200g;2,000;57,86;28,93;33,02;0,00;0,00;24,84;42,93;75,23;1,47;94,64;B;;
18/08/2026;024669 - 24669 ACQUA DISTRIBUIDORA DE PERFUMES E;07891033874521;MALBEC SAB BARRA CUIDADOS 4x80g;1,000;37,73;37,73;13,76;0,00;0,00;23,97;63,53;174,20;1,41;96,06;C;;
18/08/2026;024669 - 24669 ACQUA DISTRIBUIDORA DE PERFUMES E;07891033944996;CBEM SAB BARRA PESSEGURA V3 4x80g;1,000;35,74;35,74;12,70;0,00;0,00;23,04;64,47;181,42;1,36;97,42;C;;
18/08/2026;024669 - 24669 ACQUA DISTRIBUIDORA DE PERFUMES E;07891033881994;CBEM CR HID MAOS NUVEM V5 45g;1,000;37,09;37,09;15,05;0,00;0,00;22,04;59,42;146,45;1,30;98,72;C;;
18/08/2026;024669 - 24669 ACQUA DISTRIBUIDORA DE PERFUMES E;07891033511655;CBEM SAB BARRA ROSA/ALGODAO 4x80g;1,000;35,74;35,74;13,78;0,00;0,00;21,96;61,44;159,36;1,30;100,01;C;;
18/08/2026;024669 - 24669 ACQUA DISTRIBUIDORA DE PERFUMES E;07891033808885;UOMINI DES BDY SPR INFINITE 100ml;1,000;37,03;37,03;24,05;0,00;0,00;12,98;35,05;53,97;0,77;100,78;C;;
18/08/2026;024669 - 24669 ACQUA DISTRIBUIDORA DE PERFUMES E;07891033909544;GLAMOUR DES COL INTENSE PRM 10ml;1,000;15,77;15,77;6,19;0,00;0,00;9,58;60,75;154,77;0,57;101,34;C;;
18/08/2026;024669 - 24669 ACQUA DISTRIBUIDORA DE PERFUMES E;07891033957996;NSPA CR PERF DES HID CP AMX/INT PRM 50ml;4,000;0,04;0,01;8,92;0,00;0,00;-8,88;-22200,00;-99,55;-0,52;100,82;C;;
18/08/2026;024669 - 24669 ACQUA DISTRIBUIDORA DE PERFUMES E;07891033881376;FLORATTA EDP ROSE SUCREE PRM 10ml;2,000;0,02;0,01;13,92;0,00;0,00;-13,90;-69500,00;-99,86;-0,82;100,00;C;;
18/08/2026;024670 - ACQUA DISTRIBUIDORA DE PERFUMES E COSMETICOS LTDA;07891033881352;FLORATTA EDP ROSE SUCREE 75ml;2,000;431,46;215,73;103,18;0,00;0,00;328,28;76,09;318,16;9,30;9,30;A;;
18/08/2026;024670 - ACQUA DISTRIBUIDORA DE PERFUMES E COSMETICOS LTDA;07891033479054;BOTICOLL ACQUA FRESCA DES COL 100ml V2;6,000;455,89;75,98;143,88;0,00;0,00;312,01;68,44;216,85;8,83;18,13;A;;
18/08/2026;024670 - ACQUA DISTRIBUIDORA DE PERFUMES E COSMETICOS LTDA;07891033481392;COFFEE DES COL WOMAN SEDUC 100ml V5;2,000;338,24;169,12;83,66;0,00;0,00;254,58;75,27;304,30;7,21;25,34;A;;
18/08/2026;024670 - ACQUA DISTRIBUIDORA DE PERFUMES E COSMETICOS LTDA;07891033512430;QUASAR DES COL CLASSIC 100ml;3,000;407,54;135,85;179,34;0,00;0,00;228,20;55,99;127,24;6,46;31,80;A;;
18/08/2026;024670 - ACQUA DISTRIBUIDORA DE PERFUMES E COSMETICOS LTDA;07891033818495;LINDA DES COL FELICIDADE V2 100ml;3,000;274,05;91,35;110,61;0,00;0,00;163,44;59,64;147,76;4,63;36,43;A;;
18/08/2026;024670 - ACQUA DISTRIBUIDORA DE PERFUMES E COSMETICOS LTDA;07891033956494;ESTJ ZAAD INTENSE PAIS/26;1,000;303,26;303,26;142,20;0,00;0,00;161,06;53,11;113,26;4,56;40,99;A;;
18/08/2026;024670 - ACQUA DISTRIBUIDORA DE PERFUMES E COSMETICOS LTDA;07891033740437;LINDA DES COL V4 100ml;1,000;205,26;205,26;58,15;0,00;0,00;147,11;71,67;252,98;4,17;45,16;A;;
18/08/2026;024670 - ACQUA DISTRIBUIDORA DE PERFUMES E COSMETICOS LTDA;07891033857975;REF ELYSEE CR DES HID ACET CPO V2 200g;2,000;159,96;79,98;24,58;0,00;0,00;135,38;84,63;550,77;3,83;48,99;A;;
18/08/2026;024670 - ACQUA DISTRIBUIDORA DE PERFUMES E COSMETICOS LTDA;07891033894208;REF NSPA LOC DES H CP ORQ/NOIRE V2 350ml;5,000;193,03;38,61;66,85;0,00;0,00;126,18;65,37;188,75;3,57;52,56;A;;
18/08/2026;024670 - ACQUA DISTRIBUIDORA DE PERFUMES E COSMETICOS LTDA;07891033909537;GLAMOUR DES COL INTENSE 75ml;1,000;161,40;161,40;38,43;0,00;0,00;122,97;76,19;319,98;3,48;56,04;A;;
18/08/2026;024670 - ACQUA DISTRIBUIDORA DE PERFUMES E COSMETICOS LTDA;07891033843879;MALBEC DES COL V6 100ml;1,000;205,25;205,25;82,58;0,00;0,00;122,67;59,77;148,55;3,47;59,52;A;;
18/08/2026;024670 - ACQUA DISTRIBUIDORA DE PERFUMES E COSMETICOS LTDA;07891033483136;FLORATTA DES COL ROSE V4 75ml;1,000;150,25;150,25;30,70;0,00;0,00;119,55;79,57;389,41;3,39;62,90;A;;
18/08/2026;024670 - ACQUA DISTRIBUIDORA DE PERFUMES E COSMETICOS LTDA;07891033880195;BOTICA 214 EDP DARK MINT V3 90ml;1,000;164,86;164,86;47,84;0,00;0,00;117,02;70,98;244,61;3,31;66,22;A;;
18/08/2026;024670 - ACQUA DISTRIBUIDORA DE PERFUMES E COSMETICOS LTDA;07891033222490;FREE DES COL BOTICOLL 100ml V4;1,000;154,10;154,10;59,44;0,00;0,00;94,66;61,43;159,25;2,68;68,90;A;;
18/08/2026;024670 - ACQUA DISTRIBUIDORA DE PERFUMES E COSMETICOS LTDA;07891033482801;NSPA DES COL BDY SPLSH AMEI/NEG 200ml V2;1,000;102,58;102,58;19,86;0,00;0,00;82,72;80,64;416,52;2,34;71,24;A;;
18/08/2026;024670 - ACQUA DISTRIBUIDORA DE PERFUMES E COSMETICOS LTDA;07891033479085;DREAM DES COL SPLSH VIAG/ENC 200ml V2;1,000;107,91;107,91;29,10;0,00;0,00;78,81;73,03;270,82;2,23;73,47;A;;
18/08/2026;024670 - ACQUA DISTRIBUIDORA DE PERFUMES E COSMETICOS LTDA;07891033880829;NSPA LOC DES HID CPO AMEIX/NEG V4 400ml;1,000;83,92;83,92;16,85;0,00;0,00;67,07;79,92;398,04;1,90;75,37;A;;
18/08/2026;024670 - ACQUA DISTRIBUIDORA DE PERFUMES E COSMETICOS LTDA;07891033877959;MAKE B BASE LIQ HYALURONIC 210Q 30ml;1,000;94,28;94,28;32,09;0,00;0,00;62,19;65,96;193,80;1,76;77,13;A;;
18/08/2026;024670 - ACQUA DISTRIBUIDORA DE PERFUMES E COSMETICOS LTDA;07891033837564;COFFEE DES COL WOMAN LUCKY 100ML;1,000;100,96;100,96;40,29;0,00;0,00;60,67;60,09;150,58;1,72;78,85;A;;
18/08/2026;024670 - ACQUA DISTRIBUIDORA DE PERFUMES E COSMETICOS LTDA;07891033903788;PMPCK FLORATTA DES BODY SPRAY RED;1,000;74,07;74,07;16,85;0,00;0,00;57,22;77,25;339,58;1,62;80,47;B;;
18/08/2026;024670 - ACQUA DISTRIBUIDORA DE PERFUMES E COSMETICOS LTDA;07891033874781;BOTIK GEL LIMP FAC VITAM C V2 200g;1,000;87,90;87,90;30,90;0,00;0,00;57,00;64,85;184,47;1,61;82,08;B;;
18/08/2026;024670 - ACQUA DISTRIBUIDORA DE PERFUMES E COSMETICOS LTDA;07891033539291;MALBEC DES ANTIT AER GOLD V3 75g;2,000;75,28;37,64;22,04;0,00;0,00;53,24;70,72;241,56;1,51;83,59;B;;
18/08/2026;024670 - ACQUA DISTRIBUIDORA DE PERFUMES E COSMETICOS LTDA;07891033944996;CBEM SAB BARRA PESSEGURA V3 4x80g;3,000;84,79;28,26;32,10;0,00;0,00;52,69;62,14;164,14;1,49;85,08;B;;
18/08/2026;024670 - ACQUA DISTRIBUIDORA DE PERFUMES E COSMETICOS LTDA;07891033903764;PMPCK QUASAR DES BODY SPRAY RUSH;1,000;68,16;68,16;16,82;0,00;0,00;51,34;75,32;305,23;1,45;86,54;B;;
18/08/2026;024670 - ACQUA DISTRIBUIDORA DE PERFUMES E COSMETICOS LTDA;07891033533862;BOTIK PROT SOL FAC FPS 80 AC/HIAL 40ml;1,000;77,94;77,94;26,84;0,00;0,00;51,10;65,56;190,39;1,45;87,98;B;;
18/08/2026;024670 - ACQUA DISTRIBUIDORA DE PERFUMES E COSMETICOS LTDA;07891033501250;MALBEC DES BDY SPR ULTRA BLEU 100ml;2,000;66,83;33,41;16,16;0,00;0,00;50,67;75,82;313,55;1,43;89,42;B;;
18/08/2026;024670 - ACQUA DISTRIBUIDORA DE PERFUMES E COSMETICOS LTDA;07891033766215;DREAM DES COL CEU/BAUN 200ml;1,000;96,80;96,80;46,25;0,00;0,00;50,55;52,22;109,30;1,43;90,85;B;;
18/08/2026;024670 - ACQUA DISTRIBUIDORA DE PERFUMES E COSMETICOS LTDA;07891033830596;CELEBRE DES COL FOUG AROM FORC 100ml;1,000;95,99;95,99;45,88;0,00;0,00;50,11;52,20;109,22;1,42;92,27;B;;
18/08/2026;024670 - ACQUA DISTRIBUIDORA DE PERFUMES E COSMETICOS LTDA;07891033483037;FLORATTA DES COL RED V2 75ml;1,000;114,18;114,18;68,42;0,00;0,00;45,76;40,08;66,88;1,30;93,56;B;;
18/08/2026;024670 - ACQUA DISTRIBUIDORA DE PERFUMES E COSMETICOS LTDA;07891033771837;LIZ CREM DES HID CPO 250g;2,000;74,90;37,45;29,74;0,00;0,00;45,16;60,29;151,85;1,28;94,84;B;;
18/08/2026;024670 - ACQUA DISTRIBUIDORA DE PERFUMES E COSMETICOS LTDA;07891033490257;FLORATTA DES BDY SPR ROSE 100ml V8;1,000;45,45;45,45;7,68;0,00;0,00;37,77;83,10;491,80;1,07;95,91;C;;
18/08/2026;024670 - ACQUA DISTRIBUIDORA DE PERFUMES E COSMETICOS LTDA;07891033595174;REF NSPA LOC DES HID CPO AMEIXA 350ml;2,000;56,43;28,21;20,80;0,00;0,00;35,63;63,14;171,30;1,01;96,92;C;;
18/08/2026;024670 - ACQUA DISTRIBUIDORA DE PERFUMES E COSMETICOS LTDA;07891033486854;COFFEE LOC HID DES CPO W/SEDUC 200ml V2;1,000;61,59;61,59;29,13;0,00;0,00;32,46;52,70;111,43;0,92;97,84;C;;
18/08/2026;024670 - ACQUA DISTRIBUIDORA DE PERFUMES E COSMETICOS LTDA;07891033945108;BOTIK BALM LAB HID AC/HIALUR V2 32g;1,000;34,27;34,27;11,12;0,00;0,00;23,15;67,55;208,18;0,66;98,50;C;;
18/08/2026;024670 - ACQUA DISTRIBUIDORA DE PERFUMES E COSMETICOS LTDA;07891033471515;CBEM DES ANTIT AER S/ALUM 90g/150ml;1,000;39,90;39,90;18,52;0,00;0,00;21,38;53,58;115,44;0,61;99,10;C;;
18/08/2026;024670 - ACQUA DISTRIBUIDORA DE PERFUMES E COSMETICOS LTDA;07891033533732;NSPA SHAMP AMEIXA DOURADA 300ml;1,000;26,45;26,45;9,27;0,00;0,00;17,18;64,95;185,33;0,49;99,59;C;;
18/08/2026;024670 - ACQUA DISTRIBUIDORA DE PERFUMES E COSMETICOS LTDA;07891033528578;MA CHERIE LOC DES HID CPO JEANS 200ml;1,000;27,07;27,07;11,35;0,00;0,00;15,72;58,07;138,50;0,45;100,03;C;;
18/08/2026;024670 - ACQUA DISTRIBUIDORA DE PERFUMES E COSMETICOS LTDA;07891033561865;MATCH SHAMP NUTRICAO PROFUNDA 50ml;1,000;17,01;17,01;4,44;0,00;0,00;12,57;73,90;283,11;0,36;100,39;C;;
18/08/2026;024670 - ACQUA DISTRIBUIDORA DE PERFUMES E COSMETICOS LTDA;07891033482856;NSPA SAB LIQ CPO AMEI 200ml V3;1,000;27,45;27,45;16,13;0,00;0,00;11,32;41,24;70,18;0,32;100,71;C;;
18/08/2026;024670 - ACQUA DISTRIBUIDORA DE PERFUMES E COSMETICOS LTDA;07891033533749;NSPA MASC CAP COND AMEI DOUR 200ml;1,000;33,95;33,95;23,58;0,00;0,00;10,37;30,54;43,98;0,29;101,00;C;;
18/08/2026;024670 - ACQUA DISTRIBUIDORA DE PERFUMES E COSMETICOS LTDA;07891033948994;CBEM GEL LIMP FAC FEIR TANGERINA PRM 50g;1,000;14,56;14,56;6,66;0,00;0,00;7,90;54,26;118,62;0,22;101,23;C;;
18/08/2026;024670 - ACQUA DISTRIBUIDORA DE PERFUMES E COSMETICOS LTDA;07891033765997;INTENSE LAP BAT VERMELHO 12g;1,000;12,88;12,88;5,97;0,00;0,00;6,91;53,65;115,75;0,20;101,42;C;;
18/08/2026;024670 - ACQUA DISTRIBUIDORA DE PERFUMES E COSMETICOS LTDA;07891033035298;CAIXA M INST 2021 ROSA ECONOMICA;2,000;6,89;3,44;0,00;0,00;0,00;6,89;100,00;0,00;0,20;101,62;C;;
18/08/2026;024670 - ACQUA DISTRIBUIDORA DE PERFUMES E COSMETICOS LTDA;07891033836994;MATCH COND OL CONTROLADA 280ml;1,000;24,95;24,95;19,80;0,00;0,00;5,15;20,64;26,01;0,15;101,76;C;;
18/08/2026;024670 - ACQUA DISTRIBUIDORA DE PERFUMES E COSMETICOS LTDA;07891033772728;MEN SHAMP CAB/BARBA 200ml;1,000;19,95;19,95;15,85;0,00;0,00;4,10;20,55;25,87;0,12;101,88;C;;
18/08/2026;024670 - ACQUA DISTRIBUIDORA DE PERFUMES E COSMETICOS LTDA;07891033533411;INTENSE BAT CREM VERM 310 V2 38g;1,000;19,08;19,08;15,22;0,00;0,00;3,86;20,23;25,36;0,11;101,99;C;;
18/08/2026;024670 - ACQUA DISTRIBUIDORA DE PERFUMES E COSMETICOS LTDA;07891033566051;DR BOTICA SHAMP POC ESPUM V3 400ml;1,000;28,89;28,89;25,81;0,00;0,00;3,08;10,66;11,93;0,09;102,08;C;;
18/08/2026;024670 - ACQUA DISTRIBUIDORA DE PERFUMES E COSMETICOS LTDA;07891033888528;CARTAO PRESENTE BOTICARIO MAES 25 UNIT;2,000;0,94;0,47;0,00;0,00;0,00;0,94;100,00;0,00;0,03;102,10;C;;
18/08/2026;024670 - ACQUA DISTRIBUIDORA DE PERFUMES E COSMETICOS LTDA;07891033965847;SACOLA M AMOR 2026 2025 BOTI UNIT;4,000;0,04;0,01;0,00;0,00;0,00;0,04;100,00;0,00;0,00;102,10;C;;
18/08/2026;024670 - ACQUA DISTRIBUIDORA DE PERFUMES E COSMETICOS LTDA;07891033869855;HER CODE EDP CLIMAX PRM 10ml;1,000;0,01;0,01;1,23;0,00;0,00;-1,22;-12200,00;-99,19;-0,03;102,07;C;;
18/08/2026;024670 - ACQUA DISTRIBUIDORA DE PERFUMES E COSMETICOS LTDA;07891033908219;SACOLA P BOTICARIO INST/25;1,000;0,01;0,01;1,31;0,00;0,00;-1,30;-13000,00;-99,24;-0,04;102,03;C;;
18/08/2026;024670 - ACQUA DISTRIBUIDORA DE PERFUMES E COSMETICOS LTDA;07891033889716;LIZ DES COL D ESSENCE PRM 10ml;1,000;0,01;0,01;6,95;0,00;0,00;-6,94;-69400,00;-99,86;-0,20;101,84;C;;
18/08/2026;024670 - ACQUA DISTRIBUIDORA DE PERFUMES E COSMETICOS LTDA;07891033949083;MAKE B PRIMER FAC ANTIOL SALIC PRM 5ml;2,000;0,02;0,01;9,80;0,00;0,00;-9,78;-48900,00;-99,80;-0,28;101,56;C;;
18/08/2026;024670 - ACQUA DISTRIBUIDORA DE PERFUMES E COSMETICOS LTDA;07891033841073;GLAMOUR DES ANTIT AER GOLD GLAM 75g;2,000;21,65;10,82;34,56;0,00;0,00;-12,91;-59,63;-37,36;-0,37;101,19;C;;
18/08/2026;024670 - ACQUA DISTRIBUIDORA DE PERFUMES E COSMETICOS LTDA;07891033957996;NSPA CR PERF DES HID CP AMX/INT PRM 50ml;7,000;0,07;0,01;15,62;0,00;0,00;-15,55;-22214,29;-99,55;-0,44;100,75;C;;
18/08/2026;024670 - ACQUA DISTRIBUIDORA DE PERFUMES E COSMETICOS LTDA;07891033536863;CBEM LOC DES HID CPO FEIRA BANANA 400ml;1,000;0,01;0,01;26,59;0,00;0,00;-26,58;-265800,00;-99,96;-0,75;100,00;C;;
18/08/2026;024671 - 24671 ACQUA DISTRIBUIDORA DE PERFUMES E;07891033909537;GLAMOUR DES COL INTENSE 75ml;2,000;329,54;164,77;76,86;0,00;0,00;252,68;76,68;328,75;8,68;8,68;A;;
18/08/2026;024671 - 24671 ACQUA DISTRIBUIDORA DE PERFUMES E;07891033775170;LILY EDP LOVE 75ML V2;1,000;310,83;310,83;104,35;0,00;0,00;206,48;66,43;197,87;7,09;15,76;A;;
18/08/2026;024671 - 24671 ACQUA DISTRIBUIDORA DE PERFUMES E;07891033507320;UOMINI DES COL SPIRIT 100ml;1,000;200,00;200,00;29,23;0,00;0,00;170,77;85,39;584,23;5,86;21,63;A;;
18/08/2026;024671 - 24671 ACQUA DISTRIBUIDORA DE PERFUMES E;07891033479054;BOTICOLL ACQUA FRESCA DES COL 100ml V2;2,000;202,13;101,06;47,98;0,00;0,00;154,15;76,26;321,28;5,29;26,92;A;;
18/08/2026;024671 - 24671 ACQUA DISTRIBUIDORA DE PERFUMES E;07891033277070;BOTICOLL CONNEXION DES COL 100ml V2;1,000;174,90;174,90;31,94;0,00;0,00;142,96;81,74;447,59;4,91;31,83;A;;
18/08/2026;024671 - 24671 ACQUA DISTRIBUIDORA DE PERFUMES E;07891033842131;EGEO DES COL VAN VIBE 90ml;1,000;160,23;160,23;32,78;0,00;0,00;127,45;79,54;388,80;4,38;36,21;A;;
18/08/2026;024671 - 24671 ACQUA DISTRIBUIDORA DE PERFUMES E;07891033843909;MALBEC DES COL MAGNETIC V3 100ml;1,000;211,55;211,55;98,30;0,00;0,00;113,25;53,53;115,21;3,89;40,09;A;;
18/08/2026;024671 - 24671 ACQUA DISTRIBUIDORA DE PERFUMES E;07891033744381;ARBO DES COL 100ml V4;1,000;184,90;184,90;75,42;0,00;0,00;109,48;59,21;145,16;3,76;43,85;A;;
18/08/2026;024671 - 24671 ACQUA DISTRIBUIDORA DE PERFUMES E;07891033487004;EGEO DES COL HIT 90ml V2;5,000;370,83;74,17;264,60;0,00;0,00;106,23;28,65;40,15;3,65;47,50;A;;
18/08/2026;024671 - 24671 ACQUA DISTRIBUIDORA DE PERFUMES E;07891033766659;MEN DES COL ONLY 100ml V2;1,000;168,25;168,25;62,40;0,00;0,00;105,85;62,91;169,63;3,63;51,13;A;;
18/08/2026;024671 - 24671 ACQUA DISTRIBUIDORA DE PERFUMES E;07891033514489;FLORATTA DES COL GOLD 75ml V2;1,000;134,90;134,90;30,27;0,00;0,00;104,63;77,56;345,66;3,59;54,73;A;;
18/08/2026;024671 - 24671 ACQUA DISTRIBUIDORA DE PERFUMES E;07891033856459;BOTICA 214 EDP ARAB/OASIS FOUG/AMB 90ml;1,000;194,04;194,04;97,06;0,00;0,00;96,98;49,98;99,92;3,33;58,06;A;;
18/08/2026;024671 - 24671 ACQUA DISTRIBUIDORA DE PERFUMES E;07891033886982;CBEM LOC DES HID CP CER/LIV N/FORM 200ml;2,000;109,76;54,88;17,84;0,00;0,00;91,92;83,75;515,25;3,16;61,21;A;;
18/08/2026;024671 - 24671 ACQUA DISTRIBUIDORA DE PERFUMES E;07891033878963;FLORATTA EDP RED PASSION V2 75ml;1,000;185,93;185,93;98,77;0,00;0,00;87,16;46,88;88,25;2,99;64,20;A;;
18/08/2026;024671 - 24671 ACQUA DISTRIBUIDORA DE PERFUMES E;07891033402205;ESTJ CBEM NUVEM REG/22;1,000;110,14;110,14;29,98;0,00;0,00;80,16;72,78;267,38;2,75;66,96;A;;
18/08/2026;024671 - 24671 ACQUA DISTRIBUIDORA DE PERFUMES E;07891033818495;LINDA DES COL FELICIDADE V2 100ml;1,000;114,61;114,61;35,48;0,00;0,00;79,13;69,04;223,03;2,72;69,67;A;;
18/08/2026;024671 - 24671 ACQUA DISTRIBUIDORA DE PERFUMES E;07891033826858;EGEO DES COL BOMB BLACK C/CAR 90ml;1,000;131,02;131,02;61,18;0,00;0,00;69,84;53,30;114,15;2,40;72,07;A;;
18/08/2026;024671 - 24671 ACQUA DISTRIBUIDORA DE PERFUMES E;07891033706686;SOPHIE COL HELLO 100ml;1,000;111,40;111,40;48,96;0,00;0,00;62,44;56,05;127,53;2,14;74,22;A;;
18/08/2026;024671 - 24671 ACQUA DISTRIBUIDORA DE PERFUMES E;07891033512393;CBEM DES COL BDY SPLSH CER/LIV V2 200ml;1,000;79,90;79,90;18,08;0,00;0,00;61,82;77,37;341,92;2,12;76,34;A;;
18/08/2026;024671 - 24671 ACQUA DISTRIBUIDORA DE PERFUMES E;07891033894208;REF NSPA LOC DES H CP ORQ/NOIRE V2 350ml;3,000;102,07;34,02;40,47;0,00;0,00;61,60;60,35;152,21;2,11;78,45;A;;
18/08/2026;024671 - 24671 ACQUA DISTRIBUIDORA DE PERFUMES E;07891033533862;BOTIK PROT SOL FAC FPS 80 AC/HIAL 40ml;1,000;87,90;87,90;26,85;0,00;0,00;61,05;69,45;227,37;2,10;80,55;B;;
18/08/2026;024671 - 24671 ACQUA DISTRIBUIDORA DE PERFUMES E;07891033893669;NSPA DES COL BDY SPLSH ROSAS/SCRT 200ml;1,000;102,66;102,66;42,45;0,00;0,00;60,21;58,65;141,84;2,07;82,62;B;;
18/08/2026;024671 - 24671 ACQUA DISTRIBUIDORA DE PERFUMES E;07891033947584;REF LILY CR ACET DES HID CPO 200g;1,000;96,80;96,80;39,29;0,00;0,00;57,51;59,41;146,37;1,97;84,59;B;;
18/08/2026;024671 - 24671 ACQUA DISTRIBUIDORA DE PERFUMES E;07891033483037;FLORATTA DES COL RED V2 75ml;1,000;123,02;123,02;68,43;0,00;0,00;54,59;44,37;79,77;1,87;86,47;B;;
18/08/2026;024671 - 24671 ACQUA DISTRIBUIDORA DE PERFUMES E;07891033486342;DREAM DES COL SPLSH AMOR NO AR 200ml V2;1,000;92,93;92,93;46,10;0,00;0,00;46,83;50,39;101,58;1,61;88,07;B;;
18/08/2026;024671 - 24671 ACQUA DISTRIBUIDORA DE PERFUMES E;07891033766642;MEN DES COL NEW 100ml;3,000;215,39;71,80;169,20;0,00;0,00;46,19;21,44;27,30;1,59;89,66;B;;
18/08/2026;024671 - 24671 ACQUA DISTRIBUIDORA DE PERFUMES E;07891033856756;CBEM CR RELAX CER/FASES 200g;2,000;69,90;34,95;24,96;0,00;0,00;44,94;64,29;180,05;1,54;91,20;B;;
18/08/2026;024671 - 24671 ACQUA DISTRIBUIDORA DE PERFUMES E;07891033962938;GLAMOUR LOC DES HID CPO INTENSE 200ml;1,000;54,32;54,32;11,21;0,00;0,00;43,11;79,36;384,57;1,48;92,68;B;;
18/08/2026;024671 - 24671 ACQUA DISTRIBUIDORA DE PERFUMES E;07891033536283;BOTIK GEL LIMP FAC VITAM C PRM 50g;2,000;35,34;17,67;0,00;0,00;0,00;35,34;100,00;0,00;1,21;93,90;B;;
18/08/2026;024671 - 24671 ACQUA DISTRIBUIDORA DE PERFUMES E;07891033878031;MAKE B BATOM PREENCH HYAL CINNAMON 4g;1,000;51,92;51,92;17,70;0,00;0,00;34,22;65,91;193,33;1,17;95,07;C;;
18/08/2026;024671 - 24671 ACQUA DISTRIBUIDORA DE PERFUMES E;07891033836840;DR BOTICA COL POC/AVENTURA 120ml;1,000;71,61;71,61;40,57;0,00;0,00;31,04;43,35;76,51;1,07;96,14;C;;
18/08/2026;024671 - 24671 ACQUA DISTRIBUIDORA DE PERFUMES E;07891033487851;MALBEC DES BDY SPR 100ml V4 PCK;1,000;37,83;37,83;8,51;0,00;0,00;29,32;77,50;344,54;1,01;97,14;C;;
18/08/2026;024671 - 24671 ACQUA DISTRIBUIDORA DE PERFUMES E;07891033512270;CBEM SAB BARRA NUVEM 4x80g;2,000;56,32;28,16;28,50;0,00;0,00;27,82;49,40;97,61;0,96;98,10;C;;
18/08/2026;024671 - 24671 ACQUA DISTRIBUIDORA DE PERFUMES E;07891033902194;CBEM DES COL BDY SPLSH DEL/CARAM 200ml;1,000;60,10;60,10;34,73;0,00;0,00;25,37;42,21;73,05;0,87;98,97;C;;
18/08/2026;024671 - 24671 ACQUA DISTRIBUIDORA DE PERFUMES E;07891033748938;EGEO DES BDY SPR DOLCE 100ml V8 PCK;1,000;48,24;48,24;24,05;0,00;0,00;24,19;50,15;100,58;0,83;99,80;C;;
18/08/2026;024671 - 24671 ACQUA DISTRIBUIDORA DE PERFUMES E;07891033759217;SOPHIE BATOM ROSA PINK 33g;1,000;24,06;24,06;11,40;0,00;0,00;12,66;52,62;111,05;0,43;100,23;C;;
18/08/2026;024671 - 24671 ACQUA DISTRIBUIDORA DE PERFUMES E;07891033520046;NSPA LOC RAD DES HID CPO AMEI DOUR 400ml;1,000;37,08;37,08;32,17;0,00;0,00;4,91;13,24;15,26;0,17;100,40;C;;
18/08/2026;024671 - 24671 ACQUA DISTRIBUIDORA DE PERFUMES E;07891033511457;CBEM SAB BARRA LEITE/MEL V8 2x80g;1,000;12,45;12,45;7,90;0,00;0,00;4,55;36,55;57,59;0,16;100,56;C;;
18/08/2026;024671 - 24671 ACQUA DISTRIBUIDORA DE PERFUMES E;07891033537457;BOTICOLL PORTINARI DES ANT AER ABSOL 75g;1,000;19,95;19,95;15,48;0,00;0,00;4,47;22,41;28,88;0,15;100,71;C;;
18/08/2026;024671 - 24671 ACQUA DISTRIBUIDORA DE PERFUMES E;07891033512157;QUASAR DES ANTIT AER BRAVE V3 75g;1,000;15,86;15,86;16,93;0,00;0,00;-1,07;-6,75;-6,32;-0,04;100,68;C;;
18/08/2026;024671 - 24671 ACQUA DISTRIBUIDORA DE PERFUMES E;07891033908226;SACOLA M BOTICARIO INST/25;2,000;0,02;0,01;3,12;0,00;0,00;-3,10;-15500,00;-99,36;-0,11;100,57;C;;
18/08/2026;024671 - 24671 ACQUA DISTRIBUIDORA DE PERFUMES E;07891033957996;NSPA CR PERF DES HID CP AMX/INT PRM 50ml;2,000;0,02;0,01;4,46;0,00;0,00;-4,44;-22200,00;-99,55;-0,15;100,42;C;;
18/08/2026;024671 - 24671 ACQUA DISTRIBUIDORA DE PERFUMES E;07891033908219;SACOLA P BOTICARIO INST/25;4,000;0,04;0,01;5,24;0,00;0,00;-5,20;-13000,00;-99,24;-0,18;100,24;C;;
18/08/2026;024671 - 24671 ACQUA DISTRIBUIDORA DE PERFUMES E;07891033889716;LIZ DES COL D ESSENCE PRM 10ml;1,000;0,01;0,01;6,95;0,00;0,00;-6,94;-69400,00;-99,86;-0,24;100,00;C;;
19/08/2026;024303 - 24303 ACQUA DISTRIBUIDORA DE PERFUMES E;07891033888955;LIZ DES COL D ESSENCE 100ml;1,000;170,34;170,34;31,33;0,00;0,00;139,01;81,61;443,70;11,76;11,76;A;;
19/08/2026;024303 - 24303 ACQUA DISTRIBUIDORA DE PERFUMES E;07891033826858;EGEO DES COL BOMB BLACK C/CAR 90ml;1,000;164,90;164,90;61,82;0,00;0,00;103,08;62,51;166,74;8,72;20,48;A;;
19/08/2026;024303 - 24303 ACQUA DISTRIBUIDORA DE PERFUMES E;07891033826865;EGEO DES COL BLUE C/CAR 90ml;1,000;164,90;164,90;61,82;0,00;0,00;103,08;62,51;166,74;8,72;29,20;A;;
19/08/2026;024303 - 24303 ACQUA DISTRIBUIDORA DE PERFUMES E;07891033512362;CBEM DES COL BDY SPLSH PESSEGUR V2 200ml;2,000;132,19;66,09;36,50;0,00;0,00;95,69;72,39;262,16;8,10;37,30;A;;
19/08/2026;024303 - 24303 ACQUA DISTRIBUIDORA DE PERFUMES E;07891033718771;BOTICOLL CRAZY DES COL FEELINGS 100ml;2,000;160,35;80,17;80,64;0,00;0,00;79,71;49,71;98,85;6,74;44,04;A;;
19/08/2026;024303 - 24303 ACQUA DISTRIBUIDORA DE PERFUMES E;07891033818495;LINDA DES COL FELICIDADE V2 100ml;2,000;193,60;96,80;127,94;0,00;0,00;65,66;33,92;51,32;5,55;49,60;A;;
19/08/2026;024303 - 24303 ACQUA DISTRIBUIDORA DE PERFUMES E;07891033508815;CBEM DES COL BDY SPLSH DELEITE V3 200ml;2,000;133,24;66,62;73,82;0,00;0,00;59,42;44,60;80,49;5,03;54,62;A;;
19/08/2026;024303 - 24303 ACQUA DISTRIBUIDORA DE PERFUMES E;07891033539215;DR BOTICA COL POC/CORAC V2 120ml;1,000;98,90;98,90;40,98;0,00;0,00;57,92;58,56;141,34;4,90;59,52;A;;
19/08/2026;024303 - 24303 ACQUA DISTRIBUIDORA DE PERFUMES E;07891033877973;MAKE B BASE LIQ HYALURONIC 220Q 30ml;1,000;89,06;89,06;32,44;0,00;0,00;56,62;63,58;174,54;4,79;64,31;A;;
19/08/2026;024303 - 24303 ACQUA DISTRIBUIDORA DE PERFUMES E;07891033902989;LIZ CR DES HID CPO D ESSENCE 250g;1,000;72,95;72,95;16,85;0,00;0,00;56,10;76,90;332,94;4,75;69,06;A;;
19/08/2026;024303 - 24303 ACQUA DISTRIBUIDORA DE PERFUMES E;07891033855643;CBEM SAB BARRA DELEITE V2 4x80g;2,000;73,10;36,55;28,96;0,00;0,00;44,14;60,38;152,42;3,73;72,79;A;;
19/08/2026;024303 - 24303 ACQUA DISTRIBUIDORA DE PERFUMES E;07891033944996;CBEM SAB BARRA PESSEGURA V3 4x80g;2,000;63,66;31,83;21,60;0,00;0,00;42,06;66,07;194,72;3,56;76,35;A;;
19/08/2026;024303 - 24303 ACQUA DISTRIBUIDORA DE PERFUMES E;07891033595167;REF NSPA LOC DES HID CPO AMEI/NEG 350ml;1,000;68,86;68,86;27,05;0,00;0,00;41,81;60,72;154,57;3,54;79,89;A;;
19/08/2026;024303 - 24303 ACQUA DISTRIBUIDORA DE PERFUMES E;07891033867578;NSPA SAB LIQ PERF AMEIXA NEGRA V2 250ml;1,000;52,73;52,73;11,51;0,00;0,00;41,22;78,17;358,12;3,49;83,38;B;;
19/08/2026;024303 - 24303 ACQUA DISTRIBUIDORA DE PERFUMES E;07891033524686;BOTIK GEL LIM FAC MIC AC MAN/SAL 50g PRM;2,000;35,22;17,61;0,00;0,00;0,00;35,22;100,00;0,00;2,98;86,36;B;;
19/08/2026;024303 - 24303 ACQUA DISTRIBUIDORA DE PERFUMES E;07891033511235;CBEM DES COL BDY SPLSH BOA NOIT V2 200ml;1,000;70,98;70,98;36,88;0,00;0,00;34,10;48,04;92,46;2,88;89,24;B;;
19/08/2026;024303 - 24303 ACQUA DISTRIBUIDORA DE PERFUMES E;07891033520183;BOTI BABY SHAMP V2 400ml;1,000;57,70;57,70;27,37;0,00;0,00;30,33;52,56;110,81;2,57;91,81;B;;
19/08/2026;024303 - 24303 ACQUA DISTRIBUIDORA DE PERFUMES E;07891033894468;LILY CR AC DES HID CP LEAU/LILY SOL 200g;1,000;77,52;77,52;47,24;0,00;0,00;30,28;39,06;64,10;2,56;94,37;B;;
19/08/2026;024303 - 24303 ACQUA DISTRIBUIDORA DE PERFUMES E;07891033498789;CBEM LOC DES HID CPO BOA NOITE V2 400ml;1,000;59,02;59,02;29,18;0,00;0,00;29,84;50,56;102,26;2,52;96,89;C;;
19/08/2026;024303 - 24303 ACQUA DISTRIBUIDORA DE PERFUMES E;07891033533886;NSPA SAB LIQ PERF AMEIXA 250ml;1,000;50,18;50,18;21,23;0,00;0,00;28,95;57,69;136,36;2,45;99,34;C;;
19/08/2026;024303 - 24303 ACQUA DISTRIBUIDORA DE PERFUMES E;07891033514366;DR BOTICA SAB BARRA POC/CORAG 3x80g V2;1,000;44,23;44,23;16,17;0,00;0,00;28,06;63,44;173,53;2,37;101,72;C;;
19/08/2026;024303 - 24303 ACQUA DISTRIBUIDORA DE PERFUMES E;07891033879823;ACCORDES DES BDY SPR V7 100ml;1,000;38,90;38,90;22,37;0,00;0,00;16,53;42,49;73,89;1,40;103,12;C;;
19/08/2026;024303 - 24303 ACQUA DISTRIBUIDORA DE PERFUMES E;07891033885190;MAKE B BAT GLOSSY C/AC POL NUDE V2 36g;1,000;43,47;43,47;27,23;0,00;0,00;16,24;37,36;59,64;1,37;104,49;C;;
19/08/2026;024303 - 24303 ACQUA DISTRIBUIDORA DE PERFUMES E;07891033894017;CX PRESENTE M BOTI INST/25 VDA;1,000;12,25;12,25;0,00;0,00;0,00;12,25;100,00;0,00;1,04;105,53;C;;
19/08/2026;024303 - 24303 ACQUA DISTRIBUIDORA DE PERFUMES E;07891033908219;SACOLA P BOTICARIO INST/25;3,000;0,03;0,01;3,93;0,00;0,00;-3,90;-13000,00;-99,24;-0,33;105,20;C;;
19/08/2026;024303 - 24303 ACQUA DISTRIBUIDORA DE PERFUMES E;07891033908226;SACOLA M BOTICARIO INST/25;4,000;0,04;0,01;6,24;0,00;0,00;-6,20;-15500,00;-99,36;-0,52;104,67;C;;
19/08/2026;024303 - 24303 ACQUA DISTRIBUIDORA DE PERFUMES E;07891033534098;REF NSPA SAB LIQ CPO PERF AMEIXA 200ml;1,000;0,01;0,01;17,10;0,00;0,00;-17,09;-170900,00;-99,94;-1,45;103,23;C;;
19/08/2026;024303 - 24303 ACQUA DISTRIBUIDORA DE PERFUMES E;07891033534104;REF NSPA SAB LIQ CPO PERF AMEI/NEG 200ml;1,000;0,01;0,01;17,10;0,00;0,00;-17,09;-170900,00;-99,94;-1,45;101,78;C;;
19/08/2026;024303 - 24303 ACQUA DISTRIBUIDORA DE PERFUMES E;07891033520213;REF BOTI BABY SHAMP 350ml;1,000;0,01;0,01;21,05;0,00;0,00;-21,04;-210400,00;-99,95;-1,78;100,00;C;;
19/08/2026;024617 - ACQUA DISTRIBUIDORA DE PERFUMES E COSMETICOS LTDA;07891033553570;MALBEC EDP 90ml;1,000;263,39;263,39;57,90;0,00;0,00;205,49;78,02;354,91;20,60;20,60;A;;
19/08/2026;024617 - ACQUA DISTRIBUIDORA DE PERFUMES E COSMETICOS LTDA;07891033861545;ESTJ BOTIK ACIDO HIALURONICO V2;1,000;139,90;139,90;0,00;0,00;0,00;139,90;100,00;0,00;14,02;34,62;A;;
19/08/2026;024617 - ACQUA DISTRIBUIDORA DE PERFUMES E COSMETICOS LTDA;07891033767007;LIZ DES COL 100ml;2,000;263,52;131,76;131,58;0,00;0,00;131,94;50,07;100,27;13,23;47,85;A;;
19/08/2026;024617 - ACQUA DISTRIBUIDORA DE PERFUMES E COSMETICOS LTDA;07891033520299;BOTICOLL PORTINARI D/COL ABSOLUTO 100ml;1,000;174,90;174,90;81,31;0,00;0,00;93,59;53,51;115,10;9,38;57,23;A;;
19/08/2026;024617 - ACQUA DISTRIBUIDORA DE PERFUMES E COSMETICOS LTDA;07891033482801;NSPA DES COL BDY SPLSH AMEI/NEG 200ml V2;1,000;103,42;103,42;20,07;0,00;0,00;83,35;80,59;415,30;8,35;65,58;A;;
19/08/2026;024617 - ACQUA DISTRIBUIDORA DE PERFUMES E COSMETICOS LTDA;07891033766215;DREAM DES COL CEU/BAUN 200ml;1,000;119,90;119,90;43,17;0,00;0,00;76,73;63,99;177,74;7,69;73,28;A;;
19/08/2026;024617 - ACQUA DISTRIBUIDORA DE PERFUMES E COSMETICOS LTDA;07891033878215;MAKE B PLT BL/FUS/CLIP ROS/FUS MINI 25g;1,000;74,09;74,09;19,84;0,00;0,00;54,25;73,22;273,44;5,44;78,71;A;;
19/08/2026;024617 - ACQUA DISTRIBUIDORA DE PERFUMES E COSMETICOS LTDA;07891033483037;FLORATTA DES COL RED V2 75ml;1,000;121,92;121,92;69,14;0,00;0,00;52,78;43,29;76,34;5,29;84,00;B;;
19/08/2026;024617 - ACQUA DISTRIBUIDORA DE PERFUMES E COSMETICOS LTDA;07891033511235;CBEM DES COL BDY SPLSH BOA NOIT V2 200ml;1,000;79,46;79,46;36,88;0,00;0,00;42,58;53,59;115,46;4,27;88,27;B;;
19/08/2026;024617 - ACQUA DISTRIBUIDORA DE PERFUMES E COSMETICOS LTDA;07891033521104;DR BOTICA CR PENT POC/TR/NO LISOS 350ml;1,000;56,86;56,86;27,80;0,00;0,00;29,06;51,11;104,53;2,91;91,18;B;;
19/08/2026;024617 - ACQUA DISTRIBUIDORA DE PERFUMES E COSMETICOS LTDA;07891033524686;BOTIK GEL LIM FAC MIC AC MAN/SAL 50g PRM;3,000;27,69;9,23;0,00;0,00;0,00;27,69;100,00;0,00;2,78;93,96;B;;
19/08/2026;024617 - ACQUA DISTRIBUIDORA DE PERFUMES E COSMETICOS LTDA;07891033894703;BOTIK SRUM FAC ALT/POT VITAM/C PRM 10ml;1,000;29,69;29,69;7,27;0,00;0,00;22,42;75,51;308,39;2,25;96,21;C;;
19/08/2026;024617 - ACQUA DISTRIBUIDORA DE PERFUMES E COSMETICOS LTDA;07891033508815;CBEM DES COL BDY SPLSH DELEITE V3 200ml;1,000;58,44;58,44;36,91;0,00;0,00;21,53;36,84;58,33;2,16;98,37;C;;
19/08/2026;024617 - ACQUA DISTRIBUIDORA DE PERFUMES E COSMETICOS LTDA;07891033974368;CAIXA LACO M BOTI PAIS 2026 UNIT;2,000;21,53;10,76;0,00;0,00;0,00;21,53;100,00;0,00;2,16;100,52;C;;
19/08/2026;024617 - ACQUA DISTRIBUIDORA DE PERFUMES E COSMETICOS LTDA;07891033574889;LIZ CREM DES HID CPO FLORA 250g;2,000;72,48;36,24;57,72;0,00;0,00;14,76;20,36;25,57;1,48;102,00;C;;
19/08/2026;024617 - ACQUA DISTRIBUIDORA DE PERFUMES E COSMETICOS LTDA;07891033595174;REF NSPA LOC DES HID CPO AMEIXA 350ml;2,000;63,16;31,58;54,10;0,00;0,00;9,06;14,34;16,75;0,91;102,91;C;;
19/08/2026;024617 - ACQUA DISTRIBUIDORA DE PERFUMES E COSMETICOS LTDA;07891033521630;INTENSE BAT CREM 250 V7 38g;1,000;18,25;18,25;15,96;0,00;0,00;2,29;12,55;14,35;0,23;103,14;C;;
19/08/2026;024617 - ACQUA DISTRIBUIDORA DE PERFUMES E COSMETICOS LTDA;07891033867660;CBEM SAB LIQ CPO DELEITE 50ml;2,000;23,00;11,50;22,66;0,00;0,00;0,34;1,48;1,50;0,03;103,18;C;;
19/08/2026;024617 - ACQUA DISTRIBUIDORA DE PERFUMES E COSMETICOS LTDA;07891033965847;SACOLA M AMOR 2026 2025 BOTI UNIT;4,000;0,04;0,01;0,00;0,00;0,00;0,04;100,00;0,00;0,00;103,18;C;;
19/08/2026;024617 - ACQUA DISTRIBUIDORA DE PERFUMES E COSMETICOS LTDA;07891033492251;COFFEE D/COL UNIQ WOM FL/GOURM PRM 10ml;2,000;0,02;0,01;0,00;0,00;0,00;0,02;100,00;0,00;0,00;103,18;C;;
19/08/2026;024617 - ACQUA DISTRIBUIDORA DE PERFUMES E COSMETICOS LTDA;07891033908219;SACOLA P BOTICARIO INST/25;2,000;0,02;0,01;2,62;0,00;0,00;-2,60;-13000,00;-99,24;-0,26;102,92;C;;
19/08/2026;024617 - ACQUA DISTRIBUIDORA DE PERFUMES E COSMETICOS LTDA;07891033851249;CBEM LOC DES HID CPO DELEITE V3 400ml;1,000;0,01;0,01;29,15;0,00;0,00;-29,14;-291400,00;-99,97;-2,92;100,00;C;;
19/08/2026;024668 - ACQUA DISTRIBUIDORA DE PERFUMES E COSMETICOS LTDA;07891033553570;MALBEC EDP 90ml;2,000;513,42;256,71;114,58;0,00;0,00;398,84;77,68;348,09;8,54;8,54;A;;
19/08/2026;024668 - ACQUA DISTRIBUIDORA DE PERFUMES E COSMETICOS LTDA;07891033909537;GLAMOUR DES COL INTENSE 75ml;3,000;448,51;149,50;115,29;0,00;0,00;333,22;74,29;289,03;7,14;15,68;A;;
19/08/2026;024668 - ACQUA DISTRIBUIDORA DE PERFUMES E COSMETICOS LTDA;07891033880195;BOTICA 214 EDP DARK MINT V3 90ml;2,000;376,86;188,43;95,76;0,00;0,00;281,10;74,59;293,55;6,02;21,70;A;;
19/08/2026;024668 - ACQUA DISTRIBUIDORA DE PERFUMES E COSMETICOS LTDA;07891033767007;LIZ DES COL 100ml;2,000;278,31;139,15;72,48;0,00;0,00;205,83;73,96;283,98;4,41;26,10;A;;
19/08/2026;024668 - ACQUA DISTRIBUIDORA DE PERFUMES E COSMETICOS LTDA;07891033479498;THE BLEND EDP 100ml V2;1,000;292,46;292,46;98,91;0,00;0,00;193,55;66,18;195,68;4,14;30,25;A;;
19/08/2026;024668 - ACQUA DISTRIBUIDORA DE PERFUMES E COSMETICOS LTDA;07891033826889;EGEO DES COL DOLCE C/CAR 90ml;2,000;313,42;156,71;125,78;0,00;0,00;187,64;59,87;149,18;4,02;34,27;A;;
19/08/2026;024668 - ACQUA DISTRIBUIDORA DE PERFUMES E COSMETICOS LTDA;07891033905133;MALBEC DES COL V7 100ml;1,000;219,90;219,90;44,75;0,00;0,00;175,15;79,65;391,40;3,75;38,02;A;;
19/08/2026;024668 - ACQUA DISTRIBUIDORA DE PERFUMES E COSMETICOS LTDA;07891033861750;ESTJ HER CODE TOUCH NAT/25;1,000;242,91;242,91;84,84;0,00;0,00;158,07;65,07;186,32;3,38;41,40;A;;
19/08/2026;024668 - ACQUA DISTRIBUIDORA DE PERFUMES E COSMETICOS LTDA;07891033843909;MALBEC DES COL MAGNETIC V3 100ml;1,000;219,90;219,90;62,79;0,00;0,00;157,11;71,45;250,22;3,36;44,77;A;;
19/08/2026;024668 - ACQUA DISTRIBUIDORA DE PERFUMES E COSMETICOS LTDA;07891033491544;COFFEE DES COL UNIQ WOM FL/GOURM 100ml;1,000;189,90;189,90;42,07;0,00;0,00;147,83;77,85;351,39;3,17;47,93;A;;
19/08/2026;024668 - ACQUA DISTRIBUIDORA DE PERFUMES E COSMETICOS LTDA;07891033493531;BOTICA 214 EDP PEON/APRCT 75ml V2;2,000;239,90;119,95;92,62;0,00;0,00;147,28;61,39;159,02;3,15;51,08;A;;
19/08/2026;024668 - ACQUA DISTRIBUIDORA DE PERFUMES E COSMETICOS LTDA;07891033483136;FLORATTA DES COL ROSE V4 75ml;1,000;166,22;166,22;30,72;0,00;0,00;135,50;81,52;441,08;2,90;53,99;A;;
19/08/2026;024668 - ACQUA DISTRIBUIDORA DE PERFUMES E COSMETICOS LTDA;07891033483105;FLORATTA DES COL BLUE V2 75ml;1,000;174,90;174,90;68,80;0,00;0,00;106,10;60,66;154,22;2,27;56,26;A;;
19/08/2026;024668 - ACQUA DISTRIBUIDORA DE PERFUMES E COSMETICOS LTDA;07891033883646;QUASAR DES COL CLASSIC V2 100ml;1,000;127,73;127,73;28,10;0,00;0,00;99,63;78,00;354,56;2,13;58,39;A;;
19/08/2026;024668 - ACQUA DISTRIBUIDORA DE PERFUMES E COSMETICOS LTDA;07891033880225;BOTICA 214 EDP FOUG/AR V/FIRENZ V2 90ml;1,000;195,90;195,90;97,05;0,00;0,00;98,85;50,46;101,85;2,12;60,51;A;;
19/08/2026;024668 - ACQUA DISTRIBUIDORA DE PERFUMES E COSMETICOS LTDA;07891033587292;BOTICA 214 EDP SEV/DOR FOUG/AROM 90ml;1,000;189,97;189,97;93,61;0,00;0,00;96,36;50,72;102,94;2,06;62,57;A;;
19/08/2026;024668 - ACQUA DISTRIBUIDORA DE PERFUMES E COSMETICOS LTDA;07891033483037;FLORATTA DES COL RED V2 75ml;1,000;130,01;130,01;35,52;0,00;0,00;94,49;72,68;266,02;2,02;64,60;A;;
19/08/2026;024668 - ACQUA DISTRIBUIDORA DE PERFUMES E COSMETICOS LTDA;07891033861941;ESTJ CBEM DELEITE NAT/25;1,000;134,90;134,90;42,05;0,00;0,00;92,85;68,83;220,81;1,99;66,58;A;;
19/08/2026;024668 - ACQUA DISTRIBUIDORA DE PERFUMES E COSMETICOS LTDA;07891033501199;MALBEC DES COL ULT BLEU 100ml;1,000;167,93;167,93;86,73;0,00;0,00;81,20;48,35;93,62;1,74;68,32;A;;
19/08/2026;024668 - ACQUA DISTRIBUIDORA DE PERFUMES E COSMETICOS LTDA;07891033744381;ARBO DES COL 100ml V4;1,000;155,46;155,46;75,37;0,00;0,00;80,09;51,52;106,26;1,72;70,04;A;;
19/08/2026;024668 - ACQUA DISTRIBUIDORA DE PERFUMES E COSMETICOS LTDA;07891033550838;NEXT COLONIA 75ml;1,000;107,90;107,90;31,37;0,00;0,00;76,53;70,93;243,96;1,64;71,68;A;;
19/08/2026;024668 - ACQUA DISTRIBUIDORA DE PERFUMES E COSMETICOS LTDA;07891033877935;MAKE B BASE LIQ HYALURONIC 185F 30ml;1,000;100,00;100,00;33,25;0,00;0,00;66,75;66,75;200,75;1,43;73,11;A;;
19/08/2026;024668 - ACQUA DISTRIBUIDORA DE PERFUMES E COSMETICOS LTDA;07891033850976;NSPA OL GLOR DES HID CPO AMEIX/NEG 200ml;1,000;91,70;91,70;27,21;0,00;0,00;64,49;70,33;237,01;1,38;74,49;A;;
19/08/2026;024668 - ACQUA DISTRIBUIDORA DE PERFUMES E COSMETICOS LTDA;07891033830596;CELEBRE DES COL FOUG AROM FORC 100ml;1,000;110,29;110,29;45,91;0,00;0,00;64,38;58,37;140,23;1,38;75,87;A;;
19/08/2026;024668 - ACQUA DISTRIBUIDORA DE PERFUMES E COSMETICOS LTDA;07891033766208;EGEO DES COL DOLCE 30ml;1,000;64,17;64,17;0,00;0,00;0,00;64,17;100,00;0,00;1,37;77,24;A;;
19/08/2026;024668 - ACQUA DISTRIBUIDORA DE PERFUMES E COSMETICOS LTDA;07891033860593;SOPHIE SPLSH CPO/CAB SHIM CHAP/CIN 110ml;1,000;79,90;79,90;15,86;0,00;0,00;64,04;80,15;403,78;1,37;78,61;A;;
19/08/2026;024668 - ACQUA DISTRIBUIDORA DE PERFUMES E COSMETICOS LTDA;07891033948994;CBEM GEL LIMP FAC FEIR TANGERINA PRM 50g;5,000;95,84;19,17;33,30;0,00;0,00;62,54;65,25;187,81;1,34;79,95;A;;
19/08/2026;024668 - ACQUA DISTRIBUIDORA DE PERFUMES E COSMETICOS LTDA;07891033860616;SOPHIE SPLSH CPO/CAB SHIM AMIZ/IL 110ml;1,000;71,91;71,91;16,36;0,00;0,00;55,55;77,25;339,55;1,19;81,14;B;;
19/08/2026;024668 - ACQUA DISTRIBUIDORA DE PERFUMES E COSMETICOS LTDA;07891033883950;CBEM DES COL BDY SPLSH ROS/ALG V4 200ml;1,000;92,04;92,04;36,52;0,00;0,00;55,52;60,32;152,03;1,19;82,33;B;;
19/08/2026;024668 - ACQUA DISTRIBUIDORA DE PERFUMES E COSMETICOS LTDA;07891033511235;CBEM DES COL BDY SPLSH BOA NOIT V2 200ml;1,000;91,38;91,38;36,52;0,00;0,00;54,86;60,04;150,22;1,17;83,50;B;;
19/08/2026;024668 - ACQUA DISTRIBUIDORA DE PERFUMES E COSMETICOS LTDA;07891033867684;FLORATTA SAB LIQ CPO RED 150ml;5,000;133,07;26,61;78,95;0,00;0,00;54,12;40,67;68,55;1,16;84,66;B;;
19/08/2026;024668 - ACQUA DISTRIBUIDORA DE PERFUMES E COSMETICOS LTDA;07891033771837;LIZ CREM DES HID CPO 250g;1,000;68,96;68,96;14,86;0,00;0,00;54,10;78,45;364,06;1,16;85,82;B;;
19/08/2026;024668 - ACQUA DISTRIBUIDORA DE PERFUMES E COSMETICOS LTDA;07891033586097;CASA 214 VELA PERF VANILLA SBLM 170g;2,000;149,90;74,95;91,10;0,00;5,47;53,33;35,58;64,54;1,14;86,96;B;;
19/08/2026;024668 - ACQUA DISTRIBUIDORA DE PERFUMES E COSMETICOS LTDA;07891033595174;REF NSPA LOC DES HID CPO AMEIXA 350ml;1,000;62,35;62,35;10,40;0,00;0,00;51,95;83,32;499,52;1,11;88,07;B;;
19/08/2026;024668 - ACQUA DISTRIBUIDORA DE PERFUMES E COSMETICOS LTDA;07891033508815;CBEM DES COL BDY SPLSH DELEITE V3 200ml;1,000;68,77;68,77;18,87;0,00;0,00;49,90;72,56;264,44;1,07;89,14;B;;
19/08/2026;024668 - ACQUA DISTRIBUIDORA DE PERFUMES E COSMETICOS LTDA;07891033035304;CAIXA M INST 2021 VERDE ECONOMICA;14,000;48,11;3,44;0,00;0,00;0,00;48,11;100,00;0,00;1,03;90,17;B;;
19/08/2026;024668 - ACQUA DISTRIBUIDORA DE PERFUMES E COSMETICOS LTDA;07891033499038;CBEM LOC DES HID CPO PESSEGURA V2 200ml;1,000;56,90;56,90;9,02;0,00;0,00;47,88;84,15;530,82;1,03;91,20;B;;
19/08/2026;024668 - ACQUA DISTRIBUIDORA DE PERFUMES E COSMETICOS LTDA;07891033498963;CBEM LOC DES HID CPO ROS/ALG V3 200ml;1,000;55,19;55,19;9,38;0,00;0,00;45,81;83,00;488,38;0,98;92,18;B;;
19/08/2026;024668 - ACQUA DISTRIBUIDORA DE PERFUMES E COSMETICOS LTDA;07891033520442;CELEBRE DES COL FEM AGORA 100ml;1,000;89,91;89,91;45,89;0,00;0,00;44,02;48,96;95,93;0,94;93,12;B;;
19/08/2026;024668 - ACQUA DISTRIBUIDORA DE PERFUMES E COSMETICOS LTDA;07891033867554;NSPA SAB LIQ PERF ORQ/NOIRE V2 250ml;1,000;59,90;59,90;19,90;0,00;0,00;40,00;66,78;201,01;0,86;93,98;B;;
19/08/2026;024668 - ACQUA DISTRIBUIDORA DE PERFUMES E COSMETICOS LTDA;07891033962938;GLAMOUR LOC DES HID CPO INTENSE 200ml;1,000;48,71;48,71;11,18;0,00;0,00;37,53;77,05;335,69;0,80;94,78;B;;
19/08/2026;024668 - ACQUA DISTRIBUIDORA DE PERFUMES E COSMETICOS LTDA;07891033512362;CBEM DES COL BDY SPLSH PESSEGUR V2 200ml;1,000;70,90;70,90;36,49;0,00;0,00;34,41;48,53;94,30;0,74;95,52;C;;
19/08/2026;024668 - ACQUA DISTRIBUIDORA DE PERFUMES E COSMETICOS LTDA;07891033013029;PMPCK LILY DES ANTIT AER 2x75g;1,000;59,85;59,85;26,15;0,00;0,00;33,70;56,31;128,87;0,72;96,24;C;;
19/08/2026;024668 - ACQUA DISTRIBUIDORA DE PERFUMES E COSMETICOS LTDA;07891033896639;CBEM SAB BARRA DELEITE ESPEC 2x90g;2,000;51,00;25,50;19,92;0,00;0,00;31,08;60,94;156,02;0,67;96,91;C;;
19/08/2026;024668 - ACQUA DISTRIBUIDORA DE PERFUMES E COSMETICOS LTDA;07891033954544;PMPCK QUASAR DES BODY SPRAY DEEP BLUE;1,000;65,02;65,02;34,03;0,00;0,00;30,99;47,66;91,07;0,66;97,57;C;;
19/08/2026;024668 - ACQUA DISTRIBUIDORA DE PERFUMES E COSMETICOS LTDA;07891033578825;LILY DES BDY SPR LEAU/LILY BLANC 100ml;1,000;38,09;38,09;8,63;0,00;0,00;29,46;77,34;341,37;0,63;98,20;C;;
19/08/2026;024668 - ACQUA DISTRIBUIDORA DE PERFUMES E COSMETICOS LTDA;07891033539307;EGEO DES ANTIT AER BLUE V3 75g;1,000;29,90;29,90;9,50;0,00;0,00;20,40;68,23;214,74;0,44;98,64;C;;
19/08/2026;024668 - ACQUA DISTRIBUIDORA DE PERFUMES E COSMETICOS LTDA;07891033828241;MATCH SHAMP MATIZADOR LOIROS 300ml;2,000;60,36;30,18;41,04;0,00;0,00;19,32;32,01;47,08;0,41;99,05;C;;
19/08/2026;024668 - ACQUA DISTRIBUIDORA DE PERFUMES E COSMETICOS LTDA;07891033485444;LILY BRUMA DES HID CPO LOVE 200ml V3;1,000;48,95;48,95;32,67;0,00;0,00;16,28;33,26;49,83;0,35;99,40;C;;
19/08/2026;024668 - ACQUA DISTRIBUIDORA DE PERFUMES E COSMETICOS LTDA;07891033551040;CBEM SHAMP FEIRA VINAGRE FRAMBOESA 230ml;1,000;25,61;25,61;11,16;0,00;0,00;14,45;56,42;129,48;0,31;99,71;C;;
19/08/2026;024668 - ACQUA DISTRIBUIDORA DE PERFUMES E COSMETICOS LTDA;07891033748938;EGEO DES BDY SPR DOLCE 100ml V8 PCK;1,000;38,09;38,09;24,05;0,00;0,00;14,04;36,86;58,38;0,30;100,01;C;;
19/08/2026;024668 - ACQUA DISTRIBUIDORA DE PERFUMES E COSMETICOS LTDA;07891033945382;NSPA SAB BARRA CORP AMEI/NEG V4 2x90g;1,000;22,00;22,00;8,83;0,00;0,00;13,17;59,86;149,15;0,28;100,29;C;;
19/08/2026;024668 - ACQUA DISTRIBUIDORA DE PERFUMES E COSMETICOS LTDA;07891033828258;MATCH COND LOIRO REPARADO 280ml;1,000;31,44;31,44;21,66;0,00;0,00;9,78;31,11;45,15;0,21;100,50;C;;
19/08/2026;024668 - ACQUA DISTRIBUIDORA DE PERFUMES E COSMETICOS LTDA;07891033894017;CX PRESENTE M BOTI INST/25 VDA;2,000;22,49;11,24;14,74;0,00;0,00;7,75;34,46;52,58;0,17;100,67;C;;
19/08/2026;024668 - ACQUA DISTRIBUIDORA DE PERFUMES E COSMETICOS LTDA;07891033908219;SACOLA P BOTICARIO INST/25;1,000;0,01;0,01;1,31;0,00;0,00;-1,30;-13000,00;-99,24;-0,03;100,64;C;;
19/08/2026;024668 - ACQUA DISTRIBUIDORA DE PERFUMES E COSMETICOS LTDA;07891033534111;REF NSPA SAB LIQ CP PERF ORQ/NOIRE 200ml;1,000;0,01;0,01;9,91;0,00;0,00;-9,90;-99000,00;-99,90;-0,21;100,43;C;;
19/08/2026;024668 - ACQUA DISTRIBUIDORA DE PERFUMES E COSMETICOS LTDA;07891033957996;NSPA CR PERF DES HID CP AMX/INT PRM 50ml;9,000;0,09;0,01;20,07;0,00;0,00;-19,98;-22200,00;-99,55;-0,43;100,00;C;;
19/08/2026;024669 - 24669 ACQUA DISTRIBUIDORA DE PERFUMES E;07891033483037;FLORATTA DES COL RED V2 75ml;3,000;298,68;99,56;108,21;0,00;0,00;190,47;63,77;176,02;10,06;10,06;A;;
19/08/2026;024669 - 24669 ACQUA DISTRIBUIDORA DE PERFUMES E;07891033843879;MALBEC DES COL V6 100ml;1,000;219,44;219,44;41,40;0,00;0,00;178,04;81,13;430,05;9,40;19,46;A;;
19/08/2026;024669 - 24669 ACQUA DISTRIBUIDORA DE PERFUMES E;07891033487875;MALBEC DES COL SPRT 100ml V3;1,000;221,22;221,22;81,94;0,00;0,00;139,28;62,96;169,98;7,35;26,81;A;;
19/08/2026;024669 - 24669 ACQUA DISTRIBUIDORA DE PERFUMES E;07891033871391;EGEO DES COL COGU 90ml;2,000;164,56;82,28;53,36;0,00;0,00;111,20;67,57;208,40;5,87;32,68;A;;
19/08/2026;024669 - 24669 ACQUA DISTRIBUIDORA DE PERFUMES E;07891033818495;LINDA DES COL FELICIDADE V2 100ml;2,000;184,59;92,29;73,76;0,00;0,00;110,83;60,04;150,26;5,85;38,53;A;;
19/08/2026;024669 - 24669 ACQUA DISTRIBUIDORA DE PERFUMES E;07891033482962;FLORATTA DES COL ROSE BOUQUET 75ml;1,000;140,03;140,03;29,79;0,00;0,00;110,24;78,73;370,06;5,82;44,35;A;;
19/08/2026;024669 - 24669 ACQUA DISTRIBUIDORA DE PERFUMES E;07891033512621;QUASAR DES COL FIRE V2 100ml;1,000;159,41;159,41;64,18;0,00;0,00;95,23;59,74;148,38;5,03;49,38;A;;
19/08/2026;024669 - 24669 ACQUA DISTRIBUIDORA DE PERFUMES E;07891033483655;COFFEE DES COL MAN SEDUC 100ml V4;1,000;167,98;167,98;83,02;0,00;0,00;84,96;50,58;102,34;4,49;53,87;A;;
19/08/2026;024669 - 24669 ACQUA DISTRIBUIDORA DE PERFUMES E;07891033509560;CLASH DES BDY SPR 100ml;2,000;93,82;46,91;17,24;0,00;0,00;76,58;81,62;444,20;4,04;57,91;A;;
19/08/2026;024669 - 24669 ACQUA DISTRIBUIDORA DE PERFUMES E;07891033867981;NSPA CR PARFUMEE CPO AMEIXA 200g;1,000;104,98;104,98;40,01;0,00;0,00;64,97;61,89;162,38;3,43;61,34;A;;
19/08/2026;024669 - 24669 ACQUA DISTRIBUIDORA DE PERFUMES E;07891033512430;QUASAR DES COL CLASSIC 100ml;1,000;121,59;121,59;64,18;0,00;0,00;57,41;47,22;89,45;3,03;64,37;A;;
19/08/2026;024669 - 24669 ACQUA DISTRIBUIDORA DE PERFUMES E;07891033524686;BOTIK GEL LIM FAC MIC AC MAN/SAL 50g PRM;4,000;56,64;14,16;0,00;0,00;0,00;56,64;100,00;0,00;2,99;67,36;A;;
19/08/2026;024669 - 24669 ACQUA DISTRIBUIDORA DE PERFUMES E;07891033520251;BOTI BABY SAB LIQ GLIC V2 400ml;1,000;69,90;69,90;13,64;0,00;0,00;56,26;80,49;412,46;2,97;70,33;A;;
19/08/2026;024669 - 24669 ACQUA DISTRIBUIDORA DE PERFUMES E;07891033756278;INTENSE PO COMPACTO FACIAL 20 5g;1,000;69,90;69,90;17,17;0,00;0,00;52,73;75,44;307,11;2,78;73,12;A;;
19/08/2026;024669 - 24669 ACQUA DISTRIBUIDORA DE PERFUMES E;07891033520237;BOTI BABY LOC HID CPO 400ml;1,000;87,90;87,90;35,22;0,00;0,00;52,68;59,93;149,57;2,78;75,90;A;;
19/08/2026;024669 - 24669 ACQUA DISTRIBUIDORA DE PERFUMES E;07891033825486;MAKE B BAS LIQ MATE SALICYLIC 250 30g;1,000;68,66;68,66;17,74;0,00;0,00;50,92;74,16;287,03;2,69;78,59;A;;
19/08/2026;024669 - 24669 ACQUA DISTRIBUIDORA DE PERFUMES E;07891033907502;MATCH LEAV IN ESC/HID 150ml;1,000;63,90;63,90;16,09;0,00;0,00;47,81;74,82;297,14;2,52;81,11;B;;
19/08/2026;024669 - 24669 ACQUA DISTRIBUIDORA DE PERFUMES E;07891033750498;INTENSE PALETTE ROSE MULTIF 1 132g;1,000;94,44;94,44;53,14;0,00;0,00;41,30;43,73;77,72;2,18;83,29;B;;
19/08/2026;024669 - 24669 ACQUA DISTRIBUIDORA DE PERFUMES E;07891033880102;MAKE B BAT LIQ MAT AC/POL DARK/RG V2 5ml;1,000;54,90;54,90;13,78;0,00;0,00;41,12;74,90;298,40;2,17;85,46;B;;
19/08/2026;024669 - 24669 ACQUA DISTRIBUIDORA DE PERFUMES E;07891033879632;CBEM OL CPO TERMICO CER/FASES 110ml;1,000;52,11;52,11;11,46;0,00;0,00;40,65;78,01;354,71;2,15;87,61;B;;
19/08/2026;024669 - 24669 ACQUA DISTRIBUIDORA DE PERFUMES E;07891033595174;REF NSPA LOC DES HID CPO AMEIXA 350ml;2,000;55,97;27,98;21,04;0,00;0,00;34,93;62,41;166,02;1,84;89,45;B;;
19/08/2026;024669 - 24669 ACQUA DISTRIBUIDORA DE PERFUMES E;07891033856756;CBEM CR RELAX CER/FASES 200g;2,000;62,91;31,45;33,02;0,00;0,00;29,89;47,51;90,52;1,58;91,03;B;;
19/08/2026;024669 - 24669 ACQUA DISTRIBUIDORA DE PERFUMES E;07891033501250;MALBEC DES BDY SPR ULTRA BLEU 100ml;1,000;37,60;37,60;8,08;0,00;0,00;29,52;78,51;365,35;1,56;92,59;B;;
19/08/2026;024669 - 24669 ACQUA DISTRIBUIDORA DE PERFUMES E;07891033945368;BOTIK GEL CONC LIMP FAC AC/GLIC V3 150g;1,000;42,88;42,88;15,67;0,00;0,00;27,21;63,46;173,64;1,44;94,03;B;;
19/08/2026;024669 - 24669 ACQUA DISTRIBUIDORA DE PERFUMES E;07891033850990;NSPA OL GLOR DES HID CPO AMEN/QUIN 200ml;1,000;69,96;69,96;43,67;0,00;0,00;26,29;37,58;60,20;1,39;95,41;C;;
19/08/2026;024669 - 24669 ACQUA DISTRIBUIDORA DE PERFUMES E;07891033840557;MALBEC DES BDY SPR VERT 100ml;1,000;48,78;48,78;22,70;0,00;0,00;26,08;53,46;114,89;1,38;96,79;C;;
19/08/2026;024669 - 24669 ACQUA DISTRIBUIDORA DE PERFUMES E;07891033511679;CBEM DES ANTIT CREM S/PERF V2 80g;1,000;34,90;34,90;10,44;0,00;0,00;24,46;70,09;234,29;1,29;98,08;C;;
19/08/2026;024669 - 24669 ACQUA DISTRIBUIDORA DE PERFUMES E;07891033487790;BOTICOLL PORTINARI DES BDY SPR 100ml V7;1,000;43,47;43,47;22,14;0,00;0,00;21,33;49,07;96,34;1,13;99,21;C;;
19/08/2026;024669 - 24669 ACQUA DISTRIBUIDORA DE PERFUMES E;07891033572069;AU MIGOS PETS LIMP/HID PAT ADULTOS 120ml;1,000;23,45;23,45;8,35;0,00;0,00;15,10;64,39;180,84;0,80;100,01;C;;
19/08/2026;024669 - 24669 ACQUA DISTRIBUIDORA DE PERFUMES E;07891033944996;CBEM SAB BARRA PESSEGURA V3 4x80g;1,000;26,91;26,91;12,70;0,00;0,00;14,21;52,81;111,89;0,75;100,76;C;;
19/08/2026;024669 - 24669 ACQUA DISTRIBUIDORA DE PERFUMES E;07891033539710;CBEM MASC CAP SCH FEIRA PASTA ABAC 30ml;1,000;12,54;12,54;3,73;0,00;0,00;8,81;70,26;236,19;0,47;101,22;C;;
19/08/2026;024669 - 24669 ACQUA DISTRIBUIDORA DE PERFUMES E;07891033481002;CBEM COND FEIRA BANANA 170ml;1,000;16,45;16,45;12,42;0,00;0,00;4,03;24,50;32,45;0,21;101,43;C;;
19/08/2026;024669 - 24669 ACQUA DISTRIBUIDORA DE PERFUMES E;07891033957996;NSPA CR PERF DES HID CP AMX/INT PRM 50ml;1,000;0,01;0,01;2,23;0,00;0,00;-2,22;-22200,00;-99,55;-0,12;101,32;C;;
19/08/2026;024669 - 24669 ACQUA DISTRIBUIDORA DE PERFUMES E;07891033520404;REF BOTI BABY LOC HID CPO 350ml;1,000;0,01;0,01;24,94;0,00;0,00;-24,93;-249300,00;-99,96;-1,32;100,00;C;;
19/08/2026;024670 - ACQUA DISTRIBUIDORA DE PERFUMES E COSMETICOS LTDA;07891033841820;LILY DES COL BDY SPLSH 200ml;2,000;197,91;98,95;42,40;0,00;0,00;155,51;78,58;366,77;7,42;7,42;A;;
19/08/2026;024670 - ACQUA DISTRIBUIDORA DE PERFUMES E COSMETICOS LTDA;07891033878987;BOTICOLL CONNEXION DES COL V3 100ml;1,000;167,82;167,82;29,03;0,00;0,00;138,79;82,70;478,09;6,62;14,05;A;;
19/08/2026;024670 - ACQUA DISTRIBUIDORA DE PERFUMES E COSMETICOS LTDA;07891033909537;GLAMOUR DES COL INTENSE 75ml;1,000;164,90;164,90;38,43;0,00;0,00;126,47;76,69;329,09;6,04;20,08;A;;
19/08/2026;024670 - ACQUA DISTRIBUIDORA DE PERFUMES E COSMETICOS LTDA;07891033862061;ESTJ HER CODE REG/25;1,000;228,59;228,59;104,78;0,00;0,00;123,81;54,16;118,16;5,91;25,99;A;;
19/08/2026;024670 - ACQUA DISTRIBUIDORA DE PERFUMES E COSMETICOS LTDA;07891033843879;MALBEC DES COL V6 100ml;1,000;204,95;204,95;82,58;0,00;0,00;122,37;59,71;148,18;5,84;31,83;A;;
19/08/2026;024670 - ACQUA DISTRIBUIDORA DE PERFUMES E COSMETICOS LTDA;07891033486649;BOTICOLL PORTINARI DES COL 100ml V5;1,000;188,91;188,91;76,88;0,00;0,00;112,03;59,30;145,72;5,35;37,18;A;;
19/08/2026;024670 - ACQUA DISTRIBUIDORA DE PERFUMES E COSMETICOS LTDA;07891033767007;LIZ DES COL 100ml;1,000;140,00;140,00;36,24;0,00;0,00;103,76;74,11;286,31;4,95;42,13;A;;
19/08/2026;024670 - ACQUA DISTRIBUIDORA DE PERFUMES E COSMETICOS LTDA;07891033814237;ELYSEE CREM DES HID ACET CPO SUCCES 250g;1,000;149,90;149,90;52,77;0,00;0,00;97,13;64,80;184,06;4,64;46,77;A;;
19/08/2026;024670 - ACQUA DISTRIBUIDORA DE PERFUMES E COSMETICOS LTDA;07891033869831;HER CODE EDP CLIMAX 50ml;1,000;200,29;200,29;103,46;0,00;0,00;96,83;48,34;93,59;4,62;51,39;A;;
19/08/2026;024670 - ACQUA DISTRIBUIDORA DE PERFUMES E COSMETICOS LTDA;07891033534159;LIZ DES COL INTENSO 100ml;1,000;130,41;130,41;34,65;0,00;0,00;95,76;73,43;276,36;4,57;55,96;A;;
19/08/2026;024670 - ACQUA DISTRIBUIDORA DE PERFUMES E COSMETICOS LTDA;07891033512133;ACCORDES DES COL HARMONIA 80ml V4;1,000;120,52;120,52;41,35;0,00;0,00;79,17;65,69;191,46;3,78;59,74;A;;
19/08/2026;024670 - ACQUA DISTRIBUIDORA DE PERFUMES E COSMETICOS LTDA;07891033481415;ACCORDES DES COL 80ml V5;1,000;120,52;120,52;41,36;0,00;0,00;79,16;65,68;191,39;3,78;63,52;A;;
19/08/2026;024670 - ACQUA DISTRIBUIDORA DE PERFUMES E COSMETICOS LTDA;07891033290468;BOTICOLL CONNEX DES BDY SPR 100ml V6 PCK;2,000;95,22;47,61;17,54;0,00;0,00;77,68;81,58;442,87;3,71;67,23;A;;
19/08/2026;024670 - ACQUA DISTRIBUIDORA DE PERFUMES E COSMETICOS LTDA;07891033859368;HER CODE OL MASS CPO TOUCH 150ml;1,000;86,70;86,70;17,02;0,00;0,00;69,68;80,37;409,40;3,33;70,55;A;;
19/08/2026;024670 - ACQUA DISTRIBUIDORA DE PERFUMES E COSMETICOS LTDA;07891033820528;NSPA DES COL BODY SPLASH JAS/SAMB 200ml;1,000;109,90;109,90;42,30;0,00;0,00;67,60;61,51;159,81;3,23;73,78;A;;
19/08/2026;024670 - ACQUA DISTRIBUIDORA DE PERFUMES E COSMETICOS LTDA;07891033860593;SOPHIE SPLSH CPO/CAB SHIM CHAP/CIN 110ml;1,000;79,90;79,90;15,84;0,00;0,00;64,06;80,18;404,42;3,06;76,84;A;;
19/08/2026;024670 - ACQUA DISTRIBUIDORA DE PERFUMES E COSMETICOS LTDA;07891033589876;NSPA OL BIF DES HID CPO UVA MERL 200ml;1,000;86,70;86,70;22,83;0,00;0,00;63,87;73,67;279,76;3,05;79,89;A;;
19/08/2026;024670 - ACQUA DISTRIBUIDORA DE PERFUMES E COSMETICOS LTDA;07891033873531;BOTI BABY NANINHA FIDO PES;1,000;69,90;69,90;10,96;0,00;0,00;58,94;84,32;537,77;2,81;82,70;B;;
19/08/2026;024670 - ACQUA DISTRIBUIDORA DE PERFUMES E COSMETICOS LTDA;07891033883967;CBEM DES COL BDY SPLSH CER/FASES 200ml;1,000;74,47;74,47;18,56;0,00;0,00;55,91;75,08;301,24;2,67;85,37;B;;
19/08/2026;024670 - ACQUA DISTRIBUIDORA DE PERFUMES E COSMETICOS LTDA;07891033533916;NSPA SAB LIQ PERF QUINOA 250ml;1,000;57,48;57,48;11,82;0,00;0,00;45,66;79,44;386,29;2,18;87,55;B;;
19/08/2026;024670 - ACQUA DISTRIBUIDORA DE PERFUMES E COSMETICOS LTDA;07891033566051;DR BOTICA SHAMP POC ESPUM V3 400ml;1,000;63,90;63,90;25,81;0,00;0,00;38,09;59,61;147,58;1,82;89,37;B;;
19/08/2026;024670 - ACQUA DISTRIBUIDORA DE PERFUMES E COSMETICOS LTDA;07891033894208;REF NSPA LOC DES H CP ORQ/NOIRE V2 350ml;2,000;62,91;31,45;26,74;0,00;0,00;36,17;57,49;135,27;1,73;91,09;B;;
19/08/2026;024670 - ACQUA DISTRIBUIDORA DE PERFUMES E COSMETICOS LTDA;07891033016402;NSPA LOC ANTIOX DES HID CPO M/RUBY 200ml;2,000;59,99;29,99;27,00;0,00;0,00;32,99;54,99;122,19;1,57;92,67;B;;
19/08/2026;024670 - ACQUA DISTRIBUIDORA DE PERFUMES E COSMETICOS LTDA;07891033878024;MAKE B BATOM PREENCH HYAL NUDE CHIC 4g;1,000;44,92;44,92;17,70;0,00;0,00;27,22;60,60;153,79;1,30;93,97;B;;
19/08/2026;024670 - ACQUA DISTRIBUIDORA DE PERFUMES E COSMETICOS LTDA;07891033489947;NSPA MASC CAP QUINOA 200g V3;1,000;45,00;45,00;18,14;0,00;0,00;26,86;59,69;148,07;1,28;95,25;C;;
19/08/2026;024670 - ACQUA DISTRIBUIDORA DE PERFUMES E COSMETICOS LTDA;07891033831241;REF MATCH MASC CAP NUTR/PROF 250ml;1,000;50,95;50,95;24,69;0,00;0,00;26,26;51,54;106,36;1,25;96,50;C;;
19/08/2026;024670 - ACQUA DISTRIBUIDORA DE PERFUMES E COSMETICOS LTDA;07891033507979;DR BOTICA COND POC/BRLH 400ml V2;1,000;44,90;44,90;18,70;0,00;0,00;26,20;58,35;140,11;1,25;97,75;C;;
19/08/2026;024670 - ACQUA DISTRIBUIDORA DE PERFUMES E COSMETICOS LTDA;07891033561599;BOTI TOALHA P/CAB MICROFIBRA/PES;1,000;51,72;51,72;25,73;0,00;0,00;25,99;50,25;101,01;1,24;98,99;C;;
19/08/2026;024670 - ACQUA DISTRIBUIDORA DE PERFUMES E COSMETICOS LTDA;07891033560288;MEN LOC DES HID CPO 200ml;1,000;38,61;38,61;18,39;0,00;0,00;20,22;52,37;109,95;0,97;99,96;C;;
19/08/2026;024670 - ACQUA DISTRIBUIDORA DE PERFUMES E COSMETICOS LTDA;07891033879267;INTENSE BAT MAT 360 V4 38g;1,000;30,02;30,02;14,36;0,00;0,00;15,66;52,17;109,05;0,75;100,70;C;;
19/08/2026;024670 - ACQUA DISTRIBUIDORA DE PERFUMES E COSMETICOS LTDA;07891033909544;GLAMOUR DES COL INTENSE PRM 10ml;1,000;17,18;17,18;6,19;0,00;0,00;10,99;63,97;177,54;0,52;101,23;C;;
19/08/2026;024670 - ACQUA DISTRIBUIDORA DE PERFUMES E COSMETICOS LTDA;07891033965847;SACOLA M AMOR 2026 2025 BOTI UNIT;2,000;0,02;0,01;0,00;0,00;0,00;0,02;100,00;0,00;0,00;101,23;C;;
19/08/2026;024670 - ACQUA DISTRIBUIDORA DE PERFUMES E COSMETICOS LTDA;07891033957996;NSPA CR PERF DES HID CP AMX/INT PRM 50ml;5,000;0,06;0,01;11,16;0,00;0,00;-11,10;-18500,00;-99,46;-0,53;100,70;C;;
19/08/2026;024670 - ACQUA DISTRIBUIDORA DE PERFUMES E COSMETICOS LTDA;07891033949083;MAKE B PRIMER FAC ANTIOL SALIC PRM 5ml;3,000;0,03;0,01;14,70;0,00;0,00;-14,67;-48900,00;-99,80;-0,70;100,00;C;;
19/08/2026;024671 - 24671 ACQUA DISTRIBUIDORA DE PERFUMES E;07891033902378;ESTJ ZAAD PAIS/26;1,000;341,70;341,70;119,71;0,00;0,00;221,99;64,97;185,44;9,40;9,40;A;;
19/08/2026;024671 - 24671 ACQUA DISTRIBUIDORA DE PERFUMES E;07891033818495;LINDA DES COL FELICIDADE V2 100ml;2,000;219,90;109,95;70,96;0,00;0,00;148,94;67,73;209,89;6,30;15,70;A;;
19/08/2026;024671 - 24671 ACQUA DISTRIBUIDORA DE PERFUMES E;07891033878987;BOTICOLL CONNEXION DES COL V3 100ml;1,000;174,90;174,90;29,03;0,00;0,00;145,87;83,40;502,48;6,17;21,88;A;;
19/08/2026;024671 - 24671 ACQUA DISTRIBUIDORA DE PERFUMES E;07891033902385;ESTJ MALBEC PAIS/26;1,000;235,28;235,28;117,67;0,00;0,00;117,61;49,99;99,95;4,98;26,85;A;;
19/08/2026;024671 - 24671 ACQUA DISTRIBUIDORA DE PERFUMES E;07891033483075;FLORATTA DES COL F/SECRET V3 75ml;1,000;174,90;174,90;61,92;0,00;0,00;112,98;64,60;182,46;4,78;31,64;A;;
19/08/2026;024671 - 24671 ACQUA DISTRIBUIDORA DE PERFUMES E;07891033506774;CLASH DES COL 100ml;1,000;148,40;148,40;37,78;0,00;0,00;110,62;74,54;292,80;4,68;36,32;A;;
19/08/2026;024671 - 24671 ACQUA DISTRIBUIDORA DE PERFUMES E;07891033744381;ARBO DES COL 100ml V4;1,000;177,60;177,60;75,42;0,00;0,00;102,18;57,53;135,48;4,33;40,64;A;;
19/08/2026;024671 - 24671 ACQUA DISTRIBUIDORA DE PERFUMES E;07891033902415;ESTJ BOTICOLL PORTINARI PAIS/26;1,000;187,06;187,06;84,90;0,00;0,00;102,16;54,61;120,33;4,32;44,97;A;;
19/08/2026;024671 - 24671 ACQUA DISTRIBUIDORA DE PERFUMES E;07891033766666;MEN DES COL GALBE 100ml V2;1,000;165,54;165,54;68,64;0,00;0,00;96,90;58,54;141,17;4,10;49,07;A;;
19/08/2026;024671 - 24671 ACQUA DISTRIBUIDORA DE PERFUMES E;07891033843909;MALBEC DES COL MAGNETIC V3 100ml;1,000;191,69;191,69;98,30;0,00;0,00;93,39;48,72;95,01;3,95;53,02;A;;
19/08/2026;024671 - 24671 ACQUA DISTRIBUIDORA DE PERFUMES E;07891033520527;CELEBRE DES COL MASC AGORA 100ml;1,000;99,90;99,90;18,36;0,00;0,00;81,54;81,62;444,12;3,45;56,47;A;;
19/08/2026;024671 - 24671 ACQUA DISTRIBUIDORA DE PERFUMES E;07891033826858;EGEO DES COL BOMB BLACK C/CAR 90ml;1,000;140,17;140,17;61,18;0,00;0,00;78,99;56,35;129,11;3,34;59,82;A;;
19/08/2026;024671 - 24671 ACQUA DISTRIBUIDORA DE PERFUMES E;07891033896530;EGEO DES COL VANILLA UBESESSION 90ml;1,000;107,44;107,44;29,65;0,00;0,00;77,79;72,40;262,36;3,29;63,11;A;;
19/08/2026;024671 - 24671 ACQUA DISTRIBUIDORA DE PERFUMES E;07891033890675;MAKE B BASE LIQ HYALURONIC 250Q 30ml;1,000;95,69;95,69;32,19;0,00;0,00;63,50;66,36;197,27;2,69;65,80;A;;
19/08/2026;024671 - 24671 ACQUA DISTRIBUIDORA DE PERFUMES E;07891033861972;ESTJ NSPA CER/ROUGE NAT/25;1,000;95,95;95,95;33,62;0,00;0,00;62,33;64,96;185,40;2,64;68,44;A;;
19/08/2026;024671 - 24671 ACQUA DISTRIBUIDORA DE PERFUMES E;07891033483037;FLORATTA DES COL RED V2 75ml;1,000;127,68;127,68;68,43;0,00;0,00;59,25;46,41;86,58;2,51;70,94;A;;
19/08/2026;024671 - 24671 ACQUA DISTRIBUIDORA DE PERFUMES E;07891033854202;NSPA CR PERF DES CPO ROS/SECRETAS 180ml;1,000;62,34;62,34;10,83;0,00;0,00;51,51;82,63;475,62;2,18;73,13;A;;
19/08/2026;024671 - 24671 ACQUA DISTRIBUIDORA DE PERFUMES E;07891033954544;PMPCK QUASAR DES BODY SPRAY DEEP BLUE;1,000;68,26;68,26;18,30;0,00;0,00;49,96;73,19;273,01;2,11;75,24;A;;
19/08/2026;024671 - 24671 ACQUA DISTRIBUIDORA DE PERFUMES E;07891033590421;MAKE B CORRET LIQ RETIN 3 H 170Q 55ml;1,000;71,06;71,06;21,28;0,00;0,00;49,78;70,05;233,93;2,11;77,35;A;;
19/08/2026;024671 - 24671 ACQUA DISTRIBUIDORA DE PERFUMES E;07891033512362;CBEM DES COL BDY SPLSH PESSEGUR V2 200ml;1,000;67,11;67,11;18,07;0,00;0,00;49,04;73,07;271,39;2,08;79,42;A;;
19/08/2026;024671 - 24671 ACQUA DISTRIBUIDORA DE PERFUMES E;07891033486342;DREAM DES COL SPLSH AMOR NO AR 200ml V2;1,000;91,71;91,71;46,10;0,00;0,00;45,61;49,73;98,94;1,93;81,35;B;;
19/08/2026;024671 - 24671 ACQUA DISTRIBUIDORA DE PERFUMES E;07891033589906;MAKE B BASE LIQ RETIN 3 H 215Q 26g;1,000;106,63;106,63;62,36;0,00;0,00;44,27;41,52;70,99;1,87;83,23;B;;
19/08/2026;024671 - 24671 ACQUA DISTRIBUIDORA DE PERFUMES E;07891033598755;BOTIK AGUA MICLR FAC CIC/PANT/CER 200ml;1,000;74,49;74,49;31,27;0,00;0,00;43,22;58,02;138,22;1,83;85,06;B;;
19/08/2026;024671 - 24671 ACQUA DISTRIBUIDORA DE PERFUMES E;07891033538386;BOTIK PROT SOL FAC FPS 50 AC/HIAL 40ml;1,000;66,02;66,02;23,00;0,00;0,00;43,02;65,16;187,04;1,82;86,88;B;;
19/08/2026;024671 - 24671 ACQUA DISTRIBUIDORA DE PERFUMES E;07891033794171;ARBO DES BDY SPR BOTANIC 100ml V2;1,000;50,81;50,81;7,85;0,00;0,00;42,96;84,55;547,26;1,82;88,70;B;;
19/08/2026;024671 - 24671 ACQUA DISTRIBUIDORA DE PERFUMES E;07891033533923;NSPA SAB LIQ PERF ORQUIDEA NOIRE 250ml;1,000;59,90;59,90;19,98;0,00;0,00;39,92;66,64;199,80;1,69;90,39;B;;
19/08/2026;024671 - 24671 ACQUA DISTRIBUIDORA DE PERFUMES E;07891033964192;MAKE B MASC/CILIOS SCANDAL FULL 10g;1,000;59,99;59,99;23,25;0,00;0,00;36,74;61,24;158,02;1,56;91,94;B;;
19/08/2026;024671 - 24671 ACQUA DISTRIBUIDORA DE PERFUMES E;07891033595174;REF NSPA LOC DES HID CPO AMEIXA 350ml;2,000;57,59;28,79;21,04;0,00;0,00;36,55;63,47;173,72;1,55;93,49;B;;
19/08/2026;024671 - 24671 ACQUA DISTRIBUIDORA DE PERFUMES E;07891033880102;MAKE B BAT LIQ MAT AC/POL DARK/RG V2 5ml;1,000;46,53;46,53;13,78;0,00;0,00;32,75;70,38;237,66;1,39;94,87;B;;
19/08/2026;024671 - 24671 ACQUA DISTRIBUIDORA DE PERFUMES E;07891033822652;NSPA SAB LIQ CPO ESF A/STR JAS/SAM 175ml;1,000;52,22;52,22;19,74;0,00;0,00;32,48;62,20;164,54;1,37;96,25;C;;
19/08/2026;024671 - 24671 ACQUA DISTRIBUIDORA DE PERFUMES E;07891033536283;BOTIK GEL LIMP FAC VITAM C PRM 50g;3,000;29,06;9,69;0,00;0,00;0,00;29,06;100,00;0,00;1,23;97,48;C;;
19/08/2026;024671 - 24671 ACQUA DISTRIBUIDORA DE PERFUMES E;07891033469482;ARBO SHW GEL CAB/CPO 75g;1,000;33,52;33,52;5,17;0,00;0,00;28,35;84,58;548,36;1,20;98,68;C;;
19/08/2026;024671 - 24671 ACQUA DISTRIBUIDORA DE PERFUMES E;07891033479689;MATCH LEAVE IN 150ml;1,000;44,90;44,90;21,12;0,00;0,00;23,78;52,96;112,59;1,01;99,69;C;;
19/08/2026;024671 - 24671 ACQUA DISTRIBUIDORA DE PERFUMES E;07891033509560;CLASH DES BDY SPR 100ml;1,000;43,64;43,64;24,07;0,00;0,00;19,57;44,84;81,30;0,83;100,51;C;;
19/08/2026;024671 - 24671 ACQUA DISTRIBUIDORA DE PERFUMES E;07891033575008;MAKE B SIX MINI LIPS 6x004g;1,000;47,38;47,38;29,10;0,00;0,00;18,28;38,58;62,82;0,77;101,29;C;;
19/08/2026;024671 - 24671 ACQUA DISTRIBUIDORA DE PERFUMES E;07891033511662;CBEM SAB BARRA ROSA/ALGODAO V8 2x80g;1,000;21,52;21,52;7,21;0,00;0,00;14,31;66,50;198,47;0,61;101,89;C;;
19/08/2026;024671 - 24671 ACQUA DISTRIBUIDORA DE PERFUMES E;07891033560042;MEN DES AER P/PES SPORT 125ml;1,000;23,72;23,72;9,73;0,00;0,00;13,99;58,98;143,78;0,59;102,49;C;;
19/08/2026;024671 - 24671 ACQUA DISTRIBUIDORA DE PERFUMES E;07891033820467;NSPA LOC DES CPO A/STRES JAS/SAMB 200ml;2,000;60,93;30,46;51,02;0,00;0,00;9,91;16,26;19,42;0,42;102,91;C;;
19/08/2026;024671 - 24671 ACQUA DISTRIBUIDORA DE PERFUMES E;07891033014286;NSPA LOC ANTIOX DES HID CPO M/RUBY 400ml;2,000;77,34;38,67;69,94;0,00;0,00;7,40;9,57;10,58;0,31;103,22;C;;
19/08/2026;024671 - 24671 ACQUA DISTRIBUIDORA DE PERFUMES E;07891033839605;ARBO DES ANTIT AER 75ml V9;1,000;22,99;22,99;18,51;0,00;0,00;4,48;19,49;24,20;0,19;103,41;C;;
19/08/2026;024671 - 24671 ACQUA DISTRIBUIDORA DE PERFUMES E;07891033908219;SACOLA P BOTICARIO INST/25;1,000;0,01;0,01;1,31;0,00;0,00;-1,30;-13000,00;-99,24;-0,06;103,35;C;;
19/08/2026;024671 - 24671 ACQUA DISTRIBUIDORA DE PERFUMES E;07891033957996;NSPA CR PERF DES HID CP AMX/INT PRM 50ml;3,000;0,03;0,01;6,69;0,00;0,00;-6,66;-22200,00;-99,55;-0,28;103,07;C;;
19/08/2026;024671 - 24671 ACQUA DISTRIBUIDORA DE PERFUMES E;07891033889716;LIZ DES COL D ESSENCE PRM 10ml;1,000;0,01;0,01;6,95;0,00;0,00;-6,94;-69400,00;-99,86;-0,29;102,78;C;;
19/08/2026;024671 - 24671 ACQUA DISTRIBUIDORA DE PERFUMES E;07891033908226;SACOLA M BOTICARIO INST/25;5,000;0,05;0,01;7,80;0,00;0,00;-7,75;-15500,00;-99,36;-0,33;102,45;C;;
19/08/2026;024671 - 24671 ACQUA DISTRIBUIDORA DE PERFUMES E;07891033512270;CBEM SAB BARRA NUVEM 4x80g;1,000;0,01;0,01;14,25;0,00;0,00;-14,24;-142400,00;-99,93;-0,60;101,85;C;;
19/08/2026;024671 - 24671 ACQUA DISTRIBUIDORA DE PERFUMES E;07891033534111;REF NSPA SAB LIQ CP PERF ORQ/NOIRE 200ml;1,000;0,01;0,01;16,11;0,00;0,00;-16,10;-161000,00;-99,94;-0,68;101,17;C;;
19/08/2026;024671 - 24671 ACQUA DISTRIBUIDORA DE PERFUMES E;07891033486724;NSPA LOC DES HID CPO AMEI/NEG 200ml V4;1,000;0,01;0,01;27,54;0,00;0,00;-27,53;-275300,00;-99,96;-1,17;100,00;C;;
20/08/2026;024303 - 24303 ACQUA DISTRIBUIDORA DE PERFUMES E;07891033506774;CLASH DES COL 100ml;2,000;314,00;157,00;76,34;0,00;0,00;237,66;75,69;311,32;40,25;40,25;A;;
20/08/2026;024303 - 24303 ACQUA DISTRIBUIDORA DE PERFUMES E;07891033881352;FLORATTA EDP ROSE SUCREE 75ml;1,000;189,46;189,46;52,17;0,00;0,00;137,29;72,46;263,16;23,25;63,50;A;;
20/08/2026;024303 - 24303 ACQUA DISTRIBUIDORA DE PERFUMES E;07891033856060;INSENSATEZ DES COL V4 100ml;1,000;157,41;157,41;62,12;0,00;0,00;95,29;60,54;153,40;16,14;79,64;A;;
20/08/2026;024303 - 24303 ACQUA DISTRIBUIDORA DE PERFUMES E;07891033524686;BOTIK GEL LIM FAC MIC AC MAN/SAL 50g PRM;3,000;53,86;17,95;0,00;0,00;0,00;53,86;100,00;0,00;9,12;88,76;B;;
20/08/2026;024303 - 24303 ACQUA DISTRIBUIDORA DE PERFUMES E;07891033509560;CLASH DES BDY SPR 100ml;2,000;100,51;50,25;48,64;0,00;0,00;51,87;51,61;106,64;8,78;97,54;C;;
20/08/2026;024303 - 24303 ACQUA DISTRIBUIDORA DE PERFUMES E;07891033501250;MALBEC DES BDY SPR ULTRA BLEU 100ml;1,000;38,90;38,90;22,38;0,00;0,00;16,52;42,47;73,82;2,80;100,34;C;;
20/08/2026;024303 - 24303 ACQUA DISTRIBUIDORA DE PERFUMES E;07891033945382;NSPA SAB BARRA CORP AMEI/NEG V4 2x90g;1,000;20,51;20,51;8,93;0,00;0,00;11,58;56,46;129,68;1,96;102,30;C;;
20/08/2026;024303 - 24303 ACQUA DISTRIBUIDORA DE PERFUMES E;07891033908226;SACOLA M BOTICARIO INST/25;1,000;0,01;0,01;1,56;0,00;0,00;-1,55;-15500,00;-99,36;-0,26;102,04;C;;
20/08/2026;024303 - 24303 ACQUA DISTRIBUIDORA DE PERFUMES E;07891033908219;SACOLA P BOTICARIO INST/25;2,000;0,02;0,01;2,62;0,00;0,00;-2,60;-13000,00;-99,24;-0,44;101,60;C;;
20/08/2026;024303 - 24303 ACQUA DISTRIBUIDORA DE PERFUMES E;07891033957996;NSPA CR PERF DES HID CP AMX/INT PRM 50ml;2,000;0,02;0,01;4,52;0,00;0,00;-4,50;-22500,00;-99,56;-0,76;100,84;C;;
20/08/2026;024303 - 24303 ACQUA DISTRIBUIDORA DE PERFUMES E;07891033949083;MAKE B PRIMER FAC ANTIOL SALIC PRM 5ml;1,000;0,01;0,01;4,95;0,00;0,00;-4,94;-49400,00;-99,80;-0,84;100,00;C;;
20/08/2026;024617 - ACQUA DISTRIBUIDORA DE PERFUMES E COSMETICOS LTDA;07891033511235;CBEM DES COL BDY SPLSH BOA NOIT V2 200ml;1,000;94,90;94,90;36,88;0,00;0,00;58,02;61,14;157,32;34,54;34,54;A;;
20/08/2026;024617 - ACQUA DISTRIBUIDORA DE PERFUMES E COSMETICOS LTDA;07891033498802;CBEM LOC DES HID CPO BOA NOITE V2 200ml;1,000;56,90;56,90;8,55;0,00;0,00;48,35;84,97;565,50;28,79;63,33;A;;
20/08/2026;024617 - ACQUA DISTRIBUIDORA DE PERFUMES E COSMETICOS LTDA;07891033572076;AU MIGOS PETS SHAMP 5/1 ADULTOS 400ml;1,000;53,91;53,91;27,24;0,00;0,00;26,67;49,47;97,91;15,88;79,21;A;;
20/08/2026;024617 - ACQUA DISTRIBUIDORA DE PERFUMES E COSMETICOS LTDA;07891033715008;MAKE B LAP RETR P/OLH MARR PCK V2;1,000;51,80;51,80;26,83;0,00;0,00;24,97;48,20;93,07;14,87;94,08;B;;
20/08/2026;024617 - ACQUA DISTRIBUIDORA DE PERFUMES E COSMETICOS LTDA;07891033974368;CAIXA LACO M BOTI PAIS 2026 UNIT;1,000;11,50;11,50;0,00;0,00;0,00;11,50;100,00;0,00;6,85;100,92;C;;
20/08/2026;024617 - ACQUA DISTRIBUIDORA DE PERFUMES E COSMETICOS LTDA;07891033908226;SACOLA M BOTICARIO INST/25;1,000;0,01;0,01;1,56;0,00;0,00;-1,55;-15500,00;-99,36;-0,92;100,00;C;;
20/08/2026;024669 - 24669 ACQUA DISTRIBUIDORA DE PERFUMES E;07891033826858;EGEO DES COL BOMB BLACK C/CAR 90ml;2,000;288,75;144,37;57,62;0,00;0,00;231,13;80,05;401,13;8,98;8,98;A;;
20/08/2026;024669 - 24669 ACQUA DISTRIBUIDORA DE PERFUMES E;07891033512133;ACCORDES DES COL HARMONIA 80ml V4;2,000;254,90;127,45;80,78;0,00;0,00;174,12;68,31;215,55;6,76;15,74;A;;
20/08/2026;024669 - 24669 ACQUA DISTRIBUIDORA DE PERFUMES E;07891033843879;MALBEC DES COL V6 100ml;1,000;213,73;213,73;41,40;0,00;0,00;172,33;80,63;416,26;6,69;22,43;A;;
20/08/2026;024669 - 24669 ACQUA DISTRIBUIDORA DE PERFUMES E;07891033878420;THE BLEND EDP SAFFRON 100ml;1,000;300,00;300,00;149,33;0,00;0,00;150,67;50,22;100,90;5,85;28,28;A;;
20/08/2026;024669 - 24669 ACQUA DISTRIBUIDORA DE PERFUMES E;07891033869831;HER CODE EDP CLIMAX 50ml;1,000;189,51;189,51;53,66;0,00;0,00;135,85;71,68;253,17;5,28;33,55;A;;
20/08/2026;024669 - 24669 ACQUA DISTRIBUIDORA DE PERFUMES E;07891033553631;LILY EDP GARDENIA 75ml;1,000;250,83;250,83;117,69;0,00;0,00;133,14;53,08;113,13;5,17;38,72;A;;
20/08/2026;024669 - 24669 ACQUA DISTRIBUIDORA DE PERFUMES E;07891033486342;DREAM DES COL SPLSH AMOR NO AR 200ml V2;2,000;178,10;89,05;53,50;0,00;0,00;124,60;69,96;232,90;4,84;43,56;A;;
20/08/2026;024669 - 24669 ACQUA DISTRIBUIDORA DE PERFUMES E;07891033818495;LINDA DES COL FELICIDADE V2 100ml;2,000;186,92;93,46;73,76;0,00;0,00;113,16;60,54;153,42;4,39;47,96;A;;
20/08/2026;024669 - 24669 ACQUA DISTRIBUIDORA DE PERFUMES E;07891033894598;BOTIK CR OLH FIRM PEPT/PRO/ELAST 15g;1,000;133,86;133,86;24,33;0,00;0,00;109,53;81,82;450,18;4,25;52,21;A;;
20/08/2026;024669 - 24669 ACQUA DISTRIBUIDORA DE PERFUMES E;07891033595174;REF NSPA LOC DES HID CPO AMEIXA 350ml;6,000;170,42;28,40;63,12;0,00;0,00;107,30;62,96;169,99;4,17;56,38;A;;
20/08/2026;024669 - 24669 ACQUA DISTRIBUIDORA DE PERFUMES E;07891033578900;LILY CREM ACET DES HID CPO GARDENIA 250g;1,000;138,29;138,29;36,10;0,00;0,00;102,19;73,90;283,07;3,97;60,34;A;;
20/08/2026;024669 - 24669 ACQUA DISTRIBUIDORA DE PERFUMES E;07891033874828;BOTIK CREM FAC FIRM AC/HIAL V3 40g;1,000;126,62;126,62;44,70;0,00;0,00;81,92;64,70;183,27;3,18;63,53;A;;
20/08/2026;024669 - 24669 ACQUA DISTRIBUIDORA DE PERFUMES E;07891033896530;EGEO DES COL VANILLA UBESESSION 90ml;1,000;105,91;105,91;29,65;0,00;0,00;76,26;72,00;257,20;2,96;66,49;A;;
20/08/2026;024669 - 24669 ACQUA DISTRIBUIDORA DE PERFUMES E;07891033771387;BOTIK CR CON OLH RED/RUG AC/HIAL CAF 15g;1,000;108,52;108,52;36,67;0,00;0,00;71,85;66,21;195,94;2,79;69,28;A;;
20/08/2026;024669 - 24669 ACQUA DISTRIBUIDORA DE PERFUMES E;07891033479085;DREAM DES COL SPLSH VIAG/ENC 200ml V2;1,000;99,66;99,66;28,20;0,00;0,00;71,46;71,70;253,40;2,77;72,05;A;;
20/08/2026;024669 - 24669 ACQUA DISTRIBUIDORA DE PERFUMES E;07891033512430;QUASAR DES COL CLASSIC 100ml;1,000;127,75;127,75;64,18;0,00;0,00;63,57;49,76;99,05;2,47;74,52;A;;
20/08/2026;024669 - 24669 ACQUA DISTRIBUIDORA DE PERFUMES E;07891033551446;CASA 214 SAB LIQ MULTIF BRISA/CEDR 400ml;1,000;76,64;76,64;23,78;0,00;0,00;52,86;68,97;222,29;2,05;76,57;A;;
20/08/2026;024669 - 24669 ACQUA DISTRIBUIDORA DE PERFUMES E;07891033512393;CBEM DES COL BDY SPLSH CER/LIV V2 200ml;1,000;70,46;70,46;19,21;0,00;0,00;51,25;72,74;266,79;1,99;78,56;A;;
20/08/2026;024669 - 24669 ACQUA DISTRIBUIDORA DE PERFUMES E;07891033706693;SOPHIE COL LIKE 100ml;1,000;99,65;99,65;48,99;0,00;0,00;50,66;50,84;103,41;1,97;80,53;B;;
20/08/2026;024669 - 24669 ACQUA DISTRIBUIDORA DE PERFUMES E;07891033883967;CBEM DES COL BDY SPLSH CER/FASES 200ml;1,000;66,42;66,42;18,75;0,00;0,00;47,67;71,77;254,24;1,85;82,38;B;;
20/08/2026;024669 - 24669 ACQUA DISTRIBUIDORA DE PERFUMES E;07891033859207;CBEM DES COL BDY SPLSH AMORUDA 200ml;1,000;67,44;67,44;26,83;0,00;0,00;40,61;60,22;151,36;1,58;83,96;B;;
20/08/2026;024669 - 24669 ACQUA DISTRIBUIDORA DE PERFUMES E;07891033907502;MATCH LEAV IN ESC/HID 150ml;1,000;54,19;54,19;16,09;0,00;0,00;38,10;70,31;236,79;1,48;85,44;B;;
20/08/2026;024669 - 24669 ACQUA DISTRIBUIDORA DE PERFUMES E;07891033863396;MAKE B BAT CREM U/BALLET LAC/BALLET 36g;1,000;63,26;63,26;25,98;0,00;0,00;37,28;58,93;143,49;1,45;86,88;B;;
20/08/2026;024669 - 24669 ACQUA DISTRIBUIDORA DE PERFUMES E;07891033511730;MAKE B GLOS LAB C/AC POLIG ROS/LOVER 5ml;1,000;50,59;50,59;16,03;0,00;0,00;34,56;68,31;215,60;1,34;88,23;B;;
20/08/2026;024669 - 24669 ACQUA DISTRIBUIDORA DE PERFUMES E;07891033878222;MAKE B PLT BL/FUS/CLIP BRWN/BL MINI 25g;1,000;81,38;81,38;48,70;0,00;0,00;32,68;40,16;67,10;1,27;89,50;B;;
20/08/2026;024669 - 24669 ACQUA DISTRIBUIDORA DE PERFUMES E;07891033874439;CBEM LOC DES HID CPO AMORUDA 400ml;1,000;56,08;56,08;25,31;0,00;0,00;30,77;54,87;121,57;1,19;90,69;B;;
20/08/2026;024669 - 24669 ACQUA DISTRIBUIDORA DE PERFUMES E;07891033487455;DR BOTICA CREM PENT POC TIRA NO150g V2;1,000;44,00;44,00;17,42;0,00;0,00;26,58;60,41;152,58;1,03;91,72;B;;
20/08/2026;024669 - 24669 ACQUA DISTRIBUIDORA DE PERFUMES E;07891033578337;NSPA SAB LIQ PERF CPO CER/ROUGE 250ml;1,000;45,32;45,32;19,10;0,00;0,00;26,22;57,86;137,28;1,02;92,74;B;;
20/08/2026;024669 - 24669 ACQUA DISTRIBUIDORA DE PERFUMES E;07891033945368;BOTIK GEL CONC LIMP FAC AC/GLIC V3 150g;1,000;41,47;41,47;15,67;0,00;0,00;25,80;62,21;164,65;1,00;93,74;B;;
20/08/2026;024669 - 24669 ACQUA DISTRIBUIDORA DE PERFUMES E;07891033513246;QUASAR DES SPR RUSH V2 100ml;1,000;46,64;46,64;21,90;0,00;0,00;24,74;53,04;112,97;0,96;94,70;B;;
20/08/2026;024669 - 24669 ACQUA DISTRIBUIDORA DE PERFUMES E;07891033521630;INTENSE BAT CREM 250 V7 38g;1,000;33,39;33,39;8,71;0,00;0,00;24,68;73,91;283,35;0,96;95,66;C;;
20/08/2026;024669 - 24669 ACQUA DISTRIBUIDORA DE PERFUMES E;07891033487448;DR BOTICA COND POC BRILHO 200ml V2;1,000;38,72;38,72;16,30;0,00;0,00;22,42;57,90;137,55;0,87;96,53;C;;
20/08/2026;024669 - 24669 ACQUA DISTRIBUIDORA DE PERFUMES E;07891033570799;DR BOTICA SHAMP POC ESPUM V3 200ml;1,000;38,72;38,72;18,07;0,00;0,00;20,65;53,33;114,28;0,80;97,33;C;;
20/08/2026;024669 - 24669 ACQUA DISTRIBUIDORA DE PERFUMES E;07891033520251;BOTI BABY SAB LIQ GLIC V2 400ml;1,000;33,14;33,14;13,64;0,00;0,00;19,50;58,84;142,96;0,76;98,09;C;;
20/08/2026;024669 - 24669 ACQUA DISTRIBUIDORA DE PERFUMES E;07891033494019;CASA 214 SAB LIQ MULTIF VAN/SUBLIM 400ml;1,000;43,26;43,26;24,33;0,00;0,00;18,93;43,76;77,81;0,74;98,83;C;;
20/08/2026;024669 - 24669 ACQUA DISTRIBUIDORA DE PERFUMES E;07891033520244;REF BOTI BABY SAB LIQ GLIC 350ml;1,000;28,41;28,41;9,60;0,00;0,00;18,81;66,21;195,94;0,73;99,56;C;;
20/08/2026;024669 - 24669 ACQUA DISTRIBUIDORA DE PERFUMES E;07891033512270;CBEM SAB BARRA NUVEM 4x80g;2,000;43,87;21,93;28,50;0,00;0,00;15,37;35,04;53,93;0,60;100,15;C;;
20/08/2026;024669 - 24669 ACQUA DISTRIBUIDORA DE PERFUMES E;07891033894017;CX PRESENTE M BOTI INST/25 VDA;1,000;11,30;11,30;0,00;0,00;0,00;11,30;100,00;0,00;0,44;100,59;C;;
20/08/2026;024669 - 24669 ACQUA DISTRIBUIDORA DE PERFUMES E;07891033909544;GLAMOUR DES COL INTENSE PRM 10ml;1,000;15,22;15,22;6,19;0,00;0,00;9,03;59,33;145,88;0,35;100,94;C;;
20/08/2026;024669 - 24669 ACQUA DISTRIBUIDORA DE PERFUMES E;07891033553747;ARBO DES COL ATLANTICA PRM 10ML;1,000;14,36;14,36;6,41;0,00;0,00;7,95;55,36;124,02;0,31;101,25;C;;
20/08/2026;024669 - 24669 ACQUA DISTRIBUIDORA DE PERFUMES E;07891033957996;NSPA CR PERF DES HID CP AMX/INT PRM 50ml;2,000;0,02;0,01;4,46;0,00;0,00;-4,44;-22200,00;-99,55;-0,17;101,08;C;;
20/08/2026;024669 - 24669 ACQUA DISTRIBUIDORA DE PERFUMES E;07891033881376;FLORATTA EDP ROSE SUCREE PRM 10ml;4,000;0,04;0,01;27,84;0,00;0,00;-27,80;-69500,00;-99,86;-1,08;100,00;C;;
20/08/2026;024670 - ACQUA DISTRIBUIDORA DE PERFUMES E COSMETICOS LTDA;07891033905133;MALBEC DES COL V7 100ml;1,000;208,26;208,26;44,72;0,00;0,00;163,54;78,53;365,70;12,29;12,29;A;;
20/08/2026;024670 - ACQUA DISTRIBUIDORA DE PERFUMES E COSMETICOS LTDA;07891033491544;COFFEE DES COL UNIQ WOM FL/GOURM 100ml;1,000;170,23;170,23;42,05;0,00;0,00;128,18;75,30;304,83;9,63;21,92;A;;
20/08/2026;024670 - ACQUA DISTRIBUIDORA DE PERFUMES E COSMETICOS LTDA;07891033514410;DR BOTICA COL POCAO FORCA 120ml V2;2,000;158,52;79,26;35,98;0,00;0,00;122,54;77,30;340,58;9,21;31,13;A;;
20/08/2026;024670 - ACQUA DISTRIBUIDORA DE PERFUMES E COSMETICOS LTDA;07891033480609;LILY CREM DES HID ACET CPO 250g V8;1,000;149,90;149,90;58,96;0,00;0,00;90,94;60,67;154,24;6,83;37,97;A;;
20/08/2026;024670 - ACQUA DISTRIBUIDORA DE PERFUMES E COSMETICOS LTDA;07891033520527;CELEBRE DES COL MASC AGORA 100ml;1,000;99,90;99,90;25,55;0,00;0,00;74,35;74,42;291,00;5,59;43,55;A;;
20/08/2026;024670 - ACQUA DISTRIBUIDORA DE PERFUMES E COSMETICOS LTDA;07891033890705;MAKE B BASE LIQ HYALURONIC 275N 30ml;1,000;106,32;106,32;33,65;0,00;0,00;72,67;68,35;215,96;5,46;49,01;A;;
20/08/2026;024670 - ACQUA DISTRIBUIDORA DE PERFUMES E COSMETICOS LTDA;07891033880829;NSPA LOC DES HID CPO AMEIX/NEG V4 400ml;1,000;85,08;85,08;16,85;0,00;0,00;68,23;80,20;404,93;5,13;54,14;A;;
20/08/2026;024670 - ACQUA DISTRIBUIDORA DE PERFUMES E COSMETICOS LTDA;07891033757671;MAKE B BAS PO MINERAL 50 55g;1,000;107,90;107,90;47,37;0,00;0,00;60,53;56,10;127,78;4,55;58,69;A;;
20/08/2026;024670 - ACQUA DISTRIBUIDORA DE PERFUMES E COSMETICOS LTDA;07891033533862;BOTIK PROT SOL FAC FPS 80 AC/HIAL 40ml;1,000;83,25;83,25;26,84;0,00;0,00;56,41;67,76;210,17;4,24;62,93;A;;
20/08/2026;024670 - ACQUA DISTRIBUIDORA DE PERFUMES E COSMETICOS LTDA;07891033941995;DR BOTICA COL POCAO/CORAG V3 120ml;1,000;88,65;88,65;40,54;0,00;0,00;48,11;54,27;118,67;3,62;66,54;A;;
20/08/2026;024670 - ACQUA DISTRIBUIDORA DE PERFUMES E COSMETICOS LTDA;07891033520756;MATCH MASC CAP HID 4ABC CIEN/CURV 350g;1,000;68,55;68,55;27,66;0,00;0,00;40,89;59,65;147,83;3,07;69,62;A;;
20/08/2026;024670 - ACQUA DISTRIBUIDORA DE PERFUMES E COSMETICOS LTDA;07891033851645;MAK B COLOR U/B LAC WIN 36g;1,000;66,20;66,20;25,70;0,00;0,00;40,50;61,18;157,59;3,04;72,66;A;;
20/08/2026;024670 - ACQUA DISTRIBUIDORA DE PERFUMES E COSMETICOS LTDA;07891033483037;FLORATTA DES COL RED V2 75ml;1,000;107,95;107,95;68,42;0,00;0,00;39,53;36,62;57,78;2,97;75,63;A;;
20/08/2026;024670 - ACQUA DISTRIBUIDORA DE PERFUMES E COSMETICOS LTDA;07891033555024;MAKE B MASC CIL EXPL GROW 10g;1,000;79,90;79,90;41,62;0,00;0,00;38,28;47,91;91,98;2,88;78,51;A;;
20/08/2026;024670 - ACQUA DISTRIBUIDORA DE PERFUMES E COSMETICOS LTDA;07891033533923;NSPA SAB LIQ PERF ORQUIDEA NOIRE 250ml;1,000;52,98;52,98;19,98;0,00;0,00;33,00;62,29;165,17;2,48;80,99;B;;
20/08/2026;024670 - ACQUA DISTRIBUIDORA DE PERFUMES E COSMETICOS LTDA;07891033528165;INTENSE BRLH LAB INCOLOR 5ml;1,000;40,92;40,92;8,01;0,00;0,00;32,91;80,43;410,86;2,47;83,46;B;;
20/08/2026;024670 - ACQUA DISTRIBUIDORA DE PERFUMES E COSMETICOS LTDA;07891033866687;MATCH COND HID CIEN/CURV V2 300ml;1,000;48,94;48,94;20,86;0,00;0,00;28,08;57,38;134,61;2,11;85,57;B;;
20/08/2026;024670 - ACQUA DISTRIBUIDORA DE PERFUMES E COSMETICOS LTDA;07891033520763;MATCH SHAMP CIEN/CURV 300ml;1,000;46,97;46,97;20,32;0,00;0,00;26,65;56,74;131,15;2,00;87,57;B;;
20/08/2026;024670 - ACQUA DISTRIBUIDORA DE PERFUMES E COSMETICOS LTDA;07891033482559;NSPA LOC DES HID CPO F/AMEI 200ml V5;1,000;34,95;34,95;10,68;0,00;0,00;24,27;69,44;227,25;1,82;89,40;B;;
20/08/2026;024670 - ACQUA DISTRIBUIDORA DE PERFUMES E COSMETICOS LTDA;07891033278589;MAKE B LAP RETR P/OLH PRET PCK;1,000;51,90;51,90;27,68;0,00;0,00;24,22;46,67;87,50;1,82;91,22;B;;
20/08/2026;024670 - ACQUA DISTRIBUIDORA DE PERFUMES E COSMETICOS LTDA;07891033748938;EGEO DES BDY SPR DOLCE 100ml V8 PCK;1,000;30,42;30,42;8,81;0,00;0,00;21,61;71,04;245,29;1,62;92,84;B;;
20/08/2026;024670 - ACQUA DISTRIBUIDORA DE PERFUMES E COSMETICOS LTDA;07891033774869;UOMINI DES ANTIT AER 75g V7;2,000;39,90;19,95;21,38;0,00;0,00;18,52;46,42;86,62;1,39;94,23;B;;
20/08/2026;024670 - ACQUA DISTRIBUIDORA DE PERFUMES E COSMETICOS LTDA;07891033902194;CBEM DES COL BDY SPLSH DEL/CARAM 200ml;1,000;52,73;52,73;34,73;0,00;0,00;18,00;34,14;51,83;1,35;95,59;C;;
20/08/2026;024670 - ACQUA DISTRIBUIDORA DE PERFUMES E COSMETICOS LTDA;07891033490363;MEN LOC DES HID CPO 200g V2;1,000;24,95;24,95;9,32;0,00;0,00;15,63;62,65;167,70;1,17;96,76;C;;
20/08/2026;024670 - ACQUA DISTRIBUIDORA DE PERFUMES E COSMETICOS LTDA;07891033527571;CBEM SAB LIQ INT NUVEM V2 200ml;1,000;24,39;24,39;10,56;0,00;0,00;13,83;56,70;130,97;1,04;97,80;C;;
20/08/2026;024670 - ACQUA DISTRIBUIDORA DE PERFUMES E COSMETICOS LTDA;07891033944996;CBEM SAB BARRA PESSEGURA V3 4x80g;1,000;22,35;22,35;10,70;0,00;0,00;11,65;52,13;108,88;0,88;98,68;C;;
20/08/2026;024670 - ACQUA DISTRIBUIDORA DE PERFUMES E COSMETICOS LTDA;07891033489664;CBEM COND CACH EXUB 250ml V3;1,000;18,58;18,58;8,21;0,00;0,00;10,37;55,81;126,31;0,78;99,46;C;;
20/08/2026;024670 - ACQUA DISTRIBUIDORA DE PERFUMES E COSMETICOS LTDA;07891033533749;NSPA MASC CAP COND AMEI DOUR 200ml;1,000;33,95;33,95;23,58;0,00;0,00;10,37;30,54;43,98;0,78;100,23;C;;
20/08/2026;024670 - ACQUA DISTRIBUIDORA DE PERFUMES E COSMETICOS LTDA;07891033765997;INTENSE LAP BAT VERMELHO 12g;1,000;14,61;14,61;5,97;0,00;0,00;8,64;59,14;144,72;0,65;100,88;C;;
20/08/2026;024670 - ACQUA DISTRIBUIDORA DE PERFUMES E COSMETICOS LTDA;07891033035298;CAIXA M INST 2021 ROSA ECONOMICA;2,000;7,10;3,55;0,00;0,00;0,00;7,10;100,00;0,00;0,53;101,42;C;;
20/08/2026;024670 - ACQUA DISTRIBUIDORA DE PERFUMES E COSMETICOS LTDA;07891033840434;ESTJ EGEO DOLCE REG/21;1,000;71,29;71,29;67,13;0,00;0,00;4,16;5,84;6,20;0,31;101,73;C;;
20/08/2026;024670 - ACQUA DISTRIBUIDORA DE PERFUMES E COSMETICOS LTDA;07891033831401;REF MATCH COND HID/BRLH 250ml;1,000;19,56;19,56;15,67;0,00;0,00;3,89;19,89;24,82;0,29;102,02;C;;
20/08/2026;024670 - ACQUA DISTRIBUIDORA DE PERFUMES E COSMETICOS LTDA;07891033888528;CARTAO PRESENTE BOTICARIO MAES 25 UNIT;1,000;0,47;0,47;0,00;0,00;0,00;0,47;100,00;0,00;0,04;102,06;C;;
20/08/2026;024670 - ACQUA DISTRIBUIDORA DE PERFUMES E COSMETICOS LTDA;07891033965847;SACOLA M AMOR 2026 2025 BOTI UNIT;2,000;0,02;0,01;0,00;0,00;0,00;0,02;100,00;0,00;0,00;102,06;C;;
20/08/2026;024670 - ACQUA DISTRIBUIDORA DE PERFUMES E COSMETICOS LTDA;07891033772728;MEN SHAMP CAB/BARBA 200ml;1,000;14,92;14,92;15,85;0,00;0,00;-0,93;-6,23;-5,87;-0,07;101,99;C;;
20/08/2026;024670 - ACQUA DISTRIBUIDORA DE PERFUMES E COSMETICOS LTDA;07891033537457;BOTICOLL PORTINARI DES ANT AER ABSOL 75g;2,000;29,83;14,91;30,90;0,00;0,00;-1,07;-3,59;-3,46;-0,08;101,91;C;;
20/08/2026;024670 - ACQUA DISTRIBUIDORA DE PERFUMES E COSMETICOS LTDA;07891033949083;MAKE B PRIMER FAC ANTIOL SALIC PRM 5ml;1,000;0,01;0,01;4,90;0,00;0,00;-4,89;-48900,00;-99,80;-0,37;101,54;C;;
20/08/2026;024670 - ACQUA DISTRIBUIDORA DE PERFUMES E COSMETICOS LTDA;07891033534104;REF NSPA SAB LIQ CPO PERF AMEI/NEG 200ml;1,000;0,01;0,01;9,42;0,00;0,00;-9,41;-94100,00;-99,89;-0,71;100,83;C;;
20/08/2026;024670 - ACQUA DISTRIBUIDORA DE PERFUMES E COSMETICOS LTDA;07891033957996;NSPA CR PERF DES HID CP AMX/INT PRM 50ml;5,000;0,05;0,01;11,15;0,00;0,00;-11,10;-22200,00;-99,55;-0,83;100,00;C;;
20/08/2026;024671 - 24671 ACQUA DISTRIBUIDORA DE PERFUMES E;07891033956494;ESTJ ZAAD INTENSE PAIS/26;1,000;299,52;299,52;111,24;0,00;0,00;188,28;62,86;169,26;6,02;6,02;A;;
20/08/2026;024671 - 24671 ACQUA DISTRIBUIDORA DE PERFUMES E;07891033583720;FLORATTA DES COL ROM/VER V2 75ml;1,000;163,70;163,70;31,54;0,00;0,00;132,16;80,73;419,02;4,23;10,25;A;;
20/08/2026;024671 - 24671 ACQUA DISTRIBUIDORA DE PERFUMES E;07891033506774;CLASH DES COL 100ml;1,000;165,85;165,85;37,78;0,00;0,00;128,07;77,22;338,99;4,10;14,35;A;;
20/08/2026;024671 - 24671 ACQUA DISTRIBUIDORA DE PERFUMES E;07891033497652;UOMINI DES COL V6 100ml;1,000;196,45;196,45;76,13;0,00;0,00;120,32;61,25;158,05;3,85;18,20;A;;
20/08/2026;024671 - 24671 ACQUA DISTRIBUIDORA DE PERFUMES E;07891033479085;DREAM DES COL SPLSH VIAG/ENC 200ml V2;2,000;171,22;85,61;58,20;0,00;0,00;113,02;66,01;194,19;3,62;21,82;A;;
20/08/2026;024671 - 24671 ACQUA DISTRIBUIDORA DE PERFUMES E;07891033483075;FLORATTA DES COL F/SECRET V3 75ml;1,000;174,90;174,90;61,92;0,00;0,00;112,98;64,60;182,46;3,61;25,43;A;;
20/08/2026;024671 - 24671 ACQUA DISTRIBUIDORA DE PERFUMES E;07891033536283;BOTIK GEL LIMP FAC VITAM C PRM 50g;8,000;112,79;14,10;0,00;0,00;0,00;112,79;100,00;0,00;3,61;29,04;A;;
20/08/2026;024671 - 24671 ACQUA DISTRIBUIDORA DE PERFUMES E;07891033483037;FLORATTA DES COL RED V2 75ml;2,000;249,59;124,79;136,86;0,00;0,00;112,73;45,17;82,37;3,61;32,65;A;;
20/08/2026;024671 - 24671 ACQUA DISTRIBUIDORA DE PERFUMES E;07891033197347;THATY DES COL BOTICOLL 100ML;1,000;131,76;131,76;24,04;0,00;0,00;107,72;81,75;448,09;3,45;36,09;A;;
20/08/2026;024671 - 24671 ACQUA DISTRIBUIDORA DE PERFUMES E;07891033842131;EGEO DES COL VAN VIBE 90ml;1,000;139,90;139,90;32,78;0,00;0,00;107,12;76,57;326,78;3,43;39,52;A;;
20/08/2026;024671 - 24671 ACQUA DISTRIBUIDORA DE PERFUMES E;07891033512393;CBEM DES COL BDY SPLSH CER/LIV V2 200ml;2,000;134,10;67,05;36,16;0,00;0,00;97,94;73,04;270,85;3,13;42,65;A;;
20/08/2026;024671 - 24671 ACQUA DISTRIBUIDORA DE PERFUMES E;07891033045204;BOTIK GEL CR FAC FIRM AC/HIALUR 40g;1,000;134,38;134,38;43,12;0,00;0,00;91,26;67,91;211,64;2,92;45,57;A;;
20/08/2026;024671 - 24671 ACQUA DISTRIBUIDORA DE PERFUMES E;07891033947584;REF LILY CR ACET DES HID CPO 200g;2,000;169,82;84,91;78,58;0,00;0,00;91,24;53,73;116,11;2,92;48,49;A;;
20/08/2026;024671 - 24671 ACQUA DISTRIBUIDORA DE PERFUMES E;07891033548866;ESTJ BOTI BABY CASINHA;1,000;139,09;139,09;48,97;0,00;0,00;90,12;64,79;184,03;2,88;51,38;A;;
20/08/2026;024671 - 24671 ACQUA DISTRIBUIDORA DE PERFUMES E;07891033843879;MALBEC DES COL V6 100ml;1,000;170,81;170,81;82,64;0,00;0,00;88,17;51,62;106,69;2,82;54,20;A;;
20/08/2026;024671 - 24671 ACQUA DISTRIBUIDORA DE PERFUMES E;07891033859351;HER CODE CREM AVELUD DES CPO 250g;1,000;113,39;113,39;26,19;0,00;0,00;87,20;76,90;332,95;2,79;56,99;A;;
20/08/2026;024671 - 24671 ACQUA DISTRIBUIDORA DE PERFUMES E;07891033482801;NSPA DES COL BDY SPLSH AMEI/NEG 200ml V2;1,000;99,95;99,95;20,99;0,00;0,00;78,96;79,00;376,18;2,53;59,51;A;;
20/08/2026;024671 - 24671 ACQUA DISTRIBUIDORA DE PERFUMES E;07891033587292;BOTICA 214 EDP SEV/DOR FOUG/AROM 90ml;1,000;171,19;171,19;97,06;0,00;0,00;74,13;43,30;76,38;2,37;61,88;A;;
20/08/2026;024671 - 24671 ACQUA DISTRIBUIDORA DE PERFUMES E;07891033820528;NSPA DES COL BODY SPLASH JAS/SAMB 200ml;1,000;93,41;93,41;19,95;0,00;0,00;73,46;78,64;368,22;2,35;64,23;A;;
20/08/2026;024671 - 24671 ACQUA DISTRIBUIDORA DE PERFUMES E;07891033744381;ARBO DES COL 100ml V4;1,000;145,86;145,86;75,42;0,00;0,00;70,44;48,29;93,40;2,25;66,49;A;;
20/08/2026;024671 - 24671 ACQUA DISTRIBUIDORA DE PERFUMES E;07891033841820;LILY DES COL BDY SPLSH 200ml;1,000;87,43;87,43;21,19;0,00;0,00;66,24;75,76;312,60;2,12;68,61;A;;
20/08/2026;024671 - 24671 ACQUA DISTRIBUIDORA DE PERFUMES E;07891033518029;BOTI BABY COL SOL V2 100ml;1,000;82,51;82,51;16,56;0,00;0,00;65,95;79,93;398,25;2,11;70,72;A;;
20/08/2026;024671 - 24671 ACQUA DISTRIBUIDORA DE PERFUMES E;07891033880829;NSPA LOC DES HID CPO AMEIX/NEG V4 400ml;1,000;81,75;81,75;16,87;0,00;0,00;64,88;79,36;384,59;2,08;72,79;A;;
20/08/2026;024671 - 24671 ACQUA DISTRIBUIDORA DE PERFUMES E;07891033882014;REF LILY CR ACET DES HID CPO V3 250g;1,000;69,93;69,93;13,92;0,00;0,00;56,01;80,09;402,37;1,79;74,59;A;;
20/08/2026;024671 - 24671 ACQUA DISTRIBUIDORA DE PERFUMES E;07891033883967;CBEM DES COL BDY SPLSH CER/FASES 200ml;1,000;66,88;66,88;13,54;0,00;0,00;53,34;79,75;393,94;1,71;76,29;A;;
20/08/2026;024671 - 24671 ACQUA DISTRIBUIDORA DE PERFUMES E;07891033902194;CBEM DES COL BDY SPLSH DEL/CARAM 200ml;2,000;116,53;58,26;69,46;0,00;0,00;47,07;40,39;67,77;1,51;77,80;A;;
20/08/2026;024671 - 24671 ACQUA DISTRIBUIDORA DE PERFUMES E;07891033892617;BOTICA 214 EDP GOLD/GARD V3 75ml;1,000;149,05;149,05;103,47;0,00;0,00;45,58;30,58;44,05;1,46;79,26;A;;
20/08/2026;024671 - 24671 ACQUA DISTRIBUIDORA DE PERFUMES E;07891033512362;CBEM DES COL BDY SPLSH PESSEGUR V2 200ml;1,000;62,43;62,43;18,07;0,00;0,00;44,36;71,06;245,49;1,42;80,68;B;;
20/08/2026;024671 - 24671 ACQUA DISTRIBUIDORA DE PERFUMES E;07891033756292;INTENSE PO COMPACTO FACIAL 40 5g;1,000;59,86;59,86;17,23;0,00;0,00;42,63;71,22;247,42;1,36;82,04;B;;
20/08/2026;024671 - 24671 ACQUA DISTRIBUIDORA DE PERFUMES E;07891033499588;NSPA LOC DES HID CPO ORQ NOIRE 400ml;1,000;76,41;76,41;33,91;0,00;0,00;42,50;55,62;125,33;1,36;83,40;B;;
20/08/2026;024671 - 24671 ACQUA DISTRIBUIDORA DE PERFUMES E;07891033808878;UOMINI DES BDY SPR 100ml V7 PCK;1,000;49,51;49,51;7,93;0,00;0,00;41,58;83,98;524,34;1,33;84,73;B;;
20/08/2026;024671 - 24671 ACQUA DISTRIBUIDORA DE PERFUMES E;07891033598236;NSPA CR PERF DES CPO ORQ/LUMIER 400ml;1,000;76,41;76,41;35,38;0,00;0,00;41,03;53,70;115,97;1,31;86,04;B;;
20/08/2026;024671 - 24671 ACQUA DISTRIBUIDORA DE PERFUMES E;07891033518050;BOTI BABY CR REPAR 30ml;1,000;65,28;65,28;24,61;0,00;0,00;40,67;62,30;165,26;1,30;87,34;B;;
20/08/2026;024671 - 24671 ACQUA DISTRIBUIDORA DE PERFUMES E;07891033515813;FLORATTA DES BDY SPR S/LOVE 100ml V2;1,000;46,97;46,97;7,34;0,00;0,00;39,63;84,37;539,92;1,27;88,61;B;;
20/08/2026;024671 - 24671 ACQUA DISTRIBUIDORA DE PERFUMES E;07891033879144;NSPA CREM HID MAOS/PES LILAC V2 50g;1,000;38,90;38,90;0,00;0,00;0,00;38,90;100,00;0,00;1,24;89,86;B;;
20/08/2026;024671 - 24671 ACQUA DISTRIBUIDORA DE PERFUMES E;07891033859337;MALBEC SPRAY INTIMO PURE GOLD 75ml;1,000;41,39;41,39;3,97;0,00;0,00;37,42;90,41;942,57;1,20;91,05;B;;
20/08/2026;024671 - 24671 ACQUA DISTRIBUIDORA DE PERFUMES E;07891033894604;BOTIK SR FAC LIFT FIR PEP PR/EL PRM 10ml;1,000;38,32;38,32;1,08;0,00;0,00;37,24;97,18;3448,15;1,19;92,25;B;;
20/08/2026;024671 - 24671 ACQUA DISTRIBUIDORA DE PERFUMES E;07891033518012;BOTI BABY SAB LIQ GLIC V2 200ml;1,000;46,60;46,60;10,57;0,00;0,00;36,03;77,32;340,87;1,15;93,40;B;;
20/08/2026;024671 - 24671 ACQUA DISTRIBUIDORA DE PERFUMES E;07891033867578;NSPA SAB LIQ PERF AMEIXA NEGRA V2 250ml;1,000;46,53;46,53;11,39;0,00;0,00;35,14;75,52;308,52;1,12;94,52;B;;
20/08/2026;024671 - 24671 ACQUA DISTRIBUIDORA DE PERFUMES E;07891033486342;DREAM DES COL SPLSH AMOR NO AR 200ml V2;1,000;80,39;80,39;46,10;0,00;0,00;34,29;42,65;74,38;1,10;95,62;C;;
20/08/2026;024671 - 24671 ACQUA DISTRIBUIDORA DE PERFUMES E;07891033482825;NSPA LOC DES HID CPO AMEI 400ml V6;1,000;67,72;67,72;33,93;0,00;0,00;33,79;49,90;99,59;1,08;96,70;C;;
20/08/2026;024671 - 24671 ACQUA DISTRIBUIDORA DE PERFUMES E;07891033836840;DR BOTICA COL POC/AVENTURA 120ml;1,000;73,90;73,90;40,57;0,00;0,00;33,33;45,10;82,15;1,07;97,77;C;;
20/08/2026;024671 - 24671 ACQUA DISTRIBUIDORA DE PERFUMES E;07891033518036;BOTI BABY COND V2 400ml;1,000;58,91;58,91;27,08;0,00;0,00;31,83;54,03;117,54;1,02;98,79;C;;
20/08/2026;024671 - 24671 ACQUA DISTRIBUIDORA DE PERFUMES E;07891033518081;BOTI BABY COND V2 200ml;1,000;43,80;43,80;15,35;0,00;0,00;28,45;64,95;185,34;0,91;99,70;C;;
20/08/2026;024671 - 24671 ACQUA DISTRIBUIDORA DE PERFUMES E;07891033490257;FLORATTA DES BDY SPR ROSE 100ml V8;1,000;49,51;49,51;24,05;0,00;0,00;25,46;51,42;105,86;0,81;100,51;C;;
20/08/2026;024671 - 24671 ACQUA DISTRIBUIDORA DE PERFUMES E;07891033521463;INTENSE BAT CREM 260 V2 38g;1,000;33,55;33,55;15,76;0,00;0,00;17,79;53,03;112,88;0,57;101,08;C;;
20/08/2026;024671 - 24671 ACQUA DISTRIBUIDORA DE PERFUMES E;07891033889136;CBEM SPR INTIMO CER/FASES 75ml;2,000;58,29;29,14;39,90;0,00;2,13;16,26;27,90;46,09;0,52;101,60;C;;
20/08/2026;024671 - 24671 ACQUA DISTRIBUIDORA DE PERFUMES E;07891033554089;BOTIK CR N FIR ROST/PESC RES/SIL PRM 10g;1,000;14,47;14,47;0,00;0,00;0,00;14,47;100,00;0,00;0,46;102,06;C;;
20/08/2026;024671 - 24671 ACQUA DISTRIBUIDORA DE PERFUMES E;07891033748938;EGEO DES BDY SPR DOLCE 100ml V8 PCK;1,000;37,90;37,90;24,05;0,00;0,00;13,85;36,54;57,59;0,44;102,51;C;;
20/08/2026;024671 - 24671 ACQUA DISTRIBUIDORA DE PERFUMES E;07891033512317;CBEM SAB BARRA CEREJA LIVRE V2 2x80g;1,000;19,34;19,34;7,39;0,00;0,00;11,95;61,79;161,71;0,38;102,89;C;;
20/08/2026;024671 - 24671 ACQUA DISTRIBUIDORA DE PERFUMES E;07891033894017;CX PRESENTE M BOTI INST/25 VDA;3,000;32,26;10,75;22,11;0,00;0,00;10,15;31,46;45,91;0,32;103,21;C;;
20/08/2026;024671 - 24671 ACQUA DISTRIBUIDORA DE PERFUMES E;07891033021000;INTENSE BAT CREM POP ROSA 36g;1,000;17,19;17,19;8,25;0,00;0,00;8,94;52,01;108,36;0,29;103,50;C;;
20/08/2026;024671 - 24671 ACQUA DISTRIBUIDORA DE PERFUMES E;07891033894697;BOTIK SRUM FAC ALT/POT AC/HIAL PRM 10ml;1,000;14,47;14,47;7,19;0,00;0,00;7,28;50,31;101,25;0,23;103,73;C;;
20/08/2026;024671 - 24671 ACQUA DISTRIBUIDORA DE PERFUMES E;07891033860777;COFFEE DES ANTIT AER ORIENT/AMB 125ml;1,000;23,89;23,89;17,86;0,00;0,00;6,03;25,24;33,76;0,19;103,92;C;;
20/08/2026;024671 - 24671 ACQUA DISTRIBUIDORA DE PERFUMES E;07891033908196;SACOLA PP BOTICARIO INST/25;1,000;0,01;0,01;0,71;0,00;0,00;-0,70;-7000,00;-98,59;-0,02;103,90;C;;
20/08/2026;024671 - 24671 ACQUA DISTRIBUIDORA DE PERFUMES E;07891033908226;SACOLA M BOTICARIO INST/25;4,000;0,04;0,01;6,24;0,00;0,00;-6,20;-15500,00;-99,36;-0,20;103,70;C;;
20/08/2026;024671 - 24671 ACQUA DISTRIBUIDORA DE PERFUMES E;07891033908219;SACOLA P BOTICARIO INST/25;10,000;0,10;0,01;13,10;0,00;0,00;-13,00;-13000,00;-99,24;-0,42;103,29;C;;
20/08/2026;024671 - 24671 ACQUA DISTRIBUIDORA DE PERFUMES E;07891033957996;NSPA CR PERF DES HID CP AMX/INT PRM 50ml;6,000;0,06;0,01;13,38;0,00;0,00;-13,32;-22200,00;-99,55;-0,43;102,86;C;;
20/08/2026;024671 - 24671 ACQUA DISTRIBUIDORA DE PERFUMES E;07891033534104;REF NSPA SAB LIQ CPO PERF AMEI/NEG 200ml;1,000;0,01;0,01;15,61;0,00;0,00;-15,60;-156000,00;-99,94;-0,50;102,36;C;;
20/08/2026;024671 - 24671 ACQUA DISTRIBUIDORA DE PERFUMES E;07891033518067;REF BOTI BABY COND 350ml;1,000;0,01;0,01;22,14;0,00;0,00;-22,13;-221300,00;-99,95;-0,71;101,65;C;;
20/08/2026;024671 - 24671 ACQUA DISTRIBUIDORA DE PERFUMES E;07891033486731;NSPA LOC DES HID CPO AMEI 200ml V5;1,000;0,01;0,01;25,35;0,00;0,00;-25,34;-253400,00;-99,96;-0,81;100,84;C;;
20/08/2026;024671 - 24671 ACQUA DISTRIBUIDORA DE PERFUMES E;07891033582365;CBEM LOC DES HID CPO NUV/ALEGRIA 400ml;1,000;0,01;0,01;26,38;0,00;0,00;-26,37;-263700,00;-99,96;-0,84;100,00;C;;
21/08/2026;024303 - 24303 ACQUA DISTRIBUIDORA DE PERFUMES E;07891033520299;BOTICOLL PORTINARI D/COL ABSOLUTO 100ml;1,000;174,90;174,90;37,90;0,00;0,00;137,00;78,33;361,48;12,31;12,31;A;;
21/08/2026;024303 - 24303 ACQUA DISTRIBUIDORA DE PERFUMES E;07891033909537;GLAMOUR DES COL INTENSE 75ml;1,000;164,90;164,90;38,83;0,00;0,00;126,07;76,45;324,67;11,33;23,64;A;;
21/08/2026;024303 - 24303 ACQUA DISTRIBUIDORA DE PERFUMES E;07891033856459;BOTICA 214 EDP ARAB/OASIS FOUG/AMB 90ml;1,000;202,34;202,34;88,64;0,00;0,00;113,70;56,19;128,27;10,22;33,86;A;;
21/08/2026;024303 - 24303 ACQUA DISTRIBUIDORA DE PERFUMES E;07891033744381;ARBO DES COL 100ml V4;1,000;179,23;179,23;76,21;0,00;0,00;103,02;57,48;135,18;9,26;43,11;A;;
21/08/2026;024303 - 24303 ACQUA DISTRIBUIDORA DE PERFUMES E;07891033869909;LIZ DES COL AURA 100ml;1,000;163,99;163,99;65,81;0,00;0,00;98,18;59,87;149,19;8,82;51,93;A;;
21/08/2026;024303 - 24303 ACQUA DISTRIBUIDORA DE PERFUMES E;07891033867998;NSPA CR PARFUMEE CPO AMEIXA NEGRA 200g;1,000;149,90;149,90;61,36;0,00;0,00;88,54;59,07;144,30;7,96;59,89;A;;
21/08/2026;024303 - 24303 ACQUA DISTRIBUIDORA DE PERFUMES E;07891033524686;BOTIK GEL LIM FAC MIC AC MAN/SAL 50g PRM;5,000;74,43;14,89;0,00;0,00;0,00;74,43;100,00;0,00;6,69;66,58;A;;
21/08/2026;024303 - 24303 ACQUA DISTRIBUIDORA DE PERFUMES E;07891033757923;FLORATTA DES COL RED 75ml;1,000;130,76;130,76;62,72;0,00;0,00;68,04;52,03;108,48;6,11;72,69;A;;
21/08/2026;024303 - 24303 ACQUA DISTRIBUIDORA DE PERFUMES E;07891033483037;FLORATTA DES COL RED V2 75ml;1,000;134,90;134,90;69,19;0,00;0,00;65,71;48,71;94,97;5,90;78,60;A;;
21/08/2026;024303 - 24303 ACQUA DISTRIBUIDORA DE PERFUMES E;07891033864324;ESTJ EGEO DOLCE REG/25;1,000;126,81;126,81;67,83;0,00;0,00;58,98;46,51;86,95;5,30;83,90;B;;
21/08/2026;024303 - 24303 ACQUA DISTRIBUIDORA DE PERFUMES E;07891033899692;ESTJ CBEM AMORUDA AMOR/26;1,000;99,90;99,90;42,91;0,00;0,00;56,99;57,05;132,81;5,12;89,02;B;;
21/08/2026;024303 - 24303 ACQUA DISTRIBUIDORA DE PERFUMES E;07891033836840;DR BOTICA COL POC/AVENTURA 120ml;1,000;73,90;73,90;19,41;0,00;0,00;54,49;73,73;280,73;4,90;93,91;B;;
21/08/2026;024303 - 24303 ACQUA DISTRIBUIDORA DE PERFUMES E;07891033867578;NSPA SAB LIQ PERF AMEIXA NEGRA V2 250ml;1,000;59,90;59,90;11,51;0,00;0,00;48,39;80,78;420,42;4,35;98,26;C;;
21/08/2026;024303 - 24303 ACQUA DISTRIBUIDORA DE PERFUMES E;07891033962938;GLAMOUR LOC DES HID CPO INTENSE 200ml;1,000;55,90;55,90;24,42;0,00;0,00;31,48;56,31;128,91;2,83;101,09;C;;
21/08/2026;024303 - 24303 ACQUA DISTRIBUIDORA DE PERFUMES E;07891033894017;CX PRESENTE M BOTI INST/25 VDA;1,000;12,25;12,25;0,00;0,00;0,00;12,25;100,00;0,00;1,10;102,19;C;;
21/08/2026;024303 - 24303 ACQUA DISTRIBUIDORA DE PERFUMES E;07891033894697;BOTIK SRUM FAC ALT/POT AC/HIAL PRM 10ml;1,000;14,25;14,25;7,27;0,00;0,00;6,98;48,98;96,01;0,63;102,82;C;;
21/08/2026;024303 - 24303 ACQUA DISTRIBUIDORA DE PERFUMES E;07891033908219;SACOLA P BOTICARIO INST/25;2,000;0,02;0,01;2,62;0,00;0,00;-2,60;-13000,00;-99,24;-0,23;102,59;C;;
21/08/2026;024303 - 24303 ACQUA DISTRIBUIDORA DE PERFUMES E;07891033949083;MAKE B PRIMER FAC ANTIOL SALIC PRM 5ml;1,000;0,01;0,01;4,95;0,00;0,00;-4,94;-49400,00;-99,80;-0,44;102,14;C;;
21/08/2026;024303 - 24303 ACQUA DISTRIBUIDORA DE PERFUMES E;07891033908226;SACOLA M BOTICARIO INST/25;4,000;0,04;0,01;6,24;0,00;0,00;-6,20;-15500,00;-99,36;-0,56;101,58;C;;
21/08/2026;024303 - 24303 ACQUA DISTRIBUIDORA DE PERFUMES E;07891033534111;REF NSPA SAB LIQ CP PERF ORQ/NOIRE 200ml;1,000;0,01;0,01;17,64;0,00;0,00;-17,63;-176300,00;-99,94;-1,58;100,00;C;;
21/08/2026;024617 - ACQUA DISTRIBUIDORA DE PERFUMES E COSMETICOS LTDA;07891033222490;FREE DES COL BOTICOLL 100ml V4;1,000;174,90;174,90;25,71;0,00;0,00;149,19;85,30;580,28;22,95;22,95;A;;
21/08/2026;024617 - ACQUA DISTRIBUIDORA DE PERFUMES E COSMETICOS LTDA;07891033506774;CLASH DES COL 100ml;1,000;158,31;158,31;38,17;0,00;0,00;120,14;75,89;314,75;18,48;41,43;A;;
21/08/2026;024617 - ACQUA DISTRIBUIDORA DE PERFUMES E COSMETICOS LTDA;07891033843916;MALBEC DES COL GOLD V3 100ml;1,000;210,52;210,52;98,67;0,00;0,00;111,85;53,13;113,36;17,21;58,64;A;;
21/08/2026;024617 - ACQUA DISTRIBUIDORA DE PERFUMES E COSMETICOS LTDA;07891033869909;LIZ DES COL AURA 100ml;1,000;137,88;137,88;65,81;0,00;0,00;72,07;52,27;109,51;11,09;69,73;A;;
21/08/2026;024617 - ACQUA DISTRIBUIDORA DE PERFUMES E COSMETICOS LTDA;07891033507047;MAKE B BLUSH PO C/A POLIG BERRY 55g;1,000;58,21;58,21;0,00;0,00;0,00;58,21;100,00;0,00;8,96;78,68;A;;
21/08/2026;024617 - ACQUA DISTRIBUIDORA DE PERFUMES E COSMETICOS LTDA;07891033511730;MAKE B GLOS LAB C/AC POLIG ROS/LOVER 5ml;2,000;101,16;50,58;58,82;0,00;0,00;42,34;41,85;71,98;6,51;85,20;B;;
21/08/2026;024617 - ACQUA DISTRIBUIDORA DE PERFUMES E COSMETICOS LTDA;07891033894703;BOTIK SRUM FAC ALT/POT VITAM/C PRM 10ml;1,000;31,26;31,26;7,27;0,00;0,00;23,99;76,74;329,99;3,69;88,89;B;;
21/08/2026;024617 - ACQUA DISTRIBUIDORA DE PERFUMES E COSMETICOS LTDA;07891033854837;FLORATTA DES BDY SPRAY RED V2 100ml;1,000;47,61;47,61;24,32;0,00;0,00;23,29;48,92;95,76;3,58;92,47;B;;
21/08/2026;024617 - ACQUA DISTRIBUIDORA DE PERFUMES E COSMETICOS LTDA;07891033839612;ARBO DES BDY SPR 100ml V6;1,000;47,39;47,39;24,32;0,00;0,00;23,07;48,68;94,86;3,55;96,02;C;;
21/08/2026;024617 - ACQUA DISTRIBUIDORA DE PERFUMES E COSMETICOS LTDA;07891033872725;NSPA DES COL BDY SPLSH UVA MERLOT 200ml;1,000;62,62;62,62;42,74;0,00;0,00;19,88;31,75;46,51;3,06;99,08;C;;
21/08/2026;024617 - ACQUA DISTRIBUIDORA DE PERFUMES E COSMETICOS LTDA;07891033595174;REF NSPA LOC DES HID CPO AMEIXA 350ml;2,000;62,92;31,46;54,10;0,00;0,00;8,82;14,02;16,30;1,36;100,44;C;;
21/08/2026;024617 - ACQUA DISTRIBUIDORA DE PERFUMES E COSMETICOS LTDA;07891033524686;BOTIK GEL LIM FAC MIC AC MAN/SAL 50g PRM;1,000;0,01;0,01;0,00;0,00;0,00;0,01;100,00;0,00;0,00;100,44;C;;
21/08/2026;024617 - ACQUA DISTRIBUIDORA DE PERFUMES E COSMETICOS LTDA;07891033908219;SACOLA P BOTICARIO INST/25;1,000;0,01;0,01;1,31;0,00;0,00;-1,30;-13000,00;-99,24;-0,20;100,24;C;;
21/08/2026;024617 - ACQUA DISTRIBUIDORA DE PERFUMES E COSMETICOS LTDA;07891033908226;SACOLA M BOTICARIO INST/25;1,000;0,01;0,01;1,56;0,00;0,00;-1,55;-15500,00;-99,36;-0,24;100,00;C;;
21/08/2026;024668 - ACQUA DISTRIBUIDORA DE PERFUMES E COSMETICOS LTDA;07891033779888;LILY EDP ABSOLU 75ML V2;1,000;319,90;319,90;80,85;0,00;0,00;239,05;74,73;295,67;6,23;6,23;A;;
21/08/2026;024668 - ACQUA DISTRIBUIDORA DE PERFUMES E COSMETICOS LTDA;07891033896530;EGEO DES COL VANILLA UBESESSION 90ml;3,000;327,25;109,08;88,92;0,00;0,00;238,33;72,83;268,03;6,21;12,44;A;;
21/08/2026;024668 - ACQUA DISTRIBUIDORA DE PERFUMES E COSMETICOS LTDA;07891033585069;MALBEC DES COL PURE GOLD 100ml;1,000;235,78;235,78;52,68;0,00;0,00;183,10;77,66;347,57;4,77;17,21;A;;
21/08/2026;024668 - ACQUA DISTRIBUIDORA DE PERFUMES E COSMETICOS LTDA;07891033483037;FLORATTA DES COL RED V2 75ml;2,000;241,85;120,92;71,04;0,00;0,00;170,81;70,63;240,44;4,45;21,66;A;;
21/08/2026;024668 - ACQUA DISTRIBUIDORA DE PERFUMES E COSMETICOS LTDA;07891033878963;FLORATTA EDP RED PASSION V2 75ml;1,000;195,41;195,41;49,10;0,00;0,00;146,31;74,87;297,98;3,81;25,47;A;;
21/08/2026;024668 - ACQUA DISTRIBUIDORA DE PERFUMES E COSMETICOS LTDA;07891033492527;COFFEE D/C SEDUC/WOM/FLORIEN/FR V6 100ml;1,000;189,90;189,90;46,73;0,00;0,00;143,17;75,39;306,38;3,73;29,20;A;;
21/08/2026;024668 - ACQUA DISTRIBUIDORA DE PERFUMES E COSMETICOS LTDA;07891033481309;MALBEC DES COL 100ml V5;1,000;198,61;198,61;58,52;0,00;0,00;140,09;70,54;239,39;3,65;32,85;A;;
21/08/2026;024668 - ACQUA DISTRIBUIDORA DE PERFUMES E COSMETICOS LTDA;07891033843923;MALBEC DES COL BLACK V2 100ml;1,000;233,91;233,91;102,34;0,00;0,00;131,57;56,25;128,56;3,43;36,28;A;;
21/08/2026;024668 - ACQUA DISTRIBUIDORA DE PERFUMES E COSMETICOS LTDA;07891033497669;UOMINI DES COL BLACK V6 100ml;1,000;200,00;200,00;76,14;0,00;0,00;123,86;61,93;162,67;3,23;39,50;A;;
21/08/2026;024668 - ACQUA DISTRIBUIDORA DE PERFUMES E COSMETICOS LTDA;07891033909537;GLAMOUR DES COL INTENSE 75ml;1,000;157,47;157,47;38,43;0,00;0,00;119,04;75,60;309,76;3,10;42,61;A;;
21/08/2026;024668 - ACQUA DISTRIBUIDORA DE PERFUMES E COSMETICOS LTDA;07891033842148;EGEO DES COL SPCY VIBE C/CAR 90ml;2,000;238,00;119,00;120,28;0,00;0,00;117,72;49,46;97,87;3,07;45,67;A;;
21/08/2026;024668 - ACQUA DISTRIBUIDORA DE PERFUMES E COSMETICOS LTDA;07891033481453;BOTICOLL ANNI DES COL 100ml V2;1,000;139,84;139,84;27,85;0,00;0,00;111,99;80,08;402,12;2,92;48,59;A;;
21/08/2026;024668 - ACQUA DISTRIBUIDORA DE PERFUMES E COSMETICOS LTDA;07891033767007;LIZ DES COL 100ml;1,000;136,24;136,24;36,24;0,00;0,00;100,00;73,40;275,94;2,61;51,20;A;;
21/08/2026;024668 - ACQUA DISTRIBUIDORA DE PERFUMES E COSMETICOS LTDA;07891033757541;MAKE B BAS PO MINERAL 20 55G;1,000;107,90;107,90;30,19;0,00;0,00;77,71;72,02;257,40;2,02;53,22;A;;
21/08/2026;024668 - ACQUA DISTRIBUIDORA DE PERFUMES E COSMETICOS LTDA;07891033757657;MAKE B BAS PO MINERAL 40 55G;1,000;100,00;100,00;25,56;0,00;0,00;74,44;74,44;291,24;1,94;55,16;A;;
21/08/2026;024668 - ACQUA DISTRIBUIDORA DE PERFUMES E COSMETICOS LTDA;07891033890293;MAKE B CORRET LIQ HYAL 210Q 68ml;2,000;101,90;50,95;29,78;0,00;0,00;72,12;70,78;242,18;1,88;57,04;A;;
21/08/2026;024668 - ACQUA DISTRIBUIDORA DE PERFUMES E COSMETICOS LTDA;07891033941995;DR BOTICA COL POCAO/CORAG V3 120ml;1,000;89,85;89,85;17,82;0,00;0,00;72,03;80,17;404,21;1,88;58,92;A;;
21/08/2026;024668 - ACQUA DISTRIBUIDORA DE PERFUMES E COSMETICOS LTDA;07891033550838;NEXT COLONIA 75ml;1,000;94,73;94,73;31,37;0,00;0,00;63,36;66,88;201,98;1,65;60,57;A;;
21/08/2026;024668 - ACQUA DISTRIBUIDORA DE PERFUMES E COSMETICOS LTDA;07891033766215;DREAM DES COL CEU/BAUN 200ml;1,000;105,27;105,27;46,25;0,00;0,00;59,02;56,07;127,61;1,54;62,10;A;;
21/08/2026;024668 - ACQUA DISTRIBUIDORA DE PERFUMES E COSMETICOS LTDA;07891033511303;CBEM DES COL BDY SPLSH BEIJINHO V2 200ml;1,000;94,90;94,90;36,50;0,00;0,00;58,40;61,54;160,00;1,52;63,63;A;;
21/08/2026;024668 - ACQUA DISTRIBUIDORA DE PERFUMES E COSMETICOS LTDA;07891033949830;EGEO LOC DES HID CPO VAN/UBSSION 150ml;2,000;75,51;37,75;17,44;0,00;0,00;58,07;76,90;332,97;1,51;65,14;A;;
21/08/2026;024668 - ACQUA DISTRIBUIDORA DE PERFUMES E COSMETICOS LTDA;07891033486342;DREAM DES COL SPLSH AMOR NO AR 200ml V2;1,000;101,90;101,90;46,09;0,00;0,00;55,81;54,77;121,09;1,45;66,59;A;;
21/08/2026;024668 - ACQUA DISTRIBUIDORA DE PERFUMES E COSMETICOS LTDA;07891033771837;LIZ CREM DES HID CPO 250g;1,000;70,42;70,42;14,86;0,00;0,00;55,56;78,90;373,89;1,45;68,04;A;;
21/08/2026;024668 - ACQUA DISTRIBUIDORA DE PERFUMES E COSMETICOS LTDA;07891033508815;CBEM DES COL BDY SPLSH DELEITE V3 200ml;1,000;70,90;70,90;18,87;0,00;0,00;52,03;73,39;275,73;1,36;69,40;A;;
21/08/2026;024668 - ACQUA DISTRIBUIDORA DE PERFUMES E COSMETICOS LTDA;07891033851249;CBEM LOC DES HID CPO DELEITE V3 400ml;1,000;78,90;78,90;28,85;0,00;0,00;50,05;63,43;173,48;1,30;70,70;A;;
21/08/2026;024668 - ACQUA DISTRIBUIDORA DE PERFUMES E COSMETICOS LTDA;07891033830602;CELEBRE DES COL FLOR FRUT FORC 100ml;1,000;72,61;72,61;24,06;0,00;0,00;48,55;66,86;201,79;1,26;71,96;A;;
21/08/2026;024668 - ACQUA DISTRIBUIDORA DE PERFUMES E COSMETICOS LTDA;07891033514687;BOTIK CR HID FAC ANTIOX VITAM C V2 50g;1,000;83,61;83,61;35,36;0,00;0,00;48,25;57,71;136,45;1,26;73,22;A;;
21/08/2026;024668 - ACQUA DISTRIBUIDORA DE PERFUMES E COSMETICOS LTDA;07891033535118;CBEM DES COL BDY SPLSH SHOW/BNH V2 200ml;1,000;84,73;84,73;36,49;0,00;0,00;48,24;56,93;132,20;1,26;74,48;A;;
21/08/2026;024668 - ACQUA DISTRIBUIDORA DE PERFUMES E COSMETICOS LTDA;07891033859207;CBEM DES COL BDY SPLSH AMORUDA 200ml;1,000;68,03;68,03;19,81;0,00;0,00;48,22;70,88;243,41;1,26;75,73;A;;
21/08/2026;024668 - ACQUA DISTRIBUIDORA DE PERFUMES E COSMETICOS LTDA;07891033749652;MALBEC LOC DES HID CPO RPCK 200ml;1,000;61,32;61,32;14,00;0,00;0,00;47,32;77,17;338,00;1,23;76,97;A;;
21/08/2026;024668 - ACQUA DISTRIBUIDORA DE PERFUMES E COSMETICOS LTDA;07891033512393;CBEM DES COL BDY SPLSH CER/LIV V2 200ml;1,000;66,48;66,48;19,23;0,00;0,00;47,25;71,07;245,71;1,23;78,20;A;;
21/08/2026;024668 - ACQUA DISTRIBUIDORA DE PERFUMES E COSMETICOS LTDA;07891033948994;CBEM GEL LIMP FAC FEIR TANGERINA PRM 50g;3,000;66,08;22,03;19,98;0,00;0,00;46,10;69,76;230,73;1,20;79,40;A;;
21/08/2026;024668 - ACQUA DISTRIBUIDORA DE PERFUMES E COSMETICOS LTDA;07891033595167;REF NSPA LOC DES HID CPO AMEI/NEG 350ml;1,000;58,15;58,15;12,17;0,00;0,00;45,98;79,07;377,81;1,20;80,60;B;;
21/08/2026;024668 - ACQUA DISTRIBUIDORA DE PERFUMES E COSMETICOS LTDA;07891033964192;MAKE B MASC/CILIOS SCANDAL FULL 10g;1,000;68,72;68,72;23,25;0,00;0,00;45,47;66,17;195,57;1,18;81,78;B;;
21/08/2026;024668 - ACQUA DISTRIBUIDORA DE PERFUMES E COSMETICOS LTDA;07891033962938;GLAMOUR LOC DES HID CPO INTENSE 200ml;1,000;53,38;53,38;11,18;0,00;0,00;42,20;79,06;377,46;1,10;82,88;B;;
21/08/2026;024668 - ACQUA DISTRIBUIDORA DE PERFUMES E COSMETICOS LTDA;07891033559824;MAKE B BAT ST/PREN HYAL NUD CHIC V3 34g;1,000;68,97;68,97;27,74;0,00;0,00;41,23;59,78;148,63;1,07;83,96;B;;
21/08/2026;024668 - ACQUA DISTRIBUIDORA DE PERFUMES E COSMETICOS LTDA;07891033854837;FLORATTA DES BDY SPRAY RED V2 100ml;1,000;46,05;46,05;7,12;0,00;0,00;38,93;84,54;546,77;1,01;84,97;B;;
21/08/2026;024668 - ACQUA DISTRIBUIDORA DE PERFUMES E COSMETICOS LTDA;07891033578825;LILY DES BDY SPR LEAU/LILY BLANC 100ml;1,000;45,00;45,00;8,63;0,00;0,00;36,37;80,82;421,44;0,95;85,92;B;;
21/08/2026;024668 - ACQUA DISTRIBUIDORA DE PERFUMES E COSMETICOS LTDA;07891033552214;DR BOTICA COL POC/CRIATIV 120ml;1,000;73,90;73,90;38,59;0,00;0,00;35,31;47,78;91,50;0,92;86,84;B;;
21/08/2026;024668 - ACQUA DISTRIBUIDORA DE PERFUMES E COSMETICOS LTDA;07891033862955;MATCH MASC CAP SCIENCE RECONS V3 250g;1,000;61,86;61,86;27,07;0,00;0,00;34,79;56,24;128,52;0,91;87,74;B;;
21/08/2026;024668 - ACQUA DISTRIBUIDORA DE PERFUMES E COSMETICOS LTDA;07891033846887;MALBEC LOC DES HID CPO PURE GOLD 200ml;1,000;55,43;55,43;20,75;0,00;0,00;34,68;62,57;167,13;0,90;88,65;B;;
21/08/2026;024668 - ACQUA DISTRIBUIDORA DE PERFUMES E COSMETICOS LTDA;07891033867653;NSPA LOC DES HID CP FIRM QUINOA V3 400ml;1,000;70,00;70,00;35,38;0,00;0,00;34,62;49,46;97,85;0,90;89,55;B;;
21/08/2026;024668 - ACQUA DISTRIBUIDORA DE PERFUMES E COSMETICOS LTDA;07891033035304;CAIXA M INST 2021 VERDE ECONOMICA;10,000;32,40;3,24;0,00;0,00;0,00;32,40;100,00;0,00;0,84;90,39;B;;
21/08/2026;024668 - ACQUA DISTRIBUIDORA DE PERFUMES E COSMETICOS LTDA;07891033487851;MALBEC DES BDY SPR 100ml V4 PCK;1,000;39,19;39,19;8,52;0,00;0,00;30,67;78,26;359,98;0,80;91,19;B;;
21/08/2026;024668 - ACQUA DISTRIBUIDORA DE PERFUMES E COSMETICOS LTDA;07891033493623;MALBEC DES ANTIT AER 75g/125ml V10;1,000;39,90;39,90;11,68;0,00;0,00;28,22;70,73;241,61;0,74;91,93;B;;
21/08/2026;024668 - ACQUA DISTRIBUIDORA DE PERFUMES E COSMETICOS LTDA;07891033874439;CBEM LOC DES HID CPO AMORUDA 400ml;1,000;56,56;56,56;28,87;0,00;0,00;27,69;48,96;95,91;0,72;92,65;B;;
21/08/2026;024668 - ACQUA DISTRIBUIDORA DE PERFUMES E COSMETICOS LTDA;07891033886999;REF CBEM LOC D H CP CER/LIV N/FORM 350ml;1,000;49,31;49,31;21,89;0,00;0,00;27,42;55,61;125,26;0,71;93,36;B;;
21/08/2026;024668 - ACQUA DISTRIBUIDORA DE PERFUMES E COSMETICOS LTDA;07891033555055;MAKE B LAP/OLH ULTRABLACK PRETO V2 12g;1,000;40,68;40,68;13,38;0,00;0,00;27,30;67,11;204,04;0,71;94,08;B;;
21/08/2026;024668 - ACQUA DISTRIBUIDORA DE PERFUMES E COSMETICOS LTDA;07891033830596;CELEBRE DES COL FOUG AROM FORC 100ml;1,000;72,60;72,60;45,91;0,00;0,00;26,69;36,76;58,14;0,70;94,77;B;;
21/08/2026;024668 - ACQUA DISTRIBUIDORA DE PERFUMES E COSMETICOS LTDA;07891033512317;CBEM SAB BARRA CEREJA LIVRE V2 2x80g;2,000;41,22;20,61;14,78;0,00;0,00;26,44;64,14;178,89;0,69;95,46;C;;
21/08/2026;024668 - ACQUA DISTRIBUIDORA DE PERFUMES E COSMETICOS LTDA;07891033867684;FLORATTA SAB LIQ CPO RED 150ml;1,000;40,41;40,41;15,79;0,00;0,00;24,62;60,93;155,92;0,64;96,10;C;;
21/08/2026;024668 - ACQUA DISTRIBUIDORA DE PERFUMES E COSMETICOS LTDA;07891033290468;BOTICOLL CONNEX DES BDY SPR 100ml V6 PCK;1,000;47,23;47,23;24,05;0,00;0,00;23,18;49,08;96,38;0,60;96,70;C;;
21/08/2026;024668 - ACQUA DISTRIBUIDORA DE PERFUMES E COSMETICOS LTDA;07891033524686;BOTIK GEL LIM FAC MIC AC MAN/SAL 50g PRM;1,000;20,50;20,50;0,00;0,00;0,00;20,50;100,00;0,00;0,53;97,24;C;;
21/08/2026;024668 - ACQUA DISTRIBUIDORA DE PERFUMES E COSMETICOS LTDA;07891033880157;MAKE B BAT LIQ MAT AC/POL DEEP/RO V2 5ml;1,000;49,41;49,41;29,13;0,00;0,00;20,28;41,04;69,62;0,53;97,77;C;;
21/08/2026;024668 - ACQUA DISTRIBUIDORA DE PERFUMES E COSMETICOS LTDA;07891033947508;MEN SAB BARRA V4 2x90g;1,000;25,11;25,11;8,18;0,00;0,00;16,93;67,42;206,97;0,44;98,21;C;;
21/08/2026;024668 - ACQUA DISTRIBUIDORA DE PERFUMES E COSMETICOS LTDA;07891033948666;MATCH SHAMP SCIENCE RECONST V2 300ml;1,000;38,14;38,14;21,33;0,00;0,00;16,81;44,07;78,81;0,44;98,65;C;;
21/08/2026;024668 - ACQUA DISTRIBUIDORA DE PERFUMES E COSMETICOS LTDA;07891033889136;CBEM SPR INTIMO CER/FASES 75ml;1,000;29,37;29,37;12,20;0,00;1,07;16,10;54,81;140,74;0,42;99,07;C;;
21/08/2026;024668 - ACQUA DISTRIBUIDORA DE PERFUMES E COSMETICOS LTDA;07891033534111;REF NSPA SAB LIQ CP PERF ORQ/NOIRE 200ml;1,000;24,18;24,18;9,91;0,00;0,00;14,27;59,02;144,00;0,37;99,44;C;;
21/08/2026;024668 - ACQUA DISTRIBUIDORA DE PERFUMES E COSMETICOS LTDA;07891033535156;CBEM SAB BARRA SHOW BANHO V2 2x80g;1,000;22,23;22,23;8,61;0,00;0,00;13,62;61,27;158,19;0,35;99,79;C;;
21/08/2026;024668 - ACQUA DISTRIBUIDORA DE PERFUMES E COSMETICOS LTDA;07891033851201;CBEM SAB BARRA DELEITE V4 2x80g;1,000;20,50;20,50;9,17;0,00;0,00;11,33;55,27;123,56;0,30;100,09;C;;
21/08/2026;024668 - ACQUA DISTRIBUIDORA DE PERFUMES E COSMETICOS LTDA;07891033589852;NSPA SAB LIQ CPO PERF UVA MERLOT 250ml;1,000;30,22;30,22;20,15;0,00;0,00;10,07;33,32;49,98;0,26;100,35;C;;
21/08/2026;024668 - ACQUA DISTRIBUIDORA DE PERFUMES E COSMETICOS LTDA;07891033894017;CX PRESENTE M BOTI INST/25 VDA;1,000;11,70;11,70;7,37;0,00;0,00;4,33;37,01;58,75;0,11;100,46;C;;
21/08/2026;024668 - ACQUA DISTRIBUIDORA DE PERFUMES E COSMETICOS LTDA;07891033957996;NSPA CR PERF DES HID CP AMX/INT PRM 50ml;8,000;0,08;0,01;17,84;0,00;0,00;-17,76;-22200,00;-99,55;-0,46;100,00;C;;
21/08/2026;024669 - 24669 ACQUA DISTRIBUIDORA DE PERFUMES E;07891033909537;GLAMOUR DES COL INTENSE 75ml;3,000;452,73;150,91;115,29;0,00;0,00;337,44;74,53;292,69;9,20;9,20;A;;
21/08/2026;024669 - 24669 ACQUA DISTRIBUIDORA DE PERFUMES E;07891033883646;QUASAR DES COL CLASSIC V2 100ml;2,000;285,64;142,82;0,00;0,00;0,00;285,64;100,00;0,00;7,79;17,00;A;;
21/08/2026;024669 - 24669 ACQUA DISTRIBUIDORA DE PERFUMES E;07891033486342;DREAM DES COL SPLSH AMOR NO AR 200ml V2;4,000;390,95;97,74;107,00;0,00;0,00;283,95;72,63;265,37;7,75;24,74;A;;
21/08/2026;024669 - 24669 ACQUA DISTRIBUIDORA DE PERFUMES E;07891033767007;LIZ DES COL 100ml;2,000;279,49;139,74;72,44;0,00;0,00;207,05;74,08;285,82;5,65;30,39;A;;
21/08/2026;024669 - 24669 ACQUA DISTRIBUIDORA DE PERFUMES E;07891033483037;FLORATTA DES COL RED V2 75ml;2,000;250,46;125,23;72,14;0,00;0,00;178,32;71,20;247,19;4,86;35,25;A;;
21/08/2026;024669 - 24669 ACQUA DISTRIBUIDORA DE PERFUMES E;07891033881352;FLORATTA EDP ROSE SUCREE 75ml;1,000;223,29;223,29;51,59;0,00;0,00;171,70;76,90;332,82;4,68;39,94;A;;
21/08/2026;024669 - 24669 ACQUA DISTRIBUIDORA DE PERFUMES E;07891033843916;MALBEC DES COL GOLD V3 100ml;1,000;220,96;220,96;50,55;0,00;0,00;170,41;77,12;337,11;4,65;44,58;A;;
21/08/2026;024669 - 24669 ACQUA DISTRIBUIDORA DE PERFUMES E;07891033893065;ESTJ HER CODE MAES/26;1,000;267,10;267,10;107,12;0,00;0,00;159,98;59,90;149,35;4,36;48,95;A;;
21/08/2026;024669 - 24669 ACQUA DISTRIBUIDORA DE PERFUMES E;07891033197347;THATY DES COL BOTICOLL 100ML;1,000;174,90;174,90;25,64;0,00;0,00;149,26;85,34;582,14;4,07;53,02;A;;
21/08/2026;024669 - 24669 ACQUA DISTRIBUIDORA DE PERFUMES E;07891033897902;CBEM DES COL BDY SPLSH LAVANDINHA 200ml;2,000;183,74;91,87;39,00;0,00;0,00;144,74;78,77;371,13;3,95;56,97;A;;
21/08/2026;024669 - 24669 ACQUA DISTRIBUIDORA DE PERFUMES E;07891033740550;GLAMOUR DES COL MYRIAD 75ml V2;1,000;174,32;174,32;31,59;0,00;0,00;142,73;81,88;451,82;3,89;60,86;A;;
21/08/2026;024669 - 24669 ACQUA DISTRIBUIDORA DE PERFUMES E;07891033843909;MALBEC DES COL MAGNETIC V3 100ml;1,000;190,17;190,17;63,44;0,00;0,00;126,73;66,64;199,76;3,46;64,32;A;;
21/08/2026;024669 - 24669 ACQUA DISTRIBUIDORA DE PERFUMES E;07891033889242;ESTJ FLORATTA GOLD NAT/25;1,000;169,90;169,90;49,56;0,00;0,00;120,34;70,83;242,82;3,28;67,60;A;;
21/08/2026;024669 - 24669 ACQUA DISTRIBUIDORA DE PERFUMES E;07891033483655;COFFEE DES COL MAN SEDUC 100ml V4;1,000;170,00;170,00;83,02;0,00;0,00;86,98;51,16;104,77;2,37;69,97;A;;
21/08/2026;024669 - 24669 ACQUA DISTRIBUIDORA DE PERFUMES E;07891033947584;REF LILY CR ACET DES HID CPO 200g;1,000;99,90;99,90;13,45;0,00;0,00;86,45;86,54;642,75;2,36;72,33;A;;
21/08/2026;024669 - 24669 ACQUA DISTRIBUIDORA DE PERFUMES E;07891033706686;SOPHIE COL HELLO 100ml;1,000;107,91;107,91;22,98;0,00;0,00;84,93;78,70;369,58;2,32;74,65;A;;
21/08/2026;024669 - 24669 ACQUA DISTRIBUIDORA DE PERFUMES E;07891033550838;NEXT COLONIA 75ml;1,000;107,90;107,90;31,38;0,00;0,00;76,52;70,92;243,85;2,09;76,73;A;;
21/08/2026;024669 - 24669 ACQUA DISTRIBUIDORA DE PERFUMES E;07891033757657;MAKE B BAS PO MINERAL 40 55G;1,000;100,11;100,11;25,57;0,00;0,00;74,54;74,46;291,51;2,03;78,77;A;;
21/08/2026;024669 - 24669 ACQUA DISTRIBUIDORA DE PERFUMES E;07891033566952;CBEM LOC DES HID CPO BOB ESPONJA 200ml;2,000;100,02;50,01;39,30;0,00;0,00;60,72;60,71;154,50;1,66;80,42;B;;
21/08/2026;024669 - 24669 ACQUA DISTRIBUIDORA DE PERFUMES E;07891033590247;MALBEC BALM POS BARB SENSIT CUID V3 100g;1,000;71,69;71,69;13,20;0,00;0,00;58,49;81,59;443,11;1,60;82,02;B;;
21/08/2026;024669 - 24669 ACQUA DISTRIBUIDORA DE PERFUMES E;07891033499700;FLORATTA DES COL BDY SPLSH RED 200ml;1,000;90,83;90,83;36,65;0,00;0,00;54,18;59,65;147,83;1,48;83,50;B;;
21/08/2026;024669 - 24669 ACQUA DISTRIBUIDORA DE PERFUMES E;07891033860593;SOPHIE SPLSH CPO/CAB SHIM CHAP/CIN 110ml;1,000;68,84;68,84;15,86;0,00;0,00;52,98;76,96;334,05;1,45;84,94;B;;
21/08/2026;024669 - 24669 ACQUA DISTRIBUIDORA DE PERFUMES E;07891033897827;MALBEC ESPUM P/BARB SENSIT CUID V4 200ml;1,000;64,77;64,77;15,10;0,00;0,00;49,67;76,69;328,94;1,35;86,30;B;;
21/08/2026;024669 - 24669 ACQUA DISTRIBUIDORA DE PERFUMES E;07891033962938;GLAMOUR LOC DES HID CPO INTENSE 200ml;1,000;54,47;54,47;11,18;0,00;0,00;43,29;79,47;387,21;1,18;87,48;B;;
21/08/2026;024669 - 24669 ACQUA DISTRIBUIDORA DE PERFUMES E;07891033533893;NSPA SAB LIQ PERF AMEIXA NEGRA 250ml;1,000;52,23;52,23;12,24;0,00;0,00;39,99;76,57;326,72;1,09;88,57;B;;
21/08/2026;024669 - 24669 ACQUA DISTRIBUIDORA DE PERFUMES E;07891033880119;MAKE B BAT LIQ MAT AC/POL EXO/ROS V2 5ml;1,000;54,90;54,90;15,57;0,00;0,00;39,33;71,64;252,60;1,07;89,64;B;;
21/08/2026;024669 - 24669 ACQUA DISTRIBUIDORA DE PERFUMES E;07891033866588;MATCH SHAMP LIS/PROL V2 300ml;1,000;46,68;46,68;13,45;0,00;0,00;33,23;71,19;247,06;0,91;90,55;B;;
21/08/2026;024669 - 24669 ACQUA DISTRIBUIDORA DE PERFUMES E;07891033487455;DR BOTICA CREM PENT POC TIRA NO150g V2;1,000;49,90;49,90;17,42;0,00;0,00;32,48;65,09;186,45;0,89;91,43;B;;
21/08/2026;024669 - 24669 ACQUA DISTRIBUIDORA DE PERFUMES E;07891033884476;CBEM DES COL BDY SPLSH BOA NOITE 60ml;2,000;69,80;34,90;38,44;0,00;0,00;31,36;44,93;81,58;0,86;92,29;B;;
21/08/2026;024669 - 24669 ACQUA DISTRIBUIDORA DE PERFUMES E;07891033706839;DR BOTICA SAB BARRA TRIO BNH CORAC 3x80g;1,000;44,90;44,90;13,88;0,00;0,00;31,02;69,09;223,49;0,85;93,13;B;;
21/08/2026;024669 - 24669 ACQUA DISTRIBUIDORA DE PERFUMES E;07891033526208;MAKE B MASC CIL EXP/EF C/NAN AC/HIAL 10g;1,000;71,91;71,91;41,16;0,00;0,00;30,75;42,76;74,71;0,84;93,97;B;;
21/08/2026;024669 - 24669 ACQUA DISTRIBUIDORA DE PERFUMES E;07891033508792;CBEM SAB BARRA PESSEGURA V2 4x80g;2,000;54,68;27,34;25,30;0,00;0,00;29,38;53,73;116,13;0,80;94,77;B;;
21/08/2026;024669 - 24669 ACQUA DISTRIBUIDORA DE PERFUMES E;07891033880034;MATCH COND LISO PROLONGADO V2 280ml;1,000;48,62;48,62;20,60;0,00;0,00;28,02;57,63;136,02;0,76;95,54;C;;
21/08/2026;024669 - 24669 ACQUA DISTRIBUIDORA DE PERFUMES E;07891033522828;INTENSE GLOS LAB 215 V2 5ml;1,000;44,73;44,73;17,87;0,00;0,00;26,86;60,05;150,31;0,73;96,27;C;;
21/08/2026;024669 - 24669 ACQUA DISTRIBUIDORA DE PERFUMES E;07891033514380;SOPHIE SAB BARRA 3x80g V2;1,000;43,00;43,00;16,20;0,00;0,00;26,80;62,33;165,43;0,73;97,00;C;;
21/08/2026;024669 - 24669 ACQUA DISTRIBUIDORA DE PERFUMES E;07891033855643;CBEM SAB BARRA DELEITE V2 4x80g;1,000;37,55;37,55;12,37;0,00;0,00;25,18;67,06;203,56;0,69;97,69;C;;
21/08/2026;024669 - 24669 ACQUA DISTRIBUIDORA DE PERFUMES E;07891033946730;CBEM GEL LIMP FAC FEIR TANGERINA V2 150g;1,000;36,90;36,90;15,54;0,00;0,00;21,36;57,89;137,45;0,58;98,27;C;;
21/08/2026;024669 - 24669 ACQUA DISTRIBUIDORA DE PERFUMES E;07891033965793;CAIXA LACO M AMOR 2026 BOTI UNIT;2,000;19,47;9,73;0,00;0,00;0,00;19,47;100,00;0,00;0,53;98,80;C;;
21/08/2026;024669 - 24669 ACQUA DISTRIBUIDORA DE PERFUMES E;07891033881994;CBEM CR HID MAOS NUVEM V5 45g;1,000;31,58;31,58;15,05;0,00;0,00;16,53;52,34;109,83;0,45;99,25;C;;
21/08/2026;024669 - 24669 ACQUA DISTRIBUIDORA DE PERFUMES E;07891033944996;CBEM SAB BARRA PESSEGURA V3 4x80g;1,000;26,91;26,91;12,70;0,00;0,00;14,21;52,81;111,89;0,39;99,64;C;;
21/08/2026;024669 - 24669 ACQUA DISTRIBUIDORA DE PERFUMES E;07891033512263;CBEM SAB BARRA NUVEM V5 2x80g;1,000;20,22;20,22;7,07;0,00;0,00;13,15;65,03;186,00;0,36;100,00;C;;
21/08/2026;024669 - 24669 ACQUA DISTRIBUIDORA DE PERFUMES E;07891033894017;CX PRESENTE M BOTI INST/25 VDA;1,000;11,94;11,94;0,00;0,00;0,00;11,94;100,00;0,00;0,33;100,33;C;;
21/08/2026;024669 - 24669 ACQUA DISTRIBUIDORA DE PERFUMES E;07891033557660;BOTI BABY SAB LIQ GLICERINA 50ml PRM;1,000;14,56;14,56;2,76;0,00;0,00;11,80;81,04;427,54;0,32;100,65;C;;
21/08/2026;024669 - 24669 ACQUA DISTRIBUIDORA DE PERFUMES E;07891033489671;CBEM CREM PENT CACH 200g V3;1,000;19,95;19,95;14,99;0,00;0,00;4,96;24,86;33,09;0,14;100,78;C;;
21/08/2026;024669 - 24669 ACQUA DISTRIBUIDORA DE PERFUMES E;07891033035304;CAIXA M INST 2021 VERDE ECONOMICA;1,000;3,39;3,39;0,00;0,00;0,00;3,39;100,00;0,00;0,09;100,88;C;;
21/08/2026;024669 - 24669 ACQUA DISTRIBUIDORA DE PERFUMES E;07891033881376;FLORATTA EDP ROSE SUCREE PRM 10ml;1,000;0,01;0,01;6,96;0,00;0,00;-6,95;-69500,00;-99,86;-0,19;100,69;C;;
21/08/2026;024669 - 24669 ACQUA DISTRIBUIDORA DE PERFUMES E;07891033957996;NSPA CR PERF DES HID CP AMX/INT PRM 50ml;4,000;0,04;0,01;8,92;0,00;0,00;-8,88;-22200,00;-99,55;-0,24;100,44;C;;
21/08/2026;024669 - 24669 ACQUA DISTRIBUIDORA DE PERFUMES E;07891033534111;REF NSPA SAB LIQ CP PERF ORQ/NOIRE 200ml;1,000;0,01;0,01;16,26;0,00;0,00;-16,25;-162500,00;-99,94;-0,44;100,00;C;;
21/08/2026;024670 - ACQUA DISTRIBUIDORA DE PERFUMES E COSMETICOS LTDA;07891033898169;THE BLEND EDP BOURBON V2 100ml;2,000;714,08;357,04;182,70;0,00;0,00;531,38;74,41;290,85;21,42;21,42;A;;
21/08/2026;024670 - ACQUA DISTRIBUIDORA DE PERFUMES E COSMETICOS LTDA;07891033892617;BOTICA 214 EDP GOLD/GARD V3 75ml;2,000;376,70;188,35;206,94;0,00;0,00;169,76;45,07;82,03;6,84;28,27;A;;
21/08/2026;024670 - ACQUA DISTRIBUIDORA DE PERFUMES E COSMETICOS LTDA;07891033881352;FLORATTA EDP ROSE SUCREE 75ml;1,000;214,62;214,62;51,59;0,00;0,00;163,03;75,96;316,01;6,57;34,84;A;;
21/08/2026;024670 - ACQUA DISTRIBUIDORA DE PERFUMES E COSMETICOS LTDA;07891033843879;MALBEC DES COL V6 100ml;1,000;219,90;219,90;82,58;0,00;0,00;137,32;62,45;166,29;5,54;40,38;A;;
21/08/2026;024670 - ACQUA DISTRIBUIDORA DE PERFUMES E COSMETICOS LTDA;07891033477821;BOTI BABY COL NAN/NEN 100ml;2,000;189,29;94,64;76,30;0,00;0,00;112,99;59,69;148,09;4,56;44,94;A;;
21/08/2026;024670 - ACQUA DISTRIBUIDORA DE PERFUMES E COSMETICOS LTDA;07891033899623;ESTJ COFFEE W/SED AMOR/26;1,000;195,76;195,76;95,58;0,00;0,00;100,18;51,17;104,81;4,04;48,97;A;;
21/08/2026;024670 - ACQUA DISTRIBUIDORA DE PERFUMES E COSMETICOS LTDA;07891033944996;CBEM SAB BARRA PESSEGURA V3 4x80g;4,000;125,06;31,26;42,80;0,00;0,00;82,26;65,78;192,20;3,32;52,29;A;;
21/08/2026;024670 - ACQUA DISTRIBUIDORA DE PERFUMES E COSMETICOS LTDA;07891033016808;NSPA OL MULTIF AMEIXA NEGRA 85ml;1,000;133,62;133,62;56,85;0,00;0,00;76,77;57,45;135,04;3,10;55,39;A;;
21/08/2026;024670 - ACQUA DISTRIBUIDORA DE PERFUMES E COSMETICOS LTDA;07891033744381;ARBO DES COL 100ml V4;1,000;149,82;149,82;75,37;0,00;0,00;74,45;49,69;98,78;3,00;58,39;A;;
21/08/2026;024670 - ACQUA DISTRIBUIDORA DE PERFUMES E COSMETICOS LTDA;07891033489978;NSPA OL DES HID CPO AMEI 200ml V3;1,000;92,12;92,12;21,34;0,00;0,00;70,78;76,83;331,68;2,85;61,24;A;;
21/08/2026;024670 - ACQUA DISTRIBUIDORA DE PERFUMES E COSMETICOS LTDA;07891033880775;NSPA LOC DES HID CPO AMEIXA V7 400ml;1,000;82,63;82,63;20,45;0,00;0,00;62,18;75,25;304,06;2,51;63,75;A;;
21/08/2026;024670 - ACQUA DISTRIBUIDORA DE PERFUMES E COSMETICOS LTDA;07891033880829;NSPA LOC DES HID CPO AMEIX/NEG V4 400ml;1,000;73,53;73,53;16,85;0,00;0,00;56,68;77,08;336,38;2,29;66,03;A;;
21/08/2026;024670 - ACQUA DISTRIBUIDORA DE PERFUMES E COSMETICOS LTDA;07891033525898;REF ELYSEE CR DES HID ACET CP BLANC 200g;1,000;94,24;94,24;37,68;0,00;0,00;56,56;60,02;150,11;2,28;68,31;A;;
21/08/2026;024670 - ACQUA DISTRIBUIDORA DE PERFUMES E COSMETICOS LTDA;07891033511303;CBEM DES COL BDY SPLSH BEIJINHO V2 200ml;1,000;89,52;89,52;34,73;0,00;0,00;54,79;61,20;157,76;2,21;70,52;A;;
21/08/2026;024670 - ACQUA DISTRIBUIDORA DE PERFUMES E COSMETICOS LTDA;07891033543359;GLAMOUR SEC BL NECESS ROSA ALC PU NAT/23;1,000;59,89;59,89;8,76;0,00;0,00;51,13;85,37;583,68;2,06;72,59;A;;
21/08/2026;024670 - ACQUA DISTRIBUIDORA DE PERFUMES E COSMETICOS LTDA;07891033836840;DR BOTICA COL POC/AVENTURA 120ml;1,000;68,98;68,98;19,21;0,00;0,00;49,77;72,15;259,08;2,01;74,59;A;;
21/08/2026;024670 - ACQUA DISTRIBUIDORA DE PERFUMES E COSMETICOS LTDA;07891033756278;INTENSE PO COMPACTO FACIAL 20 5g;1,000;65,94;65,94;17,18;0,00;0,00;48,76;73,95;283,82;1,97;76,56;A;;
21/08/2026;024670 - ACQUA DISTRIBUIDORA DE PERFUMES E COSMETICOS LTDA;07891033483037;FLORATTA DES COL RED V2 75ml;1,000;115,57;115,57;68,42;0,00;0,00;47,15;40,80;68,91;1,90;78,46;A;;
21/08/2026;024670 - ACQUA DISTRIBUIDORA DE PERFUMES E COSMETICOS LTDA;07891033860586;SOPHIE SPLSH CPO/CAB SHIM BRLH/INT 110ml;1,000;57,62;57,62;15,46;0,00;0,00;42,16;73,17;272,70;1,70;80,16;B;;
21/08/2026;024670 - ACQUA DISTRIBUIDORA DE PERFUMES E COSMETICOS LTDA;07891033498796;REF CBEM LOC DES HID CPO BOA NOITE 350ml;1,000;59,90;59,90;20,94;0,00;0,00;38,96;65,04;186,06;1,57;81,73;B;;
21/08/2026;024670 - ACQUA DISTRIBUIDORA DE PERFUMES E COSMETICOS LTDA;07891033854837;FLORATTA DES BDY SPRAY RED V2 100ml;1,000;45,32;45,32;7,12;0,00;0,00;38,20;84,29;536,52;1,54;83,27;B;;
21/08/2026;024670 - ACQUA DISTRIBUIDORA DE PERFUMES E COSMETICOS LTDA;07891033880157;MAKE B BAT LIQ MAT AC/POL DEEP/RO V2 5ml;1,000;51,25;51,25;13,95;0,00;0,00;37,30;72,78;267,38;1,50;84,77;B;;
21/08/2026;024670 - ACQUA DISTRIBUIDORA DE PERFUMES E COSMETICOS LTDA;07891033578306;REF NSPA LOC DES AVEL CP CER/ROUGE 350ml;1,000;45,09;45,09;11,37;0,00;0,00;33,72;74,78;296,57;1,36;86,13;B;;
21/08/2026;024670 - ACQUA DISTRIBUIDORA DE PERFUMES E COSMETICOS LTDA;07891033880102;MAKE B BAT LIQ MAT AC/POL DARK/RG V2 5ml;1,000;45,41;45,41;13,76;0,00;0,00;31,65;69,70;230,01;1,28;87,41;B;;
21/08/2026;024670 - ACQUA DISTRIBUIDORA DE PERFUMES E COSMETICOS LTDA;07891033477791;BOTI BABY LOC HID CPO NAN/NEN 150ml;1,000;37,90;37,90;8,07;0,00;0,00;29,83;78,71;369,64;1,20;88,61;B;;
21/08/2026;024670 - ACQUA DISTRIBUIDORA DE PERFUMES E COSMETICOS LTDA;07891033880126;MAKE B BAT LIQ MAT AC/POL G/BERR V2 5ml;1,000;45,40;45,40;15,62;0,00;0,00;29,78;65,59;190,65;1,20;89,81;B;;
21/08/2026;024670 - ACQUA DISTRIBUIDORA DE PERFUMES E COSMETICOS LTDA;07891033491506;MATCH SPR CAP MULTIBENEFICIOS V2 150ml;1,000;53,68;53,68;25,33;0,00;0,00;28,35;52,81;111,92;1,14;90,96;B;;
21/08/2026;024670 - ACQUA DISTRIBUIDORA DE PERFUMES E COSMETICOS LTDA;07891033828746;MATCH TON CAP SCIENCE CRESC 65ml;1,000;47,89;47,89;23,15;0,00;0,00;24,74;51,66;106,87;1,00;91,95;B;;
21/08/2026;024670 - ACQUA DISTRIBUIDORA DE PERFUMES E COSMETICOS LTDA;07891033575916;CBEM DES COL BDY SPLSH PESSEGURA 60ml;1,000;32,75;32,75;10,28;0,00;0,00;22,47;68,61;218,58;0,91;92,86;B;;
21/08/2026;024670 - ACQUA DISTRIBUIDORA DE PERFUMES E COSMETICOS LTDA;07891033867684;FLORATTA SAB LIQ CPO RED 150ml;1,000;36,69;36,69;15,78;0,00;0,00;20,91;56,99;132,51;0,84;93,70;B;;
21/08/2026;024670 - ACQUA DISTRIBUIDORA DE PERFUMES E COSMETICOS LTDA;07891033794171;ARBO DES BDY SPR BOTANIC 100ml V2;1,000;42,86;42,86;22,15;0,00;0,00;20,71;48,32;93,50;0,84;94,54;B;;
21/08/2026;024670 - ACQUA DISTRIBUIDORA DE PERFUMES E COSMETICOS LTDA;07891033487844;ZAAD DES ANTIT AER 75g V7;1,000;32,32;32,32;11,62;0,00;0,00;20,70;64,05;178,14;0,83;95,37;C;;
21/08/2026;024670 - ACQUA DISTRIBUIDORA DE PERFUMES E COSMETICOS LTDA;07891033482559;NSPA LOC DES HID CPO F/AMEI 200ml V5;1,000;30,30;30,30;10,68;0,00;0,00;19,62;64,75;183,71;0,79;96,16;C;;
21/08/2026;024670 - ACQUA DISTRIBUIDORA DE PERFUMES E COSMETICOS LTDA;07891033568093;MATCH SHAMP SCIENCE CRESCIMENTO 300ml;1,000;39,62;39,62;20,79;0,00;0,00;18,83;47,53;90,57;0,76;96,92;C;;
21/08/2026;024670 - ACQUA DISTRIBUIDORA DE PERFUMES E COSMETICOS LTDA;07891033514366;DR BOTICA SAB BARRA POC/CORAG 3x80g V2;1,000;32,38;32,38;14,51;0,00;0,00;17,87;55,19;123,16;0,72;97,64;C;;
21/08/2026;024670 - ACQUA DISTRIBUIDORA DE PERFUMES E COSMETICOS LTDA;07891033853243;CBEM CR HID CPO DEPIL DOC/PESSEGUR 150ml;1,000;37,03;37,03;19,03;0,00;1,35;16,65;44,96;94,59;0,67;98,31;C;;
21/08/2026;024670 - ACQUA DISTRIBUIDORA DE PERFUMES E COSMETICOS LTDA;07891033539345;BOTICOLL PORTINARI DES ANTIT AER V8 75g;2,000;52,18;26,09;35,72;0,00;0,00;16,46;31,54;46,08;0,66;98,98;C;;
21/08/2026;024670 - ACQUA DISTRIBUIDORA DE PERFUMES E COSMETICOS LTDA;07891033568055;MATCH COND SCIENCE RECONSTRUCAO 280ml;1,000;37,15;37,15;21,38;0,00;0,00;15,77;42,45;73,76;0,64;99,61;C;;
21/08/2026;024670 - ACQUA DISTRIBUIDORA DE PERFUMES E COSMETICOS LTDA;07891033527571;CBEM SAB LIQ INT NUVEM V2 200ml;1,000;20,64;20,64;10,56;0,00;0,00;10,08;48,84;95,45;0,41;100,02;C;;
21/08/2026;024670 - ACQUA DISTRIBUIDORA DE PERFUMES E COSMETICOS LTDA;07891033765997;INTENSE LAP BAT VERMELHO 12g;1,000;12,37;12,37;5,97;0,00;0,00;6,40;51,74;107,20;0,26;100,28;C;;
21/08/2026;024670 - ACQUA DISTRIBUIDORA DE PERFUMES E COSMETICOS LTDA;07891033774869;UOMINI DES ANTIT AER 75g V7;1,000;16,50;16,50;10,69;0,00;0,00;5,81;35,21;54,35;0,23;100,51;C;;
21/08/2026;024670 - ACQUA DISTRIBUIDORA DE PERFUMES E COSMETICOS LTDA;07891033799879;NSPA LOC DES HID CPO KARITE 200ml V3;1,000;28,90;28,90;23,25;0,00;0,00;5,65;19,55;24,30;0,23;100,74;C;;
21/08/2026;024670 - ACQUA DISTRIBUIDORA DE PERFUMES E COSMETICOS LTDA;07891033487615;EGEO DES ANTIT AER RED 75g V3;1,000;16,50;16,50;11,66;0,00;0,00;4,84;29,33;41,51;0,20;100,94;C;;
21/08/2026;024670 - ACQUA DISTRIBUIDORA DE PERFUMES E COSMETICOS LTDA;07891033035298;CAIXA M INST 2021 ROSA ECONOMICA;1,000;3,65;3,65;0,00;0,00;0,00;3,65;100,00;0,00;0,15;101,08;C;;
21/08/2026;024670 - ACQUA DISTRIBUIDORA DE PERFUMES E COSMETICOS LTDA;07891033755950;INTENSE LAP OLH MARROM 11g V6;1,000;19,81;19,81;18,34;0,00;0,00;1,47;7,42;8,02;0,06;101,14;C;;
21/08/2026;024670 - ACQUA DISTRIBUIDORA DE PERFUMES E COSMETICOS LTDA;07891033536887;CBEM CREM HID P/MAOS FEIRA MARACUJA 45g;1,000;13,78;13,78;12,64;0,00;0,00;1,14;8,27;9,02;0,05;101,19;C;;
21/08/2026;024670 - ACQUA DISTRIBUIDORA DE PERFUMES E COSMETICOS LTDA;07891033888528;CARTAO PRESENTE BOTICARIO MAES 25 UNIT;1,000;0,43;0,43;0,00;0,00;0,00;0,43;100,00;0,00;0,02;101,21;C;;
21/08/2026;024670 - ACQUA DISTRIBUIDORA DE PERFUMES E COSMETICOS LTDA;07891033908226;SACOLA M BOTICARIO INST/25;1,000;0,01;0,01;1,56;0,00;0,00;-1,55;-15500,00;-99,36;-0,06;101,14;C;;
21/08/2026;024670 - ACQUA DISTRIBUIDORA DE PERFUMES E COSMETICOS LTDA;07891033896615;EGEO DES COL VANILLA UBESESSION PRM 10ml;1,000;0,01;0,01;6,13;0,00;0,00;-6,12;-61200,00;-99,84;-0,25;100,90;C;;
21/08/2026;024670 - ACQUA DISTRIBUIDORA DE PERFUMES E COSMETICOS LTDA;07891033553747;ARBO DES COL ATLANTICA PRM 10ML;1,000;0,01;0,01;6,41;0,00;0,00;-6,40;-64000,00;-99,84;-0,26;100,64;C;;
21/08/2026;024670 - ACQUA DISTRIBUIDORA DE PERFUMES E COSMETICOS LTDA;07891033881376;FLORATTA EDP ROSE SUCREE PRM 10ml;1,000;0,01;0,01;6,96;0,00;0,00;-6,95;-69500,00;-99,86;-0,28;100,36;C;;
21/08/2026;024670 - ACQUA DISTRIBUIDORA DE PERFUMES E COSMETICOS LTDA;07891033957996;NSPA CR PERF DES HID CP AMX/INT PRM 50ml;4,000;0,04;0,01;8,92;0,00;0,00;-8,88;-22200,00;-99,55;-0,36;100,00;C;;
21/08/2026;024671 - 24671 ACQUA DISTRIBUIDORA DE PERFUMES E;07891033479504;ZAAD EDP 95ml V6;1,000;320,93;320,93;79,82;0,00;0,00;241,11;75,13;302,07;8,68;8,68;A;;
21/08/2026;024671 - 24671 ACQUA DISTRIBUIDORA DE PERFUMES E;07891033553570;MALBEC EDP 90ml;1,000;261,92;261,92;57,25;0,00;0,00;204,67;78,14;357,50;7,36;16,04;A;;
21/08/2026;024671 - 24671 ACQUA DISTRIBUIDORA DE PERFUMES E;07891033050093;MA CHERIE DES COL 100ml V6;2,000;270,51;135,25;66,80;0,00;0,00;203,71;75,31;304,96;7,33;23,37;A;;
21/08/2026;024671 - 24671 ACQUA DISTRIBUIDORA DE PERFUMES E;07891033779895;LILY EDP LUMIERE 75ML;1,000;262,00;262,00;121,67;0,00;0,00;140,33;53,56;115,34;5,05;28,42;A;;
21/08/2026;024671 - 24671 ACQUA DISTRIBUIDORA DE PERFUMES E;07891033822386;BOTICOLL DES COL THATY 200ml;1,000;214,65;214,65;86,53;0,00;0,00;128,12;59,69;148,06;4,61;33,03;A;;
21/08/2026;024671 - 24671 ACQUA DISTRIBUIDORA DE PERFUMES E;07891033909537;GLAMOUR DES COL INTENSE 75ml;1,000;164,90;164,90;38,43;0,00;0,00;126,47;76,69;329,09;4,55;37,58;A;;
21/08/2026;024671 - 24671 ACQUA DISTRIBUIDORA DE PERFUMES E;07891033744381;ARBO DES COL 100ml V4;1,000;184,90;184,90;75,42;0,00;0,00;109,48;59,21;145,16;3,94;41,52;A;;
21/08/2026;024671 - 24671 ACQUA DISTRIBUIDORA DE PERFUMES E;07891033841820;LILY DES COL BDY SPLSH 200ml;1,000;124,90;124,90;21,19;0,00;0,00;103,71;83,03;489,43;3,73;45,25;A;;
21/08/2026;024671 - 24671 ACQUA DISTRIBUIDORA DE PERFUMES E;07891033843909;MALBEC DES COL MAGNETIC V3 100ml;1,000;189,90;189,90;98,30;0,00;0,00;91,60;48,24;93,18;3,30;48,54;A;;
21/08/2026;024671 - 24671 ACQUA DISTRIBUIDORA DE PERFUMES E;07891033482900;NSPA DES COL BDY SPLSH AMEI 200ml V2;1,000;109,90;109,90;18,63;0,00;0,00;91,27;83,05;489,91;3,28;51,83;A;;
21/08/2026;024671 - 24671 ACQUA DISTRIBUIDORA DE PERFUMES E;07891033767007;LIZ DES COL 100ml;1,000;121,87;121,87;36,24;0,00;0,00;85,63;70,26;236,29;3,08;54,91;A;;
21/08/2026;024671 - 24671 ACQUA DISTRIBUIDORA DE PERFUMES E;07891033536283;BOTIK GEL LIMP FAC VITAM C PRM 50g;6,000;77,95;12,99;0,00;0,00;0,00;77,95;100,00;0,00;2,80;57,71;A;;
21/08/2026;024671 - 24671 ACQUA DISTRIBUIDORA DE PERFUMES E;07891033880775;NSPA LOC DES HID CPO AMEIXA V7 400ml;1,000;89,90;89,90;20,45;0,00;0,00;69,45;77,25;339,61;2,50;60,21;A;;
21/08/2026;024671 - 24671 ACQUA DISTRIBUIDORA DE PERFUMES E;07891033880225;BOTICA 214 EDP FOUG/AR V/FIRENZ V2 90ml;1,000;165,21;165,21;97,05;0,00;0,00;68,16;41,26;70,23;2,45;62,66;A;;
21/08/2026;024671 - 24671 ACQUA DISTRIBUIDORA DE PERFUMES E;07891033945399;LILY HAIR MIST ACETINADO 50ml;1,000;122,00;122,00;54,04;0,00;0,00;67,96;55,70;125,76;2,45;65,11;A;;
21/08/2026;024671 - 24671 ACQUA DISTRIBUIDORA DE PERFUMES E;07891033757541;MAKE B BAS PO MINERAL 20 55G;1,000;90,76;90,76;30,19;0,00;0,00;60,57;66,74;200,63;2,18;67,29;A;;
21/08/2026;024671 - 24671 ACQUA DISTRIBUIDORA DE PERFUMES E;07891033595167;REF NSPA LOC DES HID CPO AMEI/NEG 350ml;1,000;65,65;65,65;12,17;0,00;0,00;53,48;81,46;439,44;1,92;69,21;A;;
21/08/2026;024671 - 24671 ACQUA DISTRIBUIDORA DE PERFUMES E;07891033854233;NSPA OL CREM CPO ROSAS SECRETAS 175g;1,000;84,43;84,43;31,39;0,00;0,00;53,04;62,82;168,97;1,91;71,12;A;;
21/08/2026;024671 - 24671 ACQUA DISTRIBUIDORA DE PERFUMES E;07891033860449;ZAAD LOC DES HID CPO INTENSE 200ml;1,000;66,86;66,86;14,83;0,00;0,00;52,03;77,82;350,84;1,87;72,99;A;;
21/08/2026;024671 - 24671 ACQUA DISTRIBUIDORA DE PERFUMES E;07891033511235;CBEM DES COL BDY SPLSH BOA NOIT V2 200ml;1,000;69,57;69,57;18,27;0,00;0,00;51,30;73,74;280,79;1,85;74,84;A;;
21/08/2026;024671 - 24671 ACQUA DISTRIBUIDORA DE PERFUMES E;07891033520442;CELEBRE DES COL FEM AGORA 100ml;1,000;93,48;93,48;42,74;0,00;0,00;50,74;54,28;118,72;1,83;76,66;A;;
21/08/2026;024671 - 24671 ACQUA DISTRIBUIDORA DE PERFUMES E;07891033498901;CBEM LOC DES HID CPO NUVEM V3 200ml;1,000;56,90;56,90;8,42;0,00;0,00;48,48;85,20;575,77;1,74;78,41;A;;
21/08/2026;024671 - 24671 ACQUA DISTRIBUIDORA DE PERFUMES E;07891033468942;MALBEC NECESSARIES TRIANGULAR PU PRETA;1,000;67,50;67,50;19,73;0,00;0,00;47,77;70,77;242,12;1,72;80,13;B;;
21/08/2026;024671 - 24671 ACQUA DISTRIBUIDORA DE PERFUMES E;07891033964192;MAKE B MASC/CILIOS SCANDAL FULL 10g;1,000;67,22;67,22;23,25;0,00;0,00;43,97;65,41;189,12;1,58;81,71;B;;
21/08/2026;024671 - 24671 ACQUA DISTRIBUIDORA DE PERFUMES E;07891033512270;CBEM SAB BARRA NUVEM 4x80g;3,000;83,59;27,86;42,75;0,00;0,00;40,84;48,86;95,53;1,47;83,18;B;;
21/08/2026;024671 - 24671 ACQUA DISTRIBUIDORA DE PERFUMES E;07891033539048;MAKE B PINCEL P/PO ABS;1,000;57,11;57,11;18,75;0,00;0,00;38,36;67,17;204,59;1,38;84,56;B;;
21/08/2026;024671 - 24671 ACQUA DISTRIBUIDORA DE PERFUMES E;07891033498963;CBEM LOC DES HID CPO ROS/ALG V3 200ml;1,000;56,90;56,90;19,55;0,00;0,00;37,35;65,64;191,05;1,34;85,90;B;;
21/08/2026;024671 - 24671 ACQUA DISTRIBUIDORA DE PERFUMES E;07891033486830;MALBEC LOC DES HID CPO VERT 200ml V2;1,000;62,28;62,28;26,91;0,00;0,00;35,37;56,79;131,44;1,27;87,18;B;;
21/08/2026;024671 - 24671 ACQUA DISTRIBUIDORA DE PERFUMES E;07891033520503;CELEBRE LOC DES HID CPO AGORA 200ml;1,000;40,14;40,14;8,09;0,00;0,00;32,05;79,85;396,17;1,15;88,33;B;;
21/08/2026;024671 - 24671 ACQUA DISTRIBUIDORA DE PERFUMES E;07891033498789;CBEM LOC DES HID CPO BOA NOITE V2 400ml;1,000;57,84;57,84;26,39;0,00;0,00;31,45;54,37;119,17;1,13;89,46;B;;
21/08/2026;024671 - 24671 ACQUA DISTRIBUIDORA DE PERFUMES E;07891033499588;NSPA LOC DES HID CPO ORQ NOIRE 400ml;1,000;64,91;64,91;33,91;0,00;0,00;31,00;47,76;91,42;1,12;90,58;B;;
21/08/2026;024671 - 24671 ACQUA DISTRIBUIDORA DE PERFUMES E;07891033902194;CBEM DES COL BDY SPLSH DEL/CARAM 200ml;1,000;62,71;62,71;34,73;0,00;0,00;27,98;44,62;80,56;1,01;91,58;B;;
21/08/2026;024671 - 24671 ACQUA DISTRIBUIDORA DE PERFUMES E;07891033885220;MAKE B BAT CR C/AC POL REVOL/RED V2 36g;1,000;44,66;44,66;17,19;0,00;0,00;27,47;61,51;159,80;0,99;92,57;B;;
21/08/2026;024671 - 24671 ACQUA DISTRIBUIDORA DE PERFUMES E;07891033944996;CBEM SAB BARRA PESSEGURA V3 4x80g;1,000;38,90;38,90;12,70;0,00;0,00;26,20;67,35;206,30;0,94;93,51;B;;
21/08/2026;024671 - 24671 ACQUA DISTRIBUIDORA DE PERFUMES E;07891033878017;MAKE B BATOM PREENCH HYAL ROSA ROSE 4g;1,000;43,79;43,79;17,71;0,00;0,00;26,08;59,56;147,26;0,94;94,45;B;;
21/08/2026;024671 - 24671 ACQUA DISTRIBUIDORA DE PERFUMES E;07891033511853;MAKE B BAT LIQ DIAM C/AC POLIG GLOW 5ml;1,000;52,50;52,50;26,81;0,00;0,00;25,69;48,93;95,82;0,92;95,38;C;;
21/08/2026;024671 - 24671 ACQUA DISTRIBUIDORA DE PERFUMES E;07891033511655;CBEM SAB BARRA ROSA/ALGODAO 4x80g;1,000;38,90;38,90;13,78;0,00;0,00;25,12;64,58;182,29;0,90;96,28;C;;
21/08/2026;024671 - 24671 ACQUA DISTRIBUIDORA DE PERFUMES E;07891033482559;NSPA LOC DES HID CPO F/AMEI 200ml V5;1,000;34,95;34,95;10,68;0,00;0,00;24,27;69,44;227,25;0,87;97,15;C;;
21/08/2026;024671 - 24671 ACQUA DISTRIBUIDORA DE PERFUMES E;07891033539079;MAKE B PINCEL P/BLUSH ABS;1,000;57,11;57,11;34,06;0,00;0,00;23,05;40,36;67,67;0,83;97,98;C;;
21/08/2026;024671 - 24671 ACQUA DISTRIBUIDORA DE PERFUMES E;07891033894697;BOTIK SRUM FAC ALT/POT AC/HIAL PRM 10ml;1,000;29,35;29,35;7,19;0,00;0,00;22,16;75,50;308,21;0,80;98,78;C;;
21/08/2026;024671 - 24671 ACQUA DISTRIBUIDORA DE PERFUMES E;07891033816293;MAKE B BAT GLOSS C/AC POLIGL ROSE 36g;1,000;46,60;46,60;24,65;0,00;0,00;21,95;47,10;89,05;0,79;99,57;C;;
21/08/2026;024671 - 24671 ACQUA DISTRIBUIDORA DE PERFUMES E;07891033554089;BOTIK CR N FIR ROST/PESC RES/SIL PRM 10g;1,000;15,81;15,81;0,00;0,00;0,00;15,81;100,00;0,00;0,57;100,14;C;;
21/08/2026;024671 - 24671 ACQUA DISTRIBUIDORA DE PERFUMES E;07891033511464;CBEM DES ANTIT ROL NUVEM V3 55ml;1,000;27,42;27,42;13,39;0,00;0,00;14,03;51,17;104,78;0,50;100,64;C;;
21/08/2026;024671 - 24671 ACQUA DISTRIBUIDORA DE PERFUMES E;07891033471454;CBEM DES ANTIT ROLL PROTECT/BEAUTY 55ml;1,000;20,09;20,09;6,51;0,00;0,00;13,58;67,60;208,60;0,49;101,13;C;;
21/08/2026;024671 - 24671 ACQUA DISTRIBUIDORA DE PERFUMES E;07891033957996;NSPA CR PERF DES HID CP AMX/INT PRM 50ml;2,000;0,02;0,01;4,46;0,00;0,00;-4,44;-22200,00;-99,55;-0,16;100,97;C;;
21/08/2026;024671 - 24671 ACQUA DISTRIBUIDORA DE PERFUMES E;07891033908219;SACOLA P BOTICARIO INST/25;5,000;0,05;0,01;6,55;0,00;0,00;-6,50;-13000,00;-99,24;-0,23;100,74;C;;
21/08/2026;024671 - 24671 ACQUA DISTRIBUIDORA DE PERFUMES E;07891033908226;SACOLA M BOTICARIO INST/25;5,000;0,05;0,01;7,80;0,00;0,00;-7,75;-15500,00;-99,36;-0,28;100,46;C;;
21/08/2026;024671 - 24671 ACQUA DISTRIBUIDORA DE PERFUMES E;07891033499434;CBEM LOC DES HID CPO PESSEGURA V2 400ml;1,000;0,01;0,01;12,78;0,00;0,00;-12,77;-127700,00;-99,92;-0,46;100,00;C;;
22/08/2026;024303 - 24303 ACQUA DISTRIBUIDORA DE PERFUMES E;07891033956494;ESTJ ZAAD INTENSE PAIS/26;1,000;270,88;270,88;123,38;0,00;0,00;147,50;54,45;119,55;37,36;37,36;A;;
22/08/2026;024303 - 24303 ACQUA DISTRIBUIDORA DE PERFUMES E;07891033909537;GLAMOUR DES COL INTENSE 75ml;1,000;149,93;149,93;38,83;0,00;0,00;111,10;74,10;286,12;28,14;65,50;A;;
22/08/2026;024303 - 24303 ACQUA DISTRIBUIDORA DE PERFUMES E;07891033867554;NSPA SAB LIQ PERF ORQ/NOIRE V2 250ml;1,000;49,95;49,95;9,22;0,00;0,00;40,73;81,54;441,76;10,32;75,81;A;;
22/08/2026;024303 - 24303 ACQUA DISTRIBUIDORA DE PERFUMES E;07891033859207;CBEM DES COL BDY SPLSH AMORUDA 200ml;1,000;66,47;66,47;36,91;0,00;0,00;29,56;44,47;80,09;7,49;83,30;B;;
22/08/2026;024303 - 24303 ACQUA DISTRIBUIDORA DE PERFUMES E;07891033830602;CELEBRE DES COL FLOR FRUT FORC 100ml;1,000;62,31;62,31;34,23;0,00;0,00;28,08;45,06;82,03;7,11;90,41;B;;
22/08/2026;024303 - 24303 ACQUA DISTRIBUIDORA DE PERFUMES E;07891033962938;GLAMOUR LOC DES HID CPO INTENSE 200ml;1,000;50,82;50,82;24,42;0,00;0,00;26,40;51,95;108,11;6,69;97,10;C;;
22/08/2026;024303 - 24303 ACQUA DISTRIBUIDORA DE PERFUMES E;07891033874439;CBEM LOC DES HID CPO AMORUDA 400ml;1,000;55,27;55,27;29,18;0,00;0,00;26,09;47,20;89,41;6,61;103,71;C;;
22/08/2026;024303 - 24303 ACQUA DISTRIBUIDORA DE PERFUMES E;07891033830596;CELEBRE DES COL FOUG AROM FORC 100ml;1,000;62,32;62,32;46,35;0,00;0,00;15,97;25,63;34,46;4,04;107,75;C;;
22/08/2026;024303 - 24303 ACQUA DISTRIBUIDORA DE PERFUMES E;07891033908226;SACOLA M BOTICARIO INST/25;2,000;0,02;0,01;3,12;0,00;0,00;-3,10;-15500,00;-99,36;-0,79;106,97;C;;
22/08/2026;024303 - 24303 ACQUA DISTRIBUIDORA DE PERFUMES E;07891033949083;MAKE B PRIMER FAC ANTIOL SALIC PRM 5ml;2,000;0,02;0,01;9,90;0,00;0,00;-9,88;-49400,00;-99,80;-2,50;104,47;C;;
22/08/2026;024303 - 24303 ACQUA DISTRIBUIDORA DE PERFUMES E;07891033534111;REF NSPA SAB LIQ CP PERF ORQ/NOIRE 200ml;1,000;0,01;0,01;17,64;0,00;0,00;-17,63;-176300,00;-99,94;-4,47;100,00;C;;
22/08/2026;024617 - ACQUA DISTRIBUIDORA DE PERFUMES E COSMETICOS LTDA;07891033497652;UOMINI DES COL V6 100ml;1,000;198,28;198,28;35,89;0,00;0,00;162,39;81,90;452,47;13,96;13,96;A;;
22/08/2026;024617 - ACQUA DISTRIBUIDORA DE PERFUMES E COSMETICOS LTDA;07891033843879;MALBEC DES COL V6 100ml;1,000;197,91;197,91;83,50;0,00;0,00;114,41;57,81;137,02;9,83;23,79;A;;
22/08/2026;024617 - ACQUA DISTRIBUIDORA DE PERFUMES E COSMETICOS LTDA;07891033880195;BOTICA 214 EDP DARK MINT V3 90ml;1,000;191,90;191,90;81,07;0,00;0,00;110,83;57,75;136,71;9,53;33,32;A;;
22/08/2026;024617 - ACQUA DISTRIBUIDORA DE PERFUMES E COSMETICOS LTDA;07891033909537;GLAMOUR DES COL INTENSE 75ml;1,000;146,90;146,90;38,83;0,00;0,00;108,07;73,57;278,32;9,29;42,61;A;;
22/08/2026;024617 - ACQUA DISTRIBUIDORA DE PERFUMES E COSMETICOS LTDA;07891033881352;FLORATTA EDP ROSE SUCREE 75ml;1,000;204,80;204,80;99,88;0,00;0,00;104,92;51,23;105,05;9,02;51,63;A;;
22/08/2026;024617 - ACQUA DISTRIBUIDORA DE PERFUMES E COSMETICOS LTDA;07891033820528;NSPA DES COL BODY SPLASH JAS/SAMB 200ml;1,000;103,82;103,82;20,15;0,00;0,00;83,67;80,59;415,24;7,19;58,82;A;;
22/08/2026;024617 - ACQUA DISTRIBUIDORA DE PERFUMES E COSMETICOS LTDA;07891033878215;MAKE B PLT BL/FUS/CLIP ROS/FUS MINI 25g;1,000;89,90;89,90;19,84;0,00;0,00;70,06;77,93;353,13;6,02;64,84;A;;
22/08/2026;024617 - ACQUA DISTRIBUIDORA DE PERFUMES E COSMETICOS LTDA;07891033757558;MAKE B BAS PO MINERAL 30 55G;1,000;107,90;107,90;54,24;0,00;0,00;53,66;49,73;98,93;4,61;69,45;A;;
22/08/2026;024617 - ACQUA DISTRIBUIDORA DE PERFUMES E COSMETICOS LTDA;07891033883950;CBEM DES COL BDY SPLSH ROS/ALG V4 200ml;1,000;89,65;89,65;36,91;0,00;0,00;52,74;58,83;142,89;4,53;73,99;A;;
22/08/2026;024617 - ACQUA DISTRIBUIDORA DE PERFUMES E COSMETICOS LTDA;07891033909810;NSPA DES COL BDY SPLSH AMEIX/INT 200ml;1,000;94,74;94,74;42,73;0,00;0,00;52,01;54,90;121,72;4,47;78,46;A;;
22/08/2026;024617 - ACQUA DISTRIBUIDORA DE PERFUMES E COSMETICOS LTDA;07891033880829;NSPA LOC DES HID CPO AMEIX/NEG V4 400ml;1,000;80,91;80,91;35,75;0,00;0,00;45,16;55,82;126,32;3,88;82,34;B;;
22/08/2026;024617 - ACQUA DISTRIBUIDORA DE PERFUMES E COSMETICOS LTDA;07891033880775;NSPA LOC DES HID CPO AMEIXA V7 400ml;1,000;80,08;80,08;35,74;0,00;0,00;44,34;55,37;124,06;3,81;86,15;B;;
22/08/2026;024617 - ACQUA DISTRIBUIDORA DE PERFUMES E COSMETICOS LTDA;07891033957958;NSPA CR PERF DES HID CPO AMEIX/INT 400ml;1,000;77,50;77,50;35,74;0,00;0,00;41,76;53,88;116,84;3,59;89,74;B;;
22/08/2026;024617 - ACQUA DISTRIBUIDORA DE PERFUMES E COSMETICOS LTDA;07891033533527;NSPA SAB BARRA CPO LILAC 2x90g;2,000;55,16;27,58;21,20;0,00;0,00;33,96;61,57;160,19;2,92;92,66;B;;
22/08/2026;024617 - ACQUA DISTRIBUIDORA DE PERFUMES E COSMETICOS LTDA;07891033539048;MAKE B PINCEL P/PO ABS;1,000;67,90;67,90;37,64;0,00;0,00;30,26;44,57;80,39;2,60;95,26;C;;
22/08/2026;024617 - ACQUA DISTRIBUIDORA DE PERFUMES E COSMETICOS LTDA;07891033883653;NSPA SAB BARRA AMEIXA V5 3x90g;1,000;38,22;38,22;15,22;0,00;0,00;23,00;60,18;151,12;1,98;97,24;C;;
22/08/2026;024617 - ACQUA DISTRIBUIDORA DE PERFUMES E COSMETICOS LTDA;07891033487905;REFIL MALBEC DES BDY SPR REG 100ml PK V5;1,000;37,90;37,90;17,65;0,00;0,00;20,25;53,43;114,73;1,74;98,98;C;;
22/08/2026;024617 - ACQUA DISTRIBUIDORA DE PERFUMES E COSMETICOS LTDA;07891033471454;CBEM DES ANTIT ROLL PROTECT/BEAUTY 55ml;2,000;37,76;18,88;25,86;0,00;0,00;11,90;31,51;46,02;1,02;100,00;C;;
22/08/2026;024668 - ACQUA DISTRIBUIDORA DE PERFUMES E COSMETICOS LTDA;07891033902378;ESTJ ZAAD PAIS/26;1,000;352,90;352,90;119,71;0,00;0,00;233,19;66,08;194,80;5,96;5,96;A;;
22/08/2026;024668 - ACQUA DISTRIBUIDORA DE PERFUMES E COSMETICOS LTDA;07891033479498;THE BLEND EDP 100ml V2;1,000;307,80;307,80;98,91;0,00;0,00;208,89;67,87;211,19;5,34;11,31;A;;
22/08/2026;024668 - ACQUA DISTRIBUIDORA DE PERFUMES E COSMETICOS LTDA;07891033902309;ESTJ THE BLEND PAIS/26;1,000;317,13;317,13;130,39;0,00;0,00;186,74;58,88;143,22;4,78;16,08;A;;
22/08/2026;024668 - ACQUA DISTRIBUIDORA DE PERFUMES E COSMETICOS LTDA;07891033492459;COFFEE D/COL DUO MAN FOUG/AMB V2 100ml;1,000;229,90;229,90;44,51;0,00;0,00;185,39;80,64;416,51;4,74;20,82;A;;
22/08/2026;024668 - ACQUA DISTRIBUIDORA DE PERFUMES E COSMETICOS LTDA;07891033878963;FLORATTA EDP RED PASSION V2 75ml;1,000;221,01;221,01;49,10;0,00;0,00;171,91;77,78;350,12;4,40;25,22;A;;
22/08/2026;024668 - ACQUA DISTRIBUIDORA DE PERFUMES E COSMETICOS LTDA;07891033843916;MALBEC DES COL GOLD V3 100ml;1,000;209,46;209,46;50,55;0,00;0,00;158,91;75,87;314,36;4,06;29,29;A;;
22/08/2026;024668 - ACQUA DISTRIBUIDORA DE PERFUMES E COSMETICOS LTDA;07891033736133;COFFEE DES COL DUO WOMAN 100ml;1,000;197,11;197,11;46,00;0,00;0,00;151,11;76,66;328,50;3,86;33,15;A;;
22/08/2026;024668 - ACQUA DISTRIBUIDORA DE PERFUMES E COSMETICOS LTDA;07891033491544;COFFEE DES COL UNIQ WOM FL/GOURM 100ml;1,000;189,90;189,90;42,07;0,00;0,00;147,83;77,85;351,39;3,78;36,93;A;;
22/08/2026;024668 - ACQUA DISTRIBUIDORA DE PERFUMES E COSMETICOS LTDA;07891033862061;ESTJ HER CODE REG/25;1,000;244,28;244,28;103,15;0,00;0,00;141,13;57,77;136,82;3,61;40,54;A;;
22/08/2026;024668 - ACQUA DISTRIBUIDORA DE PERFUMES E COSMETICOS LTDA;07891033842131;EGEO DES COL VAN VIBE 90ml;1,000;164,90;164,90;32,78;0,00;0,00;132,12;80,12;403,05;3,38;43,92;A;;
22/08/2026;024668 - ACQUA DISTRIBUIDORA DE PERFUMES E COSMETICOS LTDA;07891033766659;MEN DES COL ONLY 100ml V2;1,000;157,41;157,41;35,07;0,00;0,00;122,34;77,72;348,85;3,13;47,05;A;;
22/08/2026;024668 - ACQUA DISTRIBUIDORA DE PERFUMES E COSMETICOS LTDA;07891033548866;ESTJ BOTI BABY CASINHA;1,000;160,26;160,26;48,73;0,00;0,00;111,53;69,59;228,87;2,85;49,90;A;;
22/08/2026;024668 - ACQUA DISTRIBUIDORA DE PERFUMES E COSMETICOS LTDA;07891033856442;BOTICA 214 EDP ARAB/OASIS FLOR/FRUT 75ml;1,000;206,64;206,64;98,88;0,00;0,00;107,76;52,15;108,98;2,76;52,66;A;;
22/08/2026;024668 - ACQUA DISTRIBUIDORA DE PERFUMES E COSMETICOS LTDA;07891033587292;BOTICA 214 EDP SEV/DOR FOUG/AROM 90ml;1,000;199,90;199,90;93,61;0,00;0,00;106,29;53,17;113,55;2,72;55,38;A;;
22/08/2026;024668 - ACQUA DISTRIBUIDORA DE PERFUMES E COSMETICOS LTDA;07891033869909;LIZ DES COL AURA 100ml;1,000;168,13;168,13;65,13;0,00;0,00;103,00;61,26;158,15;2,63;58,01;A;;
22/08/2026;024668 - ACQUA DISTRIBUIDORA DE PERFUMES E COSMETICOS LTDA;07891033767007;LIZ DES COL 100ml;1,000;138,31;138,31;36,24;0,00;0,00;102,07;73,80;281,65;2,61;60,62;A;;
22/08/2026;024668 - ACQUA DISTRIBUIDORA DE PERFUMES E COSMETICOS LTDA;07891033478514;ARBO DES COL FOREST 100ml;1,000;165,71;165,71;67,45;0,00;0,00;98,26;59,30;145,68;2,51;63,13;A;;
22/08/2026;024668 - ACQUA DISTRIBUIDORA DE PERFUMES E COSMETICOS LTDA;07891033862979;ESTJ SOPHIE SPIDER GWEN CRIANC/25;1,000;146,35;146,35;52,50;0,00;0,00;93,85;64,13;178,76;2,40;65,53;A;;
22/08/2026;024668 - ACQUA DISTRIBUIDORA DE PERFUMES E COSMETICOS LTDA;07891033481392;COFFEE DES COL WOMAN SEDUC 100ml V5;1,000;182,55;182,55;90,76;0,00;0,00;91,79;50,28;101,13;2,35;67,88;A;;
22/08/2026;024668 - ACQUA DISTRIBUIDORA DE PERFUMES E COSMETICOS LTDA;07891033539222;ESTJ DR BOTICA CORACAO V2;1,000;123,00;123,00;54,68;0,00;0,00;68,32;55,54;124,95;1,75;69,63;A;;
22/08/2026;024668 - ACQUA DISTRIBUIDORA DE PERFUMES E COSMETICOS LTDA;07891033479085;DREAM DES COL SPLSH VIAG/ENC 200ml V2;1,000;94,51;94,51;28,20;0,00;0,00;66,31;70,16;235,14;1,70;71,32;A;;
22/08/2026;024668 - ACQUA DISTRIBUIDORA DE PERFUMES E COSMETICOS LTDA;07891033906697;MAKE B BAS LIQ MATE SALICYLIC 265Q 30g;1,000;79,90;79,90;22,38;0,00;0,00;57,52;71,99;257,02;1,47;72,80;A;;
22/08/2026;024668 - ACQUA DISTRIBUIDORA DE PERFUMES E COSMETICOS LTDA;07891033860586;SOPHIE SPLSH CPO/CAB SHIM BRLH/INT 110ml;1,000;71,75;71,75;15,46;0,00;0,00;56,29;78,45;364,10;1,44;74,23;A;;
22/08/2026;024668 - ACQUA DISTRIBUIDORA DE PERFUMES E COSMETICOS LTDA;07891033948994;CBEM GEL LIMP FAC FEIR TANGERINA PRM 50g;4,000;81,65;20,41;26,64;0,00;0,00;55,01;67,37;206,49;1,41;75,64;A;;
22/08/2026;024668 - ACQUA DISTRIBUIDORA DE PERFUMES E COSMETICOS LTDA;07891033590438;MAKE B CORRET LIQ RETIN 3 H 210Q 55ml;1,000;78,62;78,62;24,95;0,00;0,00;53,67;68,27;215,11;1,37;77,01;A;;
22/08/2026;024668 - ACQUA DISTRIBUIDORA DE PERFUMES E COSMETICOS LTDA;07891033486342;DREAM DES COL SPLSH AMOR NO AR 200ml V2;1,000;97,96;97,96;46,09;0,00;0,00;51,87;52,95;112,54;1,33;78,34;A;;
22/08/2026;024668 - ACQUA DISTRIBUIDORA DE PERFUMES E COSMETICOS LTDA;07891033877942;MAKE B BASE LIQ HYALURONIC 205N 30ml;1,000;83,20;83,20;32,11;0,00;0,00;51,09;61,41;159,11;1,31;79,65;A;;
22/08/2026;024668 - ACQUA DISTRIBUIDORA DE PERFUMES E COSMETICOS LTDA;07891033486809;REF NSPA LOC FIRM D H CPO QUIN 400ml V2;1,000;66,53;66,53;17,51;0,00;0,00;49,02;73,68;279,95;1,25;80,90;B;;
22/08/2026;024668 - ACQUA DISTRIBUIDORA DE PERFUMES E COSMETICOS LTDA;07891033570430;CBEM CR DES HID CPO PESSEGUR/DEPIL 200ml;1,000;56,90;56,90;11,75;0,00;0,00;45,15;79,35;384,26;1,15;82,06;B;;
22/08/2026;024668 - ACQUA DISTRIBUIDORA DE PERFUMES E COSMETICOS LTDA;07891033869886;LIZ CREM DES HID CPO AURA 250g;1,000;72,00;72,00;28,55;0,00;0,00;43,45;60,35;152,19;1,11;83,17;B;;
22/08/2026;024668 - ACQUA DISTRIBUIDORA DE PERFUMES E COSMETICOS LTDA;07891033964192;MAKE B MASC/CILIOS SCANDAL FULL 10g;1,000;66,67;66,67;23,25;0,00;0,00;43,42;65,13;186,75;1,11;84,28;B;;
22/08/2026;024668 - ACQUA DISTRIBUIDORA DE PERFUMES E COSMETICOS LTDA;07891033890286;MAKE B CORRET LIQ HYAL 170Q 68ml;1,000;58,32;58,32;14,93;0,00;0,00;43,39;74,40;290,62;1,11;85,39;B;;
22/08/2026;024668 - ACQUA DISTRIBUIDORA DE PERFUMES E COSMETICOS LTDA;07891033017867;MAKE B BAS LIQ MATE SALICYLIC 150 30g;1,000;79,90;79,90;38,50;0,00;0,00;41,40;51,81;107,53;1,06;86,45;B;;
22/08/2026;024668 - ACQUA DISTRIBUIDORA DE PERFUMES E COSMETICOS LTDA;07891033035304;CAIXA M INST 2021 VERDE ECONOMICA;12,000;39,11;3,26;0,00;0,00;0,00;39,11;100,00;0,00;1,00;87,45;B;;
22/08/2026;024668 - ACQUA DISTRIBUIDORA DE PERFUMES E COSMETICOS LTDA;07891033854820;FLORATTA DES BDY SPR F/SECRET V2 100ml;1,000;46,57;46,57;8,24;0,00;0,00;38,33;82,31;465,17;0,98;88,43;B;;
22/08/2026;024668 - ACQUA DISTRIBUIDORA DE PERFUMES E COSMETICOS LTDA;07891033524686;BOTIK GEL LIM FAC MIC AC MAN/SAL 50g PRM;2,000;35,86;17,93;0,00;0,00;0,00;35,86;100,00;0,00;0,92;89,34;B;;
22/08/2026;024668 - ACQUA DISTRIBUIDORA DE PERFUMES E COSMETICOS LTDA;07891033512799;MAKE B BAS LIQ C/ GLYC TX 140 30g;1,000;83,33;83,33;47,82;0,00;0,00;35,51;42,61;74,26;0,91;90,25;B;;
22/08/2026;024668 - ACQUA DISTRIBUIDORA DE PERFUMES E COSMETICOS LTDA;07891033590216;MALBEC SAB LIQ CPO CUIDADOS V2 250g;1,000;55,10;55,10;19,91;0,00;0,00;35,19;63,87;176,75;0,90;91,15;B;;
22/08/2026;024668 - ACQUA DISTRIBUIDORA DE PERFUMES E COSMETICOS LTDA;07891033883950;CBEM DES COL BDY SPLSH ROS/ALG V4 200ml;1,000;68,78;68,78;36,52;0,00;0,00;32,26;46,90;88,34;0,83;91,98;B;;
22/08/2026;024668 - ACQUA DISTRIBUIDORA DE PERFUMES E COSMETICOS LTDA;07891033907267;MAKE B BAS LIQ MATE SALICYLIC 130Q 30g;1,000;67,92;67,92;36,15;0,00;0,00;31,77;46,78;87,88;0,81;92,79;B;;
22/08/2026;024668 - ACQUA DISTRIBUIDORA DE PERFUMES E COSMETICOS LTDA;07891033539079;MAKE B PINCEL P/BLUSH ABS;1,000;67,90;67,90;36,34;0,00;0,00;31,56;46,48;86,85;0,81;93,60;B;;
22/08/2026;024668 - ACQUA DISTRIBUIDORA DE PERFUMES E COSMETICOS LTDA;07891033013029;PMPCK LILY DES ANTIT AER 2x75g;1,000;57,54;57,54;26,15;0,00;0,00;31,39;54,55;120,04;0,80;94,40;B;;
22/08/2026;024668 - ACQUA DISTRIBUIDORA DE PERFUMES E COSMETICOS LTDA;07891033877713;MAKE B BLUSH COMP BERRY MINI PRM 15g;1,000;39,90;39,90;9,16;0,00;0,00;30,74;77,04;335,59;0,79;95,19;C;;
22/08/2026;024668 - ACQUA DISTRIBUIDORA DE PERFUMES E COSMETICOS LTDA;07891033590193;MALBEC LOC DES HID CPO CUIDADOS V3 200ml;1,000;59,47;59,47;29,23;0,00;0,00;30,24;50,85;103,46;0,77;95,96;C;;
22/08/2026;024668 - ACQUA DISTRIBUIDORA DE PERFUMES E COSMETICOS LTDA;07891033878048;MAKE B BATOM PREENCH HYAL RICH BROWN 4g;1,000;46,53;46,53;17,71;0,00;0,00;28,82;61,94;162,73;0,74;96,70;C;;
22/08/2026;024668 - ACQUA DISTRIBUIDORA DE PERFUMES E COSMETICOS LTDA;07891033896936;MATCH SHAMP ESC/HID 300ml;1,000;47,90;47,90;21,32;0,00;0,00;26,58;55,49;124,67;0,68;97,38;C;;
22/08/2026;024668 - ACQUA DISTRIBUIDORA DE PERFUMES E COSMETICOS LTDA;07891033856794;CBEM SAB BARRA CER/FASES 4x80g;1,000;38,90;38,90;13,80;0,00;0,00;25,10;64,52;181,88;0,64;98,02;C;;
22/08/2026;024668 - ACQUA DISTRIBUIDORA DE PERFUMES E COSMETICOS LTDA;07891033878031;MAKE B BATOM PREENCH HYAL CINNAMON 4g;1,000;40,63;40,63;17,71;0,00;0,00;22,92;56,41;129,42;0,59;98,60;C;;
22/08/2026;024668 - ACQUA DISTRIBUIDORA DE PERFUMES E COSMETICOS LTDA;07891033511297;CBEM DES ANTIT AER NUVEM V3 75g;1,000;34,02;34,02;11,94;0,00;0,00;22,08;64,90;184,92;0,56;99,17;C;;
22/08/2026;024668 - ACQUA DISTRIBUIDORA DE PERFUMES E COSMETICOS LTDA;07891033827947;CBEM COND HIDRATACAO NUVEM 250ml;1,000;32,31;32,31;15,33;0,00;0,00;16,98;52,55;110,76;0,43;99,60;C;;
22/08/2026;024668 - ACQUA DISTRIBUIDORA DE PERFUMES E COSMETICOS LTDA;07891033579822;CBEM SHAMP HID NUVEM V2 250ml;1,000;32,31;32,31;15,49;0,00;0,00;16,82;52,06;108,59;0,43;100,03;C;;
22/08/2026;024668 - ACQUA DISTRIBUIDORA DE PERFUMES E COSMETICOS LTDA;07891033520732;MATCH FIN CAP JELLY CIEN/CURV 350g;1,000;34,97;34,97;20,36;0,00;0,00;14,61;41,78;71,76;0,37;100,41;C;;
22/08/2026;024668 - ACQUA DISTRIBUIDORA DE PERFUMES E COSMETICOS LTDA;07891033536863;CBEM LOC DES HID CPO FEIRA BANANA 400ml;1,000;0,01;0,01;15,95;0,00;0,00;-15,94;-159400,00;-99,94;-0,41;100,00;C;;
22/08/2026;024669 - 24669 ACQUA DISTRIBUIDORA DE PERFUMES E;07891033479504;ZAAD EDP 95ml V6;1,000;340,30;340,30;79,82;0,00;0,00;260,48;76,54;326,33;8,44;8,44;A;;
22/08/2026;024669 - 24669 ACQUA DISTRIBUIDORA DE PERFUMES E;07891033197347;THATY DES COL BOTICOLL 100ML;2,000;306,85;153,42;51,28;0,00;0,00;255,57;83,29;498,38;8,28;16,71;A;;
22/08/2026;024669 - 24669 ACQUA DISTRIBUIDORA DE PERFUMES E;07891033483037;FLORATTA DES COL RED V2 75ml;2,000;231,55;115,77;71,57;0,00;0,00;159,98;69,09;223,53;5,18;21,90;A;;
22/08/2026;024669 - 24669 ACQUA DISTRIBUIDORA DE PERFUMES E;07891033497652;UOMINI DES COL V6 100ml;1,000;194,90;194,90;35,52;0,00;0,00;159,38;81,78;448,70;5,16;27,06;A;;
22/08/2026;024669 - 24669 ACQUA DISTRIBUIDORA DE PERFUMES E;07891033880225;BOTICA 214 EDP FOUG/AR V/FIRENZ V2 90ml;1,000;175,52;175,52;46,22;0,00;0,00;129,30;73,67;279,75;4,19;31,25;A;;
22/08/2026;024669 - 24669 ACQUA DISTRIBUIDORA DE PERFUMES E;07891033909537;GLAMOUR DES COL INTENSE 75ml;1,000;164,86;164,86;38,43;0,00;0,00;126,43;76,69;328,99;4,09;35,34;A;;
22/08/2026;024669 - 24669 ACQUA DISTRIBUIDORA DE PERFUMES E;07891033741038;GLAMOUR DES COL SEC BL 75ml V4;1,000;194,41;194,41;71,44;0,00;0,00;122,97;63,25;172,13;3,98;39,32;A;;
22/08/2026;024669 - 24669 ACQUA DISTRIBUIDORA DE PERFUMES E;07891033744381;ARBO DES COL 100ml V4;1,000;179,82;179,82;75,42;0,00;0,00;104,40;58,06;138,42;3,38;42,71;A;;
22/08/2026;024669 - 24669 ACQUA DISTRIBUIDORA DE PERFUMES E;07891033883646;QUASAR DES COL CLASSIC V2 100ml;1,000;123,17;123,17;28,10;0,00;0,00;95,07;77,19;338,33;3,08;45,78;A;;
22/08/2026;024669 - 24669 ACQUA DISTRIBUIDORA DE PERFUMES E;07891033852932;ESTJ HER CODE AMOR/25;2,000;407,61;203,80;320,40;0,00;0,00;87,21;21,40;27,22;2,82;48,61;A;;
22/08/2026;024669 - 24669 ACQUA DISTRIBUIDORA DE PERFUMES E;07891033589968;MAKE B BASE LIQ RETIN 3 H 285N 26g;1,000;131,90;131,90;48,68;0,00;0,00;83,22;63,09;170,95;2,70;51,30;A;;
22/08/2026;024669 - 24669 ACQUA DISTRIBUIDORA DE PERFUMES E;07891033886692;MAKE B BASE LIQ RETIN 3 H 275N 26g;1,000;120,60;120,60;46,41;0,00;0,00;74,19;61,52;159,86;2,40;53,71;A;;
22/08/2026;024669 - 24669 ACQUA DISTRIBUIDORA DE PERFUMES E;07891033860586;SOPHIE SPLSH CPO/CAB SHIM BRLH/INT 110ml;1,000;77,32;77,32;15,45;0,00;0,00;61,87;80,02;400,45;2,00;55,71;A;;
22/08/2026;024669 - 24669 ACQUA DISTRIBUIDORA DE PERFUMES E;07891033512393;CBEM DES COL BDY SPLSH CER/LIV V2 200ml;1,000;79,90;79,90;19,21;0,00;0,00;60,69;75,96;315,93;1,97;57,68;A;;
22/08/2026;024669 - 24669 ACQUA DISTRIBUIDORA DE PERFUMES E;07891033880775;NSPA LOC DES HID CPO AMEIXA V7 400ml;1,000;76,81;76,81;20,45;0,00;0,00;56,36;73,38;275,60;1,83;59,50;A;;
22/08/2026;024669 - 24669 ACQUA DISTRIBUIDORA DE PERFUMES E;07891033757541;MAKE B BAS PO MINERAL 20 55G;1,000;84,10;84,10;30,19;0,00;0,00;53,91;64,10;178,57;1,75;61,25;A;;
22/08/2026;024669 - 24669 ACQUA DISTRIBUIDORA DE PERFUMES E;07891033512362;CBEM DES COL BDY SPLSH PESSEGUR V2 200ml;1,000;68,62;68,62;18,06;0,00;0,00;50,56;73,68;279,96;1,64;62,89;A;;
22/08/2026;024669 - 24669 ACQUA DISTRIBUIDORA DE PERFUMES E;07891033499038;CBEM LOC DES HID CPO PESSEGURA V2 200ml;1,000;55,06;55,06;9,02;0,00;0,00;46,04;83,62;510,42;1,49;64,38;A;;
22/08/2026;024669 - 24669 ACQUA DISTRIBUIDORA DE PERFUMES E;07891033591329;BOTI BABY COL LUA RPCK 100ml;1,000;62,57;62,57;17,25;0,00;0,00;45,32;72,43;262,72;1,47;65,85;A;;
22/08/2026;024669 - 24669 ACQUA DISTRIBUIDORA DE PERFUMES E;07891033539215;DR BOTICA COL POC/CORAC V2 120ml;1,000;85,69;85,69;40,55;0,00;0,00;45,14;52,68;111,32;1,46;67,31;A;;
22/08/2026;024669 - 24669 ACQUA DISTRIBUIDORA DE PERFUMES E;07891033962938;GLAMOUR LOC DES HID CPO INTENSE 200ml;1,000;55,89;55,89;11,18;0,00;0,00;44,71;80,00;399,91;1,45;68,76;A;;
22/08/2026;024669 - 24669 ACQUA DISTRIBUIDORA DE PERFUMES E;07891033524686;BOTIK GEL LIM FAC MIC AC MAN/SAL 50g PRM;3,000;43,36;14,45;0,00;0,00;0,00;43,36;100,00;0,00;1,40;70,16;A;;
22/08/2026;024669 - 24669 ACQUA DISTRIBUIDORA DE PERFUMES E;07891033946730;CBEM GEL LIMP FAC FEIR TANGERINA V2 150g;2,000;73,80;36,90;31,08;0,00;0,00;42,72;57,89;137,45;1,38;71,54;A;;
22/08/2026;024669 - 24669 ACQUA DISTRIBUIDORA DE PERFUMES E;07891033520251;BOTI BABY SAB LIQ GLIC V2 400ml;1,000;54,48;54,48;13,64;0,00;0,00;40,84;74,96;299,41;1,32;72,87;A;;
22/08/2026;024669 - 24669 ACQUA DISTRIBUIDORA DE PERFUMES E;07891033598755;BOTIK AGUA MICLR FAC CIC/PANT/CER 200ml;1,000;68,50;68,50;28,20;0,00;0,00;40,30;58,83;142,91;1,31;74,17;A;;
22/08/2026;024669 - 24669 ACQUA DISTRIBUIDORA DE PERFUMES E;07891033509454;BOTI NECESS COLORS EVA;1,000;49,90;49,90;9,78;0,00;0,00;40,12;80,40;410,22;1,30;75,47;A;;
22/08/2026;024669 - 24669 ACQUA DISTRIBUIDORA DE PERFUMES E;07891033964192;MAKE B MASC/CILIOS SCANDAL FULL 10g;1,000;62,92;62,92;23,25;0,00;0,00;39,67;63,05;170,62;1,28;76,76;A;;
22/08/2026;024669 - 24669 ACQUA DISTRIBUIDORA DE PERFUMES E;07891033562916;CBEM BOLSA FEIRA PES 23;1,000;49,57;49,57;8,92;0,00;1,81;38,84;78,36;455,72;1,26;78,01;A;;
22/08/2026;024669 - 24669 ACQUA DISTRIBUIDORA DE PERFUMES E;07891033595167;REF NSPA LOC DES HID CPO AMEI/NEG 350ml;1,000;64,90;64,90;27,08;0,00;0,00;37,82;58,27;139,66;1,22;79,24;A;;
22/08/2026;024669 - 24669 ACQUA DISTRIBUIDORA DE PERFUMES E;07891033055463;MAKE B PRIMER FAC ANTIOL SALICYLIC 30g;1,000;55,25;55,25;17,53;0,00;0,00;37,72;68,27;215,17;1,22;80,46;B;;
22/08/2026;024669 - 24669 ACQUA DISTRIBUIDORA DE PERFUMES E;07891033748938;EGEO DES BDY SPR DOLCE 100ml V8 PCK;1,000;45,69;45,69;8,82;0,00;0,00;36,87;80,70;418,03;1,19;81,66;B;;
22/08/2026;024669 - 24669 ACQUA DISTRIBUIDORA DE PERFUMES E;07891033842285;GLAMOUR DES BDY SPR 100ml V6 PCK;1,000;44,97;44,97;8,51;0,00;0,00;36,46;81,08;428,44;1,18;82,84;B;;
22/08/2026;024669 - 24669 ACQUA DISTRIBUIDORA DE PERFUMES E;07891033906710;MAKE B BAS LIQ MATE SALICYLIC 255Q 30g;1,000;71,89;71,89;36,15;0,00;0,00;35,74;49,71;98,87;1,16;83,99;B;;
22/08/2026;024669 - 24669 ACQUA DISTRIBUIDORA DE PERFUMES E;07891033868681;CLASH CR PRE E POS BARBA 150g;1,000;62,90;62,90;27,85;0,00;0,00;35,05;55,72;125,85;1,14;85,13;B;;
22/08/2026;024669 - 24669 ACQUA DISTRIBUIDORA DE PERFUMES E;07891033854837;FLORATTA DES BDY SPRAY RED V2 100ml;1,000;41,22;41,22;8,19;0,00;0,00;33,03;80,13;403,30;1,07;86,20;B;;
22/08/2026;024669 - 24669 ACQUA DISTRIBUIDORA DE PERFUMES E;07891033583638;CBEM D/COL BDY SPLSH NUV/ALEG 200ml;1,000;66,43;66,43;35,76;0,00;0,00;30,67;46,17;85,77;0,99;87,19;B;;
22/08/2026;024669 - 24669 ACQUA DISTRIBUIDORA DE PERFUMES E;07891033556519;MEN DES COL NBA PRM 10ml;2,000;29,50;14,75;0,00;0,00;0,00;29,50;100,00;0,00;0,96;88,15;B;;
22/08/2026;024669 - 24669 ACQUA DISTRIBUIDORA DE PERFUMES E;07891033581399;BOTI NECESS MINI ALG;1,000;38,61;38,61;8,11;0,00;1,41;29,09;75,35;376,08;0,94;89,09;B;;
22/08/2026;024669 - 24669 ACQUA DISTRIBUIDORA DE PERFUMES E;07891033706938;SOPHIE LOC HID CPO 200ml;1,000;45,83;45,83;17,77;0,00;0,00;28,06;61,23;157,91;0,91;90,00;B;;
22/08/2026;024669 - 24669 ACQUA DISTRIBUIDORA DE PERFUMES E;07891033907090;MAKE B BAS LIQ MATE SALICYLIC 235N 30g;1,000;62,27;62,27;36,15;0,00;0,00;26,12;41,95;72,25;0,85;90,84;B;;
22/08/2026;024669 - 24669 ACQUA DISTRIBUIDORA DE PERFUMES E;07891033846825;MALBEC SAB BARRA CUIDADOS 2x80g;1,000;31,90;31,90;7,43;0,00;0,00;24,47;76,71;329,34;0,79;91,64;B;;
22/08/2026;024669 - 24669 ACQUA DISTRIBUIDORA DE PERFUMES E;07891033878024;MAKE B BATOM PREENCH HYAL NUDE CHIC 4g;1,000;40,88;40,88;17,71;0,00;0,00;23,17;56,68;130,83;0,75;92,39;B;;
22/08/2026;024669 - 24669 ACQUA DISTRIBUIDORA DE PERFUMES E;07891033878017;MAKE B BATOM PREENCH HYAL ROSA ROSE 4g;1,000;40,47;40,47;17,71;0,00;0,00;22,76;56,24;128,51;0,74;93,13;B;;
22/08/2026;024669 - 24669 ACQUA DISTRIBUIDORA DE PERFUMES E;07891033767564;MALBEC SAB BARRA 2x80g;1,000;31,90;31,90;9,41;0,00;0,00;22,49;70,50;239,00;0,73;93,85;B;;
22/08/2026;024669 - 24669 ACQUA DISTRIBUIDORA DE PERFUMES E;07891033518012;BOTI BABY SAB LIQ GLIC V2 200ml;1,000;31,90;31,90;10,42;0,00;0,00;21,48;67,34;206,14;0,70;94,55;B;;
22/08/2026;024669 - 24669 ACQUA DISTRIBUIDORA DE PERFUMES E;07891033947508;MEN SAB BARRA V4 2x90g;1,000;27,71;27,71;8,20;0,00;0,00;19,51;70,41;237,93;0,63;95,18;C;;
22/08/2026;024669 - 24669 ACQUA DISTRIBUIDORA DE PERFUMES E;07891033868704;CLASH SAB BARR 2x80g;1,000;29,90;29,90;10,83;0,00;0,00;19,07;63,78;176,08;0,62;95,80;C;;
22/08/2026;024669 - 24669 ACQUA DISTRIBUIDORA DE PERFUMES E;07891033512317;CBEM SAB BARRA CEREJA LIVRE V2 2x80g;1,000;24,90;24,90;7,39;0,00;0,00;17,51;70,32;236,94;0,57;96,37;C;;
22/08/2026;024669 - 24669 ACQUA DISTRIBUIDORA DE PERFUMES E;07891033548026;CBEM GEL/LIMP FAC FEIRA TANGERINA 150g;1,000;31,37;31,37;13,97;0,00;0,00;17,40;55,47;124,55;0,56;96,93;C;;
22/08/2026;024669 - 24669 ACQUA DISTRIBUIDORA DE PERFUMES E;07891033587346;BOTICA 214 EDP SEV/DOR FOUG/ARM PRM 10ml;1,000;15,14;15,14;0,00;0,00;0,00;15,14;100,00;0,00;0,49;97,42;C;;
22/08/2026;024669 - 24669 ACQUA DISTRIBUIDORA DE PERFUMES E;07891033548040;CBEM HID FAC FEIRA MACA VERDE 80g;1,000;25,14;25,14;10,33;0,00;0,00;14,81;58,91;143,37;0,48;97,90;C;;
22/08/2026;024669 - 24669 ACQUA DISTRIBUIDORA DE PERFUMES E;07891033766017;INTENSE LAP BAT VINHO 12g;1,000;26,91;26,91;12,89;0,00;0,00;14,02;52,10;108,77;0,45;98,35;C;;
22/08/2026;024669 - 24669 ACQUA DISTRIBUIDORA DE PERFUMES E;07891033808885;UOMINI DES BDY SPR INFINITE 100ml;1,000;37,03;37,03;24,05;0,00;0,00;12,98;35,05;53,97;0,42;98,77;C;;
22/08/2026;024669 - 24669 ACQUA DISTRIBUIDORA DE PERFUMES E;07891033894017;CX PRESENTE M BOTI INST/25 VDA;1,000;12,25;12,25;0,00;0,00;0,00;12,25;100,00;0,00;0,40;99,17;C;;
22/08/2026;024669 - 24669 ACQUA DISTRIBUIDORA DE PERFUMES E;07891033471508;MEN DES ANTIT AER COOL PROTECT 90g/150ml;1,000;27,72;27,72;17,59;0,00;0,00;10,13;36,54;57,59;0,33;99,50;C;;
22/08/2026;024669 - 24669 ACQUA DISTRIBUIDORA DE PERFUMES E;07891033909544;GLAMOUR DES COL INTENSE PRM 10ml;1,000;15,22;15,22;6,19;0,00;0,00;9,03;59,33;145,88;0,29;99,79;C;;
22/08/2026;024669 - 24669 ACQUA DISTRIBUIDORA DE PERFUMES E;07891033548798;ESTJ BOTI BABY NINHO V2;1,000;26,45;26,45;19,50;0,00;0,00;6,95;26,28;35,64;0,23;100,02;C;;
22/08/2026;024669 - 24669 ACQUA DISTRIBUIDORA DE PERFUMES E;07891033539710;CBEM MASC CAP SCH FEIRA PASTA ABAC 30ml;1,000;10,17;10,17;3,73;0,00;0,00;6,44;63,32;172,65;0,21;100,23;C;;
22/08/2026;024669 - 24669 ACQUA DISTRIBUIDORA DE PERFUMES E;07891033881376;FLORATTA EDP ROSE SUCREE PRM 10ml;1,000;0,01;0,01;6,96;0,00;0,00;-6,95;-69500,00;-99,86;-0,23;100,00;C;;
22/08/2026;024670 - ACQUA DISTRIBUIDORA DE PERFUMES E COSMETICOS LTDA;07891033486649;BOTICOLL PORTINARI DES COL 100ml V5;2,000;338,26;169,13;153,76;0,00;0,00;184,50;54,54;119,99;8,48;8,48;A;;
22/08/2026;024670 - ACQUA DISTRIBUIDORA DE PERFUMES E COSMETICOS LTDA;07891033869831;HER CODE EDP CLIMAX 50ml;2,000;378,42;189,21;206,92;0,00;0,00;171,50;45,32;82,88;7,89;16,37;A;;
22/08/2026;024670 - ACQUA DISTRIBUIDORA DE PERFUMES E COSMETICOS LTDA;07891033779888;LILY EDP ABSOLU 75ML V2;1,000;298,26;298,26;127,94;0,00;0,00;170,32;57,10;133,12;7,83;24,20;A;;
22/08/2026;024670 - ACQUA DISTRIBUIDORA DE PERFUMES E COSMETICOS LTDA;07891033512430;QUASAR DES COL CLASSIC 100ml;2,000;277,98;138,99;119,56;0,00;0,00;158,42;56,99;132,50;7,28;31,49;A;;
22/08/2026;024670 - ACQUA DISTRIBUIDORA DE PERFUMES E COSMETICOS LTDA;07891033843909;MALBEC DES COL MAGNETIC V3 100ml;1,000;219,90;219,90;63,43;0,00;0,00;156,47;71,16;246,68;7,20;38,68;A;;
22/08/2026;024670 - ACQUA DISTRIBUIDORA DE PERFUMES E COSMETICOS LTDA;07891033817566;LINDA DES COL IRRESISTIVEL 100ml;1,000;177,47;177,47;36,36;0,00;0,00;141,11;79,51;388,09;6,49;45,17;A;;
22/08/2026;024670 - ACQUA DISTRIBUIDORA DE PERFUMES E COSMETICOS LTDA;07891033486342;DREAM DES COL SPLSH AMOR NO AR 200ml V2;2,000;194,22;97,11;53,54;0,00;0,00;140,68;72,43;262,76;6,47;51,64;A;;
22/08/2026;024670 - ACQUA DISTRIBUIDORA DE PERFUMES E COSMETICOS LTDA;07891033843879;MALBEC DES COL V6 100ml;1,000;211,92;211,92;82,58;0,00;0,00;129,34;61,03;156,62;5,95;57,59;A;;
22/08/2026;024670 - ACQUA DISTRIBUIDORA DE PERFUMES E COSMETICOS LTDA;07891033334247;ESTJ FLORATTA FLOWERS SORT REG/22;1,000;219,90;219,90;91,46;0,00;0,00;128,44;58,41;140,43;5,91;63,50;A;;
22/08/2026;024670 - ACQUA DISTRIBUIDORA DE PERFUMES E COSMETICOS LTDA;07891033492442;COFFEE D/COL MAN ORIENT/AMB V4 100ml;1,000;198,59;198,59;84,47;0,00;0,00;114,12;57,47;135,10;5,25;68,74;A;;
22/08/2026;024670 - ACQUA DISTRIBUIDORA DE PERFUMES E COSMETICOS LTDA;07891033767007;LIZ DES COL 100ml;1,000;131,26;131,26;36,24;0,00;0,00;95,02;72,39;262,20;4,37;73,11;A;;
22/08/2026;024670 - ACQUA DISTRIBUIDORA DE PERFUMES E COSMETICOS LTDA;07891033566860;KIT DR BOTICA MAGICO TEATRO BONECOS;1,000;159,90;159,90;67,38;0,00;0,00;92,52;57,86;137,31;4,25;77,37;A;;
22/08/2026;024670 - ACQUA DISTRIBUIDORA DE PERFUMES E COSMETICOS LTDA;07891033479085;DREAM DES COL SPLSH VIAG/ENC 200ml V2;1,000;119,90;119,90;29,10;0,00;0,00;90,80;75,73;312,03;4,18;81,54;B;;
22/08/2026;024670 - ACQUA DISTRIBUIDORA DE PERFUMES E COSMETICOS LTDA;07891033908127;ESTJ CBEM NUVEM REG/26;2,000;117,80;58,90;30,56;0,00;0,00;87,24;74,06;285,47;4,01;85,55;B;;
22/08/2026;024670 - ACQUA DISTRIBUIDORA DE PERFUMES E COSMETICOS LTDA;07891033483105;FLORATTA DES COL BLUE V2 75ml;1,000;148,91;148,91;62,32;0,00;0,00;86,59;58,15;138,94;3,98;89,54;B;;
22/08/2026;024670 - ACQUA DISTRIBUIDORA DE PERFUMES E COSMETICOS LTDA;07891033740550;GLAMOUR DES COL MYRIAD 75ml V2;1,000;147,53;147,53;69,70;0,00;0,00;77,83;52,76;111,66;3,58;93,12;B;;
22/08/2026;024670 - ACQUA DISTRIBUIDORA DE PERFUMES E COSMETICOS LTDA;07891033595167;REF NSPA LOC DES HID CPO AMEI/NEG 350ml;1,000;62,91;62,91;12,17;0,00;0,00;50,74;80,65;416,93;2,33;95,45;C;;
22/08/2026;024670 - ACQUA DISTRIBUIDORA DE PERFUMES E COSMETICOS LTDA;07891033018062;MAKE B BAS LIQ MATE SALICYLIC 180 30g;1,000;68,03;68,03;38,11;0,00;0,00;29,92;43,98;78,51;1,38;96,82;C;;
22/08/2026;024670 - ACQUA DISTRIBUIDORA DE PERFUMES E COSMETICOS LTDA;07891033879274;INTENSE BAT MAT 235 V3 38g;1,000;33,66;33,66;14,37;0,00;0,00;19,29;57,31;134,24;0,89;97,71;C;;
22/08/2026;024670 - ACQUA DISTRIBUIDORA DE PERFUMES E COSMETICOS LTDA;07891033853243;CBEM CR HID CPO DEPIL DOC/PESSEGUR 150ml;1,000;37,03;37,03;19,03;0,00;1,35;16,65;44,96;94,59;0,77;98,48;C;;
22/08/2026;024670 - ACQUA DISTRIBUIDORA DE PERFUMES E COSMETICOS LTDA;07891033944996;CBEM SAB BARRA PESSEGURA V3 4x80g;1,000;25,45;25,45;10,70;0,00;0,00;14,75;57,96;137,85;0,68;99,16;C;;
22/08/2026;024670 - ACQUA DISTRIBUIDORA DE PERFUMES E COSMETICOS LTDA;07891033909544;GLAMOUR DES COL INTENSE PRM 10ml;1,000;17,90;17,90;6,19;0,00;0,00;11,71;65,42;189,18;0,54;99,69;C;;
22/08/2026;024670 - ACQUA DISTRIBUIDORA DE PERFUMES E COSMETICOS LTDA;07891033035298;CAIXA M INST 2021 ROSA ECONOMICA;2,000;6,64;3,32;0,00;0,00;0,00;6,64;100,00;0,00;0,31;100,00;C;;
22/08/2026;024670 - ACQUA DISTRIBUIDORA DE PERFUMES E COSMETICOS LTDA;07891033864461;SACOLA MED DIVERT/24 UNITARIA BOTICARIO;1,000;0,01;0,01;0,00;0,00;0,00;0,01;100,00;0,00;0,00;100,00;C;;
22/08/2026;024671 - 24671 ACQUA DISTRIBUIDORA DE PERFUMES E;07891033553570;MALBEC EDP 90ml;1,000;254,78;254,78;57,25;0,00;0,00;197,53;77,53;345,03;13,07;13,07;A;;
22/08/2026;024671 - 24671 ACQUA DISTRIBUIDORA DE PERFUMES E;07891033856442;BOTICA 214 EDP ARAB/OASIS FLOR/FRUT 75ml;1,000;226,67;226,67;41,30;0,00;0,00;185,37;81,78;448,84;12,27;25,34;A;;
22/08/2026;024671 - 24671 ACQUA DISTRIBUIDORA DE PERFUMES E;07891033535187;ELYSEE EDP V2 50ml;1,000;279,13;279,13;138,63;0,00;0,00;140,50;50,33;101,35;9,30;34,63;A;;
22/08/2026;024671 - 24671 ACQUA DISTRIBUIDORA DE PERFUMES E;07891033506774;CLASH DES COL 100ml;1,000;161,91;161,91;37,78;0,00;0,00;124,13;76,67;328,56;8,21;42,84;A;;
22/08/2026;024671 - 24671 ACQUA DISTRIBUIDORA DE PERFUMES E;07891033767007;LIZ DES COL 100ml;1,000;135,29;135,29;36,24;0,00;0,00;99,05;73,21;273,32;6,55;49,40;A;;
22/08/2026;024671 - 24671 ACQUA DISTRIBUIDORA DE PERFUMES E;07891033747221;LILY EDP 30ML V2;1,000;177,30;177,30;81,74;0,00;0,00;95,56;53,90;116,91;6,32;55,72;A;;
22/08/2026;024671 - 24671 ACQUA DISTRIBUIDORA DE PERFUMES E;07891033902422;ESTJ UOMINI PAIS/26;1,000;181,95;181,95;87,09;0,00;0,00;94,86;52,14;108,92;6,28;62,00;A;;
22/08/2026;024671 - 24671 ACQUA DISTRIBUIDORA DE PERFUMES E;07891033895526;MAKE B BASE LIQ HYALURONIC 120N 30ml;1,000;106,32;106,32;32,88;0,00;0,00;73,44;69,07;223,36;4,86;66,86;A;;
22/08/2026;024671 - 24671 ACQUA DISTRIBUIDORA DE PERFUMES E;07891033487851;MALBEC DES BDY SPR 100ml V4 PCK;2,000;76,93;38,46;17,02;0,00;0,00;59,91;77,88;352,00;3,96;70,82;A;;
22/08/2026;024671 - 24671 ACQUA DISTRIBUIDORA DE PERFUMES E;07891033842148;EGEO DES COL SPCY VIBE C/CAR 90ml;1,000;118,02;118,02;61,23;0,00;0,00;56,79;48,12;92,75;3,76;74,58;A;;
22/08/2026;024671 - 24671 ACQUA DISTRIBUIDORA DE PERFUMES E;07891033964192;MAKE B MASC/CILIOS SCANDAL FULL 10g;1,000;79,92;79,92;23,25;0,00;0,00;56,67;70,91;243,74;3,75;78,33;A;;
22/08/2026;024671 - 24671 ACQUA DISTRIBUIDORA DE PERFUMES E;07891033903764;PMPCK QUASAR DES BODY SPRAY RUSH;1,000;71,42;71,42;16,82;0,00;0,00;54,60;76,45;324,61;3,61;81,94;B;;
22/08/2026;024671 - 24671 ACQUA DISTRIBUIDORA DE PERFUMES E;07891033531592;ESTJ DR BOTICA POCAO DA AVENTURA V2;1,000;97,11;97,11;44,79;0,00;0,00;52,32;53,88;116,81;3,46;85,40;B;;
22/08/2026;024671 - 24671 ACQUA DISTRIBUIDORA DE PERFUMES E;07891033538386;BOTIK PROT SOL FAC FPS 50 AC/HIAL 40ml;1,000;75,08;75,08;23,00;0,00;0,00;52,08;69,37;226,43;3,45;88,85;B;;
22/08/2026;024671 - 24671 ACQUA DISTRIBUIDORA DE PERFUMES E;07891033733675;EGEO DES BDY SPR BLUE 100ml V2 PCK;1,000;40,47;40,47;8,98;0,00;0,00;31,49;77,81;350,67;2,08;90,93;B;;
22/08/2026;024671 - 24671 ACQUA DISTRIBUIDORA DE PERFUMES E;07891033536283;BOTIK GEL LIMP FAC VITAM C PRM 50g;3,000;29,97;9,99;0,00;0,00;0,00;29,97;100,00;0,00;1,98;92,92;B;;
22/08/2026;024671 - 24671 ACQUA DISTRIBUIDORA DE PERFUMES E;07891033013029;PMPCK LILY DES ANTIT AER 2x75g;1,000;54,99;54,99;26,15;0,00;0,00;28,84;52,45;110,29;1,91;94,82;B;;
22/08/2026;024671 - 24671 ACQUA DISTRIBUIDORA DE PERFUMES E;07891033946730;CBEM GEL LIMP FAC FEIR TANGERINA V2 150g;1,000;35,56;35,56;15,55;0,00;0,00;20,01;56,27;128,68;1,32;96,15;C;;
22/08/2026;024671 - 24671 ACQUA DISTRIBUIDORA DE PERFUMES E;07891033766017;INTENSE LAP BAT VINHO 12g;1,000;29,90;29,90;12,51;0,00;0,00;17,39;58,16;139,01;1,15;97,30;C;;
22/08/2026;024671 - 24671 ACQUA DISTRIBUIDORA DE PERFUMES E;07891033520046;NSPA LOC RAD DES HID CPO AMEI DOUR 400ml;2,000;80,91;40,45;64,34;0,00;0,00;16,57;20,48;25,75;1,10;98,39;C;;
22/08/2026;024671 - 24671 ACQUA DISTRIBUIDORA DE PERFUMES E;07891033554089;BOTIK CR N FIR ROST/PESC RES/SIL PRM 10g;1,000;15,38;15,38;0,00;0,00;0,00;15,38;100,00;0,00;1,02;99,41;C;;
22/08/2026;024671 - 24671 ACQUA DISTRIBUIDORA DE PERFUMES E;07891033512270;CBEM SAB BARRA NUVEM 4x80g;1,000;25,58;25,58;14,25;0,00;0,00;11,33;44,29;79,51;0,75;100,16;C;;
22/08/2026;024671 - 24671 ACQUA DISTRIBUIDORA DE PERFUMES E;07891033021000;INTENSE BAT CREM POP ROSA 36g;1,000;16,17;16,17;8,25;0,00;0,00;7,92;48,98;96,00;0,52;100,69;C;;
22/08/2026;024671 - 24671 ACQUA DISTRIBUIDORA DE PERFUMES E;07891033487738;NSPA SHAMP QUINOA 300ml V3;2,000;52,60;26,30;46,08;0,00;0,00;6,52;12,40;14,15;0,43;101,12;C;;
22/08/2026;024671 - 24671 ACQUA DISTRIBUIDORA DE PERFUMES E;07891033908196;SACOLA PP BOTICARIO INST/25;3,000;0,03;0,01;2,13;0,00;0,00;-2,10;-7000,00;-98,59;-0,14;100,98;C;;
22/08/2026;024671 - 24671 ACQUA DISTRIBUIDORA DE PERFUMES E;07891033908226;SACOLA M BOTICARIO INST/25;2,000;0,02;0,01;3,12;0,00;0,00;-3,10;-15500,00;-99,36;-0,21;100,77;C;;
22/08/2026;024671 - 24671 ACQUA DISTRIBUIDORA DE PERFUMES E;07891033908219;SACOLA P BOTICARIO INST/25;9,000;0,10;0,01;11,79;0,00;0,00;-11,69;-11690,00;-99,15;-0,77;100,00;C;;
23/08/2026;024617 - ACQUA DISTRIBUIDORA DE PERFUMES E COSMETICOS LTDA;07891033469314;ESTJ BOTICOLL SORTIDO REG/22;1,000;164,79;164,79;88,05;0,00;0,00;76,74;46,57;87,16;17,52;17,52;A;;
23/08/2026;024617 - ACQUA DISTRIBUIDORA DE PERFUMES E COSMETICOS LTDA;07891033826858;EGEO DES COL BOMB BLACK C/CAR 90ml;1,000;134,61;134,61;61,82;0,00;0,00;72,79;54,07;117,75;16,62;34,14;A;;
23/08/2026;024617 - ACQUA DISTRIBUIDORA DE PERFUMES E COSMETICOS LTDA;07891033897902;CBEM DES COL BDY SPLSH LAVANDINHA 200ml;1,000;86,82;86,82;37,00;0,00;0,00;49,82;57,38;134,65;11,37;45,51;A;;
23/08/2026;024617 - ACQUA DISTRIBUIDORA DE PERFUMES E COSMETICOS LTDA;07891033520251;BOTI BABY SAB LIQ GLIC V2 400ml;1,000;65,62;65,62;24,77;0,00;0,00;40,85;62,25;164,92;9,33;54,84;A;;
23/08/2026;024617 - ACQUA DISTRIBUIDORA DE PERFUMES E COSMETICOS LTDA;07891033578306;REF NSPA LOC DES AVEL CP CER/ROUGE 350ml;1,000;48,90;48,90;12,33;0,00;0,00;36,57;74,79;296,59;8,35;63,19;A;;
23/08/2026;024617 - ACQUA DISTRIBUIDORA DE PERFUMES E COSMETICOS LTDA;07891033518029;BOTI BABY COL SOL V2 100ml;1,000;75,37;75,37;40,40;0,00;0,00;34,97;46,40;86,56;7,98;71,17;A;;
23/08/2026;024617 - ACQUA DISTRIBUIDORA DE PERFUMES E COSMETICOS LTDA;07891033524686;BOTIK GEL LIM FAC MIC AC MAN/SAL 50g PRM;3,000;32,82;10,94;0,00;0,00;0,00;32,82;100,00;0,00;7,49;78,66;A;;
23/08/2026;024617 - ACQUA DISTRIBUIDORA DE PERFUMES E COSMETICOS LTDA;07891033548798;ESTJ BOTI BABY NINHO V2;1,000;52,90;52,90;20,65;0,00;0,00;32,25;60,96;156,17;7,36;86,03;B;;
23/08/2026;024617 - ACQUA DISTRIBUIDORA DE PERFUMES E COSMETICOS LTDA;07891033868698;CLASH LOC DES HID CPO 200ml;1,000;54,35;54,35;25,11;0,00;0,00;29,24;53,80;116,45;6,68;92,70;B;;
23/08/2026;024617 - ACQUA DISTRIBUIDORA DE PERFUMES E COSMETICOS LTDA;07891033509560;CLASH DES BDY SPR 100ml;1,000;49,66;49,66;24,30;0,00;0,00;25,36;51,07;104,36;5,79;98,49;C;;
23/08/2026;024617 - ACQUA DISTRIBUIDORA DE PERFUMES E COSMETICOS LTDA;07891033520183;BOTI BABY SHAMP V2 400ml;1,000;50,23;50,23;27,39;0,00;0,00;22,84;45,47;83,39;5,21;103,71;C;;
23/08/2026;024617 - ACQUA DISTRIBUIDORA DE PERFUMES E COSMETICOS LTDA;07891033520190;BOTI BABY SHAMP V2 200ml;1,000;34,56;34,56;13,19;0,00;0,00;21,37;61,83;162,02;4,88;108,59;C;;
23/08/2026;024617 - ACQUA DISTRIBUIDORA DE PERFUMES E COSMETICOS LTDA;07891033945382;NSPA SAB BARRA CORP AMEI/NEG V4 2x90g;1,000;23,37;23,37;8,92;0,00;0,00;14,45;61,83;162,00;3,30;111,89;C;;
23/08/2026;024617 - ACQUA DISTRIBUIDORA DE PERFUMES E COSMETICOS LTDA;07891033974368;CAIXA LACO M BOTI PAIS 2026 UNIT;1,000;8,38;8,38;0,00;0,00;0,00;8,38;100,00;0,00;1,91;113,80;C;;
23/08/2026;024617 - ACQUA DISTRIBUIDORA DE PERFUMES E COSMETICOS LTDA;07891033908219;SACOLA P BOTICARIO INST/25;2,000;0,02;0,01;2,62;0,00;0,00;-2,60;-13000,00;-99,24;-0,59;113,21;C;;
23/08/2026;024617 - ACQUA DISTRIBUIDORA DE PERFUMES E COSMETICOS LTDA;07891033520213;REF BOTI BABY SHAMP 350ml;1,000;0,01;0,01;11,55;0,00;0,00;-11,54;-115400,00;-99,91;-2,63;110,57;C;;
23/08/2026;024617 - ACQUA DISTRIBUIDORA DE PERFUMES E COSMETICOS LTDA;07891033520244;REF BOTI BABY SAB LIQ GLIC 350ml;1,000;0,01;0,01;20,77;0,00;0,00;-20,76;-207600,00;-99,95;-4,74;105,83;C;;
23/08/2026;024617 - ACQUA DISTRIBUIDORA DE PERFUMES E COSMETICOS LTDA;07891033535088;CBEM LOC DES HID CPO SHOW BNH V2 400ml;1,000;0,01;0,01;25,55;0,00;0,00;-25,54;-255400,00;-99,96;-5,83;100,00;C;;
24/08/2026;024303 - 24303 ACQUA DISTRIBUIDORA DE PERFUMES E;07891033479498;THE BLEND EDP 100ml V2;1,000;297,41;297,41;150,91;0,00;0,00;146,50;49,26;97,08;12,94;12,94;A;;
24/08/2026;024303 - 24303 ACQUA DISTRIBUIDORA DE PERFUMES E;07891033492503;COFFEE D/C DUO/WOM/ORIENT/AMAD V2 100ml;1,000;229,90;229,90;91,26;0,00;0,00;138,64;60,30;151,92;12,25;25,19;A;;
24/08/2026;024303 - 24303 ACQUA DISTRIBUIDORA DE PERFUMES E;07891033867578;NSPA SAB LIQ PERF AMEIXA NEGRA V2 250ml;3,000;171,93;57,31;34,53;0,00;0,00;137,40;79,92;397,91;12,14;37,33;A;;
24/08/2026;024303 - 24303 ACQUA DISTRIBUIDORA DE PERFUMES E;07891033899609;ESTJ LILY L EAU AMOR/26;1,000;226,27;226,27;105,61;0,00;0,00;120,66;53,33;114,25;10,66;47,99;A;;
24/08/2026;024303 - 24303 ACQUA DISTRIBUIDORA DE PERFUMES E;07891033483037;FLORATTA DES COL RED V2 75ml;2,000;252,93;126,46;138,38;0,00;0,00;114,55;45,29;82,78;10,12;58,11;A;;
24/08/2026;024303 - 24303 ACQUA DISTRIBUIDORA DE PERFUMES E;07891033486649;BOTICOLL PORTINARI DES COL 100ml V5;1,000;168,28;168,28;77,64;0,00;0,00;90,64;53,86;116,74;8,01;66,12;A;;
24/08/2026;024303 - 24303 ACQUA DISTRIBUIDORA DE PERFUMES E;07891033483150;FLORATTA DES COL GOLD V3 75ml;1,000;118,03;118,03;28,20;0,00;0,00;89,83;76,11;318,55;7,94;74,06;A;;
24/08/2026;024303 - 24303 ACQUA DISTRIBUIDORA DE PERFUMES E;07891033482801;NSPA DES COL BDY SPLSH AMEI/NEG 200ml V2;1,000;109,38;109,38;20,06;0,00;0,00;89,32;81,66;445,26;7,89;81,95;B;;
24/08/2026;024303 - 24303 ACQUA DISTRIBUIDORA DE PERFUMES E;07891033518692;NSPA OL DES HID CPO ORQ NOIRE 200ml;1,000;99,90;99,90;35,44;0,00;0,00;64,46;64,52;181,88;5,70;87,64;B;;
24/08/2026;024303 - 24303 ACQUA DISTRIBUIDORA DE PERFUMES E;07891033512362;CBEM DES COL BDY SPLSH PESSEGUR V2 200ml;1,000;62,52;62,52;18,25;0,00;0,00;44,27;70,81;242,58;3,91;91,55;B;;
24/08/2026;024303 - 24303 ACQUA DISTRIBUIDORA DE PERFUMES E;07891033536801;QUASAR DES ROLL BLUE V10 55ml;2,000;50,83;25,41;13,22;0,00;0,00;37,61;73,99;284,49;3,32;94,88;B;;
24/08/2026;024303 - 24303 ACQUA DISTRIBUIDORA DE PERFUMES E;07891033487851;MALBEC DES BDY SPR 100ml V4 PCK;1,000;41,99;41,99;22,91;0,00;0,00;19,08;45,44;83,28;1,69;96,56;C;;
24/08/2026;024303 - 24303 ACQUA DISTRIBUIDORA DE PERFUMES E;07891033511730;MAKE B GLOS LAB C/AC POLIG ROS/LOVER 5ml;1,000;47,51;47,51;29,41;0,00;0,00;18,10;38,10;61,54;1,60;98,16;C;;
24/08/2026;024303 - 24303 ACQUA DISTRIBUIDORA DE PERFUMES E;07891033880126;MAKE B BAT LIQ MAT AC/POL G/BERR V2 5ml;1,000;46,67;46,67;29,41;0,00;0,00;17,26;36,98;58,69;1,52;99,69;C;;
24/08/2026;024303 - 24303 ACQUA DISTRIBUIDORA DE PERFUMES E;07891033524686;BOTIK GEL LIM FAC MIC AC MAN/SAL 50g PRM;1,000;15,00;15,00;0,00;0,00;0,00;15,00;100,00;0,00;1,33;101,01;C;;
24/08/2026;024303 - 24303 ACQUA DISTRIBUIDORA DE PERFUMES E;07891033889136;CBEM SPR INTIMO CER/FASES 75ml;1,000;26,32;26,32;12,75;0,00;0,96;12,61;47,91;106,43;1,11;102,13;C;;
24/08/2026;024303 - 24303 ACQUA DISTRIBUIDORA DE PERFUMES E;07891033879823;ACCORDES DES BDY SPR V7 100ml;1,000;34,04;34,04;22,37;0,00;0,00;11,67;34,28;52,17;1,03;103,16;C;;
24/08/2026;024303 - 24303 ACQUA DISTRIBUIDORA DE PERFUMES E;07891033512270;CBEM SAB BARRA NUVEM 4x80g;1,000;25,42;25,42;14,47;0,00;0,00;10,95;43,08;75,67;0,97;104,12;C;;
24/08/2026;024303 - 24303 ACQUA DISTRIBUIDORA DE PERFUMES E;07891033894697;BOTIK SRUM FAC ALT/POT AC/HIAL PRM 10ml;1,000;15,94;15,94;7,27;0,00;0,00;8,67;54,39;119,26;0,77;104,89;C;;
24/08/2026;024303 - 24303 ACQUA DISTRIBUIDORA DE PERFUMES E;07891033748938;EGEO DES BDY SPR DOLCE 100ml V8 PCK;1,000;32,22;32,22;24,32;0,00;0,00;7,90;24,52;32,48;0,70;105,59;C;;
24/08/2026;024303 - 24303 ACQUA DISTRIBUIDORA DE PERFUMES E;07891033949083;MAKE B PRIMER FAC ANTIOL SALIC PRM 5ml;1,000;0,01;0,01;4,95;0,00;0,00;-4,94;-49400,00;-99,80;-0,44;105,15;C;;
24/08/2026;024303 - 24303 ACQUA DISTRIBUIDORA DE PERFUMES E;07891033908219;SACOLA P BOTICARIO INST/25;5,000;0,05;0,01;6,55;0,00;0,00;-6,50;-13000,00;-99,24;-0,57;104,58;C;;
24/08/2026;024303 - 24303 ACQUA DISTRIBUIDORA DE PERFUMES E;07891033534098;REF NSPA SAB LIQ CPO PERF AMEIXA 200ml;1,000;0,01;0,01;17,10;0,00;0,00;-17,09;-170900,00;-99,94;-1,51;103,07;C;;
24/08/2026;024303 - 24303 ACQUA DISTRIBUIDORA DE PERFUMES E;07891033534104;REF NSPA SAB LIQ CPO PERF AMEI/NEG 200ml;1,000;0,01;0,01;17,10;0,00;0,00;-17,09;-170900,00;-99,94;-1,51;101,56;C;;
24/08/2026;024303 - 24303 ACQUA DISTRIBUIDORA DE PERFUMES E;07891033534111;REF NSPA SAB LIQ CP PERF ORQ/NOIRE 200ml;1,000;0,01;0,01;17,64;0,00;0,00;-17,63;-176300,00;-99,94;-1,56;100,00;C;;
24/08/2026;024617 - ACQUA DISTRIBUIDORA DE PERFUMES E COSMETICOS LTDA;07891033541508;MALBEC DES COL ICON 100ml;1,000;197,91;197,91;74,84;0,00;0,00;123,07;62,18;164,44;26,55;26,55;A;;
24/08/2026;024617 - ACQUA DISTRIBUIDORA DE PERFUMES E COSMETICOS LTDA;07891033766666;MEN DES COL GALBE 100ml V2;1,000;174,90;174,90;69,35;0,00;0,00;105,55;60,35;152,20;22,77;49,32;A;;
24/08/2026;024617 - ACQUA DISTRIBUIDORA DE PERFUMES E COSMETICOS LTDA;07891033489978;NSPA OL DES HID CPO AMEI 200ml V3;1,000;99,86;99,86;40,90;0,00;0,00;58,96;59,04;144,16;12,72;62,05;A;;
24/08/2026;024617 - ACQUA DISTRIBUIDORA DE PERFUMES E COSMETICOS LTDA;07891033880775;NSPA LOC DES HID CPO AMEIXA V7 400ml;1,000;89,87;89,87;35,74;0,00;0,00;54,13;60,23;151,45;11,68;73,72;A;;
24/08/2026;024617 - ACQUA DISTRIBUIDORA DE PERFUMES E COSMETICOS LTDA;07891033538386;BOTIK PROT SOL FAC FPS 50 AC/HIAL 40ml;1,000;77,87;77,87;36,28;0,00;0,00;41,59;53,41;114,64;8,97;82,70;B;;
24/08/2026;024617 - ACQUA DISTRIBUIDORA DE PERFUMES E COSMETICOS LTDA;07891033890293;MAKE B CORRET LIQ HYAL 210Q 68ml;1,000;58,32;58,32;23,31;0,00;0,00;35,01;60,03;150,19;7,55;90,25;B;;
24/08/2026;024617 - ACQUA DISTRIBUIDORA DE PERFUMES E COSMETICOS LTDA;07891033889105;BOT SUN PR FAC C/C FPS70 ACQ/F C4.5 40ml;1,000;63,90;63,90;29,58;0,00;0,00;34,32;53,71;116,02;7,40;97,65;C;;
24/08/2026;024617 - ACQUA DISTRIBUIDORA DE PERFUMES E COSMETICOS LTDA;07891033884681;NSPA SAB BARRA AMEIXA V7 90g;1,000;16,90;16,90;6,03;0,00;0,00;10,87;64,32;180,27;2,35;100,00;C;;
24/08/2026;024668 - ACQUA DISTRIBUIDORA DE PERFUMES E COSMETICOS LTDA;07891033898169;THE BLEND EDP BOURBON V2 100ml;1,000;329,12;329,12;91,35;0,00;0,00;237,77;72,24;260,28;23,40;23,40;A;;
24/08/2026;024668 - ACQUA DISTRIBUIDORA DE PERFUMES E COSMETICOS LTDA;07891033902385;ESTJ MALBEC PAIS/26;1,000;234,17;234,17;87,33;0,00;0,00;146,84;62,71;168,14;14,45;37,85;A;;
24/08/2026;024668 - ACQUA DISTRIBUIDORA DE PERFUMES E COSMETICOS LTDA;07891033842131;EGEO DES COL VAN VIBE 90ml;1,000;164,90;164,90;32,78;0,00;0,00;132,12;80,12;403,05;13,00;50,85;A;;
24/08/2026;024668 - ACQUA DISTRIBUIDORA DE PERFUMES E COSMETICOS LTDA;07891033496808;LILY DES COL LEAU DE LILY SOLEIL 75ml;1,000;194,90;194,90;80,34;0,00;0,00;114,56;58,78;142,59;11,27;62,12;A;;
24/08/2026;024668 - ACQUA DISTRIBUIDORA DE PERFUMES E COSMETICOS LTDA;07891033894468;LILY CR AC DES HID CP LEAU/LILY SOL 200g;1,000;129,90;129,90;47,24;0,00;0,00;82,66;63,63;174,98;8,13;70,25;A;;
24/08/2026;024668 - ACQUA DISTRIBUIDORA DE PERFUMES E COSMETICOS LTDA;07891033487851;MALBEC DES BDY SPR 100ml V4 PCK;2,000;88,28;44,14;17,04;0,00;0,00;71,24;80,70;418,08;7,01;77,26;A;;
24/08/2026;024668 - ACQUA DISTRIBUIDORA DE PERFUMES E COSMETICOS LTDA;07891033880775;NSPA LOC DES HID CPO AMEIXA V7 400ml;1,000;89,90;89,90;28,58;0,00;0,00;61,32;68,21;214,56;6,03;83,30;B;;
24/08/2026;024668 - ACQUA DISTRIBUIDORA DE PERFUMES E COSMETICOS LTDA;07891033595174;REF NSPA LOC DES HID CPO AMEIXA 350ml;1,000;69,90;69,90;10,40;0,00;0,00;59,50;85,12;572,12;5,85;89,15;B;;
24/08/2026;024668 - ACQUA DISTRIBUIDORA DE PERFUMES E COSMETICOS LTDA;07891033868698;CLASH LOC DES HID CPO 200ml;1,000;57,90;57,90;11,25;0,00;0,00;46,65;80,57;414,67;4,59;93,74;B;;
24/08/2026;024668 - ACQUA DISTRIBUIDORA DE PERFUMES E COSMETICOS LTDA;07891033511679;CBEM DES ANTIT CREM S/PERF V2 80g;1,000;34,90;34,90;10,45;0,00;0,00;24,45;70,06;233,97;2,41;96,15;C;;
24/08/2026;024668 - ACQUA DISTRIBUIDORA DE PERFUMES E COSMETICOS LTDA;07891033945382;NSPA SAB BARRA CORP AMEI/NEG V4 2x90g;1,000;25,91;25,91;8,83;0,00;0,00;17,08;65,92;193,43;1,68;97,83;C;;
24/08/2026;024668 - ACQUA DISTRIBUIDORA DE PERFUMES E COSMETICOS LTDA;07891033035304;CAIXA M INST 2021 VERDE ECONOMICA;4,000;13,06;3,26;0,00;0,00;0,00;13,06;100,00;0,00;1,29;99,12;C;;
24/08/2026;024668 - ACQUA DISTRIBUIDORA DE PERFUMES E COSMETICOS LTDA;07891033909544;GLAMOUR DES COL INTENSE PRM 10ml;1,000;15,51;15,51;6,19;0,00;0,00;9,32;60,09;150,57;0,92;100,03;C;;
24/08/2026;024668 - ACQUA DISTRIBUIDORA DE PERFUMES E COSMETICOS LTDA;07891033948994;CBEM GEL LIMP FAC FEIR TANGERINA PRM 50g;1,000;14,66;14,66;6,66;0,00;0,00;8,00;54,57;120,12;0,79;100,82;C;;
24/08/2026;024668 - ACQUA DISTRIBUIDORA DE PERFUMES E COSMETICOS LTDA;07891033957996;NSPA CR PERF DES HID CP AMX/INT PRM 50ml;1,000;0,01;0,01;2,23;0,00;0,00;-2,22;-22200,00;-99,55;-0,22;100,60;C;;
24/08/2026;024668 - ACQUA DISTRIBUIDORA DE PERFUMES E COSMETICOS LTDA;07891033896615;EGEO DES COL VANILLA UBESESSION PRM 10ml;1,000;0,01;0,01;6,13;0,00;0,00;-6,12;-61200,00;-99,84;-0,60;100,00;C;;
24/08/2026;024669 - 24669 ACQUA DISTRIBUIDORA DE PERFUMES E;07891033856442;BOTICA 214 EDP ARAB/OASIS FLOR/FRUT 75ml;1,000;203,60;203,60;41,27;0,00;0,00;162,33;79,73;393,34;12,87;12,87;A;;
24/08/2026;024669 - 24669 ACQUA DISTRIBUIDORA DE PERFUMES E;07891033881352;FLORATTA EDP ROSE SUCREE 75ml;1,000;195,11;195,11;51,59;0,00;0,00;143,52;73,56;278,19;11,38;24,25;A;;
24/08/2026;024669 - 24669 ACQUA DISTRIBUIDORA DE PERFUMES E;07891033483037;FLORATTA DES COL RED V2 75ml;1,000;121,41;121,41;35,50;0,00;0,00;85,91;70,76;242,00;6,81;31,06;A;;
24/08/2026;024669 - 24669 ACQUA DISTRIBUIDORA DE PERFUMES E;07891033525072;FLORATTA EDP FLEUR ECLIPSE V2 75ml;1,000;181,03;181,03;98,84;0,00;0,00;82,19;45,40;83,15;6,52;37,57;A;;
24/08/2026;024669 - 24669 ACQUA DISTRIBUIDORA DE PERFUMES E;07891033877973;MAKE B BASE LIQ HYALURONIC 220Q 30ml;1,000;108,32;108,32;32,09;0,00;0,00;76,23;70,37;237,55;6,04;43,62;A;;
24/08/2026;024669 - 24669 ACQUA DISTRIBUIDORA DE PERFUMES E;07891033878055;MAKE B PRIMER ROLLON HYALURONIC 45ml;1,000;98,51;98,51;23,67;0,00;0,00;74,84;75,97;316,18;5,93;49,55;A;;
24/08/2026;024669 - 24669 ACQUA DISTRIBUIDORA DE PERFUMES E;07891033486533;ELYSEE DES ANTIT AEROSSOL 75g V3;2,000;77,48;38,74;22,98;0,00;0,00;54,50;70,34;237,16;4,32;53,87;A;;
24/08/2026;024669 - 24669 ACQUA DISTRIBUIDORA DE PERFUMES E;07891033520251;BOTI BABY SAB LIQ GLIC V2 400ml;1,000;62,91;62,91;13,64;0,00;0,00;49,27;78,32;361,22;3,91;57,78;A;;
24/08/2026;024669 - 24669 ACQUA DISTRIBUIDORA DE PERFUMES E;07891033521364;DR BOTICA COND POC/BRILHO LISOS 400ml;1,000;63,53;63,53;15,04;0,00;0,00;48,49;76,33;322,41;3,84;61,62;A;;
24/08/2026;024669 - 24669 ACQUA DISTRIBUIDORA DE PERFUMES E;07891033490257;FLORATTA DES BDY SPR ROSE 100ml V8;1,000;52,90;52,90;8,72;0,00;0,00;44,18;83,52;506,65;3,50;65,13;A;;
24/08/2026;024669 - 24669 ACQUA DISTRIBUIDORA DE PERFUMES E;07891033756308;INTENSE PO COMPACTO FACIAL 50 5g;1,000;59,32;59,32;15,25;0,00;0,00;44,07;74,29;288,98;3,49;68,62;A;;
24/08/2026;024669 - 24669 ACQUA DISTRIBUIDORA DE PERFUMES E;07891033825455;MAKE B BAS LIQ MATE SALICYLIC 210 30g;1,000;79,90;79,90;36,17;0,00;0,00;43,73;54,73;120,90;3,47;72,09;A;;
24/08/2026;024669 - 24669 ACQUA DISTRIBUIDORA DE PERFUMES E;07891033595174;REF NSPA LOC DES HID CPO AMEIXA 350ml;2,000;61,99;30,99;21,02;0,00;0,00;40,97;66,09;194,91;3,25;75,33;A;;
24/08/2026;024669 - 24669 ACQUA DISTRIBUIDORA DE PERFUMES E;07891033733675;EGEO DES BDY SPR BLUE 100ml V2 PCK;1,000;47,61;47,61;8,18;0,00;0,00;39,43;82,82;482,03;3,13;78,46;A;;
24/08/2026;024669 - 24669 ACQUA DISTRIBUIDORA DE PERFUMES E;07891033766642;MEN DES COL NEW 100ml;1,000;84,95;84,95;47,22;0,00;0,00;37,73;44,41;79,90;2,99;81,45;B;;
24/08/2026;024669 - 24669 ACQUA DISTRIBUIDORA DE PERFUMES E;07891033590193;MALBEC LOC DES HID CPO CUIDADOS V3 200ml;1,000;66,47;66,47;29,23;0,00;0,00;37,24;56,03;127,40;2,95;84,40;B;;
24/08/2026;024669 - 24669 ACQUA DISTRIBUIDORA DE PERFUMES E;07891033890286;MAKE B CORRET LIQ HYAL 170Q 68ml;1,000;51,34;51,34;14,93;0,00;0,00;36,41;70,92;243,87;2,89;87,29;B;;
24/08/2026;024669 - 24669 ACQUA DISTRIBUIDORA DE PERFUMES E;07891033498130;EGEO SHW GEL CPO ORIGNL 200g V2;1,000;35,91;35,91;0,00;0,00;0,00;35,91;100,00;0,00;2,85;90,14;B;;
24/08/2026;024669 - 24669 ACQUA DISTRIBUIDORA DE PERFUMES E;07891033595167;REF NSPA LOC DES HID CPO AMEI/NEG 350ml;1,000;62,91;62,91;27,08;0,00;0,00;35,83;56,95;132,31;2,84;92,98;B;;
24/08/2026;024669 - 24669 ACQUA DISTRIBUIDORA DE PERFUMES E;07891033842445;CBEM LOC DES HID CPO PESSEGURA 50ml PRM;1,000;20,01;20,01;0,00;0,00;0,00;20,01;100,00;0,00;1,59;94,56;B;;
24/08/2026;024669 - 24669 ACQUA DISTRIBUIDORA DE PERFUMES E;07891033559756;MEN SHAMP/COND 2/1 250ml;1,000;38,61;38,61;19,06;0,00;0,00;19,55;50,63;102,57;1,55;96,11;C;;
24/08/2026;024669 - 24669 ACQUA DISTRIBUIDORA DE PERFUMES E;07891033896639;CBEM SAB BARRA DELEITE ESPEC 2x90g;1,000;26,91;26,91;7,83;0,00;0,00;19,08;70,90;243,68;1,51;97,63;C;;
24/08/2026;024669 - 24669 ACQUA DISTRIBUIDORA DE PERFUMES E;07891033873746;NSPA SAB BARRA CORP AMEI/NEG V3 2x90g;1,000;27,77;27,77;9,09;0,00;0,00;18,68;67,27;205,50;1,48;99,11;C;;
24/08/2026;024669 - 24669 ACQUA DISTRIBUIDORA DE PERFUMES E;07891033524686;BOTIK GEL LIM FAC MIC AC MAN/SAL 50g PRM;1,000;13,50;13,50;0,00;0,00;0,00;13,50;100,00;0,00;1,07;100,18;C;;
24/08/2026;024669 - 24669 ACQUA DISTRIBUIDORA DE PERFUMES E;07891033539345;BOTICOLL PORTINARI DES ANTIT AER V8 75g;1,000;30,97;30,97;17,49;0,00;0,00;13,48;43,53;77,07;1,07;101,25;C;;
24/08/2026;024669 - 24669 ACQUA DISTRIBUIDORA DE PERFUMES E;07891033909544;GLAMOUR DES COL INTENSE PRM 10ml;1,000;16,63;16,63;6,19;0,00;0,00;10,44;62,78;168,66;0,83;102,07;C;;
24/08/2026;024669 - 24669 ACQUA DISTRIBUIDORA DE PERFUMES E;07891033974368;CAIXA LACO M BOTI PAIS 2026 UNIT;1,000;10,35;10,35;0,00;0,00;0,00;10,35;100,00;0,00;0,82;102,90;C;;
24/08/2026;024669 - 24669 ACQUA DISTRIBUIDORA DE PERFUMES E;07891033539710;CBEM MASC CAP SCH FEIRA PASTA ABAC 30ml;1,000;11,55;11,55;3,73;0,00;0,00;7,82;67,71;209,65;0,62;103,52;C;;
24/08/2026;024669 - 24669 ACQUA DISTRIBUIDORA DE PERFUMES E;07891033520244;REF BOTI BABY SAB LIQ GLIC 350ml;1,000;0,01;0,01;9,60;0,00;0,00;-9,59;-95900,00;-99,90;-0,76;102,75;C;;
24/08/2026;024669 - 24669 ACQUA DISTRIBUIDORA DE PERFUMES E;07891033957996;NSPA CR PERF DES HID CP AMX/INT PRM 50ml;5,000;0,05;0,01;11,15;0,00;0,00;-11,10;-22200,00;-99,55;-0,88;101,87;C;;
24/08/2026;024669 - 24669 ACQUA DISTRIBUIDORA DE PERFUMES E;07891033771493;BOTIK GEL FAC LIMP NUTR VITAM B5 150g;1,000;0,01;0,01;23,66;0,00;0,00;-23,65;-236500,00;-99,96;-1,87;100,00;C;;
24/08/2026;024670 - ACQUA DISTRIBUIDORA DE PERFUMES E COSMETICOS LTDA;07891033553570;MALBEC EDP 90ml;2,000;505,93;252,96;230,70;0,00;0,00;275,23;54,40;119,30;10,21;10,21;A;;
24/08/2026;024670 - ACQUA DISTRIBUIDORA DE PERFUMES E COSMETICOS LTDA;07891033479054;BOTICOLL ACQUA FRESCA DES COL 100ml V2;3,000;248,51;82,84;71,94;0,00;0,00;176,57;71,05;245,44;6,55;16,76;A;;
24/08/2026;024670 - ACQUA DISTRIBUIDORA DE PERFUMES E COSMETICOS LTDA;07891033822386;BOTICOLL DES COL THATY 200ml;1,000;197,91;197,91;30,10;0,00;0,00;167,81;84,79;557,51;6,22;22,98;A;;
24/08/2026;024670 - ACQUA DISTRIBUIDORA DE PERFUMES E COSMETICOS LTDA;07891033481415;ACCORDES DES COL 80ml V5;2,000;249,90;124,95;82,72;0,00;0,00;167,18;66,90;202,10;6,20;29,18;A;;
24/08/2026;024670 - ACQUA DISTRIBUIDORA DE PERFUMES E COSMETICOS LTDA;07891033483136;FLORATTA DES COL ROSE V4 75ml;1,000;174,90;174,90;30,70;0,00;0,00;144,20;82,45;469,71;5,35;34,53;A;;
24/08/2026;024670 - ACQUA DISTRIBUIDORA DE PERFUMES E COSMETICOS LTDA;07891033837564;COFFEE DES COL WOMAN LUCKY 100ML;2,000;221,28;110,64;80,58;0,00;0,00;140,70;63,58;174,61;5,22;39,75;A;;
24/08/2026;024670 - ACQUA DISTRIBUIDORA DE PERFUMES E COSMETICOS LTDA;07891033512423;QUASAR DES COL BRAVE V2 100ml;1,000;164,98;164,98;33,96;0,00;0,00;131,02;79,42;385,81;4,86;44,61;A;;
24/08/2026;024670 - ACQUA DISTRIBUIDORA DE PERFUMES E COSMETICOS LTDA;07891033513246;QUASAR DES SPR RUSH V2 100ml;3,000;152,75;50,92;30,09;0,00;0,00;122,66;80,30;407,64;4,55;49,16;A;;
24/08/2026;024670 - ACQUA DISTRIBUIDORA DE PERFUMES E COSMETICOS LTDA;07891033897902;CBEM DES COL BDY SPLSH LAVANDINHA 200ml;2,000;156,43;78,21;38,48;0,00;0,00;117,95;75,40;306,52;4,37;53,53;A;;
24/08/2026;024670 - ACQUA DISTRIBUIDORA DE PERFUMES E COSMETICOS LTDA;07891033481392;COFFEE DES COL WOMAN SEDUC 100ml V5;1,000;155,25;155,25;41,83;0,00;0,00;113,42;73,06;271,15;4,21;57,74;A;;
24/08/2026;024670 - ACQUA DISTRIBUIDORA DE PERFUMES E COSMETICOS LTDA;07891033491544;COFFEE DES COL UNIQ WOM FL/GOURM 100ml;1,000;155,26;155,26;42,05;0,00;0,00;113,21;72,92;269,23;4,20;61,94;A;;
24/08/2026;024670 - ACQUA DISTRIBUIDORA DE PERFUMES E COSMETICOS LTDA;07891033533862;BOTIK PROT SOL FAC FPS 80 AC/HIAL 40ml;2,000;165,79;82,89;53,70;0,00;0,00;112,09;67,61;208,73;4,16;66,10;A;;
24/08/2026;024670 - ACQUA DISTRIBUIDORA DE PERFUMES E COSMETICOS LTDA;07891033534159;LIZ DES COL INTENSO 100ml;1,000;139,47;139,47;34,65;0,00;0,00;104,82;75,16;302,51;3,89;69,98;A;;
24/08/2026;024670 - ACQUA DISTRIBUIDORA DE PERFUMES E COSMETICOS LTDA;07891033506774;CLASH DES COL 100ml;1,000;129,97;129,97;37,78;0,00;0,00;92,19;70,93;244,02;3,42;73,40;A;;
24/08/2026;024670 - ACQUA DISTRIBUIDORA DE PERFUMES E COSMETICOS LTDA;07891033013029;PMPCK LILY DES ANTIT AER 2x75g;3,000;168,25;56,08;78,42;0,00;0,00;89,83;53,39;114,55;3,33;76,73;A;;
24/08/2026;024670 - ACQUA DISTRIBUIDORA DE PERFUMES E COSMETICOS LTDA;07891033877973;MAKE B BASE LIQ HYALURONIC 220Q 30ml;1,000;101,41;101,41;32,09;0,00;0,00;69,32;68,36;216,02;2,57;79,31;A;;
24/08/2026;024670 - ACQUA DISTRIBUIDORA DE PERFUMES E COSMETICOS LTDA;07891033511631;CBEM DES COL BDY SPLSH R/ALG V3 200ml;1,000;80,67;80,67;18,13;0,00;0,00;62,54;77,53;344,95;2,32;81,63;B;;
24/08/2026;024670 - ACQUA DISTRIBUIDORA DE PERFUMES E COSMETICOS LTDA;07891033945368;BOTIK GEL CONC LIMP FAC AC/GLIC V3 150g;1,000;71,44;71,44;15,67;0,00;0,00;55,77;78,07;355,90;2,07;83,69;B;;
24/08/2026;024670 - ACQUA DISTRIBUIDORA DE PERFUMES E COSMETICOS LTDA;07891033514687;BOTIK CR HID FAC ANTIOX VITAM C V2 50g;1,000;88,61;88,61;35,36;0,00;0,00;53,25;60,09;150,59;1,98;85,67;B;;
24/08/2026;024670 - ACQUA DISTRIBUIDORA DE PERFUMES E COSMETICOS LTDA;07891033598762;BOTIK CR MULTIREP FAC CIC/PANT/CER 30g;1,000;58,64;58,64;13,57;0,00;0,00;45,07;76,86;332,13;1,67;87,34;B;;
24/08/2026;024670 - ACQUA DISTRIBUIDORA DE PERFUMES E COSMETICOS LTDA;07891033748938;EGEO DES BDY SPR DOLCE 100ml V8 PCK;1,000;50,00;50,00;8,81;0,00;0,00;41,19;82,38;467,54;1,53;88,87;B;;
24/08/2026;024670 - ACQUA DISTRIBUIDORA DE PERFUMES E COSMETICOS LTDA;07891033718771;BOTICOLL CRAZY DES COL FEELINGS 100ml;1,000;78,51;78,51;41,43;0,00;0,00;37,08;47,23;89,50;1,38;90,24;B;;
24/08/2026;024670 - ACQUA DISTRIBUIDORA DE PERFUMES E COSMETICOS LTDA;07891033055463;MAKE B PRIMER FAC ANTIOL SALICYLIC 30g;1,000;67,62;67,62;32,33;0,00;0,00;35,29;52,19;109,16;1,31;91,55;B;;
24/08/2026;024670 - ACQUA DISTRIBUIDORA DE PERFUMES E COSMETICOS LTDA;07891033780006;MALBEC DES BDY SPR BLACK 100ml V2 PCK;1,000;42,40;42,40;7,99;0,00;0,00;34,41;81,16;430,66;1,28;92,83;B;;
24/08/2026;024670 - ACQUA DISTRIBUIDORA DE PERFUMES E COSMETICOS LTDA;07891033578337;NSPA SAB LIQ PERF CPO CER/ROUGE 250ml;1,000;53,77;53,77;19,53;0,00;0,00;34,24;63,68;175,32;1,27;94,10;B;;
24/08/2026;024670 - ACQUA DISTRIBUIDORA DE PERFUMES E COSMETICOS LTDA;07891033733675;EGEO DES BDY SPR BLUE 100ml V2 PCK;1,000;42,40;42,40;8,18;0,00;0,00;34,22;80,71;418,34;1,27;95,37;C;;
24/08/2026;024670 - ACQUA DISTRIBUIDORA DE PERFUMES E COSMETICOS LTDA;07891033487851;MALBEC DES BDY SPR 100ml V4 PCK;1,000;41,43;41,43;8,51;0,00;0,00;32,92;79,46;386,84;1,22;96,59;C;;
24/08/2026;024670 - ACQUA DISTRIBUIDORA DE PERFUMES E COSMETICOS LTDA;07891033511655;CBEM SAB BARRA ROSA/ALGODAO 4x80g;1,000;38,90;38,90;13,78;0,00;0,00;25,12;64,58;182,29;0,93;97,52;C;;
24/08/2026;024670 - ACQUA DISTRIBUIDORA DE PERFUMES E COSMETICOS LTDA;07891033482559;NSPA LOC DES HID CPO F/AMEI 200ml V5;1,000;31,46;31,46;10,68;0,00;0,00;20,78;66,05;194,57;0,77;98,29;C;;
24/08/2026;024670 - ACQUA DISTRIBUIDORA DE PERFUMES E COSMETICOS LTDA;07891033767564;MALBEC SAB BARRA 2x80g;1,000;27,76;27,76;9,40;0,00;0,00;18,36;66,14;195,32;0,68;98,97;C;;
24/08/2026;024670 - ACQUA DISTRIBUIDORA DE PERFUMES E COSMETICOS LTDA;07891033944996;CBEM SAB BARRA PESSEGURA V3 4x80g;1,000;28,03;28,03;10,70;0,00;0,00;17,33;61,83;161,96;0,64;99,62;C;;
24/08/2026;024670 - ACQUA DISTRIBUIDORA DE PERFUMES E COSMETICOS LTDA;07891033974368;CAIXA LACO M BOTI PAIS 2026 UNIT;1,000;10,01;10,01;0,00;0,00;0,00;10,01;100,00;0,00;0,37;99,99;C;;
24/08/2026;024670 - ACQUA DISTRIBUIDORA DE PERFUMES E COSMETICOS LTDA;07891033948994;CBEM GEL LIMP FAC FEIR TANGERINA PRM 50g;1,000;14,68;14,68;6,66;0,00;0,00;8,02;54,63;120,42;0,30;100,28;C;;
24/08/2026;024670 - ACQUA DISTRIBUIDORA DE PERFUMES E COSMETICOS LTDA;07891033035298;CAIXA M INST 2021 ROSA ECONOMICA;1,000;3,44;3,44;0,00;0,00;0,00;3,44;100,00;0,00;0,13;100,41;C;;
24/08/2026;024670 - ACQUA DISTRIBUIDORA DE PERFUMES E COSMETICOS LTDA;07891033957996;NSPA CR PERF DES HID CP AMX/INT PRM 50ml;5,000;0,05;0,01;11,15;0,00;0,00;-11,10;-22200,00;-99,55;-0,41;100,00;C;;
24/08/2026;024671 - 24671 ACQUA DISTRIBUIDORA DE PERFUMES E;07891033468980;ZAAD EDP EXPEDITION 95ml;2,000;605,53;302,76;288,68;0,00;0,00;316,85;52,33;109,76;13,95;13,95;A;;
24/08/2026;024671 - 24671 ACQUA DISTRIBUIDORA DE PERFUMES E;07891033553570;MALBEC EDP 90ml;1,000;240,47;240,47;57,25;0,00;0,00;183,22;76,19;320,03;8,06;22,01;A;;
24/08/2026;024671 - 24671 ACQUA DISTRIBUIDORA DE PERFUMES E;07891033514670;BOTIK SRUM FAC ALT POT VITAM C 30ml;1,000;196,91;196,91;40,78;0,00;0,00;156,13;79,29;382,86;6,87;28,88;A;;
24/08/2026;024671 - 24671 ACQUA DISTRIBUIDORA DE PERFUMES E;07891033550838;NEXT COLONIA 75ml;2,000;205,01;102,50;62,76;0,00;0,00;142,25;69,39;226,66;6,26;35,14;A;;
24/08/2026;024671 - 24671 ACQUA DISTRIBUIDORA DE PERFUMES E;07891033541508;MALBEC DES COL ICON 100ml;1,000;188,77;188,77;81,87;0,00;0,00;106,90;56,63;130,57;4,71;39,85;A;;
24/08/2026;024671 - 24671 ACQUA DISTRIBUIDORA DE PERFUMES E;07891033843879;MALBEC DES COL V6 100ml;1,000;189,26;189,26;82,64;0,00;0,00;106,62;56,34;129,02;4,69;44,54;A;;
24/08/2026;024671 - 24671 ACQUA DISTRIBUIDORA DE PERFUMES E;07891033498123;EGEO DES COL ORIGNL 90ml V2;1,000;158,95;158,95;57,63;0,00;0,00;101,32;63,74;175,81;4,46;49,00;A;;
24/08/2026;024671 - 24671 ACQUA DISTRIBUIDORA DE PERFUMES E;07891033538386;BOTIK PROT SOL FAC FPS 50 AC/HIAL 40ml;2,000;142,26;71,13;46,00;0,00;0,00;96,26;67,66;209,26;4,24;53,24;A;;
24/08/2026;024671 - 24671 ACQUA DISTRIBUIDORA DE PERFUMES E;07891033767007;LIZ DES COL 100ml;1,000;124,99;124,99;36,24;0,00;0,00;88,75;71,01;244,90;3,91;57,14;A;;
24/08/2026;024671 - 24671 ACQUA DISTRIBUIDORA DE PERFUMES E;07891033514410;DR BOTICA COL POCAO FORCA 120ml V2;1,000;98,90;98,90;17,99;0,00;0,00;80,91;81,81;449,75;3,56;60,70;A;;
24/08/2026;024671 - 24671 ACQUA DISTRIBUIDORA DE PERFUMES E;07891033479085;DREAM DES COL SPLSH VIAG/ENC 200ml V2;1,000;108,30;108,30;29,10;0,00;0,00;79,20;73,13;272,16;3,49;64,19;A;;
24/08/2026;024671 - 24671 ACQUA DISTRIBUIDORA DE PERFUMES E;07891033482801;NSPA DES COL BDY SPLSH AMEI/NEG 200ml V2;1,000;95,10;95,10;20,99;0,00;0,00;74,11;77,93;353,07;3,26;67,45;A;;
24/08/2026;024671 - 24671 ACQUA DISTRIBUIDORA DE PERFUMES E;07891033890736;MAKE B BASE LIQ HYALURONIC 290N 30ml;1,000;102,17;102,17;33,06;0,00;0,00;69,11;67,64;209,04;3,04;70,49;A;;
24/08/2026;024671 - 24671 ACQUA DISTRIBUIDORA DE PERFUMES E;07891033518029;BOTI BABY COL SOL V2 100ml;1,000;83,59;83,59;16,56;0,00;0,00;67,03;80,19;404,77;2,95;73,44;A;;
24/08/2026;024671 - 24671 ACQUA DISTRIBUIDORA DE PERFUMES E;07891033830602;CELEBRE DES COL FLOR FRUT FORC 100ml;1,000;110,71;110,71;45,91;0,00;0,00;64,80;58,53;141,15;2,85;76,29;A;;
24/08/2026;024671 - 24671 ACQUA DISTRIBUIDORA DE PERFUMES E;07891033536283;BOTIK GEL LIMP FAC VITAM C PRM 50g;6,000;61,27;10,21;0,00;0,00;0,00;61,27;100,00;0,00;2,70;78,99;A;;
24/08/2026;024671 - 24671 ACQUA DISTRIBUIDORA DE PERFUMES E;07891033486342;DREAM DES COL SPLSH AMOR NO AR 200ml V2;1,000;94,09;94,09;46,10;0,00;0,00;47,99;51,00;104,10;2,11;81,10;B;;
24/08/2026;024671 - 24671 ACQUA DISTRIBUIDORA DE PERFUMES E;07891033515219;DR BOTICA COL POCAO/CORAG 120ml V2;1,000;84,97;84,97;40,58;0,00;0,00;44,39;52,24;109,39;1,95;83,06;B;;
24/08/2026;024671 - 24671 ACQUA DISTRIBUIDORA DE PERFUMES E;07891033520053;REF NSPA LOC RAD D H CPO AMEI DOUR 350ml;2,000;63,14;31,57;22,60;0,00;0,00;40,54;64,21;179,38;1,78;84,84;B;;
24/08/2026;024671 - 24671 ACQUA DISTRIBUIDORA DE PERFUMES E;07891033520084;NSPA LOC RAD DES HID CPO AMEI DOUR 200ml;2,000;62,91;31,45;22,38;0,00;0,00;40,53;64,43;181,10;1,78;86,63;B;;
24/08/2026;024671 - 24671 ACQUA DISTRIBUIDORA DE PERFUMES E;07891033880188;MAKE B BAT LIQ MAT AC/POL WARM/CA V2 5ml;1,000;52,76;52,76;14,07;0,00;0,00;38,69;73,33;274,98;1,70;88,33;B;;
24/08/2026;024671 - 24671 ACQUA DISTRIBUIDORA DE PERFUMES E;07891033518012;BOTI BABY SAB LIQ GLIC V2 200ml;1,000;42,61;42,61;10,57;0,00;0,00;32,04;75,19;303,12;1,41;89,74;B;;
24/08/2026;024671 - 24671 ACQUA DISTRIBUIDORA DE PERFUMES E;07891033520220;BOTI BABY LOC HID CPO 200ml;1,000;54,46;54,46;25,09;0,00;0,00;29,37;53,93;117,06;1,29;91,03;B;;
24/08/2026;024671 - 24671 ACQUA DISTRIBUIDORA DE PERFUMES E;07891033598762;BOTIK CR MULTIREP FAC CIC/PANT/CER 30g;1,000;54,43;54,43;25,09;0,00;0,00;29,34;53,90;116,94;1,29;92,32;B;;
24/08/2026;024671 - 24671 ACQUA DISTRIBUIDORA DE PERFUMES E;07891033771837;LIZ CREM DES HID CPO 250g;1,000;43,05;43,05;14,86;0,00;0,00;28,19;65,48;189,70;1,24;93,56;B;;
24/08/2026;024671 - 24671 ACQUA DISTRIBUIDORA DE PERFUMES E;07891033816132;MAKE B BAT CREM C/AC POL WATERMELON 36g;1,000;49,88;49,88;24,08;0,00;0,00;25,80;51,72;107,14;1,14;94,70;B;;
24/08/2026;024671 - 24671 ACQUA DISTRIBUIDORA DE PERFUMES E;07891033511679;CBEM DES ANTIT CREM S/PERF V2 80g;1,000;34,90;34,90;10,25;0,00;0,00;24,65;70,63;240,49;1,08;95,78;C;;
24/08/2026;024671 - 24671 ACQUA DISTRIBUIDORA DE PERFUMES E;07891033514366;DR BOTICA SAB BARRA POC/CORAG 3x80g V2;1,000;38,57;38,57;14,20;0,00;0,00;24,37;63,18;171,62;1,07;96,86;C;;
24/08/2026;024671 - 24671 ACQUA DISTRIBUIDORA DE PERFUMES E;07891033827008;MATCH SHAMP HIDRATACAO ANTIF 300ml;1,000;32,72;32,72;9,23;0,00;0,00;23,49;71,79;254,50;1,03;97,89;C;;
24/08/2026;024671 - 24671 ACQUA DISTRIBUIDORA DE PERFUMES E;07891033575916;CBEM DES COL BDY SPLSH PESSEGURA 60ml;1,000;31,34;31,34;10,28;0,00;0,00;21,06;67,20;204,86;0,93;98,82;C;;
24/08/2026;024671 - 24671 ACQUA DISTRIBUIDORA DE PERFUMES E;07891033944996;CBEM SAB BARRA PESSEGURA V3 4x80g;1,000;28,29;28,29;12,70;0,00;0,00;15,59;55,11;122,76;0,69;99,50;C;;
24/08/2026;024671 - 24671 ACQUA DISTRIBUIDORA DE PERFUMES E;07891033554089;BOTIK CR N FIR ROST/PESC RES/SIL PRM 10g;2,000;14,53;7,26;0,00;0,00;0,00;14,53;100,00;0,00;0,64;100,14;C;;
24/08/2026;024671 - 24671 ACQUA DISTRIBUIDORA DE PERFUMES E;07891033827015;MATCH COND HIDRATACAO ANTIF 280ml;1,000;34,09;34,09;20,33;0,00;0,00;13,76;40,36;67,68;0,61;100,75;C;;
24/08/2026;024671 - 24671 ACQUA DISTRIBUIDORA DE PERFUMES E;07891033908219;SACOLA P BOTICARIO INST/25;2,000;0,02;0,01;2,62;0,00;0,00;-2,60;-13000,00;-99,24;-0,11;100,63;C;;
24/08/2026;024671 - 24671 ACQUA DISTRIBUIDORA DE PERFUMES E;07891033957996;NSPA CR PERF DES HID CP AMX/INT PRM 50ml;3,000;0,03;0,01;6,69;0,00;0,00;-6,66;-22200,00;-99,55;-0,29;100,34;C;;
24/08/2026;024671 - 24671 ACQUA DISTRIBUIDORA DE PERFUMES E;07891033908226;SACOLA M BOTICARIO INST/25;5,000;0,05;0,01;7,80;0,00;0,00;-7,75;-15500,00;-99,36;-0,34;100,00;C;;
25/08/2026;024303 - 24303 ACQUA DISTRIBUIDORA DE PERFUMES E;07891033506774;CLASH DES COL 100ml;1,000;179,90;179,90;38,17;0,00;0,00;141,73;78,78;371,31;21,15;21,15;A;;
25/08/2026;024303 - 24303 ACQUA DISTRIBUIDORA DE PERFUMES E;07891033491544;COFFEE DES COL UNIQ WOM FL/GOURM 100ml;1,000;183,34;183,34;63,73;0,00;0,00;119,61;65,24;187,68;17,85;39,00;A;;
25/08/2026;024303 - 24303 ACQUA DISTRIBUIDORA DE PERFUMES E;07891033486342;DREAM DES COL SPLSH AMOR NO AR 200ml V2;2,000;191,26;95,63;93,18;0,00;0,00;98,08;51,28;105,26;14,64;53,64;A;;
25/08/2026;024303 - 24303 ACQUA DISTRIBUIDORA DE PERFUMES E;07891033539765;UOMINI CREM POS BARBA 100g;1,000;67,90;67,90;9,42;0,00;0,00;58,48;86,13;620,81;8,73;62,36;A;;
25/08/2026;024303 - 24303 ACQUA DISTRIBUIDORA DE PERFUMES E;07891033483037;FLORATTA DES COL RED V2 75ml;1,000;118,27;118,27;69,19;0,00;0,00;49,08;41,50;70,94;7,32;69,69;A;;
25/08/2026;024303 - 24303 ACQUA DISTRIBUIDORA DE PERFUMES E;07891033894840;NSPA TRIO SAB BARR BES SEL COLL 3x100g;1,000;59,15;59,15;17,06;0,00;0,00;42,09;71,16;246,72;6,28;75,97;A;;
25/08/2026;024303 - 24303 ACQUA DISTRIBUIDORA DE PERFUMES E;07891033487851;MALBEC DES BDY SPR 100ml V4 PCK;2,000;87,72;43,86;45,82;0,00;0,00;41,90;47,77;91,44;6,25;82,22;B;;
25/08/2026;024303 - 24303 ACQUA DISTRIBUIDORA DE PERFUMES E;07891033512355;CBEM MASC HID P/BUMBUM PESSEGURA V2 230g;1,000;60,55;60,55;18,97;0,00;0,00;41,58;68,67;219,19;6,21;88,43;B;;
25/08/2026;024303 - 24303 ACQUA DISTRIBUIDORA DE PERFUMES E;07891033509560;CLASH DES BDY SPR 100ml;1,000;52,90;52,90;24,32;0,00;0,00;28,58;54,03;117,52;4,27;92,69;B;;
25/08/2026;024303 - 24303 ACQUA DISTRIBUIDORA DE PERFUMES E;07891033508815;CBEM DES COL BDY SPLSH DELEITE V3 200ml;1,000;60,26;60,26;36,91;0,00;0,00;23,35;38,75;63,26;3,48;96,18;C;;
25/08/2026;024303 - 24303 ACQUA DISTRIBUIDORA DE PERFUMES E;07891033524686;BOTIK GEL LIM FAC MIC AC MAN/SAL 50g PRM;1,000;15,90;15,90;0,00;0,00;0,00;15,90;100,00;0,00;2,37;98,55;C;;
25/08/2026;024303 - 24303 ACQUA DISTRIBUIDORA DE PERFUMES E;07891033894017;CX PRESENTE M BOTI INST/25 VDA;1,000;12,25;12,25;0,00;0,00;0,00;12,25;100,00;0,00;1,83;100,38;C;;
25/08/2026;024303 - 24303 ACQUA DISTRIBUIDORA DE PERFUMES E;07891033879823;ACCORDES DES BDY SPR V7 100ml;1,000;33,07;33,07;22,37;0,00;0,00;10,70;32,36;47,83;1,60;101,98;C;;
25/08/2026;024303 - 24303 ACQUA DISTRIBUIDORA DE PERFUMES E;07891033908196;SACOLA PP BOTICARIO INST/25;1,000;0,01;0,01;0,71;0,00;0,00;-0,70;-7000,00;-98,59;-0,10;101,87;C;;
25/08/2026;024303 - 24303 ACQUA DISTRIBUIDORA DE PERFUMES E;07891033908226;SACOLA M BOTICARIO INST/25;2,000;0,02;0,01;3,12;0,00;0,00;-3,10;-15500,00;-99,36;-0,46;101,41;C;;
25/08/2026;024303 - 24303 ACQUA DISTRIBUIDORA DE PERFUMES E;07891033957996;NSPA CR PERF DES HID CP AMX/INT PRM 50ml;2,000;0,02;0,01;4,52;0,00;0,00;-4,50;-22500,00;-99,56;-0,67;100,74;C;;
25/08/2026;024303 - 24303 ACQUA DISTRIBUIDORA DE PERFUMES E;07891033949083;MAKE B PRIMER FAC ANTIOL SALIC PRM 5ml;1,000;0,01;0,01;4,95;0,00;0,00;-4,94;-49400,00;-99,80;-0,74;100,00;C;;
25/08/2026;024617 - ACQUA DISTRIBUIDORA DE PERFUMES E COSMETICOS LTDA;07891033481811;LILY OL PERF DES CPO 150ml V11;1,000;91,90;91,90;19,71;0,00;0,00;72,19;78,55;366,26;73,72;73,72;A;;
25/08/2026;024617 - ACQUA DISTRIBUIDORA DE PERFUMES E COSMETICOS LTDA;07891033595174;REF NSPA LOC DES HID CPO AMEIXA 350ml;2,000;69,90;34,95;54,10;0,00;0,00;15,80;22,60;29,21;16,13;89,85;B;;
25/08/2026;024617 - ACQUA DISTRIBUIDORA DE PERFUMES E COSMETICOS LTDA;07891033867684;FLORATTA SAB LIQ CPO RED 150ml;2,000;44,90;22,45;31,86;0,00;0,00;13,04;29,04;40,93;13,32;103,17;C;;
25/08/2026;024617 - ACQUA DISTRIBUIDORA DE PERFUMES E COSMETICOS LTDA;07891033908226;SACOLA M BOTICARIO INST/25;2,000;0,02;0,01;3,12;0,00;0,00;-3,10;-15500,00;-99,36;-3,17;100,00;C;;
25/08/2026;024668 - ACQUA DISTRIBUIDORA DE PERFUMES E COSMETICOS LTDA;07891033553570;MALBEC EDP 90ml;1,000;255,20;255,20;57,29;0,00;0,00;197,91;77,55;345,45;5,30;5,30;A;;
25/08/2026;024668 - ACQUA DISTRIBUIDORA DE PERFUMES E COSMETICOS LTDA;07891033767007;LIZ DES COL 100ml;2,000;252,33;126,16;72,48;0,00;0,00;179,85;71,28;248,14;4,82;10,12;A;;
25/08/2026;024668 - ACQUA DISTRIBUIDORA DE PERFUMES E COSMETICOS LTDA;07891033905133;MALBEC DES COL V7 100ml;1,000;211,47;211,47;44,75;0,00;0,00;166,72;78,84;372,56;4,47;14,59;A;;
25/08/2026;024668 - ACQUA DISTRIBUIDORA DE PERFUMES E COSMETICOS LTDA;07891033744442;ARBO DES COL BOTANIC 100ml V2 RPCK;1,000;184,90;184,90;35,27;0,00;0,00;149,63;80,92;424,24;4,01;18,60;A;;
25/08/2026;024668 - ACQUA DISTRIBUIDORA DE PERFUMES E COSMETICOS LTDA;07891033861811;ESTJ LILY LEAU/LILY SOLEIL NAT/25;1,000;201,85;201,85;66,92;0,00;0,00;134,93;66,85;201,63;3,62;22,22;A;;
25/08/2026;024668 - ACQUA DISTRIBUIDORA DE PERFUMES E COSMETICOS LTDA;07891033554072;BOTIK CR NUTR FIRM ROS/PESC RESV/SIL 40g;1,000;176,10;176,10;48,17;0,00;0,00;127,93;72,65;265,58;3,43;25,65;A;;
25/08/2026;024668 - ACQUA DISTRIBUIDORA DE PERFUMES E COSMETICOS LTDA;07891033909537;GLAMOUR DES COL INTENSE 75ml;1,000;164,90;164,90;38,43;0,00;0,00;126,47;76,69;329,09;3,39;29,04;A;;
25/08/2026;024668 - ACQUA DISTRIBUIDORA DE PERFUMES E COSMETICOS LTDA;07891033883646;QUASAR DES COL CLASSIC V2 100ml;1,000;144,90;144,90;28,10;0,00;0,00;116,80;80,61;415,66;3,13;32,17;A;;
25/08/2026;024668 - ACQUA DISTRIBUIDORA DE PERFUMES E COSMETICOS LTDA;07891033556489;MEN DES COL NBA 100ml;1,000;179,90;179,90;70,89;0,00;0,00;109,01;60,59;153,77;2,92;35,09;A;;
25/08/2026;024668 - ACQUA DISTRIBUIDORA DE PERFUMES E COSMETICOS LTDA;07891033483105;FLORATTA DES COL BLUE V2 75ml;1,000;174,90;174,90;68,80;0,00;0,00;106,10;60,66;154,22;2,84;37,93;A;;
25/08/2026;024668 - ACQUA DISTRIBUIDORA DE PERFUMES E COSMETICOS LTDA;07891033301928;MALBEC DES COL X 100ml;1,000;204,12;204,12;98,38;0,00;0,00;105,74;51,80;107,48;2,83;40,77;A;;
25/08/2026;024668 - ACQUA DISTRIBUIDORA DE PERFUMES E COSMETICOS LTDA;07891033811083;GLAMOUR DES COL DIVA 75ml V2;1,000;170,01;170,01;76,44;0,00;0,00;93,57;55,04;122,41;2,51;43,28;A;;
25/08/2026;024668 - ACQUA DISTRIBUIDORA DE PERFUMES E COSMETICOS LTDA;07891033740437;LINDA DES COL V4 100ml;1,000;171,19;171,19;79,11;0,00;0,00;92,08;53,79;116,39;2,47;45,74;A;;
25/08/2026;024668 - ACQUA DISTRIBUIDORA DE PERFUMES E COSMETICOS LTDA;07891033863693;NSPA DES COL BDY SPLSH ORQ/LUMIERE 200ml;1,000;105,35;105,35;20,49;0,00;0,00;84,86;80,55;414,15;2,27;48,02;A;;
25/08/2026;024668 - ACQUA DISTRIBUIDORA DE PERFUMES E COSMETICOS LTDA;07891033050093;MA CHERIE DES COL 100ml V6;1,000;117,77;117,77;33,43;0,00;0,00;84,34;71,61;252,29;2,26;50,28;A;;
25/08/2026;024668 - ACQUA DISTRIBUIDORA DE PERFUMES E COSMETICOS LTDA;07891033820528;NSPA DES COL BODY SPLASH JAS/SAMB 200ml;1,000;101,56;101,56;19,95;0,00;0,00;81,61;80,36;409,07;2,19;52,47;A;;
25/08/2026;024668 - ACQUA DISTRIBUIDORA DE PERFUMES E COSMETICOS LTDA;07891033598298;NSPA CR PERF DES CPO ORQ/LUMIER 180ml;2,000;127,11;63,55;45,88;0,00;0,00;81,23;63,91;177,05;2,18;54,64;A;;
25/08/2026;024668 - ACQUA DISTRIBUIDORA DE PERFUMES E COSMETICOS LTDA;07891033483655;COFFEE DES COL MAN SEDUC 100ml V4;1,000;164,02;164,02;84,47;0,00;0,00;79,55;48,50;94,18;2,13;56,78;A;;
25/08/2026;024668 - ACQUA DISTRIBUIDORA DE PERFUMES E COSMETICOS LTDA;07891033550838;NEXT COLONIA 75ml;1,000;107,90;107,90;31,37;0,00;0,00;76,53;70,93;243,96;2,05;58,83;A;;
25/08/2026;024668 - ACQUA DISTRIBUIDORA DE PERFUMES E COSMETICOS LTDA;07891033948994;CBEM GEL LIMP FAC FEIR TANGERINA PRM 50g;6,000;114,45;19,07;39,96;0,00;0,00;74,49;65,09;186,41;2,00;60,82;A;;
25/08/2026;024668 - ACQUA DISTRIBUIDORA DE PERFUMES E COSMETICOS LTDA;07891033830596;CELEBRE DES COL FOUG AROM FORC 100ml;1,000;114,94;114,94;45,91;0,00;0,00;69,03;60,06;150,36;1,85;62,67;A;;
25/08/2026;024668 - ACQUA DISTRIBUIDORA DE PERFUMES E COSMETICOS LTDA;07891033553662;ARBO DES COL ATLANTICA 100ml;1,000;143,34;143,34;75,42;0,00;0,00;67,92;47,38;90,06;1,82;64,49;A;;
25/08/2026;024668 - ACQUA DISTRIBUIDORA DE PERFUMES E COSMETICOS LTDA;07891033589784;NSPA LOC NUTR DES CPO UVA MERLOT 400ml;2,000;137,90;68,95;70,76;0,00;0,00;67,14;48,69;94,88;1,80;66,29;A;;
25/08/2026;024668 - ACQUA DISTRIBUIDORA DE PERFUMES E COSMETICOS LTDA;07891033489978;NSPA OL DES HID CPO AMEI 200ml V3;1,000;87,44;87,44;21,34;0,00;0,00;66,10;75,59;309,75;1,77;68,07;A;;
25/08/2026;024668 - ACQUA DISTRIBUIDORA DE PERFUMES E COSMETICOS LTDA;07891033842148;EGEO DES COL SPCY VIBE C/CAR 90ml;1,000;123,73;123,73;60,14;0,00;0,00;63,59;51,39;105,74;1,70;69,77;A;;
25/08/2026;024668 - ACQUA DISTRIBUIDORA DE PERFUMES E COSMETICOS LTDA;07891033595174;REF NSPA LOC DES HID CPO AMEIXA 350ml;1,000;69,90;69,90;10,40;0,00;0,00;59,50;85,12;572,12;1,59;71,36;A;;
25/08/2026;024668 - ACQUA DISTRIBUIDORA DE PERFUMES E COSMETICOS LTDA;07891033720521;EGEO MOUS CREM HID DES CPO D MER 250g V6;1,000;67,92;67,92;16,21;0,00;0,00;51,71;76,13;319,00;1,39;72,75;A;;
25/08/2026;024668 - ACQUA DISTRIBUIDORA DE PERFUMES E COSMETICOS LTDA;07891033851249;CBEM LOC DES HID CPO DELEITE V3 400ml;1,000;78,90;78,90;28,85;0,00;0,00;50,05;63,43;173,48;1,34;74,09;A;;
25/08/2026;024668 - ACQUA DISTRIBUIDORA DE PERFUMES E COSMETICOS LTDA;07891033511235;CBEM DES COL BDY SPLSH BOA NOIT V2 200ml;1,000;86,23;86,23;36,52;0,00;0,00;49,71;57,65;136,12;1,33;75,42;A;;
25/08/2026;024668 - ACQUA DISTRIBUIDORA DE PERFUMES E COSMETICOS LTDA;07891033533862;BOTIK PROT SOL FAC FPS 80 AC/HIAL 40ml;1,000;76,54;76,54;26,86;0,00;0,00;49,68;64,91;184,96;1,33;76,76;A;;
25/08/2026;024668 - ACQUA DISTRIBUIDORA DE PERFUMES E COSMETICOS LTDA;07891033533916;NSPA SAB LIQ PERF QUINOA 250ml;1,000;59,90;59,90;12,40;0,00;0,00;47,50;79,30;383,06;1,27;78,03;A;;
25/08/2026;024668 - ACQUA DISTRIBUIDORA DE PERFUMES E COSMETICOS LTDA;07891033486694;BOTICOLL CECITA DES COL BLOSSOM 100ml V2;2,000;174,90;87,45;129,10;0,00;0,00;45,80;26,19;35,48;1,23;79,26;A;;
25/08/2026;024668 - ACQUA DISTRIBUIDORA DE PERFUMES E COSMETICOS LTDA;07891033512614;QUASAR DES B/SPR BLUE RPCK 100ml;1,000;52,90;52,90;9,67;0,00;0,00;43,23;81,72;447,05;1,16;80,42;B;;
25/08/2026;024668 - ACQUA DISTRIBUIDORA DE PERFUMES E COSMETICOS LTDA;07891033548965;LILY CREM ACET BANHO 250ml;1,000;80,68;80,68;37,97;0,00;0,00;42,71;52,94;112,48;1,14;81,56;B;;
25/08/2026;024668 - ACQUA DISTRIBUIDORA DE PERFUMES E COSMETICOS LTDA;07891033035304;CAIXA M INST 2021 VERDE ECONOMICA;13,000;42,64;3,28;0,00;0,00;0,00;42,64;100,00;0,00;1,14;82,70;B;;
25/08/2026;024668 - ACQUA DISTRIBUIDORA DE PERFUMES E COSMETICOS LTDA;07891033513246;QUASAR DES SPR RUSH V2 100ml;1,000;52,90;52,90;10,27;0,00;0,00;42,63;80,59;415,09;1,14;83,85;B;;
25/08/2026;024668 - ACQUA DISTRIBUIDORA DE PERFUMES E COSMETICOS LTDA;07891033508815;CBEM DES COL BDY SPLSH DELEITE V3 200ml;1,000;61,00;61,00;18,87;0,00;0,00;42,13;69,07;223,26;1,13;84,97;B;;
25/08/2026;024668 - ACQUA DISTRIBUIDORA DE PERFUMES E COSMETICOS LTDA;07891033862955;MATCH MASC CAP SCIENCE RECONS V3 250g;1,000;66,91;66,91;27,07;0,00;0,00;39,84;59,54;147,17;1,07;86,04;B;;
25/08/2026;024668 - ACQUA DISTRIBUIDORA DE PERFUMES E COSMETICOS LTDA;07891033511228;CBEM SAB LIQ ESF CPO BOA NOITE V2 200ml;1,000;49,88;49,88;10,20;0,00;0,00;39,68;79,55;389,02;1,06;87,11;B;;
25/08/2026;024668 - ACQUA DISTRIBUIDORA DE PERFUMES E COSMETICOS LTDA;07891033820467;NSPA LOC DES CPO A/STRES JAS/SAMB 200ml;1,000;64,59;64,59;25,76;0,00;0,00;38,83;60,12;150,74;1,04;88,15;B;;
25/08/2026;024668 - ACQUA DISTRIBUIDORA DE PERFUMES E COSMETICOS LTDA;07891033476022;BOTI SUN PR FAC ANTIS ACQ FLD FPS70 40ml;1,000;67,56;67,56;29,12;0,00;0,00;38,44;56,90;132,01;1,03;89,18;B;;
25/08/2026;024668 - ACQUA DISTRIBUIDORA DE PERFUMES E COSMETICOS LTDA;07891033552214;DR BOTICA COL POC/CRIATIV 120ml;1,000;73,90;73,90;38,59;0,00;0,00;35,31;47,78;91,50;0,95;90,12;B;;
25/08/2026;024668 - ACQUA DISTRIBUIDORA DE PERFUMES E COSMETICOS LTDA;07891033718771;BOTICOLL CRAZY DES COL FEELINGS 100ml;2,000;171,21;85,60;138,10;0,00;0,00;33,11;19,34;23,98;0,89;91,01;B;;
25/08/2026;024668 - ACQUA DISTRIBUIDORA DE PERFUMES E COSMETICOS LTDA;07891033013029;PMPCK LILY DES ANTIT AER 2x75g;1,000;54,81;54,81;26,15;0,00;0,00;28,66;52,29;109,60;0,77;91,78;B;;
25/08/2026;024668 - ACQUA DISTRIBUIDORA DE PERFUMES E COSMETICOS LTDA;07891033944996;CBEM SAB BARRA PESSEGURA V3 4x80g;1,000;38,90;38,90;10,70;0,00;0,00;28,20;72,49;263,55;0,76;92,53;B;;
25/08/2026;024668 - ACQUA DISTRIBUIDORA DE PERFUMES E COSMETICOS LTDA;07891033575916;CBEM DES COL BDY SPLSH PESSEGURA 60ml;1,000;37,34;37,34;10,12;0,00;0,00;27,22;72,90;268,97;0,73;93,26;B;;
25/08/2026;024668 - ACQUA DISTRIBUIDORA DE PERFUMES E COSMETICOS LTDA;07891033889112;LILY SAB BARRA V2 2x90g;1,000;42,41;42,41;15,86;0,00;0,00;26,55;62,60;167,40;0,71;93,98;B;;
25/08/2026;024668 - ACQUA DISTRIBUIDORA DE PERFUMES E COSMETICOS LTDA;07891033471492;MEN DES ANT AER CLIN ULTR/PROT 90g/150ml;1,000;38,25;38,25;14,87;0,00;0,00;23,38;61,12;157,23;0,63;94,60;B;;
25/08/2026;024668 - ACQUA DISTRIBUIDORA DE PERFUMES E COSMETICOS LTDA;07891033568055;MATCH COND SCIENCE RECONSTRUCAO 280ml;1,000;38,22;38,22;15,19;0,00;0,00;23,03;60,26;151,61;0,62;95,22;C;;
25/08/2026;024668 - ACQUA DISTRIBUIDORA DE PERFUMES E COSMETICOS LTDA;07891033511655;CBEM SAB BARRA ROSA/ALGODAO 4x80g;1,000;35,95;35,95;13,78;0,00;0,00;22,17;61,67;160,89;0,59;95,81;C;;
25/08/2026;024668 - ACQUA DISTRIBUIDORA DE PERFUMES E COSMETICOS LTDA;07891033487790;BOTICOLL PORTINARI DES BDY SPR 100ml V7;1,000;46,06;46,06;24,03;0,00;0,00;22,03;47,83;91,68;0,59;96,40;C;;
25/08/2026;024668 - ACQUA DISTRIBUIDORA DE PERFUMES E COSMETICOS LTDA;07891033878185;MAKE B BAT EASY MATE WHISPER BEIGE 39g;1,000;47,32;47,32;25,72;0,00;0,00;21,60;45,65;83,98;0,58;96,98;C;;
25/08/2026;024668 - ACQUA DISTRIBUIDORA DE PERFUMES E COSMETICOS LTDA;07891033595778;MATCH MASC CAP NUTR PROFUNDA V2 250g;1,000;47,37;47,37;26,11;0,00;0,00;21,26;44,88;81,42;0,57;97,55;C;;
25/08/2026;024668 - ACQUA DISTRIBUIDORA DE PERFUMES E COSMETICOS LTDA;07891033947508;MEN SAB BARRA V4 2x90g;1,000;26,75;26,75;8,18;0,00;0,00;18,57;69,42;227,02;0,50;98,05;C;;
25/08/2026;024668 - ACQUA DISTRIBUIDORA DE PERFUMES E COSMETICOS LTDA;07891033512317;CBEM SAB BARRA CEREJA LIVRE V2 2x80g;1,000;24,90;24,90;7,39;0,00;0,00;17,51;70,32;236,94;0,47;98,52;C;;
25/08/2026;024668 - ACQUA DISTRIBUIDORA DE PERFUMES E COSMETICOS LTDA;07891033873272;CBEM SAB BARR CPO AMORUDA 2x80g;1,000;24,90;24,90;8,61;0,00;0,00;16,29;65,42;189,20;0,44;98,96;C;;
25/08/2026;024668 - ACQUA DISTRIBUIDORA DE PERFUMES E COSMETICOS LTDA;07891033948666;MATCH SHAMP SCIENCE RECONST V2 300ml;1,000;36,69;36,69;21,33;0,00;0,00;15,36;41,86;72,01;0,41;99,37;C;;
25/08/2026;024668 - ACQUA DISTRIBUIDORA DE PERFUMES E COSMETICOS LTDA;07891033748938;EGEO DES BDY SPR DOLCE 100ml V8 PCK;1,000;37,55;37,55;24,05;0,00;0,00;13,50;35,95;56,13;0,36;99,73;C;;
25/08/2026;024668 - ACQUA DISTRIBUIDORA DE PERFUMES E COSMETICOS LTDA;07891033847419;REF MATCH SHAMP NUTR PROFUNDA V2 250ml;1,000;26,44;26,44;14,81;0,00;0,00;11,63;43,99;78,53;0,31;100,04;C;;
25/08/2026;024668 - ACQUA DISTRIBUIDORA DE PERFUMES E COSMETICOS LTDA;07891033511242;CBEM SAB BARRA BOA NOITE V2 2x80g;1,000;19,91;19,91;8,61;0,00;0,00;11,30;56,76;131,24;0,30;100,34;C;;
25/08/2026;024668 - ACQUA DISTRIBUIDORA DE PERFUMES E COSMETICOS LTDA;07891033957996;NSPA CR PERF DES HID CP AMX/INT PRM 50ml;1,000;0,01;0,01;2,23;0,00;0,00;-2,22;-22200,00;-99,55;-0,06;100,29;C;;
25/08/2026;024668 - ACQUA DISTRIBUIDORA DE PERFUMES E COSMETICOS LTDA;07891033520084;NSPA LOC RAD DES HID CPO AMEI DOUR 200ml;1,000;0,01;0,01;10,65;0,00;0,00;-10,64;-106400,00;-99,91;-0,29;100,00;C;;
25/08/2026;024669 - 24669 ACQUA DISTRIBUIDORA DE PERFUMES E;07891033843879;MALBEC DES COL V6 100ml;1,000;219,90;219,90;41,40;0,00;0,00;178,50;81,17;431,16;14,30;14,30;A;;
25/08/2026;024669 - 24669 ACQUA DISTRIBUIDORA DE PERFUMES E;07891033483037;FLORATTA DES COL RED V2 75ml;2,000;246,52;123,26;71,00;0,00;0,00;175,52;71,20;247,21;14,06;28,36;A;;
25/08/2026;024669 - 24669 ACQUA DISTRIBUIDORA DE PERFUMES E;07891033843916;MALBEC DES COL GOLD V3 100ml;1,000;193,54;193,54;50,55;0,00;0,00;142,99;73,88;282,87;11,45;39,81;A;;
25/08/2026;024669 - 24669 ACQUA DISTRIBUIDORA DE PERFUMES E;07891033744381;ARBO DES COL 100ml V4;1,000;174,64;174,64;75,42;0,00;0,00;99,22;56,81;131,56;7,95;47,76;A;;
25/08/2026;024669 - 24669 ACQUA DISTRIBUIDORA DE PERFUMES E;07891033482900;NSPA DES COL BDY SPLSH AMEI 200ml V2;1,000;109,90;109,90;18,50;0,00;0,00;91,40;83,17;494,05;7,32;55,08;A;;
25/08/2026;024669 - 24669 ACQUA DISTRIBUIDORA DE PERFUMES E;07891033595174;REF NSPA LOC DES HID CPO AMEIXA 350ml;4,000;127,73;31,93;42,04;0,00;0,00;85,69;67,09;203,83;6,86;61,94;A;;
25/08/2026;024669 - 24669 ACQUA DISTRIBUIDORA DE PERFUMES E;07891033882014;REF LILY CR ACET DES HID CPO V3 250g;1,000;94,36;94,36;13,91;0,00;0,00;80,45;85,26;578,36;6,44;68,39;A;;
25/08/2026;024669 - 24669 ACQUA DISTRIBUIDORA DE PERFUMES E;07891033883950;CBEM DES COL BDY SPLSH ROS/ALG V4 200ml;1,000;94,90;94,90;17,71;0,00;0,00;77,19;81,34;435,86;6,18;74,57;A;;
25/08/2026;024669 - 24669 ACQUA DISTRIBUIDORA DE PERFUMES E;07891033514489;FLORATTA DES COL GOLD 75ml V2;1,000;134,90;134,90;63,01;0,00;0,00;71,89;53,29;114,09;5,76;80,33;B;;
25/08/2026;024669 - 24669 ACQUA DISTRIBUIDORA DE PERFUMES E;07891033017904;MAKE B BAS LIQ MATE SALICYLIC 190 30g;1,000;59,94;59,94;19,22;0,00;0,00;40,72;67,93;211,86;3,26;83,59;B;;
25/08/2026;024669 - 24669 ACQUA DISTRIBUIDORA DE PERFUMES E;07891033586011;CBEM LOC DES/H CPO DEL CHOCOLATUDO 200ml;1,000;52,67;52,67;19,37;0,00;0,00;33,30;63,22;171,92;2,67;86,26;B;;
25/08/2026;024669 - 24669 ACQUA DISTRIBUIDORA DE PERFUMES E;07891033909988;CBEM SAB LIQ CPO DEL/CARAMEL 150ml;1,000;48,97;48,97;17,93;0,00;0,00;31,04;63,39;173,12;2,49;88,75;B;;
25/08/2026;024669 - 24669 ACQUA DISTRIBUIDORA DE PERFUMES E;07891033864652;ESTJ CBEM DELEITE REG/25;1,000;57,36;57,36;26,79;0,00;0,00;30,57;53,29;114,11;2,45;91,19;B;;
25/08/2026;024669 - 24669 ACQUA DISTRIBUIDORA DE PERFUMES E;07891033482870;NSPA CR ANTIS MAO FPS 15 QUINOA 75g V2;1,000;54,90;54,90;25,38;0,00;0,00;29,52;53,77;116,31;2,36;93,56;B;;
25/08/2026;024669 - 24669 ACQUA DISTRIBUIDORA DE PERFUMES E;07891033521609;INTENSE BAT LIQ TINT 16H SUPF 635 V3 5ml;1,000;54,90;54,90;25,69;0,00;0,00;29,21;53,21;113,70;2,34;95,90;C;;
25/08/2026;024669 - 24669 ACQUA DISTRIBUIDORA DE PERFUMES E;07891033902194;CBEM DES COL BDY SPLSH DEL/CARAM 200ml;1,000;61,00;61,00;34,73;0,00;0,00;26,27;43,07;75,64;2,10;98,00;C;;
25/08/2026;024669 - 24669 ACQUA DISTRIBUIDORA DE PERFUMES E;07891033014286;NSPA LOC ANTIOX DES HID CPO M/RUBY 400ml;2,000;89,90;44,95;70,94;0,00;0,00;18,96;21,09;26,73;1,52;99,52;C;;
25/08/2026;024669 - 24669 ACQUA DISTRIBUIDORA DE PERFUMES E;07891033524686;BOTIK GEL LIM FAC MIC AC MAN/SAL 50g PRM;1,000;13,16;13,16;0,00;0,00;0,00;13,16;100,00;0,00;1,05;100,58;C;;
25/08/2026;024669 - 24669 ACQUA DISTRIBUIDORA DE PERFUMES E;07891033557660;BOTI BABY SAB LIQ GLICERINA 50ml PRM;1,000;0,01;0,01;2,76;0,00;0,00;-2,75;-27500,00;-99,64;-0,22;100,36;C;;
25/08/2026;024669 - 24669 ACQUA DISTRIBUIDORA DE PERFUMES E;07891033957996;NSPA CR PERF DES HID CP AMX/INT PRM 50ml;2,000;0,02;0,01;4,46;0,00;0,00;-4,44;-22200,00;-99,55;-0,36;100,00;C;;
25/08/2026;024670 - ACQUA DISTRIBUIDORA DE PERFUMES E COSMETICOS LTDA;07891033843879;MALBEC DES COL V6 100ml;2,000;407,40;203,70;165,16;0,00;0,00;242,24;59,46;146,67;6,56;6,56;A;;
25/08/2026;024670 - ACQUA DISTRIBUIDORA DE PERFUMES E COSMETICOS LTDA;07891033826858;EGEO DES COL BOMB BLACK C/CAR 90ml;2,000;294,57;147,28;57,62;0,00;0,00;236,95;80,44;411,23;6,42;12,98;A;;
25/08/2026;024670 - ACQUA DISTRIBUIDORA DE PERFUMES E COSMETICOS LTDA;07891033585069;MALBEC DES COL PURE GOLD 100ml;1,000;239,79;239,79;53,33;0,00;0,00;186,46;77,76;349,63;5,05;18,03;A;;
25/08/2026;024670 - ACQUA DISTRIBUIDORA DE PERFUMES E COSMETICOS LTDA;07891033843923;MALBEC DES COL BLACK V2 100ml;1,000;233,91;233,91;53,57;0,00;0,00;180,34;77,10;336,64;4,89;22,92;A;;
25/08/2026;024670 - ACQUA DISTRIBUIDORA DE PERFUMES E COSMETICOS LTDA;07891033483037;FLORATTA DES COL RED V2 75ml;3,000;384,47;128,16;205,26;0,00;0,00;179,21;46,61;87,31;4,86;27,78;A;;
25/08/2026;024670 - ACQUA DISTRIBUIDORA DE PERFUMES E COSMETICOS LTDA;07891033553570;MALBEC EDP 90ml;1,000;279,90;279,90;115,35;0,00;0,00;164,55;58,79;142,65;4,46;32,23;A;;
25/08/2026;024670 - ACQUA DISTRIBUIDORA DE PERFUMES E COSMETICOS LTDA;07891033905133;MALBEC DES COL V7 100ml;1,000;202,44;202,44;44,72;0,00;0,00;157,72;77,91;352,68;4,27;36,51;A;;
25/08/2026;024670 - ACQUA DISTRIBUIDORA DE PERFUMES E COSMETICOS LTDA;07891033481415;ACCORDES DES COL 80ml V5;2,000;231,03;115,51;82,72;0,00;0,00;148,31;64,20;179,29;4,02;40,53;A;;
25/08/2026;024670 - ACQUA DISTRIBUIDORA DE PERFUMES E COSMETICOS LTDA;07891033513871;BOTICA 214 EDP FIJI PAR FL ESPEC 75ml;1,000;230,84;230,84;94,00;0,00;0,00;136,84;59,28;145,57;3,71;44,23;A;;
25/08/2026;024670 - ACQUA DISTRIBUIDORA DE PERFUMES E COSMETICOS LTDA;07891033541508;MALBEC DES COL ICON 100ml;1,000;178,11;178,11;43,79;0,00;0,00;134,32;75,41;306,74;3,64;47,87;A;;
25/08/2026;024670 - ACQUA DISTRIBUIDORA DE PERFUMES E COSMETICOS LTDA;07891033483136;FLORATTA DES COL ROSE V4 75ml;1,000;161,72;161,72;30,70;0,00;0,00;131,02;81,02;426,78;3,55;51,42;A;;
25/08/2026;024670 - ACQUA DISTRIBUIDORA DE PERFUMES E COSMETICOS LTDA;07891033483075;FLORATTA DES COL F/SECRET V3 75ml;1,000;164,99;164,99;34,67;0,00;0,00;130,32;78,99;375,89;3,53;54,95;A;;
25/08/2026;024670 - ACQUA DISTRIBUIDORA DE PERFUMES E COSMETICOS LTDA;07891033888955;LIZ DES COL D ESSENCE 100ml;1,000;165,00;165,00;42,97;0,00;0,00;122,03;73,96;283,99;3,31;58,26;A;;
25/08/2026;024670 - ACQUA DISTRIBUIDORA DE PERFUMES E COSMETICOS LTDA;07891033477821;BOTI BABY COL NAN/NEN 100ml;2,000;185,41;92,70;76,30;0,00;0,00;109,11;58,85;143,00;2,96;61,22;A;;
25/08/2026;024670 - ACQUA DISTRIBUIDORA DE PERFUMES E COSMETICOS LTDA;07891033595167;REF NSPA LOC DES HID CPO AMEI/NEG 350ml;2,000;124,05;62,02;24,34;0,00;0,00;99,71;80,38;409,65;2,70;63,92;A;;
25/08/2026;024670 - ACQUA DISTRIBUIDORA DE PERFUMES E COSMETICOS LTDA;07891033222483;CECITA DES COL BOTICOLL 100ML;1,000;158,74;158,74;61,34;0,00;0,00;97,40;61,36;158,79;2,64;66,56;A;;
25/08/2026;024670 - ACQUA DISTRIBUIDORA DE PERFUMES E COSMETICOS LTDA;07891033499601;NSPA DES COL BDY SPLSH ORQ NOIRE 200ml;1,000;109,90;109,90;17,65;0,00;0,00;92,25;83,94;522,66;2,50;69,06;A;;
25/08/2026;024670 - ACQUA DISTRIBUIDORA DE PERFUMES E COSMETICOS LTDA;07891033521470;DR BOTICA CR PENT POC/TR/NO CACHOS 350ml;2,000;120,00;60,00;28,50;0,00;0,00;91,50;76,25;321,05;2,48;71,54;A;;
25/08/2026;024670 - ACQUA DISTRIBUIDORA DE PERFUMES E COSMETICOS LTDA;07891033896530;EGEO DES COL VANILLA UBESESSION 90ml;1,000;112,41;112,41;29,64;0,00;0,00;82,77;73,63;279,25;2,24;73,78;A;;
25/08/2026;024670 - ACQUA DISTRIBUIDORA DE PERFUMES E COSMETICOS LTDA;07891033482801;NSPA DES COL BDY SPLSH AMEI/NEG 200ml V2;1,000;101,62;101,62;19,86;0,00;0,00;81,76;80,46;411,68;2,22;75,99;A;;
25/08/2026;024670 - ACQUA DISTRIBUIDORA DE PERFUMES E COSMETICOS LTDA;07891033882090;ESTJ NSPA AMEIXA REG/25;1,000;122,88;122,88;44,19;0,00;0,00;78,69;64,04;178,07;2,13;78,12;A;;
25/08/2026;024670 - ACQUA DISTRIBUIDORA DE PERFUMES E COSMETICOS LTDA;07891033894222;NSPA LOC DES HID CPO ORQ/NOIRE V2 400ml;1,000;89,90;89,90;18,08;0,00;0,00;71,82;79,89;397,23;1,95;80,07;B;;
25/08/2026;024670 - ACQUA DISTRIBUIDORA DE PERFUMES E COSMETICOS LTDA;07891033481811;LILY OL PERF DES CPO 150ml V11;1,000;83,40;83,40;19,49;0,00;0,00;63,91;76,63;327,91;1,73;81,80;B;;
25/08/2026;024670 - ACQUA DISTRIBUIDORA DE PERFUMES E COSMETICOS LTDA;07891033520527;CELEBRE DES COL MASC AGORA 100ml;1,000;85,71;85,71;25,55;0,00;0,00;60,16;70,19;235,46;1,63;83,43;B;;
25/08/2026;024670 - ACQUA DISTRIBUIDORA DE PERFUMES E COSMETICOS LTDA;07891033574889;LIZ CREM DES HID CPO FLORA 250g;3,000;104,25;34,75;46,80;0,00;0,00;57,45;55,11;122,76;1,56;84,99;B;;
25/08/2026;024670 - ACQUA DISTRIBUIDORA DE PERFUMES E COSMETICOS LTDA;07891033533862;BOTIK PROT SOL FAC FPS 80 AC/HIAL 40ml;1,000;81,28;81,28;26,85;0,00;0,00;54,43;66,97;202,72;1,47;86,46;B;;
25/08/2026;024670 - ACQUA DISTRIBUIDORA DE PERFUMES E COSMETICOS LTDA;07891033954544;PMPCK QUASAR DES BODY SPRAY DEEP BLUE;1,000;71,42;71,42;18,30;0,00;0,00;53,12;74,38;290,27;1,44;87,90;B;;
25/08/2026;024670 - ACQUA DISTRIBUIDORA DE PERFUMES E COSMETICOS LTDA;07891033511303;CBEM DES COL BDY SPLSH BEIJINHO V2 200ml;1,000;85,41;85,41;34,73;0,00;0,00;50,68;59,34;145,93;1,37;89,28;B;;
25/08/2026;024670 - ACQUA DISTRIBUIDORA DE PERFUMES E COSMETICOS LTDA;07891033860593;SOPHIE SPLSH CPO/CAB SHIM CHAP/CIN 110ml;1,000;64,27;64,27;15,84;0,00;0,00;48,43;75,35;305,74;1,31;90,59;B;;
25/08/2026;024670 - ACQUA DISTRIBUIDORA DE PERFUMES E COSMETICOS LTDA;07891033874781;BOTIK GEL LIMP FAC VITAM C V2 200g;1,000;79,00;79,00;30,90;0,00;0,00;48,10;60,89;155,66;1,30;91,89;B;;
25/08/2026;024670 - ACQUA DISTRIBUIDORA DE PERFUMES E COSMETICOS LTDA;07891033560059;MEN CREM PRE/POS BARBA 150g;1,000;57,05;57,05;9,82;0,00;0,00;47,23;82,79;480,96;1,28;93,17;B;;
25/08/2026;024670 - ACQUA DISTRIBUIDORA DE PERFUMES E COSMETICOS LTDA;07891033490257;FLORATTA DES BDY SPR ROSE 100ml V8;1,000;48,91;48,91;8,71;0,00;0,00;40,20;82,19;461,54;1,09;94,26;B;;
25/08/2026;024670 - ACQUA DISTRIBUIDORA DE PERFUMES E COSMETICOS LTDA;07891033949830;EGEO LOC DES HID CPO VAN/UBSSION 150ml;1,000;39,51;39,51;8,72;0,00;0,00;30,79;77,93;353,10;0,83;95,09;C;;
25/08/2026;024670 - ACQUA DISTRIBUIDORA DE PERFUMES E COSMETICOS LTDA;07891033944996;CBEM SAB BARRA PESSEGURA V3 4x80g;2,000;52,14;26,07;21,40;0,00;0,00;30,74;58,96;143,64;0,83;95,93;C;;
25/08/2026;024670 - ACQUA DISTRIBUIDORA DE PERFUMES E COSMETICOS LTDA;07891033474127;INTENSE NECESSAIRE PU S/ALC;1,000;52,55;52,55;24,97;0,00;0,00;27,58;52,48;110,45;0,75;96,67;C;;
25/08/2026;024670 - ACQUA DISTRIBUIDORA DE PERFUMES E COSMETICOS LTDA;07891033491391;MATCH LEAVE IN HIDRATACAO ANTIF 150ml;1,000;46,14;46,14;19,00;0,00;0,00;27,14;58,82;142,84;0,74;97,41;C;;
25/08/2026;024670 - ACQUA DISTRIBUIDORA DE PERFUMES E COSMETICOS LTDA;07891033552214;DR BOTICA COL POC/CRIATIV 120ml;1,000;62,82;62,82;38,19;0,00;0,00;24,63;39,21;64,49;0,67;98,08;C;;
25/08/2026;024670 - ACQUA DISTRIBUIDORA DE PERFUMES E COSMETICOS LTDA;07891033828876;MATCH SHAMP HIDRATACAO E BRLH 300ml;1,000;44,29;44,29;20,32;0,00;0,00;23,97;54,12;117,96;0,65;98,73;C;;
25/08/2026;024670 - ACQUA DISTRIBUIDORA DE PERFUMES E COSMETICOS LTDA;07891033512270;CBEM SAB BARRA NUVEM 4x80g;2,000;51,16;25,58;28,50;0,00;0,00;22,66;44,29;79,51;0,61;99,34;C;;
25/08/2026;024670 - ACQUA DISTRIBUIDORA DE PERFUMES E COSMETICOS LTDA;07891033278589;MAKE B LAP RETR P/OLH PRET PCK;1,000;47,99;47,99;27,68;0,00;0,00;20,31;42,32;73,37;0,55;99,89;C;;
25/08/2026;024670 - ACQUA DISTRIBUIDORA DE PERFUMES E COSMETICOS LTDA;07891033490165;ACCORDES DES BDY SPR 100ml V6;1,000;35,97;35,97;21,66;0,00;0,00;14,31;39,78;66,07;0,39;100,28;C;;
25/08/2026;024670 - ACQUA DISTRIBUIDORA DE PERFUMES E COSMETICOS LTDA;07891033974368;CAIXA LACO M BOTI PAIS 2026 UNIT;1,000;10,61;10,61;0,00;0,00;0,00;10,61;100,00;0,00;0,29;100,57;C;;
25/08/2026;024670 - ACQUA DISTRIBUIDORA DE PERFUMES E COSMETICOS LTDA;07891033948994;CBEM GEL LIMP FAC FEIR TANGERINA PRM 50g;1,000;15,56;15,56;6,66;0,00;0,00;8,90;57,20;133,63;0,24;100,81;C;;
25/08/2026;024670 - ACQUA DISTRIBUIDORA DE PERFUMES E COSMETICOS LTDA;07891033534166;LIZ CR DES HID CPO INTENSO 250g;1,000;34,75;34,75;30,25;0,00;0,00;4,50;12,95;14,88;0,12;100,93;C;;
25/08/2026;024670 - ACQUA DISTRIBUIDORA DE PERFUMES E COSMETICOS LTDA;07891033888528;CARTAO PRESENTE BOTICARIO MAES 25 UNIT;2,000;0,95;0,47;0,00;0,00;0,00;0,95;100,00;0,00;0,03;100,95;C;;
25/08/2026;024670 - ACQUA DISTRIBUIDORA DE PERFUMES E COSMETICOS LTDA;07891033957996;NSPA CR PERF DES HID CP AMX/INT PRM 50ml;3,000;0,03;0,01;6,69;0,00;0,00;-6,66;-22200,00;-99,55;-0,18;100,77;C;;
25/08/2026;024670 - ACQUA DISTRIBUIDORA DE PERFUMES E COSMETICOS LTDA;07891033881376;FLORATTA EDP ROSE SUCREE PRM 10ml;2,000;0,02;0,01;13,92;0,00;0,00;-13,90;-69500,00;-99,86;-0,38;100,40;C;;
25/08/2026;024670 - ACQUA DISTRIBUIDORA DE PERFUMES E COSMETICOS LTDA;07891033949083;MAKE B PRIMER FAC ANTIOL SALIC PRM 5ml;3,000;0,03;0,01;14,70;0,00;0,00;-14,67;-48900,00;-99,80;-0,40;100,00;C;;
25/08/2026;024671 - 24671 ACQUA DISTRIBUIDORA DE PERFUMES E;07891033479504;ZAAD EDP 95ml V6;1,000;334,90;334,90;79,82;0,00;0,00;255,08;76,17;319,57;11,30;11,30;A;;
25/08/2026;024671 - 24671 ACQUA DISTRIBUIDORA DE PERFUMES E;07891033878420;THE BLEND EDP SAFFRON 100ml;1,000;340,00;340,00;94,25;0,00;0,00;245,75;72,28;260,74;10,88;22,18;A;;
25/08/2026;024671 - 24671 ACQUA DISTRIBUIDORA DE PERFUMES E;07891033896530;EGEO DES COL VANILLA UBESESSION 90ml;2,000;238,04;119,02;59,30;0,00;0,00;178,74;75,09;301,42;7,92;30,10;A;;
25/08/2026;024671 - 24671 ACQUA DISTRIBUIDORA DE PERFUMES E;07891033856442;BOTICA 214 EDP ARAB/OASIS FLOR/FRUT 75ml;1,000;217,31;217,31;41,30;0,00;0,00;176,01;80,99;426,17;7,80;37,89;A;;
25/08/2026;024671 - 24671 ACQUA DISTRIBUIDORA DE PERFUMES E;07891033956494;ESTJ ZAAD INTENSE PAIS/26;1,000;280,16;280,16;111,24;0,00;0,00;168,92;60,29;151,85;7,48;45,38;A;;
25/08/2026;024671 - 24671 ACQUA DISTRIBUIDORA DE PERFUMES E;07891033818495;LINDA DES COL FELICIDADE V2 100ml;2,000;192,13;96,06;70,96;0,00;0,00;121,17;63,07;170,76;5,37;50,74;A;;
25/08/2026;024671 - 24671 ACQUA DISTRIBUIDORA DE PERFUMES E;07891033535187;ELYSEE EDP V2 50ml;1,000;253,85;253,85;138,63;0,00;0,00;115,22;45,39;83,11;5,10;55,85;A;;
25/08/2026;024671 - 24671 ACQUA DISTRIBUIDORA DE PERFUMES E;07891033843909;MALBEC DES COL MAGNETIC V3 100ml;1,000;199,20;199,20;98,30;0,00;0,00;100,90;50,65;102,64;4,47;60,32;A;;
25/08/2026;024671 - 24671 ACQUA DISTRIBUIDORA DE PERFUMES E;07891033902408;ESTJ MALBEC ICON PAIS/26;1,000;178,41;178,41;91,46;0,00;0,00;86,95;48,74;95,07;3,85;64,17;A;;
25/08/2026;024671 - 24671 ACQUA DISTRIBUIDORA DE PERFUMES E;07891033514410;DR BOTICA COL POCAO FORCA 120ml V2;1,000;95,74;95,74;17,99;0,00;0,00;77,75;81,21;432,18;3,44;67,61;A;;
25/08/2026;024671 - 24671 ACQUA DISTRIBUIDORA DE PERFUMES E;07891033520527;CELEBRE DES COL MASC AGORA 100ml;1,000;92,91;92,91;18,36;0,00;0,00;74,55;80,24;406,05;3,30;70,91;A;;
25/08/2026;024671 - 24671 ACQUA DISTRIBUIDORA DE PERFUMES E;07891033830602;CELEBRE DES COL FLOR FRUT FORC 100ml;1,000;119,90;119,90;45,91;0,00;0,00;73,99;61,71;161,16;3,28;74,19;A;;
25/08/2026;024671 - 24671 ACQUA DISTRIBUIDORA DE PERFUMES E;07891033515004;SOPHIE COL CANDY 100ml V2;1,000;116,06;116,06;48,95;0,00;0,00;67,11;57,82;137,10;2,97;77,16;A;;
25/08/2026;024671 - 24671 ACQUA DISTRIBUIDORA DE PERFUMES E;07891033017898;MAKE B BAS LIQ MATE SALICYLIC 220 30g;1,000;79,90;79,90;13,20;0,00;0,00;66,70;83,48;505,30;2,95;80,12;B;;
25/08/2026;024671 - 24671 ACQUA DISTRIBUIDORA DE PERFUMES E;07891033531592;ESTJ DR BOTICA POCAO DA AVENTURA V2;1,000;107,00;107,00;44,79;0,00;0,00;62,21;58,14;138,89;2,76;82,87;B;;
25/08/2026;024671 - 24671 ACQUA DISTRIBUIDORA DE PERFUMES E;07891033954544;PMPCK QUASAR DES BODY SPRAY DEEP BLUE;1,000;79,35;79,35;18,30;0,00;0,00;61,05;76,94;333,61;2,70;85,58;B;;
25/08/2026;024671 - 24671 ACQUA DISTRIBUIDORA DE PERFUMES E;07891033896622;CBEM LOC DES HID CPO DEL/CARAMEL 400ml;1,000;73,78;73,78;13,57;0,00;0,00;60,21;81,61;443,70;2,67;88,24;B;;
25/08/2026;024671 - 24671 ACQUA DISTRIBUIDORA DE PERFUMES E;07891033860449;ZAAD LOC DES HID CPO INTENSE 200ml;1,000;62,86;62,86;14,83;0,00;0,00;48,03;76,41;323,87;2,13;90,37;B;;
25/08/2026;024671 - 24671 ACQUA DISTRIBUIDORA DE PERFUMES E;07891033890309;MAKE B CORRET LIQ HYAL 225N 68ml;1,000;58,32;58,32;14,98;0,00;0,00;43,34;74,31;289,32;1,92;92,29;B;;
25/08/2026;024671 - 24671 ACQUA DISTRIBUIDORA DE PERFUMES E;07891033536283;BOTIK GEL LIMP FAC VITAM C PRM 50g;4,000;30,60;7,65;0,00;0,00;0,00;30,60;100,00;0,00;1,36;93,64;B;;
25/08/2026;024671 - 24671 ACQUA DISTRIBUIDORA DE PERFUMES E;07891033830619;CELEBRE LOC DES HID CPO FORC 200ml;1,000;42,90;42,90;15,83;0,00;0,00;27,07;63,10;171,00;1,20;94,84;B;;
25/08/2026;024671 - 24671 ACQUA DISTRIBUIDORA DE PERFUMES E;07891033902194;CBEM DES COL BDY SPLSH DEL/CARAM 200ml;1,000;61,62;61,62;34,73;0,00;0,00;26,89;43,64;77,43;1,19;96,03;C;;
25/08/2026;024671 - 24671 ACQUA DISTRIBUIDORA DE PERFUMES E;07891033529346;INTENSE BAT CREM 227 V2 38g;1,000;34,32;34,32;11,84;0,00;0,00;22,48;65,50;189,86;1,00;97,03;C;;
25/08/2026;024671 - 24671 ACQUA DISTRIBUIDORA DE PERFUMES E;07891033533749;NSPA MASC CAP COND AMEI DOUR 200ml;1,000;33,95;33,95;12,12;0,00;0,00;21,83;64,30;180,12;0,97;98,00;C;;
25/08/2026;024671 - 24671 ACQUA DISTRIBUIDORA DE PERFUMES E;07891033575411;CELEBRE SHW GEL CAB/CPO AGORA MASC 100g;1,000;32,46;32,46;10,83;0,00;0,00;21,63;66,64;199,72;0,96;98,95;C;;
25/08/2026;024671 - 24671 ACQUA DISTRIBUIDORA DE PERFUMES E;07891033509560;CLASH DES BDY SPR 100ml;1,000;41,98;41,98;24,07;0,00;0,00;17,91;42,66;74,41;0,79;99,75;C;;
25/08/2026;024671 - 24671 ACQUA DISTRIBUIDORA DE PERFUMES E;07891033554089;BOTIK CR N FIR ROST/PESC RES/SIL PRM 10g;1,000;15,31;15,31;0,00;0,00;0,00;15,31;100,00;0,00;0,68;100,43;C;;
25/08/2026;024671 - 24671 ACQUA DISTRIBUIDORA DE PERFUMES E;07891033883615;NSPA SAB BARRA AMEIXA V3 2x90g;1,000;23,73;23,73;10,53;0,00;0,00;13,20;55,63;125,36;0,58;101,01;C;;
25/08/2026;024671 - 24671 ACQUA DISTRIBUIDORA DE PERFUMES E;07891033501250;MALBEC DES BDY SPR ULTRA BLEU 100ml;1,000;30,87;30,87;22,70;0,00;0,00;8,17;26,47;35,99;0,36;101,37;C;;
25/08/2026;024671 - 24671 ACQUA DISTRIBUIDORA DE PERFUMES E;07891033894024;CAIXA PRESENTE P BOT INST/25 VDA;1,000;7,91;7,91;0,00;0,00;0,00;7,91;100,00;0,00;0,35;101,72;C;;
25/08/2026;024671 - 24671 ACQUA DISTRIBUIDORA DE PERFUMES E;07891033487738;NSPA SHAMP QUINOA 300ml V3;1,000;26,45;26,45;23,04;0,00;0,00;3,41;12,89;14,80;0,15;101,87;C;;
25/08/2026;024671 - 24671 ACQUA DISTRIBUIDORA DE PERFUMES E;07891033880317;CBEM LOC DES HID CPO AMORUDA PRM 50ml;2,000;0,02;0,01;0,00;0,00;0,00;0,02;100,00;0,00;0,00;101,87;C;;
25/08/2026;024671 - 24671 ACQUA DISTRIBUIDORA DE PERFUMES E;07891033957996;NSPA CR PERF DES HID CP AMX/INT PRM 50ml;2,000;0,02;0,01;4,46;0,00;0,00;-4,44;-22200,00;-99,55;-0,20;101,68;C;;
25/08/2026;024671 - 24671 ACQUA DISTRIBUIDORA DE PERFUMES E;07891033557660;BOTI BABY SAB LIQ GLICERINA 50ml PRM;2,000;0,02;0,01;4,56;0,00;0,00;-4,54;-22700,00;-99,56;-0,20;101,48;C;;
25/08/2026;024671 - 24671 ACQUA DISTRIBUIDORA DE PERFUMES E;07891033949083;MAKE B PRIMER FAC ANTIOL SALIC PRM 5ml;1,000;0,01;0,01;4,90;0,00;0,00;-4,89;-48900,00;-99,80;-0,22;101,26;C;;
25/08/2026;024671 - 24671 ACQUA DISTRIBUIDORA DE PERFUMES E;07891033908219;SACOLA P BOTICARIO INST/25;4,000;0,04;0,01;5,24;0,00;0,00;-5,20;-13000,00;-99,24;-0,23;101,03;C;;
25/08/2026;024671 - 24671 ACQUA DISTRIBUIDORA DE PERFUMES E;07891033908226;SACOLA M BOTICARIO INST/25;4,000;0,04;0,01;6,24;0,00;0,00;-6,20;-15500,00;-99,36;-0,27;100,76;C;;
25/08/2026;024671 - 24671 ACQUA DISTRIBUIDORA DE PERFUMES E;07891033536863;CBEM LOC DES HID CPO FEIRA BANANA 400ml;1,000;0,02;0,02;17,08;0,00;0,00;-17,06;-85300,00;-99,88;-0,76;100,00;C;;
26/08/2026;024303 - 24303 ACQUA DISTRIBUIDORA DE PERFUMES E;07891033843916;MALBEC DES COL GOLD V3 100ml;1,000;218,91;218,91;99,80;0,00;0,00;119,11;54,41;119,35;11,76;11,76;A;;
26/08/2026;024303 - 24303 ACQUA DISTRIBUIDORA DE PERFUMES E;07891033909537;GLAMOUR DES COL INTENSE 75ml;1,000;151,26;151,26;38,83;0,00;0,00;112,43;74,33;289,54;11,10;22,87;A;;
26/08/2026;024303 - 24303 ACQUA DISTRIBUIDORA DE PERFUMES E;07891033486342;DREAM DES COL SPLSH AMOR NO AR 200ml V2;3,000;252,10;84,03;139,77;0,00;0,00;112,33;44,56;80,37;11,09;33,96;A;;
26/08/2026;024303 - 24303 ACQUA DISTRIBUIDORA DE PERFUMES E;07891033498123;EGEO DES COL ORIGNL 90ml V2;1,000;164,90;164,90;61,86;0,00;0,00;103,04;62,49;166,57;10,18;44,14;A;;
26/08/2026;024303 - 24303 ACQUA DISTRIBUIDORA DE PERFUMES E;07891033491544;COFFEE DES COL UNIQ WOM FL/GOURM 100ml;1,000;153,41;153,41;63,73;0,00;0,00;89,68;58,46;140,72;8,86;53,00;A;;
26/08/2026;024303 - 24303 ACQUA DISTRIBUIDORA DE PERFUMES E;07891033892723;MALBEC DES COL ICON V2 100ml;1,000;159,87;159,87;87,42;0,00;0,00;72,45;45,32;82,88;7,16;60,15;A;;
26/08/2026;024303 - 24303 ACQUA DISTRIBUIDORA DE PERFUMES E;07891033483037;FLORATTA DES COL RED V2 75ml;1,000;127,10;127,10;69,19;0,00;0,00;57,91;45,56;83,70;5,72;65,87;A;;
26/08/2026;024303 - 24303 ACQUA DISTRIBUIDORA DE PERFUMES E;07891033941995;DR BOTICA COL POCAO/CORAG V3 120ml;1,000;95,00;95,00;40,98;0,00;0,00;54,02;56,86;131,82;5,34;71,21;A;;
26/08/2026;024303 - 24303 ACQUA DISTRIBUIDORA DE PERFUMES E;07891033899678;ESTJ CELEBRE FOUG/AROM/FORC AMOR/26;1,000;97,38;97,38;49,34;0,00;0,00;48,04;49,33;97,37;4,74;75,95;A;;
26/08/2026;024303 - 24303 ACQUA DISTRIBUIDORA DE PERFUMES E;07891033854837;FLORATTA DES BDY SPRAY RED V2 100ml;1,000;49,84;49,84;8,28;0,00;0,00;41,56;83,39;501,93;4,10;80,05;B;;
26/08/2026;024303 - 24303 ACQUA DISTRIBUIDORA DE PERFUMES E;07891033524686;BOTIK GEL LIM FAC MIC AC MAN/SAL 50g PRM;3,000;41,38;13,79;0,00;0,00;0,00;41,38;100,00;0,00;4,09;84,14;B;;
26/08/2026;024303 - 24303 ACQUA DISTRIBUIDORA DE PERFUMES E;07891033962938;GLAMOUR LOC DES HID CPO INTENSE 200ml;1,000;51,27;51,27;24,42;0,00;0,00;26,85;52,37;109,95;2,65;86,79;B;;
26/08/2026;024303 - 24303 ACQUA DISTRIBUIDORA DE PERFUMES E;07891033867684;FLORATTA SAB LIQ CPO RED 150ml;1,000;42,30;42,30;15,93;0,00;0,00;26,37;62,34;165,54;2,60;89,40;B;;
26/08/2026;024303 - 24303 ACQUA DISTRIBUIDORA DE PERFUMES E;07891033907311;MAKE B BAS LIQ MATE SALICYLIC 100F 30g;1,000;64,55;64,55;39,58;0,00;0,00;24,97;38,68;63,09;2,47;91,86;B;;
26/08/2026;024303 - 24303 ACQUA DISTRIBUIDORA DE PERFUMES E;07891033853243;CBEM CR HID CPO DEPIL DOC/PESSEGUR 150ml;1,000;44,83;44,83;19,03;0,00;1,64;24,16;53,90;135,58;2,39;94,25;B;;
26/08/2026;024303 - 24303 ACQUA DISTRIBUIDORA DE PERFUMES E;07891033868704;CLASH SAB BARR 2x80g;1,000;29,90;29,90;10,02;0,00;0,00;19,88;66,49;198,40;1,96;96,21;C;;
26/08/2026;024303 - 24303 ACQUA DISTRIBUIDORA DE PERFUMES E;07891033827008;MATCH SHAMP HIDRATACAO ANTIF 300ml;1,000;31,16;31,16;12,39;0,00;0,00;18,77;60,24;151,49;1,85;98,07;C;;
26/08/2026;024303 - 24303 ACQUA DISTRIBUIDORA DE PERFUMES E;07891033894017;CX PRESENTE M BOTI INST/25 VDA;1,000;12,25;12,25;0,00;0,00;0,00;12,25;100,00;0,00;1,21;99,28;C;;
26/08/2026;024303 - 24303 ACQUA DISTRIBUIDORA DE PERFUMES E;07891033827015;MATCH COND HIDRATACAO ANTIF 280ml;1,000;32,47;32,47;20,56;0,00;0,00;11,91;36,68;57,93;1,18;100,45;C;;
26/08/2026;024303 - 24303 ACQUA DISTRIBUIDORA DE PERFUMES E;07891033748938;EGEO DES BDY SPR DOLCE 100ml V8 PCK;1,000;30,62;30,62;24,32;0,00;0,00;6,30;20,57;25,90;0,62;101,08;C;;
26/08/2026;024303 - 24303 ACQUA DISTRIBUIDORA DE PERFUMES E;07891033908219;SACOLA P BOTICARIO INST/25;1,000;0,01;0,01;1,31;0,00;0,00;-1,30;-13000,00;-99,24;-0,13;100,95;C;;
26/08/2026;024303 - 24303 ACQUA DISTRIBUIDORA DE PERFUMES E;07891033908226;SACOLA M BOTICARIO INST/25;3,000;0,03;0,01;4,68;0,00;0,00;-4,65;-15500,00;-99,36;-0,46;100,49;C;;
26/08/2026;024303 - 24303 ACQUA DISTRIBUIDORA DE PERFUMES E;07891033949083;MAKE B PRIMER FAC ANTIOL SALIC PRM 5ml;1,000;0,01;0,01;4,95;0,00;0,00;-4,94;-49400,00;-99,80;-0,49;100,00;C;;
26/08/2026;024617 - ACQUA DISTRIBUIDORA DE PERFUMES E COSMETICOS LTDA;07891033578290;NSPA LOC DES AVELUD CPO CER/ROUGE 400ml;1,000;85,52;85,52;33,21;0,00;0,00;52,31;61,17;157,51;13,87;13,87;A;;
26/08/2026;024617 - ACQUA DISTRIBUIDORA DE PERFUMES E COSMETICOS LTDA;07891033578337;NSPA SAB LIQ PERF CPO CER/ROUGE 250ml;1,000;56,98;56,98;11,64;0,00;0,00;45,34;79,57;389,52;12,02;25,90;A;;
26/08/2026;024617 - ACQUA DISTRIBUIDORA DE PERFUMES E COSMETICOS LTDA;07891033909810;NSPA DES COL BDY SPLSH AMEIX/INT 200ml;1,000;83,87;83,87;42,73;0,00;0,00;41,14;49,05;96,28;10,91;36,81;A;;
26/08/2026;024617 - ACQUA DISTRIBUIDORA DE PERFUMES E COSMETICOS LTDA;07891033013029;PMPCK LILY DES ANTIT AER 2x75g;1,000;59,50;59,50;26,42;0,00;0,00;33,08;55,60;125,21;8,77;45,58;A;;
26/08/2026;024617 - ACQUA DISTRIBUIDORA DE PERFUMES E COSMETICOS LTDA;07891033595822;MATCH COND NUTRICAO REGEN V2 280ml;1,000;49,90;49,90;21,56;0,00;0,00;28,34;56,79;131,45;7,52;53,10;A;;
26/08/2026;024617 - ACQUA DISTRIBUIDORA DE PERFUMES E COSMETICOS LTDA;07891033880126;MAKE B BAT LIQ MAT AC/POL G/BERR V2 5ml;1,000;54,90;54,90;29,41;0,00;0,00;25,49;46,43;86,67;6,76;59,86;A;;
26/08/2026;024617 - ACQUA DISTRIBUIDORA DE PERFUMES E COSMETICOS LTDA;07891033957958;NSPA CR PERF DES HID CPO AMEIX/INT 400ml;1,000;58,69;58,69;35,74;0,00;0,00;22,95;39,10;64,21;6,09;65,95;A;;
26/08/2026;024617 - ACQUA DISTRIBUIDORA DE PERFUMES E COSMETICOS LTDA;07891033894703;BOTIK SRUM FAC ALT/POT VITAM/C PRM 10ml;1,000;29,67;29,67;7,27;0,00;0,00;22,40;75,50;308,12;5,94;71,89;A;;
26/08/2026;024617 - ACQUA DISTRIBUIDORA DE PERFUMES E COSMETICOS LTDA;07891033894697;BOTIK SRUM FAC ALT/POT AC/HIAL PRM 10ml;1,000;28,48;28,48;7,27;0,00;0,00;21,21;74,47;291,75;5,63;77,51;A;;
26/08/2026;024617 - ACQUA DISTRIBUIDORA DE PERFUMES E COSMETICOS LTDA;07891033512614;QUASAR DES B/SPR BLUE RPCK 100ml;1,000;43,17;43,17;24,28;0,00;0,00;18,89;43,76;77,80;5,01;82,52;B;;
26/08/2026;024617 - ACQUA DISTRIBUIDORA DE PERFUMES E COSMETICOS LTDA;07891033839612;ARBO DES BDY SPR 100ml V6;1,000;43,18;43,18;24,32;0,00;0,00;18,86;43,68;77,55;5,00;87,52;B;;
26/08/2026;024617 - ACQUA DISTRIBUIDORA DE PERFUMES E COSMETICOS LTDA;07891033290468;BOTICOLL CONNEX DES BDY SPR 100ml V6 PCK;1,000;43,17;43,17;24,32;0,00;0,00;18,85;43,66;77,51;5,00;92,52;B;;
26/08/2026;024617 - ACQUA DISTRIBUIDORA DE PERFUMES E COSMETICOS LTDA;07891033880188;MAKE B BAT LIQ MAT AC/POL WARM/CA V2 5ml;1,000;46,66;46,66;29,41;0,00;0,00;17,25;36,97;58,65;4,57;97,10;C;;
26/08/2026;024617 - ACQUA DISTRIBUIDORA DE PERFUMES E COSMETICOS LTDA;07891033974368;CAIXA LACO M BOTI PAIS 2026 UNIT;1,000;10,94;10,94;0,00;0,00;0,00;10,94;100,00;0,00;2,90;100,00;C;;
26/08/2026;024668 - ACQUA DISTRIBUIDORA DE PERFUMES E COSMETICOS LTDA;07891033896530;EGEO DES COL VANILLA UBESESSION 90ml;7,000;801,75;114,54;207,48;0,00;0,00;594,27;74,12;286,42;12,06;12,06;A;;
26/08/2026;024668 - ACQUA DISTRIBUIDORA DE PERFUMES E COSMETICOS LTDA;07891033767007;LIZ DES COL 100ml;2,000;279,58;139,79;72,48;0,00;0,00;207,10;74,08;285,73;4,20;16,27;A;;
26/08/2026;024668 - ACQUA DISTRIBUIDORA DE PERFUMES E COSMETICOS LTDA;07891033479498;THE BLEND EDP 100ml V2;1,000;300,52;300,52;98,91;0,00;0,00;201,61;67,09;203,83;4,09;20,36;A;;
26/08/2026;024668 - ACQUA DISTRIBUIDORA DE PERFUMES E COSMETICOS LTDA;07891033775170;LILY EDP LOVE 75ML V2;1,000;284,10;284,10;89,75;0,00;0,00;194,35;68,41;216,55;3,94;24,30;A;;
26/08/2026;024668 - ACQUA DISTRIBUIDORA DE PERFUMES E COSMETICOS LTDA;07891033479054;BOTICOLL ACQUA FRESCA DES COL 100ml V2;3,000;262,35;87,45;72,69;0,00;0,00;189,66;72,29;260,92;3,85;28,15;A;;
26/08/2026;024668 - ACQUA DISTRIBUIDORA DE PERFUMES E COSMETICOS LTDA;07891033902385;ESTJ MALBEC PAIS/26;1,000;269,90;269,90;87,33;0,00;0,00;182,57;67,64;209,06;3,71;31,86;A;;
26/08/2026;024668 - ACQUA DISTRIBUIDORA DE PERFUMES E COSMETICOS LTDA;07891033843916;MALBEC DES COL GOLD V3 100ml;1,000;227,98;227,98;50,55;0,00;0,00;177,43;77,83;351,00;3,60;35,46;A;;
26/08/2026;024668 - ACQUA DISTRIBUIDORA DE PERFUMES E COSMETICOS LTDA;07891033893317;LILY EDP V3 75ml;1,000;291,51;291,51;126,66;0,00;0,00;164,85;56,55;130,15;3,35;38,80;A;;
26/08/2026;024668 - ACQUA DISTRIBUIDORA DE PERFUMES E COSMETICOS LTDA;07891033553570;MALBEC EDP 90ml;1,000;217,77;217,77;57,29;0,00;0,00;160,48;73,69;280,12;3,26;42,06;A;;
26/08/2026;024668 - ACQUA DISTRIBUIDORA DE PERFUMES E COSMETICOS LTDA;07891033878963;FLORATTA EDP RED PASSION V2 75ml;1,000;206,07;206,07;49,10;0,00;0,00;156,97;76,17;319,69;3,19;45,25;A;;
26/08/2026;024668 - ACQUA DISTRIBUIDORA DE PERFUMES E COSMETICOS LTDA;07891033500222;HER CODE EDP 50ml;1,000;232,29;232,29;110,62;0,00;0,00;121,67;52,38;109,99;2,47;47,72;A;;
26/08/2026;024668 - ACQUA DISTRIBUIDORA DE PERFUMES E COSMETICOS LTDA;07891033880195;BOTICA 214 EDP DARK MINT V3 90ml;1,000;166,32;166,32;47,88;0,00;0,00;118,44;71,21;247,37;2,40;50,12;A;;
26/08/2026;024668 - ACQUA DISTRIBUIDORA DE PERFUMES E COSMETICOS LTDA;07891033744381;ARBO DES COL 100ml V4;1,000;184,90;184,90;75,37;0,00;0,00;109,53;59,24;145,32;2,22;52,34;A;;
26/08/2026;024668 - ACQUA DISTRIBUIDORA DE PERFUMES E COSMETICOS LTDA;07891033843909;MALBEC DES COL MAGNETIC V3 100ml;1,000;170,86;170,86;62,79;0,00;0,00;108,07;63,25;172,11;2,19;54,54;A;;
26/08/2026;024668 - ACQUA DISTRIBUIDORA DE PERFUMES E COSMETICOS LTDA;07891033826896;EGEO DES COL CHOC C/CAR 90ml;1,000;135,67;135,67;28,07;0,00;0,00;107,60;79,31;383,33;2,18;56,72;A;;
26/08/2026;024668 - ACQUA DISTRIBUIDORA DE PERFUMES E COSMETICOS LTDA;07891033948994;CBEM GEL LIMP FAC FEIR TANGERINA PRM 50g;10,000;173,10;17,31;66,60;0,00;0,00;106,50;61,53;159,91;2,16;58,88;A;;
26/08/2026;024668 - ACQUA DISTRIBUIDORA DE PERFUMES E COSMETICOS LTDA;07891033050093;MA CHERIE DES COL 100ml V6;1,000;137,61;137,61;33,43;0,00;0,00;104,18;75,71;311,64;2,11;61,00;A;;
26/08/2026;024668 - ACQUA DISTRIBUIDORA DE PERFUMES E COSMETICOS LTDA;07891033483037;FLORATTA DES COL RED V2 75ml;1,000;134,90;134,90;35,52;0,00;0,00;99,38;73,67;279,79;2,02;63,01;A;;
26/08/2026;024668 - ACQUA DISTRIBUIDORA DE PERFUMES E COSMETICOS LTDA;07891033578320;NSPA LOC DES AVELUD CPO CER/ROUGE 180ml;2,000;118,72;59,36;22,46;0,00;0,00;96,26;81,08;428,58;1,95;64,97;A;;
26/08/2026;024668 - ACQUA DISTRIBUIDORA DE PERFUMES E COSMETICOS LTDA;07891033524686;BOTIK GEL LIM FAC MIC AC MAN/SAL 50g PRM;5,000;94,27;18,85;0,00;0,00;0,00;94,27;100,00;0,00;1,91;66,88;A;;
26/08/2026;024668 - ACQUA DISTRIBUIDORA DE PERFUMES E COSMETICOS LTDA;07891033860791;BOTICOLL DES COL FELICITA 100ml;1,000;140,91;140,91;57,23;0,00;0,00;83,68;59,39;146,22;1,70;68,58;A;;
26/08/2026;024668 - ACQUA DISTRIBUIDORA DE PERFUMES E COSMETICOS LTDA;07891033492473;COFFEE D/COL SEDUC MAN OR/AMAD V5 100ml;1,000;160,92;160,92;78,99;0,00;0,00;81,93;50,91;103,72;1,66;70,24;A;;
26/08/2026;024668 - ACQUA DISTRIBUIDORA DE PERFUMES E COSMETICOS LTDA;07891033486342;DREAM DES COL SPLSH AMOR NO AR 200ml V2;2,000;173,78;86,89;92,18;0,00;0,00;81,60;46,96;88,52;1,66;71,90;A;;
26/08/2026;024668 - ACQUA DISTRIBUIDORA DE PERFUMES E COSMETICOS LTDA;07891033512614;QUASAR DES B/SPR BLUE RPCK 100ml;2,000;94,00;47,00;19,34;0,00;0,00;74,66;79,43;386,04;1,52;73,41;A;;
26/08/2026;024668 - ACQUA DISTRIBUIDORA DE PERFUMES E COSMETICOS LTDA;07891033045204;BOTIK GEL CR FAC FIRM AC/HIALUR 40g;1,000;139,90;139,90;66,61;0,00;0,00;73,29;52,39;110,03;1,49;74,90;A;;
26/08/2026;024668 - ACQUA DISTRIBUIDORA DE PERFUMES E COSMETICOS LTDA;07891033766215;DREAM DES COL CEU/BAUN 200ml;1,000;114,92;114,92;46,25;0,00;0,00;68,67;59,75;148,48;1,39;76,30;A;;
26/08/2026;024668 - ACQUA DISTRIBUIDORA DE PERFUMES E COSMETICOS LTDA;07891033949830;EGEO LOC DES HID CPO VAN/UBSSION 150ml;2,000;79,47;39,73;17,44;0,00;0,00;62,03;78,05;355,68;1,26;77,56;A;;
26/08/2026;024668 - ACQUA DISTRIBUIDORA DE PERFUMES E COSMETICOS LTDA;07891033550838;NEXT COLONIA 75ml;1,000;92,00;92,00;31,37;0,00;0,00;60,63;65,90;193,27;1,23;78,79;A;;
26/08/2026;024668 - ACQUA DISTRIBUIDORA DE PERFUMES E COSMETICOS LTDA;07891033595174;REF NSPA LOC DES HID CPO AMEIXA 350ml;1,000;69,90;69,90;10,40;0,00;0,00;59,50;85,12;572,12;1,21;79,99;A;;
26/08/2026;024668 - ACQUA DISTRIBUIDORA DE PERFUMES E COSMETICOS LTDA;07891033836840;DR BOTICA COL POC/AVENTURA 120ml;1,000;72,02;72,02;19,21;0,00;0,00;52,81;73,33;274,91;1,07;81,07;B;;
26/08/2026;024668 - ACQUA DISTRIBUIDORA DE PERFUMES E COSMETICOS LTDA;07891033535118;CBEM DES COL BDY SPLSH SHOW/BNH V2 200ml;1,000;88,55;88,55;36,49;0,00;0,00;52,06;58,79;142,67;1,06;82,12;B;;
26/08/2026;024668 - ACQUA DISTRIBUIDORA DE PERFUMES E COSMETICOS LTDA;07891033720521;EGEO MOUS CREM HID DES CPO D MER 250g V6;1,000;64,91;64,91;16,21;0,00;0,00;48,70;75,03;300,43;0,99;83,11;B;;
26/08/2026;024668 - ACQUA DISTRIBUIDORA DE PERFUMES E COSMETICOS LTDA;07891033543373;EGEO NECESS VIAGEM CINZA PU NAT/23;1,000;48,18;48,18;0,00;0,00;0,00;48,18;100,00;0,00;0,98;84,09;B;;
26/08/2026;024668 - ACQUA DISTRIBUIDORA DE PERFUMES E COSMETICOS LTDA;07891033539765;UOMINI CREM POS BARBA 100g;1,000;65,55;65,55;19,53;0,00;0,00;46,02;70,21;235,64;0,93;85,02;B;;
26/08/2026;024668 - ACQUA DISTRIBUIDORA DE PERFUMES E COSMETICOS LTDA;07891033578337;NSPA SAB LIQ PERF CPO CER/ROUGE 250ml;1,000;55,90;55,90;11,54;0,00;0,00;44,36;79,36;384,40;0,90;85,92;B;;
26/08/2026;024668 - ACQUA DISTRIBUIDORA DE PERFUMES E COSMETICOS LTDA;07891033595167;REF NSPA LOC DES HID CPO AMEI/NEG 350ml;1,000;56,05;56,05;12,17;0,00;0,00;43,88;78,29;360,56;0,89;86,81;B;;
26/08/2026;024668 - ACQUA DISTRIBUIDORA DE PERFUMES E COSMETICOS LTDA;07891033890262;MAKE B CORRET LIQ HYAL 120N 68ml;1,000;57,19;57,19;14,97;0,00;0,00;42,22;73,82;282,03;0,86;87,67;B;;
26/08/2026;024668 - ACQUA DISTRIBUIDORA DE PERFUMES E COSMETICOS LTDA;07891033498970;CBEM LOC DES HID CPO CER/LIV V2 400ml;1,000;51,69;51,69;12,53;0,00;0,00;39,16;75,76;312,53;0,79;88,47;B;;
26/08/2026;024668 - ACQUA DISTRIBUIDORA DE PERFUMES E COSMETICOS LTDA;07891033895762;MAKE B PINCEL MULTIF;1,000;54,82;54,82;16,26;0,00;0,00;38,56;70,34;237,15;0,78;89,25;B;;
26/08/2026;024668 - ACQUA DISTRIBUIDORA DE PERFUMES E COSMETICOS LTDA;07891033964192;MAKE B MASC/CILIOS SCANDAL FULL 10g;1,000;59,99;59,99;23,25;0,00;0,00;36,74;61,24;158,02;0,75;89,99;B;;
26/08/2026;024668 - ACQUA DISTRIBUIDORA DE PERFUMES E COSMETICOS LTDA;07891033873210;CBEM SAB LIQ ESF CPO AMORUDA 200ml;1,000;48,76;48,76;13,57;0,00;0,00;35,19;72,17;259,32;0,71;90,71;B;;
26/08/2026;024668 - ACQUA DISTRIBUIDORA DE PERFUMES E COSMETICOS LTDA;07891033878024;MAKE B BATOM PREENCH HYAL NUDE CHIC 4g;1,000;51,92;51,92;17,71;0,00;0,00;34,21;65,89;193,17;0,69;91,40;B;;
26/08/2026;024668 - ACQUA DISTRIBUIDORA DE PERFUMES E COSMETICOS LTDA;07891033577538;MAKE B ESPNJ FAC SUPER BLEND PU;1,000;38,61;38,61;5,06;0,00;0,00;33,55;86,89;663,04;0,68;92,08;B;;
26/08/2026;024668 - ACQUA DISTRIBUIDORA DE PERFUMES E COSMETICOS LTDA;07891033886999;REF CBEM LOC D H CP CER/LIV N/FORM 350ml;1,000;53,91;53,91;21,89;0,00;0,00;32,02;59,40;146,28;0,65;92,73;B;;
26/08/2026;024668 - ACQUA DISTRIBUIDORA DE PERFUMES E COSMETICOS LTDA;07891033867684;FLORATTA SAB LIQ CPO RED 150ml;2,000;61,97;30,98;31,58;0,00;0,00;30,39;49,04;96,23;0,62;93,35;B;;
26/08/2026;024668 - ACQUA DISTRIBUIDORA DE PERFUMES E COSMETICOS LTDA;07891033878048;MAKE B BATOM PREENCH HYAL RICH BROWN 4g;1,000;46,73;46,73;17,71;0,00;0,00;29,02;62,10;163,86;0,59;93,94;B;;
26/08/2026;024668 - ACQUA DISTRIBUIDORA DE PERFUMES E COSMETICOS LTDA;07891033718771;BOTICOLL CRAZY DES COL FEELINGS 100ml;2,000;166,16;83,08;138,10;0,00;0,00;28,06;16,89;20,32;0,57;94,51;B;;
26/08/2026;024668 - ACQUA DISTRIBUIDORA DE PERFUMES E COSMETICOS LTDA;07891033774869;UOMINI DES ANTIT AER 75g V7;1,000;38,52;38,52;10,69;0,00;0,00;27,83;72,25;260,34;0,56;95,07;C;;
26/08/2026;024668 - ACQUA DISTRIBUIDORA DE PERFUMES E COSMETICOS LTDA;07891033278589;MAKE B LAP RETR P/OLH PRET PCK;1,000;51,90;51,90;25,75;0,00;0,00;26,15;50,39;101,55;0,53;95,60;C;;
26/08/2026;024668 - ACQUA DISTRIBUIDORA DE PERFUMES E COSMETICOS LTDA;07891033949083;MAKE B PRIMER FAC ANTIOL SALIC PRM 5ml;2,000;35,77;17,88;9,80;0,00;0,00;25,97;72,60;265,00;0,53;96,13;C;;
26/08/2026;024668 - ACQUA DISTRIBUIDORA DE PERFUMES E COSMETICOS LTDA;07891033493623;MALBEC DES ANTIT AER 75g/125ml V10;1,000;35,00;35,00;11,68;0,00;0,00;23,32;66,63;199,66;0,47;96,60;C;;
26/08/2026;024668 - ACQUA DISTRIBUIDORA DE PERFUMES E COSMETICOS LTDA;07891033755905;INTENSE MASC CILIO 4 POWER 11g;1,000;48,54;48,54;26,30;0,00;0,00;22,24;45,82;84,56;0,45;97,06;C;;
26/08/2026;024668 - ACQUA DISTRIBUIDORA DE PERFUMES E COSMETICOS LTDA;07891033873265;CBEM BASTAO ANTIATR EF/SHORT AMORA 35g;1,000;38,46;38,46;16,48;0,00;0,00;21,98;57,15;133,37;0,45;97,50;C;;
26/08/2026;024668 - ACQUA DISTRIBUIDORA DE PERFUMES E COSMETICOS LTDA;07891033539291;MALBEC DES ANTIT AER GOLD V3 75g;1,000;35,00;35,00;17,97;0,00;0,00;17,03;48,66;94,77;0,35;97,85;C;;
26/08/2026;024668 - ACQUA DISTRIBUIDORA DE PERFUMES E COSMETICOS LTDA;07891033560271;MEN SAB BARRA 2x90g;1,000;26,94;26,94;10,17;0,00;0,00;16,77;62,25;164,90;0,34;98,19;C;;
26/08/2026;024668 - ACQUA DISTRIBUIDORA DE PERFUMES E COSMETICOS LTDA;07891033947508;MEN SAB BARRA V4 2x90g;1,000;24,18;24,18;8,18;0,00;0,00;16,00;66,17;195,60;0,32;98,51;C;;
26/08/2026;024668 - ACQUA DISTRIBUIDORA DE PERFUMES E COSMETICOS LTDA;07891033471522;MEN DES ANTIT AER INV PROTECT 90g/150ml;1,000;32,85;32,85;17,18;0,00;0,00;15,67;47,70;91,21;0,32;98,83;C;;
26/08/2026;024668 - ACQUA DISTRIBUIDORA DE PERFUMES E COSMETICOS LTDA;07891033486694;BOTICOLL CECITA DES COL BLOSSOM 100ml V2;1,000;78,71;78,71;64,55;0,00;0,00;14,16;17,99;21,94;0,29;99,12;C;;
26/08/2026;024668 - ACQUA DISTRIBUIDORA DE PERFUMES E COSMETICOS LTDA;07891033943166;SACOLA ESPECIAL G BOTI INSTIT 2025;1,000;13,81;13,81;0,00;0,00;0,00;13,81;100,00;0,00;0,28;99,40;C;;
26/08/2026;024668 - ACQUA DISTRIBUIDORA DE PERFUMES E COSMETICOS LTDA;07891033873272;CBEM SAB BARR CPO AMORUDA 2x80g;1,000;22,11;22,11;8,61;0,00;0,00;13,50;61,06;156,79;0,27;99,67;C;;
26/08/2026;024668 - ACQUA DISTRIBUIDORA DE PERFUMES E COSMETICOS LTDA;07891033512317;CBEM SAB BARRA CEREJA LIVRE V2 2x80g;1,000;19,83;19,83;7,39;0,00;0,00;12,44;62,73;168,34;0,25;99,93;C;;
26/08/2026;024668 - ACQUA DISTRIBUIDORA DE PERFUMES E COSMETICOS LTDA;07891033860777;COFFEE DES ANTIT AER ORIENT/AMB 125ml;1,000;24,96;24,96;12,71;0,00;0,00;12,25;49,08;96,38;0,25;100,17;C;;
26/08/2026;024668 - ACQUA DISTRIBUIDORA DE PERFUMES E COSMETICOS LTDA;07891033035304;CAIXA M INST 2021 VERDE ECONOMICA;1,000;3,53;3,53;0,00;0,00;0,00;3,53;100,00;0,00;0,07;100,25;C;;
26/08/2026;024668 - ACQUA DISTRIBUIDORA DE PERFUMES E COSMETICOS LTDA;07891033894017;CX PRESENTE M BOTI INST/25 VDA;1,000;9,76;9,76;7,37;0,00;0,00;2,39;24,49;32,43;0,05;100,29;C;;
26/08/2026;024668 - ACQUA DISTRIBUIDORA DE PERFUMES E COSMETICOS LTDA;07891033908219;SACOLA P BOTICARIO INST/25;1,000;0,01;0,01;1,31;0,00;0,00;-1,30;-13000,00;-99,24;-0,03;100,27;C;;
26/08/2026;024668 - ACQUA DISTRIBUIDORA DE PERFUMES E COSMETICOS LTDA;07891033908226;SACOLA M BOTICARIO INST/25;1,000;0,01;0,01;1,56;0,00;0,00;-1,55;-15500,00;-99,36;-0,03;100,24;C;;
26/08/2026;024668 - ACQUA DISTRIBUIDORA DE PERFUMES E COSMETICOS LTDA;07891033557660;BOTI BABY SAB LIQ GLICERINA 50ml PRM;1,000;0,01;0,01;2,76;0,00;0,00;-2,75;-27500,00;-99,64;-0,06;100,18;C;;
26/08/2026;024668 - ACQUA DISTRIBUIDORA DE PERFUMES E COSMETICOS LTDA;07891033957996;NSPA CR PERF DES HID CP AMX/INT PRM 50ml;4,000;0,04;0,01;8,92;0,00;0,00;-8,88;-22200,00;-99,55;-0,18;100,00;C;;
26/08/2026;024669 - 24669 ACQUA DISTRIBUIDORA DE PERFUMES E;07891033483105;FLORATTA DES COL BLUE V2 75ml;1,000;174,90;174,90;28,42;0,00;0,00;146,48;83,75;515,41;8,73;8,73;A;;
26/08/2026;024669 - 24669 ACQUA DISTRIBUIDORA DE PERFUMES E;07891033497652;UOMINI DES COL V6 100ml;1,000;170,62;170,62;35,52;0,00;0,00;135,10;79,18;380,35;8,05;16,77;A;;
26/08/2026;024669 - 24669 ACQUA DISTRIBUIDORA DE PERFUMES E;07891033482962;FLORATTA DES COL ROSE BOUQUET 75ml;1,000;157,41;157,41;29,79;0,00;0,00;127,62;81,07;428,40;7,60;24,37;A;;
26/08/2026;024669 - 24669 ACQUA DISTRIBUIDORA DE PERFUMES E;07891033595174;REF NSPA LOC DES HID CPO AMEIXA 350ml;6,000;186,89;31,15;63,06;0,00;0,00;123,83;66,26;196,37;7,38;31,75;A;;
26/08/2026;024669 - 24669 ACQUA DISTRIBUIDORA DE PERFUMES E;07891033506774;CLASH DES COL 100ml;1,000;156,05;156,05;37,77;0,00;0,00;118,28;75,80;313,16;7,05;38,80;A;;
26/08/2026;024669 - 24669 ACQUA DISTRIBUIDORA DE PERFUMES E;07891033856459;BOTICA 214 EDP ARAB/OASIS FOUG/AMB 90ml;1,000;208,10;208,10;96,95;0,00;0,00;111,15;53,41;114,65;6,62;45,42;A;;
26/08/2026;024669 - 24669 ACQUA DISTRIBUIDORA DE PERFUMES E;07891033757657;MAKE B BAS PO MINERAL 40 55G;1,000;97,11;97,11;25,57;0,00;0,00;71,54;73,67;279,78;4,26;49,68;A;;
26/08/2026;024669 - 24669 ACQUA DISTRIBUIDORA DE PERFUMES E;07891033884124;ESTJ CBEM SORTIDO SPLASHES NAT/25;1,000;107,91;107,91;40,90;0,00;0,00;67,01;62,10;163,84;3,99;53,67;A;;
26/08/2026;024669 - 24669 ACQUA DISTRIBUIDORA DE PERFUMES E;07891033511471;CBEM DES COL BDY SPLSH NUVEM V3 200ml;1,000;85,41;85,41;18,66;0,00;0,00;66,75;78,15;357,72;3,98;57,65;A;;
26/08/2026;024669 - 24669 ACQUA DISTRIBUIDORA DE PERFUMES E;07891033886883;CBEM LOC DES HID CPO NUVEM N/FORM 400ml;1,000;78,90;78,90;14,59;0,00;0,00;64,31;81,51;440,78;3,83;61,48;A;;
26/08/2026;024669 - 24669 ACQUA DISTRIBUIDORA DE PERFUMES E;07891033481811;LILY OL PERF DES CPO 150ml V11;1,000;82,71;82,71;19,49;0,00;0,00;63,22;76,44;324,37;3,77;65,24;A;;
26/08/2026;024669 - 24669 ACQUA DISTRIBUIDORA DE PERFUMES E;07891033880829;NSPA LOC DES HID CPO AMEIX/NEG V4 400ml;1,000;80,00;80,00;16,87;0,00;0,00;63,13;78,91;374,21;3,76;69,00;A;;
26/08/2026;024669 - 24669 ACQUA DISTRIBUIDORA DE PERFUMES E;07891033859368;HER CODE OL MASS CPO TOUCH 150ml;1,000;76,91;76,91;14,99;0,00;0,00;61,92;80,51;413,08;3,69;72,69;A;;
26/08/2026;024669 - 24669 ACQUA DISTRIBUIDORA DE PERFUMES E;07891033524686;BOTIK GEL LIM FAC MIC AC MAN/SAL 50g PRM;4,000;56,72;14,18;0,00;0,00;0,00;56,72;100,00;0,00;3,38;76,07;A;;
26/08/2026;024669 - 24669 ACQUA DISTRIBUIDORA DE PERFUMES E;07891033861972;ESTJ NSPA CER/ROUGE NAT/25;1,000;89,91;89,91;33,97;0,00;0,00;55,94;62,22;164,67;3,33;79,40;A;;
26/08/2026;024669 - 24669 ACQUA DISTRIBUIDORA DE PERFUMES E;07891033825509;MAKE B BAS LIQ MATE SALICYLIC 270 30g;1,000;71,91;71,91;19,46;0,00;0,00;52,45;72,94;269,53;3,12;82,53;B;;
26/08/2026;024669 - 24669 ACQUA DISTRIBUIDORA DE PERFUMES E;07891033902194;CBEM DES COL BDY SPLSH DEL/CARAM 200ml;1,000;85,41;85,41;34,73;0,00;0,00;50,68;59,34;145,93;3,02;85,55;B;;
26/08/2026;024669 - 24669 ACQUA DISTRIBUIDORA DE PERFUMES E;07891033511686;CBEM SAB LIQ INT CER LIVRE V2 200ml;1,000;48,21;48,21;10,62;0,00;0,00;37,59;77,97;353,95;2,24;87,78;B;;
26/08/2026;024669 - 24669 ACQUA DISTRIBUIDORA DE PERFUMES E;07891033880102;MAKE B BAT LIQ MAT AC/POL DARK/RG V2 5ml;1,000;49,55;49,55;13,76;0,00;0,00;35,79;72,23;260,10;2,13;89,92;B;;
26/08/2026;024669 - 24669 ACQUA DISTRIBUIDORA DE PERFUMES E;07891033511730;MAKE B GLOS LAB C/AC POLIG ROS/LOVER 5ml;1,000;50,45;50,45;16,03;0,00;0,00;34,42;68,23;214,72;2,05;91,97;B;;
26/08/2026;024669 - 24669 ACQUA DISTRIBUIDORA DE PERFUMES E;07891033903665;PMPCK BOTICOLL DES BODY SPRAY PORTINARI;1,000;65,84;65,84;32,63;0,00;0,00;33,21;50,44;101,78;1,98;93,95;B;;
26/08/2026;024669 - 24669 ACQUA DISTRIBUIDORA DE PERFUMES E;07891033570775;FLORATTA SHOWER GEL CPO BLUE V2 75g;1,000;23,90;23,90;4,93;0,00;0,00;18,97;79,37;384,79;1,13;95,08;C;;
26/08/2026;024669 - 24669 ACQUA DISTRIBUIDORA DE PERFUMES E;07891033531790;SACOLA RETORNAVEL LOJA PRESENT TAM UNICO;1,000;18,22;18,22;0,00;0,00;0,00;18,22;100,00;0,00;1,09;96,16;C;;
26/08/2026;024669 - 24669 ACQUA DISTRIBUIDORA DE PERFUMES E;07891033889136;CBEM SPR INTIMO CER/FASES 75ml;1,000;31,79;31,79;12,75;0,00;1,16;17,88;56,24;149,33;1,07;97,23;C;;
26/08/2026;024669 - 24669 ACQUA DISTRIBUIDORA DE PERFUMES E;07891033494019;CASA 214 SAB LIQ MULTIF VAN/SUBLIM 400ml;1,000;41,60;41,60;24,33;0,00;0,00;17,27;41,51;70,98;1,03;98,25;C;;
26/08/2026;024669 - 24669 ACQUA DISTRIBUIDORA DE PERFUMES E;07891033556519;MEN DES COL NBA PRM 10ml;1,000;15,61;15,61;0,00;0,00;0,00;15,61;100,00;0,00;0,93;99,18;C;;
26/08/2026;024669 - 24669 ACQUA DISTRIBUIDORA DE PERFUMES E;07891033539710;CBEM MASC CAP SCH FEIRA PASTA ABAC 30ml;2,000;21,62;10,81;7,46;0,00;0,00;14,16;65,49;189,81;0,84;100,03;C;;
26/08/2026;024669 - 24669 ACQUA DISTRIBUIDORA DE PERFUMES E;07891033894697;BOTIK SRUM FAC ALT/POT AC/HIAL PRM 10ml;1,000;15,61;15,61;7,19;0,00;0,00;8,42;53,94;117,11;0,50;100,53;C;;
26/08/2026;024669 - 24669 ACQUA DISTRIBUIDORA DE PERFUMES E;07891033957996;NSPA CR PERF DES HID CP AMX/INT PRM 50ml;4,000;0,04;0,01;8,92;0,00;0,00;-8,88;-22200,00;-99,55;-0,53;100,00;C;;
26/08/2026;024670 - ACQUA DISTRIBUIDORA DE PERFUMES E COSMETICOS LTDA;07891033481415;ACCORDES DES COL 80ml V5;6,000;666,66;111,11;248,16;0,00;0,00;418,50;62,78;168,64;10,46;10,46;A;;
26/08/2026;024670 - ACQUA DISTRIBUIDORA DE PERFUMES E COSMETICOS LTDA;07891033826858;EGEO DES COL BOMB BLACK C/CAR 90ml;3,000;422,84;140,95;86,43;0,00;0,00;336,41;79,56;389,23;8,41;18,86;A;;
26/08/2026;024670 - ACQUA DISTRIBUIDORA DE PERFUMES E COSMETICOS LTDA;07891033479054;BOTICOLL ACQUA FRESCA DES COL 100ml V2;4,000;310,03;77,51;95,92;0,00;0,00;214,11;69,06;223,22;5,35;24,21;A;;
26/08/2026;024670 - ACQUA DISTRIBUIDORA DE PERFUMES E COSMETICOS LTDA;07891033486342;DREAM DES COL SPLSH AMOR NO AR 200ml V2;3,000;293,07;97,69;80,31;0,00;0,00;212,76;72,60;264,92;5,32;29,53;A;;
26/08/2026;024670 - ACQUA DISTRIBUIDORA DE PERFUMES E COSMETICOS LTDA;07891033869831;HER CODE EDP CLIMAX 50ml;2,000;405,28;202,64;206,92;0,00;0,00;198,36;48,94;95,86;4,96;34,49;A;;
26/08/2026;024670 - ACQUA DISTRIBUIDORA DE PERFUMES E COSMETICOS LTDA;07891033956494;ESTJ ZAAD INTENSE PAIS/26;1,000;324,90;324,90;142,20;0,00;0,00;182,70;56,23;128,48;4,57;39,05;A;;
26/08/2026;024670 - ACQUA DISTRIBUIDORA DE PERFUMES E COSMETICOS LTDA;07891033893317;LILY EDP V3 75ml;1,000;288,39;288,39;126,65;0,00;0,00;161,74;56,08;127,71;4,04;43,09;A;;
26/08/2026;024670 - ACQUA DISTRIBUIDORA DE PERFUMES E COSMETICOS LTDA;07891033908059;ESTJ EGEO BOMB BLACK REG/26;2,000;242,72;121,36;83,52;0,00;0,00;159,20;65,59;190,61;3,98;47,07;A;;
26/08/2026;024670 - ACQUA DISTRIBUIDORA DE PERFUMES E COSMETICOS LTDA;07891033479085;DREAM DES COL SPLSH VIAG/ENC 200ml V2;2,000;188,44;94,22;58,20;0,00;0,00;130,24;69,11;223,78;3,25;50,32;A;;
26/08/2026;024670 - ACQUA DISTRIBUIDORA DE PERFUMES E COSMETICOS LTDA;07891033506774;CLASH DES COL 100ml;1,000;167,74;167,74;37,78;0,00;0,00;129,96;77,48;343,99;3,25;53,57;A;;
26/08/2026;024670 - ACQUA DISTRIBUIDORA DE PERFUMES E COSMETICOS LTDA;07891033520299;BOTICOLL PORTINARI D/COL ABSOLUTO 100ml;1,000;163,07;163,07;37,49;0,00;0,00;125,58;77,01;334,97;3,14;56,71;A;;
26/08/2026;024670 - ACQUA DISTRIBUIDORA DE PERFUMES E COSMETICOS LTDA;07891033486212;FLORATTA EDP FLEUR D ECLIPSE 75ml;1,000;170,00;170,00;46,34;0,00;0,00;123,66;72,74;266,85;3,09;59,80;A;;
26/08/2026;024670 - ACQUA DISTRIBUIDORA DE PERFUMES E COSMETICOS LTDA;07891033882038;LILY CREM ACET DES HID CPO V9 250g;1,000;135,13;135,13;17,61;0,00;0,00;117,52;86,97;667,35;2,94;62,74;A;;
26/08/2026;024670 - ACQUA DISTRIBUIDORA DE PERFUMES E COSMETICOS LTDA;07891033533862;BOTIK PROT SOL FAC FPS 80 AC/HIAL 40ml;2,000;151,45;75,72;53,70;0,00;0,00;97,75;64,54;182,03;2,44;65,18;A;;
26/08/2026;024670 - ACQUA DISTRIBUIDORA DE PERFUMES E COSMETICOS LTDA;07891033483105;FLORATTA DES COL BLUE V2 75ml;1,000;151,94;151,94;62,32;0,00;0,00;89,62;58,98;143,81;2,24;67,42;A;;
26/08/2026;024670 - ACQUA DISTRIBUIDORA DE PERFUMES E COSMETICOS LTDA;07891033892617;BOTICA 214 EDP GOLD/GARD V3 75ml;1,000;191,90;191,90;103,47;0,00;0,00;88,43;46,08;85,46;2,21;69,63;A;;
26/08/2026;024670 - ACQUA DISTRIBUIDORA DE PERFUMES E COSMETICOS LTDA;07891033766666;MEN DES COL GALBE 100ml V2;1,000;148,67;148,67;68,64;0,00;0,00;80,03;53,83;116,59;2,00;71,63;A;;
26/08/2026;024670 - ACQUA DISTRIBUIDORA DE PERFUMES E COSMETICOS LTDA;07891033045396;BOTIK CR FAC FIRMADOR AC/HIAL 40g V2;1,000;123,42;123,42;44,88;0,00;0,00;78,54;63,64;175,00;1,96;73,59;A;;
26/08/2026;024670 - ACQUA DISTRIBUIDORA DE PERFUMES E COSMETICOS LTDA;07891033859368;HER CODE OL MASS CPO TOUCH 150ml;1,000;95,19;95,19;17,02;0,00;0,00;78,17;82,12;459,28;1,95;75,54;A;;
26/08/2026;024670 - ACQUA DISTRIBUIDORA DE PERFUMES E COSMETICOS LTDA;07891033899708;ESTJ NSPA ORQUIDEA LUMIERE AMOR/26;1,000;114,00;114,00;36,71;0,00;0,00;77,29;67,80;210,54;1,93;77,47;A;;
26/08/2026;024670 - ACQUA DISTRIBUIDORA DE PERFUMES E COSMETICOS LTDA;07891033483037;FLORATTA DES COL RED V2 75ml;1,000;130,99;130,99;68,42;0,00;0,00;62,57;47,77;91,45;1,56;79,04;A;;
26/08/2026;024670 - ACQUA DISTRIBUIDORA DE PERFUMES E COSMETICOS LTDA;07891033520527;CELEBRE DES COL MASC AGORA 100ml;1,000;87,87;87,87;25,55;0,00;0,00;62,32;70,92;243,91;1,56;80,59;B;;
26/08/2026;024670 - ACQUA DISTRIBUIDORA DE PERFUMES E COSMETICOS LTDA;07891033882014;REF LILY CR ACET DES HID CPO V3 250g;1,000;99,90;99,90;39,29;0,00;0,00;60,61;60,67;154,26;1,51;82,11;B;;
26/08/2026;024670 - ACQUA DISTRIBUIDORA DE PERFUMES E COSMETICOS LTDA;07891033897827;MALBEC ESPUM P/BARB SENSIT CUID V4 200ml;1,000;69,84;69,84;15,10;0,00;0,00;54,74;78,38;362,52;1,37;83,48;B;;
26/08/2026;024670 - ACQUA DISTRIBUIDORA DE PERFUMES E COSMETICOS LTDA;07891033482870;NSPA CR ANTIS MAO FPS 15 QUINOA 75g V2;1,000;56,00;56,00;10,59;0,00;0,00;45,41;81,09;428,80;1,13;84,61;B;;
26/08/2026;024670 - ACQUA DISTRIBUIDORA DE PERFUMES E COSMETICOS LTDA;07891033854837;FLORATTA DES BDY SPRAY RED V2 100ml;1,000;51,37;51,37;7,12;0,00;0,00;44,25;86,14;621,49;1,11;85,72;B;;
26/08/2026;024670 - ACQUA DISTRIBUIDORA DE PERFUMES E COSMETICOS LTDA;07891033872725;NSPA DES COL BDY SPLSH UVA MERLOT 200ml;1,000;64,11;64,11;19,90;0,00;0,00;44,21;68,96;222,16;1,10;86,82;B;;
26/08/2026;024670 - ACQUA DISTRIBUIDORA DE PERFUMES E COSMETICOS LTDA;07891033589852;NSPA SAB LIQ CPO PERF UVA MERLOT 250ml;1,000;54,95;54,95;12,11;0,00;0,00;42,84;77,96;353,76;1,07;87,89;B;;
26/08/2026;024670 - ACQUA DISTRIBUIDORA DE PERFUMES E COSMETICOS LTDA;07891033560059;MEN CREM PRE/POS BARBA 150g;1,000;51,34;51,34;9,82;0,00;0,00;41,52;80,87;422,81;1,04;88,93;B;;
26/08/2026;024670 - ACQUA DISTRIBUIDORA DE PERFUMES E COSMETICOS LTDA;07891033533886;NSPA SAB LIQ PERF AMEIXA 250ml;1,000;49,87;49,87;8,88;0,00;0,00;40,99;82,19;461,60;1,02;89,95;B;;
26/08/2026;024670 - ACQUA DISTRIBUIDORA DE PERFUMES E COSMETICOS LTDA;07891033850969;NSPA OL GLORIOSO DES HID CPO AMEIX 200ml;1,000;83,16;83,16;43,69;0,00;0,00;39,47;47,46;90,34;0,99;90,94;B;;
26/08/2026;024670 - ACQUA DISTRIBUIDORA DE PERFUMES E COSMETICOS LTDA;07891033485628;NSPA CR HID MAO AMEI/NEG 75g V2;1,000;59,90;59,90;23,81;0,00;0,00;36,09;60,25;151,57;0,90;91,84;B;;
26/08/2026;024670 - ACQUA DISTRIBUIDORA DE PERFUMES E COSMETICOS LTDA;07891033831241;REF MATCH MASC CAP NUTR/PROF 250ml;1,000;56,61;56,61;24,69;0,00;0,00;31,92;56,39;129,28;0,80;92,64;B;;
26/08/2026;024670 - ACQUA DISTRIBUIDORA DE PERFUMES E COSMETICOS LTDA;07891033944996;CBEM SAB BARRA PESSEGURA V3 4x80g;2,000;53,08;26,54;21,40;0,00;0,00;31,68;59,68;148,04;0,79;93,43;B;;
26/08/2026;024670 - ACQUA DISTRIBUIDORA DE PERFUMES E COSMETICOS LTDA;07891033879823;ACCORDES DES BDY SPR V7 100ml;2,000;62,80;31,40;33,22;0,00;0,00;29,58;47,10;89,04;0,74;94,17;B;;
26/08/2026;024670 - ACQUA DISTRIBUIDORA DE PERFUMES E COSMETICOS LTDA;07891033756551;INTENSE MASC CILIO TOO LONG 11g;1,000;51,72;51,72;22,20;0,00;0,00;29,52;57,08;132,97;0,74;94,91;B;;
26/08/2026;024670 - ACQUA DISTRIBUIDORA DE PERFUMES E COSMETICOS LTDA;07891033013029;PMPCK LILY DES ANTIT AER 2x75g;1,000;55,61;55,61;26,14;0,00;0,00;29,47;52,99;112,74;0,74;95,64;C;;
26/08/2026;024670 - ACQUA DISTRIBUIDORA DE PERFUMES E COSMETICOS LTDA;07891033570430;CBEM CR DES HID CPO PESSEGUR/DEPIL 200ml;1,000;48,77;48,77;20,88;0,00;0,00;27,89;57,19;133,57;0,70;96,34;C;;
26/08/2026;024670 - ACQUA DISTRIBUIDORA DE PERFUMES E COSMETICOS LTDA;07891033490363;MEN LOC DES HID CPO 200g V2;2,000;44,16;22,08;18,64;0,00;0,00;25,52;57,79;136,91;0,64;96,98;C;;
26/08/2026;024670 - ACQUA DISTRIBUIDORA DE PERFUMES E COSMETICOS LTDA;07891033889112;LILY SAB BARRA V2 2x90g;1,000;41,37;41,37;15,86;0,00;0,00;25,51;61,66;160,84;0,64;97,62;C;;
26/08/2026;024670 - ACQUA DISTRIBUIDORA DE PERFUMES E COSMETICOS LTDA;07891033499038;CBEM LOC DES HID CPO PESSEGURA V2 200ml;1,000;34,45;34,45;9,02;0,00;0,00;25,43;73,82;281,93;0,64;98,25;C;;
26/08/2026;024670 - ACQUA DISTRIBUIDORA DE PERFUMES E COSMETICOS LTDA;07891033521630;INTENSE BAT CREM 250 V7 38g;1,000;36,24;36,24;14,55;0,00;0,00;21,69;59,85;149,07;0,54;98,79;C;;
26/08/2026;024670 - ACQUA DISTRIBUIDORA DE PERFUMES E COSMETICOS LTDA;07891033909544;GLAMOUR DES COL INTENSE PRM 10ml;2,000;32,41;16,20;12,38;0,00;0,00;20,03;61,80;161,79;0,50;99,29;C;;
26/08/2026;024670 - ACQUA DISTRIBUIDORA DE PERFUMES E COSMETICOS LTDA;07891033883431;CAIXA LAÇO P  MAES 25 BOTI;2,000;16,94;8,47;0,00;0,00;0,00;16,94;100,00;0,00;0,42;99,72;C;;
26/08/2026;024670 - ACQUA DISTRIBUIDORA DE PERFUMES E COSMETICOS LTDA;07891033508792;CBEM SAB BARRA PESSEGURA V2 4x80g;1,000;29,76;29,76;12,88;0,00;0,00;16,88;56,72;131,06;0,42;100,14;C;;
26/08/2026;024670 - ACQUA DISTRIBUIDORA DE PERFUMES E COSMETICOS LTDA;07891033512270;CBEM SAB BARRA NUVEM 4x80g;1,000;27,43;27,43;14,25;0,00;0,00;13,18;48,05;92,49;0,33;100,47;C;;
26/08/2026;024670 - ACQUA DISTRIBUIDORA DE PERFUMES E COSMETICOS LTDA;07891033965793;CAIXA LACO M AMOR 2026 BOTI UNIT;1,000;8,71;8,71;0,00;0,00;0,00;8,71;100,00;0,00;0,22;100,69;C;;
26/08/2026;024670 - ACQUA DISTRIBUIDORA DE PERFUMES E COSMETICOS LTDA;07891033894697;BOTIK SRUM FAC ALT/POT AC/HIAL PRM 10ml;1,000;15,50;15,50;7,19;0,00;0,00;8,31;53,61;115,58;0,21;100,89;C;;
26/08/2026;024670 - ACQUA DISTRIBUIDORA DE PERFUMES E COSMETICOS LTDA;07891033948994;CBEM GEL LIMP FAC FEIR TANGERINA PRM 50g;1,000;14,86;14,86;6,66;0,00;0,00;8,20;55,18;123,12;0,20;101,10;C;;
26/08/2026;024670 - ACQUA DISTRIBUIDORA DE PERFUMES E COSMETICOS LTDA;07891033035298;CAIXA M INST 2021 ROSA ECONOMICA;2,000;6,87;3,43;0,00;0,00;0,00;6,87;100,00;0,00;0,17;101,27;C;;
26/08/2026;024670 - ACQUA DISTRIBUIDORA DE PERFUMES E COSMETICOS LTDA;07891033957996;NSPA CR PERF DES HID CP AMX/INT PRM 50ml;1,000;0,01;0,01;2,23;0,00;0,00;-2,22;-22200,00;-99,55;-0,06;101,21;C;;
26/08/2026;024670 - ACQUA DISTRIBUIDORA DE PERFUMES E COSMETICOS LTDA;07891033534098;REF NSPA SAB LIQ CPO PERF AMEIXA 200ml;1,000;0,01;0,01;9,33;0,00;0,00;-9,32;-93200,00;-99,89;-0,23;100,98;C;;
26/08/2026;024670 - ACQUA DISTRIBUIDORA DE PERFUMES E COSMETICOS LTDA;07891033949083;MAKE B PRIMER FAC ANTIOL SALIC PRM 5ml;4,000;0,04;0,01;19,60;0,00;0,00;-19,56;-48900,00;-99,80;-0,49;100,49;C;;
26/08/2026;024670 - ACQUA DISTRIBUIDORA DE PERFUMES E COSMETICOS LTDA;07891033822652;NSPA SAB LIQ CPO ESF A/STR JAS/SAM 175ml;1,000;0,01;0,01;19,73;0,00;0,00;-19,72;-197200,00;-99,95;-0,49;100,00;C;;
26/08/2026;024671 - 24671 ACQUA DISTRIBUIDORA DE PERFUMES E;07891033483037;FLORATTA DES COL RED V2 75ml;2,000;252,36;126,18;136,86;0,00;0,00;115,50;45,77;84,39;10,57;10,57;A;;
26/08/2026;024671 - 24671 ACQUA DISTRIBUIDORA DE PERFUMES E;07891033882038;LILY CREM ACET DES HID CPO V9 250g;1,000;130,53;130,53;17,60;0,00;0,00;112,93;86,52;641,65;10,33;20,90;A;;
26/08/2026;024671 - 24671 ACQUA DISTRIBUIDORA DE PERFUMES E;07891033506774;CLASH DES COL 100ml;1,000;149,19;149,19;37,78;0,00;0,00;111,41;74,68;294,89;10,19;31,09;A;;
26/08/2026;024671 - 24671 ACQUA DISTRIBUIDORA DE PERFUMES E;07891033857968;ELYSEE CREM DES HID CPO ACET V2 250g;1,000;136,96;136,96;34,87;0,00;0,00;102,09;74,54;292,77;9,34;40,43;A;;
26/08/2026;024671 - 24671 ACQUA DISTRIBUIDORA DE PERFUMES E;07891033852390;LILY CR ACET DES HID CPO CASHMERE 250g;1,000;134,91;134,91;37,93;0,00;0,00;96,98;71,88;255,68;8,87;49,30;A;;
26/08/2026;024671 - 24671 ACQUA DISTRIBUIDORA DE PERFUMES E;07891033718771;BOTICOLL CRAZY DES COL FEELINGS 100ml;2,000;158,40;79,20;82,82;0,00;0,00;75,58;47,71;91,26;6,91;56,22;A;;
26/08/2026;024671 - 24671 ACQUA DISTRIBUIDORA DE PERFUMES E;07891033892617;BOTICA 214 EDP GOLD/GARD V3 75ml;1,000;172,71;172,71;103,47;0,00;0,00;69,24;40,09;66,92;6,33;62,55;A;;
26/08/2026;024671 - 24671 ACQUA DISTRIBUIDORA DE PERFUMES E;07891033589784;NSPA LOC NUTR DES CPO UVA MERLOT 400ml;1,000;64,71;64,71;17,87;0,00;0,00;46,84;72,38;262,12;4,29;66,84;A;;
26/08/2026;024671 - 24671 ACQUA DISTRIBUIDORA DE PERFUMES E;07891033487004;EGEO DES COL HIT 90ml V2;2,000;148,11;74,05;105,84;0,00;0,00;42,27;28,54;39,94;3,87;70,71;A;;
26/08/2026;024671 - 24671 ACQUA DISTRIBUIDORA DE PERFUMES E;07891033893669;NSPA DES COL BDY SPLSH ROSAS/SCRT 200ml;1,000;83,91;83,91;42,45;0,00;0,00;41,46;49,41;97,67;3,79;74,50;A;;
26/08/2026;024671 - 24671 ACQUA DISTRIBUIDORA DE PERFUMES E;07891033568116;MATCH MASC CAP SCIENCE CRESC V2 250g;1,000;63,87;63,87;26,88;0,00;0,00;36,99;57,91;137,61;3,38;77,88;A;;
26/08/2026;024671 - 24671 ACQUA DISTRIBUIDORA DE PERFUMES E;07891033538386;BOTIK PROT SOL FAC FPS 50 AC/HIAL 40ml;1,000;59,87;59,87;23,00;0,00;0,00;36,87;61,58;160,30;3,37;81,26;B;;
26/08/2026;024671 - 24671 ACQUA DISTRIBUIDORA DE PERFUMES E;07891033862955;MATCH MASC CAP SCIENCE RECONS V3 250g;1,000;63,87;63,87;27,06;0,00;0,00;36,81;57,63;136,03;3,37;84,62;B;;
26/08/2026;024671 - 24671 ACQUA DISTRIBUIDORA DE PERFUMES E;07891033837564;COFFEE DES COL WOMAN LUCKY 100ML;2,000;214,90;107,45;181,52;0,00;0,00;33,38;15,53;18,39;3,05;87,68;B;;
26/08/2026;024671 - 24671 ACQUA DISTRIBUIDORA DE PERFUMES E;07891033851645;MAK B COLOR U/B LAC WIN 36g;1,000;57,97;57,97;25,70;0,00;0,00;32,27;55,67;125,56;2,95;90,63;B;;
26/08/2026;024671 - 24671 ACQUA DISTRIBUIDORA DE PERFUMES E;07891033536283;BOTIK GEL LIMP FAC VITAM C PRM 50g;4,000;30,54;7,63;0,00;0,00;0,00;30,54;100,00;0,00;2,79;93,42;B;;
26/08/2026;024671 - 24671 ACQUA DISTRIBUIDORA DE PERFUMES E;07891033868698;CLASH LOC DES HID CPO 200ml;1,000;48,01;48,01;23,44;0,00;0,00;24,57;51,18;104,82;2,25;95,67;C;;
26/08/2026;024671 - 24671 ACQUA DISTRIBUIDORA DE PERFUMES E;07891033816231;MAKE B BAT MATE C/AC POLIGL VIOLET 4g;1,000;39,88;39,88;17,61;0,00;0,00;22,27;55,84;126,46;2,04;97,71;C;;
26/08/2026;024671 - 24671 ACQUA DISTRIBUIDORA DE PERFUMES E;07891033509560;CLASH DES BDY SPR 100ml;1,000;43,87;43,87;24,07;0,00;0,00;19,80;45,13;82,26;1,81;99,52;C;;
26/08/2026;024671 - 24671 ACQUA DISTRIBUIDORA DE PERFUMES E;07891033554089;BOTIK CR N FIR ROST/PESC RES/SIL PRM 10g;1,000;14,72;14,72;0,00;0,00;0,00;14,72;100,00;0,00;1,35;100,87;C;;
26/08/2026;024671 - 24671 ACQUA DISTRIBUIDORA DE PERFUMES E;07891033880126;MAKE B BAT LIQ MAT AC/POL G/BERR V2 5ml;1,000;40,48;40,48;29,10;0,00;0,00;11,38;28,11;39,11;1,04;101,91;C;;
26/08/2026;024671 - 24671 ACQUA DISTRIBUIDORA DE PERFUMES E;07891033868667;BOTI SUN PROT SOL CPO GEL CR FPS50 120g;1,000;33,91;33,91;26,70;0,00;0,00;7,21;21,26;27,00;0,66;102,57;C;;
26/08/2026;024671 - 24671 ACQUA DISTRIBUIDORA DE PERFUMES E;07891033748938;EGEO DES BDY SPR DOLCE 100ml V8 PCK;1,000;29,07;29,07;24,05;0,00;0,00;5,02;17,27;20,87;0,46;103,03;C;;
26/08/2026;024671 - 24671 ACQUA DISTRIBUIDORA DE PERFUMES E;07891033886999;REF CBEM LOC D H CP CER/LIV N/FORM 350ml;2,000;45,95;22,97;43,76;0,00;0,00;2,19;4,77;5,00;0,20;103,23;C;;
26/08/2026;024671 - 24671 ACQUA DISTRIBUIDORA DE PERFUMES E;07891033880317;CBEM LOC DES HID CPO AMORUDA PRM 50ml;1,000;0,01;0,01;0,00;0,00;0,00;0,01;100,00;0,00;0,00;103,23;C;;
26/08/2026;024671 - 24671 ACQUA DISTRIBUIDORA DE PERFUMES E;07891033957996;NSPA CR PERF DES HID CP AMX/INT PRM 50ml;2,000;0,02;0,01;4,46;0,00;0,00;-4,44;-22200,00;-99,55;-0,41;102,82;C;;
26/08/2026;024671 - 24671 ACQUA DISTRIBUIDORA DE PERFUMES E;07891033908226;SACOLA M BOTICARIO INST/25;3,000;0,03;0,01;4,68;0,00;0,00;-4,65;-15500,00;-99,36;-0,43;102,40;C;;
26/08/2026;024671 - 24671 ACQUA DISTRIBUIDORA DE PERFUMES E;07891033908219;SACOLA P BOTICARIO INST/25;5,000;0,05;0,01;6,55;0,00;0,00;-6,50;-13000,00;-99,24;-0,59;101,80;C;;
26/08/2026;024671 - 24671 ACQUA DISTRIBUIDORA DE PERFUMES E;07891033889716;LIZ DES COL D ESSENCE PRM 10ml;1,000;0,01;0,01;6,95;0,00;0,00;-6,94;-69400,00;-99,86;-0,63;101,17;C;;
26/08/2026;024671 - 24671 ACQUA DISTRIBUIDORA DE PERFUMES E;07891033499434;CBEM LOC DES HID CPO PESSEGURA V2 400ml;1,000;0,01;0,01;12,78;0,00;0,00;-12,77;-127700,00;-99,92;-1,17;100,00;C;;
27/08/2026;024303 - 24303 ACQUA DISTRIBUIDORA DE PERFUMES E;07891033493531;BOTICA 214 EDP PEON/APRCT 75ml V2;2,000;398,82;199,41;98,40;0,00;0,00;300,42;75,33;305,30;16,39;16,39;A;;
27/08/2026;024303 - 24303 ACQUA DISTRIBUIDORA DE PERFUMES E;07891033909537;GLAMOUR DES COL INTENSE 75ml;2,000;298,02;149,01;77,66;0,00;0,00;220,36;73,94;283,75;12,03;28,42;A;;
27/08/2026;024303 - 24303 ACQUA DISTRIBUIDORA DE PERFUMES E;07891033500222;HER CODE EDP 50ml;1,000;223,61;223,61;57,54;0,00;0,00;166,07;74,27;288,62;9,06;37,48;A;;
27/08/2026;024303 - 24303 ACQUA DISTRIBUIDORA DE PERFUMES E;07891033861750;ESTJ HER CODE TOUCH NAT/25;1,000;235,20;235,20;84,84;0,00;0,00;150,36;63,93;177,23;8,21;45,69;A;;
27/08/2026;024303 - 24303 ACQUA DISTRIBUIDORA DE PERFUMES E;07891033740963;GLAMOUR DES COL 75ml V6;1,000;176,79;176,79;35,53;0,00;0,00;141,26;79,90;397,58;7,71;53,40;A;;
27/08/2026;024303 - 24303 ACQUA DISTRIBUIDORA DE PERFUMES E;07891033492503;COFFEE D/C DUO/WOM/ORIENT/AMAD V2 100ml;1,000;229,90;229,90;91,26;0,00;0,00;138,64;60,30;151,92;7,57;60,96;A;;
27/08/2026;024303 - 24303 ACQUA DISTRIBUIDORA DE PERFUMES E;07891033880775;NSPA LOC DES HID CPO AMEIXA V7 400ml;2,000;179,80;89,90;71,54;0,00;0,00;108,26;60,21;151,33;5,91;66,87;A;;
27/08/2026;024303 - 24303 ACQUA DISTRIBUIDORA DE PERFUMES E;07891033479498;THE BLEND EDP 100ml V2;1,000;257,55;257,55;150,91;0,00;0,00;106,64;41,41;70,66;5,82;72,69;A;;
27/08/2026;024303 - 24303 ACQUA DISTRIBUIDORA DE PERFUMES E;07891033841820;LILY DES COL BDY SPLSH 200ml;1,000;109,57;109,57;21,40;0,00;0,00;88,17;80,47;412,01;4,81;77,50;A;;
27/08/2026;024303 - 24303 ACQUA DISTRIBUIDORA DE PERFUMES E;07891033767007;LIZ DES COL 100ml;1,000;144,90;144,90;65,75;0,00;0,00;79,15;54,62;120,38;4,32;81,82;B;;
27/08/2026;024303 - 24303 ACQUA DISTRIBUIDORA DE PERFUMES E;07891033491544;COFFEE DES COL UNIQ WOM FL/GOURM 100ml;1,000;139,00;139,00;63,73;0,00;0,00;75,27;54,15;118,11;4,11;85,93;B;;
27/08/2026;024303 - 24303 ACQUA DISTRIBUIDORA DE PERFUMES E;07891033533534;NSPA DES COL BDY SPLSH LILAC 200ml;1,000;97,20;97,20;42,91;0,00;0,00;54,29;55,85;126,52;2,96;88,89;B;;
27/08/2026;024303 - 24303 ACQUA DISTRIBUIDORA DE PERFUMES E;07891033524686;BOTIK GEL LIM FAC MIC AC MAN/SAL 50g PRM;3,000;45,66;15,22;0,00;0,00;0,00;45,66;100,00;0,00;2,49;91,38;B;;
27/08/2026;024303 - 24303 ACQUA DISTRIBUIDORA DE PERFUMES E;07891033595174;REF NSPA LOC DES HID CPO AMEIXA 350ml;2,000;62,91;31,45;21,02;0,00;0,00;41,89;66,59;199,29;2,29;93,67;B;;
27/08/2026;024303 - 24303 ACQUA DISTRIBUIDORA DE PERFUMES E;07891033833566;FLORATTA DES COL SPLSH ROSE 200ml;1,000;74,91;74,91;36,74;0,00;0,00;38,17;50,95;103,89;2,08;95,75;C;;
27/08/2026;024303 - 24303 ACQUA DISTRIBUIDORA DE PERFUMES E;07891033508815;CBEM DES COL BDY SPLSH DELEITE V3 200ml;1,000;65,94;65,94;36,91;0,00;0,00;29,03;44,02;78,65;1,58;97,33;C;;
27/08/2026;024303 - 24303 ACQUA DISTRIBUIDORA DE PERFUMES E;07891033962938;GLAMOUR LOC DES HID CPO INTENSE 200ml;1,000;52,00;52,00;24,42;0,00;0,00;27,58;53,04;112,94;1,51;98,84;C;;
27/08/2026;024303 - 24303 ACQUA DISTRIBUIDORA DE PERFUMES E;07891033492428;COFFEE DES ANTIT AER WOM/SEDUC V5 75g;1,000;26,87;26,87;10,66;0,00;0,00;16,21;60,33;152,06;0,88;99,72;C;;
27/08/2026;024303 - 24303 ACQUA DISTRIBUIDORA DE PERFUMES E;07891033504480;INTENSE HID LAB BY CUID DEL ROS/NUD 62g;1,000;30,53;30,53;16,32;0,00;0,00;14,21;46,54;87,07;0,78;100,50;C;;
27/08/2026;024303 - 24303 ACQUA DISTRIBUIDORA DE PERFUMES E;07891033507047;MAKE B BLUSH PO C/A POLIG BERRY 55g;1,000;55,02;55,02;42,82;0,00;0,00;12,20;22,17;28,49;0,67;101,16;C;;
27/08/2026;024303 - 24303 ACQUA DISTRIBUIDORA DE PERFUMES E;07891033512270;CBEM SAB BARRA NUVEM 4x80g;1,000;26,05;26,05;14,47;0,00;0,00;11,58;44,45;80,03;0,63;101,80;C;;
27/08/2026;024303 - 24303 ACQUA DISTRIBUIDORA DE PERFUMES E;07891033855841;NSPA OL GLOR DES HID CPO ORQ/LUM 200ml;1,000;50,69;50,69;40,90;0,00;0,00;9,79;19,31;23,94;0,53;102,33;C;;
27/08/2026;024303 - 24303 ACQUA DISTRIBUIDORA DE PERFUMES E;07891033894697;BOTIK SRUM FAC ALT/POT AC/HIAL PRM 10ml;1,000;14,73;14,73;7,27;0,00;0,00;7,46;50,64;102,61;0,41;102,74;C;;
27/08/2026;024303 - 24303 ACQUA DISTRIBUIDORA DE PERFUMES E;07891033908196;SACOLA PP BOTICARIO INST/25;1,000;0,01;0,01;0,71;0,00;0,00;-0,70;-7000,00;-98,59;-0,04;102,70;C;;
27/08/2026;024303 - 24303 ACQUA DISTRIBUIDORA DE PERFUMES E;07891033908219;SACOLA P BOTICARIO INST/25;1,000;0,01;0,01;1,31;0,00;0,00;-1,30;-13000,00;-99,24;-0,07;102,63;C;;
27/08/2026;024303 - 24303 ACQUA DISTRIBUIDORA DE PERFUMES E;07891033957996;NSPA CR PERF DES HID CP AMX/INT PRM 50ml;2,000;0,02;0,01;4,52;0,00;0,00;-4,50;-22500,00;-99,56;-0,25;102,38;C;;
27/08/2026;024303 - 24303 ACQUA DISTRIBUIDORA DE PERFUMES E;07891033949083;MAKE B PRIMER FAC ANTIOL SALIC PRM 5ml;2,000;0,02;0,01;9,90;0,00;0,00;-9,88;-49400,00;-99,80;-0,54;101,84;C;;
27/08/2026;024303 - 24303 ACQUA DISTRIBUIDORA DE PERFUMES E;07891033908226;SACOLA M BOTICARIO INST/25;7,000;0,07;0,01;10,92;0,00;0,00;-10,85;-15500,00;-99,36;-0,59;101,25;C;;
27/08/2026;024303 - 24303 ACQUA DISTRIBUIDORA DE PERFUMES E;07891033949892;CBEM LIVRO PARA COLORIR PAPEL;2,000;23,31;11,65;40,96;4,43;0,85;-22,93;-98,37;-43,09;-1,25;100,00;C;;
27/08/2026;024617 - ACQUA DISTRIBUIDORA DE PERFUMES E COSMETICOS LTDA;07891033880775;NSPA LOC DES HID CPO AMEIXA V7 400ml;1,000;89,90;89,90;35,74;0,00;0,00;54,16;60,24;151,54;14,33;14,33;A;;
27/08/2026;024617 - ACQUA DISTRIBUIDORA DE PERFUMES E COSMETICOS LTDA;07891033524686;BOTIK GEL LIM FAC MIC AC MAN/SAL 50g PRM;3,000;50,61;16,87;0,00;0,00;0,00;50,61;100,00;0,00;13,39;27,73;A;;
27/08/2026;024617 - ACQUA DISTRIBUIDORA DE PERFUMES E COSMETICOS LTDA;07891033475995;BOTI SUN PROT FAC ANTIOL A/FL FPS70 40ml;1,000;73,32;73,32;29,76;0,00;0,00;43,56;59,41;146,37;11,53;39,25;A;;
27/08/2026;024617 - ACQUA DISTRIBUIDORA DE PERFUMES E COSMETICOS LTDA;07891033874910;BOTIK GEL LIMP F MCL AC MAND/SAL V2 150g;1,000;68,74;68,74;26,52;0,00;0,00;42,22;61,42;159,20;11,17;50,43;A;;
27/08/2026;024617 - ACQUA DISTRIBUIDORA DE PERFUMES E COSMETICOS LTDA;07891033909810;NSPA DES COL BDY SPLSH AMEIX/INT 200ml;1,000;82,54;82,54;42,73;0,00;0,00;39,81;48,23;93,17;10,54;60,96;A;;
27/08/2026;024617 - ACQUA DISTRIBUIDORA DE PERFUMES E COSMETICOS LTDA;07891033521104;DR BOTICA CR PENT POC/TR/NO LISOS 350ml;1,000;61,41;61,41;27,80;0,00;0,00;33,61;54,73;120,90;8,89;69,86;A;;
27/08/2026;024617 - ACQUA DISTRIBUIDORA DE PERFUMES E COSMETICOS LTDA;07891033864652;ESTJ CBEM DELEITE REG/25;1,000;62,46;62,46;32,10;0,00;0,00;30,36;48,61;94,58;8,03;77,89;A;;
27/08/2026;024617 - ACQUA DISTRIBUIDORA DE PERFUMES E COSMETICOS LTDA;07891033836840;DR BOTICA COL POC/AVENTURA 120ml;1,000;66,83;66,83;39,44;0,00;0,00;27,39;40,98;69,45;7,25;85,14;B;;
27/08/2026;024617 - ACQUA DISTRIBUIDORA DE PERFUMES E COSMETICOS LTDA;07891033487851;MALBEC DES BDY SPR 100ml V4 PCK;1,000;47,61;47,61;22,92;0,00;0,00;24,69;51,86;107,72;6,53;91,67;B;;
27/08/2026;024617 - ACQUA DISTRIBUIDORA DE PERFUMES E COSMETICOS LTDA;07891033957958;NSPA CR PERF DES HID CPO AMEIX/INT 400ml;1,000;57,75;57,75;35,75;0,00;0,00;22,00;38,10;61,54;5,82;97,49;C;;
27/08/2026;024617 - ACQUA DISTRIBUIDORA DE PERFUMES E COSMETICOS LTDA;07891033974368;CAIXA LACO M BOTI PAIS 2026 UNIT;1,000;10,77;10,77;0,00;0,00;0,00;10,77;100,00;0,00;2,85;100,34;C;;
27/08/2026;024617 - ACQUA DISTRIBUIDORA DE PERFUMES E COSMETICOS LTDA;07891033908219;SACOLA P BOTICARIO INST/25;1,000;0,01;0,01;1,31;0,00;0,00;-1,30;-13000,00;-99,24;-0,34;100,00;C;;
27/08/2026;024668 - ACQUA DISTRIBUIDORA DE PERFUMES E COSMETICOS LTDA;07891033905133;MALBEC DES COL V7 100ml;2,000;439,80;219,90;89,50;0,00;0,00;350,30;79,65;391,40;10,50;10,50;A;;
27/08/2026;024668 - ACQUA DISTRIBUIDORA DE PERFUMES E COSMETICOS LTDA;07891033767007;LIZ DES COL 100ml;3,000;426,16;142,05;108,72;0,00;0,00;317,44;74,49;291,98;9,52;20,02;A;;
27/08/2026;024668 - ACQUA DISTRIBUIDORA DE PERFUMES E COSMETICOS LTDA;07891033492459;COFFEE D/COL DUO MAN FOUG/AMB V2 100ml;1,000;229,90;229,90;44,51;0,00;0,00;185,39;80,64;416,51;5,56;25,58;A;;
27/08/2026;024668 - ACQUA DISTRIBUIDORA DE PERFUMES E COSMETICOS LTDA;07891033893317;LILY EDP V3 75ml;1,000;292,09;292,09;126,66;0,00;0,00;165,43;56,64;130,61;4,96;30,54;A;;
27/08/2026;024668 - ACQUA DISTRIBUIDORA DE PERFUMES E COSMETICOS LTDA;07891033479504;ZAAD EDP 95ml V6;1,000;290,84;290,84;144,20;0,00;0,00;146,64;50,42;101,69;4,40;34,94;A;;
27/08/2026;024668 - ACQUA DISTRIBUIDORA DE PERFUMES E COSMETICOS LTDA;07891033483525;BOTICOLL ACQUA FRESCA DES COL 200ml V2;1,000;219,90;219,90;74,86;0,00;0,00;145,04;65,96;193,75;4,35;39,29;A;;
27/08/2026;024668 - ACQUA DISTRIBUIDORA DE PERFUMES E COSMETICOS LTDA;07891033842131;EGEO DES COL VAN VIBE 90ml;1,000;164,90;164,90;32,78;0,00;0,00;132,12;80,12;403,05;3,96;43,25;A;;
27/08/2026;024668 - ACQUA DISTRIBUIDORA DE PERFUMES E COSMETICOS LTDA;07891033909537;GLAMOUR DES COL INTENSE 75ml;1,000;164,90;164,90;38,43;0,00;0,00;126,47;76,69;329,09;3,79;47,04;A;;
27/08/2026;024668 - ACQUA DISTRIBUIDORA DE PERFUMES E COSMETICOS LTDA;07891033744381;ARBO DES COL 100ml V4;1,000;184,90;184,90;75,37;0,00;0,00;109,53;59,24;145,32;3,28;50,32;A;;
27/08/2026;024668 - ACQUA DISTRIBUIDORA DE PERFUMES E COSMETICOS LTDA;07891033481392;COFFEE DES COL WOMAN SEDUC 100ml V5;1,000;187,68;187,68;90,76;0,00;0,00;96,92;51,64;106,79;2,91;53,23;A;;
27/08/2026;024668 - ACQUA DISTRIBUIDORA DE PERFUMES E COSMETICOS LTDA;07891033498123;EGEO DES COL ORIGNL 90ml V2;1,000;154,00;154,00;61,22;0,00;0,00;92,78;60,25;151,55;2,78;56,01;A;;
27/08/2026;024668 - ACQUA DISTRIBUIDORA DE PERFUMES E COSMETICOS LTDA;07891033908059;ESTJ EGEO BOMB BLACK REG/26;1,000;134,40;134,40;41,76;0,00;0,00;92,64;68,93;221,84;2,78;58,79;A;;
27/08/2026;024668 - ACQUA DISTRIBUIDORA DE PERFUMES E COSMETICOS LTDA;07891033483655;COFFEE DES COL MAN SEDUC 100ml V4;1,000;167,66;167,66;84,47;0,00;0,00;83,19;49,62;98,48;2,49;61,28;A;;
27/08/2026;024668 - ACQUA DISTRIBUIDORA DE PERFUMES E COSMETICOS LTDA;07891033480609;LILY CREM DES HID ACET CPO 250g V8;1,000;136,87;136,87;58,96;0,00;0,00;77,91;56,92;132,14;2,34;63,62;A;;
27/08/2026;024668 - ACQUA DISTRIBUIDORA DE PERFUMES E COSMETICOS LTDA;07891033830602;CELEBRE DES COL FLOR FRUT FORC 100ml;1,000;101,33;101,33;24,06;0,00;0,00;77,27;76,26;321,16;2,32;65,94;A;;
27/08/2026;024668 - ACQUA DISTRIBUIDORA DE PERFUMES E COSMETICOS LTDA;07891033948994;CBEM GEL LIMP FAC FEIR TANGERINA PRM 50g;4,000;95,38;23,84;26,64;0,00;0,00;68,74;72,07;258,03;2,06;68,00;A;;
27/08/2026;024668 - ACQUA DISTRIBUIDORA DE PERFUMES E COSMETICOS LTDA;07891033550838;NEXT COLONIA 75ml;1,000;100,00;100,00;31,37;0,00;0,00;68,63;68,63;218,78;2,06;70,06;A;;
27/08/2026;024668 - ACQUA DISTRIBUIDORA DE PERFUMES E COSMETICOS LTDA;07891033514410;DR BOTICA COL POCAO FORCA 120ml V2;1,000;80,76;80,76;17,98;0,00;0,00;62,78;77,74;349,17;1,88;71,94;A;;
27/08/2026;024668 - ACQUA DISTRIBUIDORA DE PERFUMES E COSMETICOS LTDA;07891033771837;LIZ CREM DES HID CPO 250g;1,000;74,03;74,03;14,86;0,00;0,00;59,17;79,93;398,18;1,77;73,71;A;;
27/08/2026;024668 - ACQUA DISTRIBUIDORA DE PERFUMES E COSMETICOS LTDA;07891033526383;MAKE B MASC CILIO 4K PANORAMIC 10g V2;1,000;79,90;79,90;21,07;0,00;0,00;58,83;73,63;279,21;1,76;75,48;A;;
27/08/2026;024668 - ACQUA DISTRIBUIDORA DE PERFUMES E COSMETICOS LTDA;07891033757541;MAKE B BAS PO MINERAL 20 55G;1,000;88,05;88,05;30,19;0,00;0,00;57,86;65,71;191,65;1,73;77,21;A;;
27/08/2026;024668 - ACQUA DISTRIBUIDORA DE PERFUMES E COSMETICOS LTDA;07891033486854;COFFEE LOC HID DES CPO W/SEDUC 200ml V2;1,000;69,08;69,08;13,86;0,00;0,00;55,22;79,94;398,41;1,66;78,87;A;;
27/08/2026;024668 - ACQUA DISTRIBUIDORA DE PERFUMES E COSMETICOS LTDA;07891033511617;CBEM DES ANTIT AER R/ALG V3 125ml;2,000;72,86;36,43;21,56;0,00;0,00;51,30;70,41;237,94;1,54;80,41;B;;
27/08/2026;024668 - ACQUA DISTRIBUIDORA DE PERFUMES E COSMETICOS LTDA;07891033860616;SOPHIE SPLSH CPO/CAB SHIM AMIZ/IL 110ml;1,000;67,53;67,53;16,36;0,00;0,00;51,17;75,77;312,78;1,53;81,94;B;;
27/08/2026;024668 - ACQUA DISTRIBUIDORA DE PERFUMES E COSMETICOS LTDA;07891033476008;BOTI SUN PR FAC ANTIS ACQ FLD FPS30 40ml;1,000;68,95;68,95;22,89;0,00;0,00;46,06;66,80;201,22;1,38;83,32;B;;
27/08/2026;024668 - ACQUA DISTRIBUIDORA DE PERFUMES E COSMETICOS LTDA;07891033514533;REF FLORATTA DES BDY SPR S/LOVE 100ml V2;2,000;75,80;37,90;34,12;0,00;0,00;41,68;54,99;122,16;1,25;84,57;B;;
27/08/2026;024668 - ACQUA DISTRIBUIDORA DE PERFUMES E COSMETICOS LTDA;07891033922222;BOTICA 214 LOC D H CP AR/OAS FL/FR 150ml;1,000;64,90;64,90;24,96;0,00;0,00;39,94;61,54;160,02;1,20;85,77;B;;
27/08/2026;024668 - ACQUA DISTRIBUIDORA DE PERFUMES E COSMETICOS LTDA;07891033503964;BOTI SUN PROT SOL FAC FPS30 ULT FLD 40ml;1,000;60,68;60,68;22,93;0,00;0,00;37,75;62,21;164,63;1,13;86,90;B;;
27/08/2026;024668 - ACQUA DISTRIBUIDORA DE PERFUMES E COSMETICOS LTDA;07891033476374;MATCH SHAMP MATIZ PROT/LOIROS 250ml;1,000;45,90;45,90;12,67;0,00;0,00;33,23;72,40;262,27;1,00;87,90;B;;
27/08/2026;024668 - ACQUA DISTRIBUIDORA DE PERFUMES E COSMETICOS LTDA;07891033511853;MAKE B BAT LIQ DIAM C/AC POLIG GLOW 5ml;1,000;50,82;50,82;19,10;0,00;0,00;31,72;62,42;166,07;0,95;88,85;B;;
27/08/2026;024668 - ACQUA DISTRIBUIDORA DE PERFUMES E COSMETICOS LTDA;07891033733675;EGEO DES BDY SPR BLUE 100ml V2 PCK;1,000;38,85;38,85;8,98;0,00;0,00;29,87;76,89;332,63;0,90;89,74;B;;
27/08/2026;024668 - ACQUA DISTRIBUIDORA DE PERFUMES E COSMETICOS LTDA;07891033035304;CAIXA M INST 2021 VERDE ECONOMICA;9,000;29,74;3,30;0,00;0,00;0,00;29,74;100,00;0,00;0,89;90,64;B;;
27/08/2026;024668 - ACQUA DISTRIBUIDORA DE PERFUMES E COSMETICOS LTDA;07891033880799;NSPA LOC DES HID CPO AMEIXA V6 200ml;1,000;57,03;57,03;27,57;0,00;0,00;29,46;51,66;106,86;0,88;91,52;B;;
27/08/2026;024668 - ACQUA DISTRIBUIDORA DE PERFUMES E COSMETICOS LTDA;07891033748938;EGEO DES BDY SPR DOLCE 100ml V8 PCK;1,000;52,90;52,90;24,05;0,00;0,00;28,85;54,54;119,96;0,87;92,38;B;;
27/08/2026;024668 - ACQUA DISTRIBUIDORA DE PERFUMES E COSMETICOS LTDA;07891033290468;BOTICOLL CONNEX DES BDY SPR 100ml V6 PCK;1,000;52,90;52,90;24,05;0,00;0,00;28,85;54,54;119,96;0,87;93,25;B;;
27/08/2026;024668 - ACQUA DISTRIBUIDORA DE PERFUMES E COSMETICOS LTDA;07891033511648;CBEM DES ANTIT CR R/ALG V3 80g;1,000;34,90;34,90;10,76;0,00;0,00;24,14;69,17;224,35;0,72;93,97;B;;
27/08/2026;024668 - ACQUA DISTRIBUIDORA DE PERFUMES E COSMETICOS LTDA;07891033013029;PMPCK LILY DES ANTIT AER 2x75g;1,000;50,00;50,00;26,15;0,00;0,00;23,85;47,70;91,20;0,72;94,69;B;;
27/08/2026;024668 - ACQUA DISTRIBUIDORA DE PERFUMES E COSMETICOS LTDA;07891033755905;INTENSE MASC CILIO 4 POWER 11g;1,000;49,91;49,91;26,30;0,00;0,00;23,61;47,31;89,77;0,71;95,40;C;;
27/08/2026;024668 - ACQUA DISTRIBUIDORA DE PERFUMES E COSMETICOS LTDA;07891033706839;DR BOTICA SAB BARRA TRIO BNH CORAC 3x80g;1,000;36,66;36,66;13,89;0,00;0,00;22,77;62,11;163,93;0,68;96,08;C;;
27/08/2026;024668 - ACQUA DISTRIBUIDORA DE PERFUMES E COSMETICOS LTDA;07891033524686;BOTIK GEL LIM FAC MIC AC MAN/SAL 50g PRM;1,000;22,74;22,74;0,00;0,00;0,00;22,74;100,00;0,00;0,68;96,76;C;;
27/08/2026;024668 - ACQUA DISTRIBUIDORA DE PERFUMES E COSMETICOS LTDA;07891033487790;BOTICOLL PORTINARI DES BDY SPR 100ml V7;1,000;45,69;45,69;24,03;0,00;0,00;21,66;47,41;90,14;0,65;97,41;C;;
27/08/2026;024668 - ACQUA DISTRIBUIDORA DE PERFUMES E COSMETICOS LTDA;07891033885602;MALBEC DES ANTIT ROLL V10 55ml;1,000;26,74;26,74;5,16;0,00;0,00;21,58;80,70;418,22;0,65;98,06;C;;
27/08/2026;024668 - ACQUA DISTRIBUIDORA DE PERFUMES E COSMETICOS LTDA;07891033511655;CBEM SAB BARRA ROSA/ALGODAO 4x80g;1,000;35,00;35,00;13,78;0,00;0,00;21,22;60,63;153,99;0,64;98,69;C;;
27/08/2026;024668 - ACQUA DISTRIBUIDORA DE PERFUMES E COSMETICOS LTDA;07891033880171;MAKE B BAT LIQ MAT AC/POL RED/BOO V2 5ml;1,000;49,91;49,91;29,10;0,00;0,00;20,81;41,70;71,51;0,62;99,32;C;;
27/08/2026;024668 - ACQUA DISTRIBUIDORA DE PERFUMES E COSMETICOS LTDA;07891033816262;MAKE B BAT MATE C/AC POLIGL ROS FABUL 4g;1,000;43,86;43,86;26,44;0,00;0,00;17,42;39,72;65,89;0,52;99,84;C;;
27/08/2026;024668 - ACQUA DISTRIBUIDORA DE PERFUMES E COSMETICOS LTDA;07891033883615;NSPA SAB BARRA AMEIXA V3 2x90g;1,000;24,39;24,39;10,52;0,00;0,00;13,87;56,87;131,84;0,42;100,26;C;;
27/08/2026;024668 - ACQUA DISTRIBUIDORA DE PERFUMES E COSMETICOS LTDA;07891033860777;COFFEE DES ANTIT AER ORIENT/AMB 125ml;1,000;25,47;25,47;12,71;0,00;0,00;12,76;50,10;100,39;0,38;100,64;C;;
27/08/2026;024668 - ACQUA DISTRIBUIDORA DE PERFUMES E COSMETICOS LTDA;07891033553587;MALBEC EDP PRM 10ml;1,000;1,50;1,50;2,34;0,00;0,00;-0,84;-56,00;-35,90;-0,03;100,61;C;;
27/08/2026;024668 - ACQUA DISTRIBUIDORA DE PERFUMES E COSMETICOS LTDA;07891033949083;MAKE B PRIMER FAC ANTIOL SALIC PRM 5ml;1,000;0,01;0,01;4,90;0,00;0,00;-4,89;-48900,00;-99,80;-0,15;100,47;C;;
27/08/2026;024668 - ACQUA DISTRIBUIDORA DE PERFUMES E COSMETICOS LTDA;07891033957996;NSPA CR PERF DES HID CP AMX/INT PRM 50ml;7,000;0,07;0,01;15,61;0,00;0,00;-15,54;-22200,00;-99,55;-0,47;100,00;C;;
27/08/2026;024669 - 24669 ACQUA DISTRIBUIDORA DE PERFUMES E;07891033902378;ESTJ ZAAD PAIS/26;1,000;291,83;291,83;119,71;0,00;0,00;172,12;58,98;143,78;6,18;6,18;A;;
27/08/2026;024669 - 24669 ACQUA DISTRIBUIDORA DE PERFUMES E;07891033740437;LINDA DES COL V4 100ml;1,000;219,90;219,90;55,69;0,00;0,00;164,21;74,67;294,86;5,90;12,08;A;;
27/08/2026;024669 - 24669 ACQUA DISTRIBUIDORA DE PERFUMES E;07891033843879;MALBEC DES COL V6 100ml;1,000;201,77;201,77;41,40;0,00;0,00;160,37;79,48;387,37;5,76;17,85;A;;
27/08/2026;024669 - 24669 ACQUA DISTRIBUIDORA DE PERFUMES E;07891033483037;FLORATTA DES COL RED V2 75ml;2,000;229,87;114,93;71,00;0,00;0,00;158,87;69,11;223,76;5,71;23,56;A;;
27/08/2026;024669 - 24669 ACQUA DISTRIBUIDORA DE PERFUMES E;07891033941995;DR BOTICA COL POCAO/CORAG V3 120ml;2,000;188,80;94,40;35,64;0,00;0,00;153,16;81,12;429,74;5,50;29,06;A;;
27/08/2026;024669 - 24669 ACQUA DISTRIBUIDORA DE PERFUMES E;07891033880225;BOTICA 214 EDP FOUG/AR V/FIRENZ V2 90ml;1,000;166,32;166,32;46,22;0,00;0,00;120,10;72,21;259,84;4,32;33,37;A;;
27/08/2026;024669 - 24669 ACQUA DISTRIBUIDORA DE PERFUMES E;07891033506774;CLASH DES COL 100ml;1,000;153,82;153,82;37,77;0,00;0,00;116,05;75,45;307,25;4,17;37,54;A;;
27/08/2026;024669 - 24669 ACQUA DISTRIBUIDORA DE PERFUMES E;07891033483150;FLORATTA DES COL GOLD V3 75ml;1,000;126,26;126,26;28,64;0,00;0,00;97,62;77,32;340,85;3,51;41,05;A;;
27/08/2026;024669 - 24669 ACQUA DISTRIBUIDORA DE PERFUMES E;07891033595174;REF NSPA LOC DES HID CPO AMEIXA 350ml;4,000;139,34;34,83;42,04;0,00;0,00;97,30;69,83;231,45;3,50;44,55;A;;
27/08/2026;024669 - 24669 ACQUA DISTRIBUIDORA DE PERFUMES E;07891033862979;ESTJ SOPHIE SPIDER GWEN CRIANC/25;1,000;143,20;143,20;52,50;0,00;0,00;90,70;63,34;172,76;3,26;47,81;A;;
27/08/2026;024669 - 24669 ACQUA DISTRIBUIDORA DE PERFUMES E;07891033767007;LIZ DES COL 100ml;1,000;122,14;122,14;36,24;0,00;0,00;85,90;70,33;237,03;3,09;50,89;A;;
27/08/2026;024669 - 24669 ACQUA DISTRIBUIDORA DE PERFUMES E;07891033548873;ESTJ BOTI BABY CASCA V2;1,000;117,90;117,90;35,91;0,00;0,00;81,99;69,54;228,32;2,95;53,84;A;;
27/08/2026;024669 - 24669 ACQUA DISTRIBUIDORA DE PERFUMES E;07891033518029;BOTI BABY COL SOL V2 100ml;1,000;97,90;97,90;16,56;0,00;0,00;81,34;83,08;491,18;2,92;56,76;A;;
27/08/2026;024669 - 24669 ACQUA DISTRIBUIDORA DE PERFUMES E;07891033884124;ESTJ CBEM SORTIDO SPLASHES NAT/25;1,000;119,90;119,90;40,90;0,00;0,00;79,00;65,89;193,15;2,84;59,60;A;;
27/08/2026;024669 - 24669 ACQUA DISTRIBUIDORA DE PERFUMES E;07891033833573;FLORATTA DES COL SPLASH BLUE 200ml;1,000;91,63;91,63;19,07;0,00;0,00;72,56;79,19;380,49;2,61;62,21;A;;
27/08/2026;024669 - 24669 ACQUA DISTRIBUIDORA DE PERFUMES E;07891033903818;PMPCK MALBEC DES BODY SPRAY;1,000;67,37;67,37;0,00;0,00;0,00;67,37;100,00;0,00;2,42;64,63;A;;
27/08/2026;024669 - 24669 ACQUA DISTRIBUIDORA DE PERFUMES E;07891033514410;DR BOTICA COL POCAO FORCA 120ml V2;1,000;81,79;81,79;17,98;0,00;0,00;63,81;78,02;354,89;2,29;66,92;A;;
27/08/2026;024669 - 24669 ACQUA DISTRIBUIDORA DE PERFUMES E;07891033883950;CBEM DES COL BDY SPLSH ROS/ALG V4 200ml;1,000;80,57;80,57;17,71;0,00;0,00;62,86;78,02;354,94;2,26;69,18;A;;
27/08/2026;024669 - 24669 ACQUA DISTRIBUIDORA DE PERFUMES E;07891033524686;BOTIK GEL LIM FAC MIC AC MAN/SAL 50g PRM;4,000;62,45;15,61;0,00;0,00;0,00;62,45;100,00;0,00;2,24;71,42;A;;
27/08/2026;024669 - 24669 ACQUA DISTRIBUIDORA DE PERFUMES E;07891033860586;SOPHIE SPLSH CPO/CAB SHIM BRLH/INT 110ml;1,000;72,63;72,63;15,45;0,00;0,00;57,18;78,73;370,10;2,05;73,48;A;;
27/08/2026;024669 - 24669 ACQUA DISTRIBUIDORA DE PERFUMES E;07891033894697;BOTIK SRUM FAC ALT/POT AC/HIAL PRM 10ml;5,000;92,21;18,44;35,95;0,00;0,00;56,26;61,01;156,50;2,02;75,50;A;;
27/08/2026;024669 - 24669 ACQUA DISTRIBUIDORA DE PERFUMES E;07891033878222;MAKE B PLT BL/FUS/CLIP BRWN/BL MINI 25g;2,000;152,11;76,05;97,40;0,00;0,00;54,71;35,97;56,17;1,97;77,46;A;;
27/08/2026;024669 - 24669 ACQUA DISTRIBUIDORA DE PERFUMES E;07891033860616;SOPHIE SPLSH CPO/CAB SHIM AMIZ/IL 110ml;1,000;67,34;67,34;16,36;0,00;0,00;50,98;75,71;311,61;1,83;79,30;A;;
27/08/2026;024669 - 24669 ACQUA DISTRIBUIDORA DE PERFUMES E;07891033477821;BOTI BABY COL NAN/NEN 100ml;1,000;89,00;89,00;38,55;0,00;0,00;50,45;56,69;130,87;1,81;81,11;B;;
27/08/2026;024669 - 24669 ACQUA DISTRIBUIDORA DE PERFUMES E;07891033839612;ARBO DES BDY SPR 100ml V6;2,000;97,47;48,73;48,10;0,00;0,00;49,37;50,65;102,64;1,77;82,88;B;;
27/08/2026;024669 - 24669 ACQUA DISTRIBUIDORA DE PERFUMES E;07891033852932;ESTJ HER CODE AMOR/25;1,000;207,73;207,73;160,20;0,00;0,00;47,53;22,88;29,67;1,71;84,59;B;;
27/08/2026;024669 - 24669 ACQUA DISTRIBUIDORA DE PERFUMES E;07891033055463;MAKE B PRIMER FAC ANTIOL SALICYLIC 30g;1,000;63,90;63,90;17,53;0,00;0,00;46,37;72,57;264,52;1,67;86,26;B;;
27/08/2026;024669 - 24669 ACQUA DISTRIBUIDORA DE PERFUMES E;07891033539710;CBEM MASC CAP SCH FEIRA PASTA ABAC 30ml;6,000;66,25;11,04;22,38;0,00;0,00;43,87;66,22;196,02;1,58;87,83;B;;
27/08/2026;024669 - 24669 ACQUA DISTRIBUIDORA DE PERFUMES E;07891033539215;DR BOTICA COL POC/CORAC V2 120ml;1,000;83,36;83,36;40,55;0,00;0,00;42,81;51,36;105,57;1,54;89,37;B;;
27/08/2026;024669 - 24669 ACQUA DISTRIBUIDORA DE PERFUMES E;07891033859191;CBEM MOUS BNH DOC/DELIRIOS 150ml;1,000;55,90;55,90;17,43;0,00;0,00;38,47;68,82;220,71;1,38;90,75;B;;
27/08/2026;024669 - 24669 ACQUA DISTRIBUIDORA DE PERFUMES E;07891033886944;CBEM LOC DES HID CP R/ALG N/FORM 400ml;1,000;66,99;66,99;28,87;0,00;0,00;38,12;56,90;132,04;1,37;92,12;B;;
27/08/2026;024669 - 24669 ACQUA DISTRIBUIDORA DE PERFUMES E;07891033487905;REFIL MALBEC DES BDY SPR REG 100ml PK V5;1,000;34,11;34,11;6,06;0,00;0,00;28,05;82,23;462,87;1,01;93,13;B;;
27/08/2026;024669 - 24669 ACQUA DISTRIBUIDORA DE PERFUMES E;07891033577538;MAKE B ESPNJ FAC SUPER BLEND PU;1,000;29,58;29,58;5,05;0,00;0,00;24,53;82,93;485,74;0,88;94,01;B;;
27/08/2026;024669 - 24669 ACQUA DISTRIBUIDORA DE PERFUMES E;07891033511679;CBEM DES ANTIT CREM S/PERF V2 80g;1,000;34,90;34,90;10,44;0,00;0,00;24,46;70,09;234,29;0,88;94,89;B;;
27/08/2026;024669 - 24669 ACQUA DISTRIBUIDORA DE PERFUMES E;07891033493623;MALBEC DES ANTIT AER 75g/125ml V10;1,000;35,91;35,91;11,68;0,00;0,00;24,23;67,47;207,45;0,87;95,76;C;;
27/08/2026;024669 - 24669 ACQUA DISTRIBUIDORA DE PERFUMES E;07891033595747;MATCH OLEO CAP NUTR/PROF V2 50ml;1,000;58,03;58,03;34,49;0,00;0,00;23,54;40,57;68,25;0,85;96,61;C;;
27/08/2026;024669 - 24669 ACQUA DISTRIBUIDORA DE PERFUMES E;07891033521630;INTENSE BAT CREM 250 V7 38g;1,000;31,10;31,10;8,71;0,00;0,00;22,39;71,99;257,06;0,80;97,41;C;;
27/08/2026;024669 - 24669 ACQUA DISTRIBUIDORA DE PERFUMES E;07891033278589;MAKE B LAP RETR P/OLH PRET PCK;1,000;49,89;49,89;27,68;0,00;0,00;22,21;44,52;80,24;0,80;98,21;C;;
27/08/2026;024669 - 24669 ACQUA DISTRIBUIDORA DE PERFUMES E;07891033878017;MAKE B BATOM PREENCH HYAL ROSA ROSE 4g;1,000;38,94;38,94;17,72;0,00;0,00;21,22;54,49;119,75;0,76;98,97;C;;
27/08/2026;024669 - 24669 ACQUA DISTRIBUIDORA DE PERFUMES E;07891033946730;CBEM GEL LIMP FAC FEIR TANGERINA V2 150g;1,000;34,54;34,54;15,54;0,00;0,00;19,00;55,01;122,27;0,68;99,66;C;;
27/08/2026;024669 - 24669 ACQUA DISTRIBUIDORA DE PERFUMES E;07891033766017;INTENSE LAP BAT VINHO 12g;1,000;29,90;29,90;12,89;0,00;0,00;17,01;56,89;131,96;0,61;100,27;C;;
27/08/2026;024669 - 24669 ACQUA DISTRIBUIDORA DE PERFUMES E;07891033855483;REF MATCH COND NUTR/PROF V2 250ml;1,000;27,93;27,93;15,78;0,00;0,00;12,15;43,50;77,00;0,44;100,70;C;;
27/08/2026;024669 - 24669 ACQUA DISTRIBUIDORA DE PERFUMES E;07891033847419;REF MATCH SHAMP NUTR PROFUNDA V2 250ml;1,000;26,53;26,53;14,79;0,00;0,00;11,74;44,25;79,38;0,42;101,12;C;;
27/08/2026;024669 - 24669 ACQUA DISTRIBUIDORA DE PERFUMES E;07891033957996;NSPA CR PERF DES HID CP AMX/INT PRM 50ml;3,000;0,03;0,01;6,69;0,00;0,00;-6,66;-22200,00;-99,55;-0,24;100,89;C;;
27/08/2026;024669 - 24669 ACQUA DISTRIBUIDORA DE PERFUMES E;07891033874910;BOTIK GEL LIMP F MCL AC MAND/SAL V2 150g;1,000;0,01;0,01;10,75;0,00;0,00;-10,74;-107400,00;-99,91;-0,39;100,50;C;;
27/08/2026;024669 - 24669 ACQUA DISTRIBUIDORA DE PERFUMES E;07891033881376;FLORATTA EDP ROSE SUCREE PRM 10ml;2,000;0,02;0,01;13,92;0,00;0,00;-13,90;-69500,00;-99,86;-0,50;100,00;C;;
27/08/2026;024670 - ACQUA DISTRIBUIDORA DE PERFUMES E COSMETICOS LTDA;07891033854592;MALBEC DES COL BLACK LEGEND 100ml;1,000;250,10;250,10;55,47;0,00;0,00;194,63;77,82;350,87;4,44;4,44;A;;
27/08/2026;024670 - ACQUA DISTRIBUIDORA DE PERFUMES E COSMETICOS LTDA;07891033905133;MALBEC DES COL V7 100ml;1,000;219,40;219,40;44,72;0,00;0,00;174,68;79,62;390,61;3,98;8,42;A;;
27/08/2026;024670 - ACQUA DISTRIBUIDORA DE PERFUMES E COSMETICOS LTDA;07891033843916;MALBEC DES COL GOLD V3 100ml;1,000;214,08;214,08;50,55;0,00;0,00;163,53;76,39;323,50;3,73;12,15;A;;
27/08/2026;024670 - ACQUA DISTRIBUIDORA DE PERFUMES E COSMETICOS LTDA;07891033512423;QUASAR DES COL BRAVE V2 100ml;1,000;179,59;179,59;33,96;0,00;0,00;145,63;81,09;428,83;3,32;15,47;A;;
27/08/2026;024670 - ACQUA DISTRIBUIDORA DE PERFUMES E COSMETICOS LTDA;07891033483136;FLORATTA DES COL ROSE V4 75ml;1,000;174,90;174,90;30,70;0,00;0,00;144,20;82,45;469,71;3,29;18,76;A;;
27/08/2026;024670 - ACQUA DISTRIBUIDORA DE PERFUMES E COSMETICOS LTDA;07891033491544;COFFEE DES COL UNIQ WOM FL/GOURM 100ml;1,000;179,59;179,59;42,05;0,00;0,00;137,54;76,59;327,09;3,14;21,89;A;;
27/08/2026;024670 - ACQUA DISTRIBUIDORA DE PERFUMES E COSMETICOS LTDA;07891033483037;FLORATTA DES COL RED V2 75ml;2,000;269,80;134,90;136,84;0,00;0,00;132,96;49,28;97,16;3,03;24,92;A;;
27/08/2026;024670 - ACQUA DISTRIBUIDORA DE PERFUMES E COSMETICOS LTDA;07891033869909;LIZ DES COL AURA 100ml;1,000;165,40;165,40;33,29;0,00;0,00;132,11;79,87;396,85;3,01;27,93;A;;
27/08/2026;024670 - ACQUA DISTRIBUIDORA DE PERFUMES E COSMETICOS LTDA;07891033479054;BOTICOLL ACQUA FRESCA DES COL 100ml V2;1,000;156,04;156,04;24,23;0,00;0,00;131,81;84,47;544,00;3,00;30,94;A;;
27/08/2026;024670 - ACQUA DISTRIBUIDORA DE PERFUMES E COSMETICOS LTDA;07891033826858;EGEO DES COL BOMB BLACK C/CAR 90ml;1,000;150,92;150,92;28,81;0,00;0,00;122,11;80,91;423,85;2,78;33,72;A;;
27/08/2026;024670 - ACQUA DISTRIBUIDORA DE PERFUMES E COSMETICOS LTDA;07891033894857;BOTIK SRUM FAC LIFT FIR PEPT/PRO/EL 30ml;1,000;202,04;202,04;83,75;0,00;0,00;118,29;58,55;141,24;2,70;36,42;A;;
27/08/2026;024670 - ACQUA DISTRIBUIDORA DE PERFUMES E COSMETICOS LTDA;07891033882038;LILY CREM ACET DES HID CPO V9 250g;1,000;134,91;134,91;17,61;0,00;0,00;117,30;86,95;666,10;2,67;39,09;A;;
27/08/2026;024670 - ACQUA DISTRIBUIDORA DE PERFUMES E COSMETICOS LTDA;07891033843879;MALBEC DES COL V6 100ml;1,000;196,73;196,73;82,58;0,00;0,00;114,15;58,02;138,23;2,60;41,70;A;;
27/08/2026;024670 - ACQUA DISTRIBUIDORA DE PERFUMES E COSMETICOS LTDA;07891033197347;THATY DES COL BOTICOLL 100ML;1,000;132,64;132,64;25,65;0,00;0,00;106,99;80,66;417,12;2,44;44,14;A;;
27/08/2026;024670 - ACQUA DISTRIBUIDORA DE PERFUMES E COSMETICOS LTDA;07891033878963;FLORATTA EDP RED PASSION V2 75ml;1,000;200,63;200,63;98,84;0,00;0,00;101,79;50,74;102,98;2,32;46,46;A;;
27/08/2026;024670 - ACQUA DISTRIBUIDORA DE PERFUMES E COSMETICOS LTDA;07891033496808;LILY DES COL LEAU DE LILY SOLEIL 75ml;1,000;179,19;179,19;79,51;0,00;0,00;99,68;55,63;125,37;2,27;48,73;A;;
27/08/2026;024670 - ACQUA DISTRIBUIDORA DE PERFUMES E COSMETICOS LTDA;07891033894468;LILY CR AC DES HID CP LEAU/LILY SOL 200g;1,000;119,43;119,43;22,38;0,00;0,00;97,05;81,26;433,65;2,21;50,94;A;;
27/08/2026;024670 - ACQUA DISTRIBUIDORA DE PERFUMES E COSMETICOS LTDA;07891033479085;DREAM DES COL SPLSH VIAG/ENC 200ml V2;1,000;119,90;119,90;29,10;0,00;0,00;90,80;75,73;312,03;2,07;53,01;A;;
27/08/2026;024670 - ACQUA DISTRIBUIDORA DE PERFUMES E COSMETICOS LTDA;07891033513956;BOTICA 214 EDP FIJI PAR FL ESPEC 90ml;1,000;191,91;191,91;101,69;0,00;0,00;90,22;47,01;88,72;2,06;55,07;A;;
27/08/2026;024670 - ACQUA DISTRIBUIDORA DE PERFUMES E COSMETICOS LTDA;07891033706693;SOPHIE COL LIKE 100ml;1,000;109,81;109,81;23,15;0,00;0,00;86,66;78,92;374,34;1,98;57,04;A;;
27/08/2026;024670 - ACQUA DISTRIBUIDORA DE PERFUMES E COSMETICOS LTDA;07891033882090;ESTJ NSPA AMEIXA REG/25;1,000;129,51;129,51;44,19;0,00;0,00;85,32;65,88;193,08;1,95;58,99;A;;
27/08/2026;024670 - ACQUA DISTRIBUIDORA DE PERFUMES E COSMETICOS LTDA;07891033512430;QUASAR DES COL CLASSIC 100ml;1,000;144,90;144,90;59,78;0,00;0,00;85,12;58,74;142,39;1,94;60,93;A;;
27/08/2026;024670 - ACQUA DISTRIBUIDORA DE PERFUMES E COSMETICOS LTDA;07891033045396;BOTIK CR FAC FIRMADOR AC/HIAL 40g V2;1,000;127,62;127,62;44,88;0,00;0,00;82,74;64,83;184,36;1,89;62,82;A;;
27/08/2026;024670 - ACQUA DISTRIBUIDORA DE PERFUMES E COSMETICOS LTDA;07891033854837;FLORATTA DES BDY SPRAY RED V2 100ml;2,000;95,43;47,71;14,24;0,00;0,00;81,19;85,08;570,15;1,85;64,67;A;;
27/08/2026;024670 - ACQUA DISTRIBUIDORA DE PERFUMES E COSMETICOS LTDA;07891033894598;BOTIK CR OLH FIRM PEPT/PRO/ELAST 15g;1,000;135,89;135,89;56,32;0,00;0,00;79,57;58,55;141,28;1,81;66,48;A;;
27/08/2026;024670 - ACQUA DISTRIBUIDORA DE PERFUMES E COSMETICOS LTDA;07891033518029;BOTI BABY COL SOL V2 100ml;1,000;88,11;88,11;17,73;0,00;0,00;70,38;79,88;396,95;1,60;68,08;A;;
27/08/2026;024670 - ACQUA DISTRIBUIDORA DE PERFUMES E COSMETICOS LTDA;07891033878055;MAKE B PRIMER ROLLON HYALURONIC 45ml;1,000;92,59;92,59;23,67;0,00;0,00;68,92;74,44;291,17;1,57;69,66;A;;
27/08/2026;024670 - ACQUA DISTRIBUIDORA DE PERFUMES E COSMETICOS LTDA;07891033590421;MAKE B CORRET LIQ RETIN 3 H 170Q 55ml;1,000;86,91;86,91;21,28;0,00;0,00;65,63;75,51;308,41;1,50;71,15;A;;
27/08/2026;024670 - ACQUA DISTRIBUIDORA DE PERFUMES E COSMETICOS LTDA;07891033581351;NSPA DES COL BDY SPLSH CER/ROUGE 200ml;1,000;84,65;84,65;19,60;0,00;0,00;65,05;76,85;331,89;1,48;72,64;A;;
27/08/2026;024670 - ACQUA DISTRIBUIDORA DE PERFUMES E COSMETICOS LTDA;07891033543359;GLAMOUR SEC BL NECESS ROSA ALC PU NAT/23;1,000;69,90;69,90;8,76;0,00;0,00;61,14;87,47;697,95;1,39;74,03;A;;
27/08/2026;024670 - ACQUA DISTRIBUIDORA DE PERFUMES E COSMETICOS LTDA;07891033533862;BOTIK PROT SOL FAC FPS 80 AC/HIAL 40ml;1,000;87,90;87,90;26,85;0,00;0,00;61,05;69,45;227,37;1,39;75,42;A;;
27/08/2026;024670 - ACQUA DISTRIBUIDORA DE PERFUMES E COSMETICOS LTDA;07891033909810;NSPA DES COL BDY SPLSH AMEIX/INT 200ml;1,000;80,08;80,08;20,36;0,00;0,00;59,72;74,58;293,32;1,36;76,78;A;;
27/08/2026;024670 - ACQUA DISTRIBUIDORA DE PERFUMES E COSMETICOS LTDA;07891033880775;NSPA LOC DES HID CPO AMEIXA V7 400ml;1,000;81,67;81,67;23,21;0,00;0,00;58,46;71,58;251,87;1,33;78,12;A;;
27/08/2026;024670 - ACQUA DISTRIBUIDORA DE PERFUMES E COSMETICOS LTDA;07891033874910;BOTIK GEL LIMP F MCL AC MAND/SAL V2 150g;1,000;68,82;68,82;10,72;0,00;0,00;58,10;84,42;541,98;1,32;79,44;A;;
27/08/2026;024670 - ACQUA DISTRIBUIDORA DE PERFUMES E COSMETICOS LTDA;07891033598755;BOTIK AGUA MICLR FAC CIC/PANT/CER 200ml;1,000;80,77;80,77;28,20;0,00;0,00;52,57;65,09;186,42;1,20;80,64;B;;
27/08/2026;024670 - ACQUA DISTRIBUIDORA DE PERFUMES E COSMETICOS LTDA;07891033578290;NSPA LOC DES AVELUD CPO CER/ROUGE 400ml;1,000;69,25;69,25;17,57;0,00;0,00;51,68;74,63;294,14;1,18;81,82;B;;
27/08/2026;024670 - ACQUA DISTRIBUIDORA DE PERFUMES E COSMETICOS LTDA;07891033944996;CBEM SAB BARRA PESSEGURA V3 4x80g;3,000;81,75;27,25;32,10;0,00;0,00;49,65;60,73;154,67;1,13;82,95;B;;
27/08/2026;024670 - ACQUA DISTRIBUIDORA DE PERFUMES E COSMETICOS LTDA;07891033538386;BOTIK PROT SOL FAC FPS 50 AC/HIAL 40ml;1,000;71,06;71,06;23,00;0,00;0,00;48,06;67,63;208,96;1,10;84,04;B;;
27/08/2026;024670 - ACQUA DISTRIBUIDORA DE PERFUMES E COSMETICOS LTDA;07891033858644;MAKE B BAS LIQ C/GLYCOL TX 210 V2 30g;1,000;94,46;94,46;46,53;0,00;0,00;47,93;50,74;103,01;1,09;85,14;B;;
27/08/2026;024670 - ACQUA DISTRIBUIDORA DE PERFUMES E COSMETICOS LTDA;07891033512362;CBEM DES COL BDY SPLSH PESSEGUR V2 200ml;1,000;64,93;64,93;17,78;0,00;0,00;47,15;72,62;265,19;1,07;86,21;B;;
27/08/2026;024670 - ACQUA DISTRIBUIDORA DE PERFUMES E COSMETICOS LTDA;07891033560059;MEN CREM PRE/POS BARBA 150g;1,000;56,65;56,65;9,82;0,00;0,00;46,83;82,67;476,88;1,07;87,28;B;;
27/08/2026;024670 - ACQUA DISTRIBUIDORA DE PERFUMES E COSMETICOS LTDA;07891033589784;NSPA LOC NUTR DES CPO UVA MERLOT 400ml;1,000;65,31;65,31;18,51;0,00;0,00;46,80;71,66;252,84;1,07;88,35;B;;
27/08/2026;024670 - ACQUA DISTRIBUIDORA DE PERFUMES E COSMETICOS LTDA;07891033598762;BOTIK CR MULTIREP FAC CIC/PANT/CER 30g;1,000;57,14;57,14;13,57;0,00;0,00;43,57;76,25;321,08;0,99;89,34;B;;
27/08/2026;024670 - ACQUA DISTRIBUIDORA DE PERFUMES E COSMETICOS LTDA;07891033896585;CBEM MANTG DES HID CPO DELEITE 200g;1,000;66,98;66,98;25,89;0,00;0,00;41,09;61,35;158,71;0,94;90,28;B;;
27/08/2026;024670 - ACQUA DISTRIBUIDORA DE PERFUMES E COSMETICOS LTDA;07891033880119;MAKE B BAT LIQ MAT AC/POL EXO/ROS V2 5ml;1,000;54,90;54,90;15,57;0,00;0,00;39,33;71,64;252,60;0,90;91,17;B;;
27/08/2026;024670 - ACQUA DISTRIBUIDORA DE PERFUMES E COSMETICOS LTDA;07891033957958;NSPA CR PERF DES HID CPO AMEIX/INT 400ml;1,000;56,04;56,04;16,97;0,00;0,00;39,07;69,72;230,23;0,89;92,06;B;;
27/08/2026;024670 - ACQUA DISTRIBUIDORA DE PERFUMES E COSMETICOS LTDA;07891033528677;MAKE B GLOS LAB C/AC POLIGL N/ROSE 5ml;1,000;55,90;55,90;17,19;0,00;0,00;38,71;69,25;225,19;0,88;92,95;B;;
27/08/2026;024670 - ACQUA DISTRIBUIDORA DE PERFUMES E COSMETICOS LTDA;07891033591763;BOTIK GEL CONC LIMP FAC AC/GLIC V2 150g;1,000;45,52;45,52;11,57;0,00;0,00;33,95;74,58;293,43;0,77;93,72;B;;
27/08/2026;024670 - ACQUA DISTRIBUIDORA DE PERFUMES E COSMETICOS LTDA;07891033883615;NSPA SAB BARRA AMEIXA V3 2x90g;2,000;54,32;27,16;21,04;0,00;0,00;33,28;61,27;158,17;0,76;94,48;B;;
27/08/2026;024670 - ACQUA DISTRIBUIDORA DE PERFUMES E COSMETICOS LTDA;07891033017898;MAKE B BAS LIQ MATE SALICYLIC 220 30g;1,000;72,58;72,58;40,44;0,00;0,00;32,14;44,28;79,48;0,73;95,21;C;;
27/08/2026;024670 - ACQUA DISTRIBUIDORA DE PERFUMES E COSMETICOS LTDA;07891033514380;SOPHIE SAB BARRA 3x80g V2;1,000;45,70;45,70;15,34;0,00;0,00;30,36;66,43;197,91;0,69;95,90;C;;
27/08/2026;024670 - ACQUA DISTRIBUIDORA DE PERFUMES E COSMETICOS LTDA;07891033512256;BOTICOLL SAB BARR CPO PERF 5x80g V2;1,000;48,98;48,98;19,48;0,00;0,00;29,50;60,23;151,44;0,67;96,58;C;;
27/08/2026;024670 - ACQUA DISTRIBUIDORA DE PERFUMES E COSMETICOS LTDA;07891033013029;PMPCK LILY DES ANTIT AER 2x75g;1,000;55,02;55,02;26,14;0,00;0,00;28,88;52,49;110,48;0,66;97,23;C;;
27/08/2026;024670 - ACQUA DISTRIBUIDORA DE PERFUMES E COSMETICOS LTDA;07891033035298;CAIXA M INST 2021 ROSA ECONOMICA;8,000;26,41;3,30;0,00;0,00;0,00;26,41;100,00;0,00;0,60;97,84;C;;
27/08/2026;024670 - ACQUA DISTRIBUIDORA DE PERFUMES E COSMETICOS LTDA;07891033889112;LILY SAB BARRA V2 2x90g;1,000;42,20;42,20;15,86;0,00;0,00;26,34;62,42;166,08;0,60;98,44;C;;
27/08/2026;024670 - ACQUA DISTRIBUIDORA DE PERFUMES E COSMETICOS LTDA;07891033878017;MAKE B BATOM PREENCH HYAL ROSA ROSE 4g;1,000;42,95;42,95;17,71;0,00;0,00;25,24;58,77;142,52;0,58;99,01;C;;
27/08/2026;024670 - ACQUA DISTRIBUIDORA DE PERFUMES E COSMETICOS LTDA;07891033748938;EGEO DES BDY SPR DOLCE 100ml V8 PCK;1,000;30,47;30,47;8,81;0,00;0,00;21,66;71,09;245,86;0,49;99,51;C;;
27/08/2026;024670 - ACQUA DISTRIBUIDORA DE PERFUMES E COSMETICOS LTDA;07891033948994;CBEM GEL LIMP FAC FEIR TANGERINA PRM 50g;2,000;31,39;15,69;13,32;0,00;0,00;18,07;57,57;135,66;0,41;99,92;C;;
27/08/2026;024670 - ACQUA DISTRIBUIDORA DE PERFUMES E COSMETICOS LTDA;07891033883431;CAIXA LAÇO P  MAES 25 BOTI;1,000;8,90;8,90;0,00;0,00;0,00;8,90;100,00;0,00;0,20;100,12;C;;
27/08/2026;024670 - ACQUA DISTRIBUIDORA DE PERFUMES E COSMETICOS LTDA;07891033521487;INTENSE BAT CREM 420 V2 38g;1,000;20,11;20,11;13,94;0,00;0,00;6,17;30,68;44,26;0,14;100,26;C;;
27/08/2026;024670 - ACQUA DISTRIBUIDORA DE PERFUMES E COSMETICOS LTDA;07891033521463;INTENSE BAT CREM 260 V2 38g;1,000;20,11;20,11;14,51;0,00;0,00;5,60;27,85;38,59;0,13;100,39;C;;
27/08/2026;024670 - ACQUA DISTRIBUIDORA DE PERFUMES E COSMETICOS LTDA;07891033888528;CARTAO PRESENTE BOTICARIO MAES 25 UNIT;4,000;1,98;0,49;0,00;0,00;0,00;1,98;100,00;0,00;0,05;100,43;C;;
27/08/2026;024670 - ACQUA DISTRIBUIDORA DE PERFUMES E COSMETICOS LTDA;07891033957996;NSPA CR PERF DES HID CP AMX/INT PRM 50ml;2,000;0,02;0,01;4,46;0,00;0,00;-4,44;-22200,00;-99,55;-0,10;100,33;C;;
27/08/2026;024670 - ACQUA DISTRIBUIDORA DE PERFUMES E COSMETICOS LTDA;07891033755905;INTENSE MASC CILIO 4 POWER 11g;1,000;21,96;21,96;26,81;0,00;0,00;-4,85;-22,09;-18,09;-0,11;100,22;C;;
27/08/2026;024670 - ACQUA DISTRIBUIDORA DE PERFUMES E COSMETICOS LTDA;07891033949083;MAKE B PRIMER FAC ANTIOL SALIC PRM 5ml;2,000;0,02;0,01;9,80;0,00;0,00;-9,78;-48900,00;-99,80;-0,22;100,00;C;;
27/08/2026;024671 - 24671 ACQUA DISTRIBUIDORA DE PERFUMES E;07891033511235;CBEM DES COL BDY SPLSH BOA NOIT V2 200ml;2,000;148,47;74,23;36,54;0,00;0,00;111,93;75,39;306,32;14,40;14,40;A;;
27/08/2026;024671 - 24671 ACQUA DISTRIBUIDORA DE PERFUMES E;07891033744381;ARBO DES COL 100ml V4;1,000;172,21;172,21;75,42;0,00;0,00;96,79;56,20;128,33;12,45;26,84;A;;
27/08/2026;024671 - 24671 ACQUA DISTRIBUIDORA DE PERFUMES E;07891033013173;PMPCK MALBEC DES ANTIT AER 2x75g;3,000;160,62;53,54;80,67;0,00;0,00;79,95;49,78;99,11;10,28;37,13;A;;
27/08/2026;024671 - 24671 ACQUA DISTRIBUIDORA DE PERFUMES E;07891033512430;QUASAR DES COL CLASSIC 100ml;1,000;130,41;130,41;59,78;0,00;0,00;70,63;54,16;118,15;9,08;46,21;A;;
27/08/2026;024671 - 24671 ACQUA DISTRIBUIDORA DE PERFUMES E;07891033757923;FLORATTA DES COL RED 75ml;1,000;125,63;125,63;62,03;0,00;0,00;63,60;50,62;102,53;8,18;54,39;A;;
27/08/2026;024671 - 24671 ACQUA DISTRIBUIDORA DE PERFUMES E;07891033880775;NSPA LOC DES HID CPO AMEIXA V7 400ml;1,000;80,91;80,91;20,45;0,00;0,00;60,46;74,73;295,65;7,78;62,17;A;;
27/08/2026;024671 - 24671 ACQUA DISTRIBUIDORA DE PERFUMES E;07891033903702;PMPCK EGEO DES BDY SPR BLUE;1,000;71,42;71,42;15,12;0,00;0,00;56,30;78,83;372,35;7,24;69,41;A;;
27/08/2026;024671 - 24671 ACQUA DISTRIBUIDORA DE PERFUMES E;07891033520442;CELEBRE DES COL FEM AGORA 100ml;1,000;91,90;91,90;42,74;0,00;0,00;49,16;53,49;115,02;6,32;75,73;A;;
27/08/2026;024671 - 24671 ACQUA DISTRIBUIDORA DE PERFUMES E;07891033851645;MAK B COLOR U/B LAC WIN 36g;1,000;69,90;69,90;25,70;0,00;0,00;44,20;63,23;171,98;5,68;81,41;B;;
27/08/2026;024671 - 24671 ACQUA DISTRIBUIDORA DE PERFUMES E;07891033867653;NSPA LOC DES HID CP FIRM QUINOA V3 400ml;1,000;72,30;72,30;35,36;0,00;0,00;36,94;51,09;104,47;4,75;86,17;B;;
27/08/2026;024671 - 24671 ACQUA DISTRIBUIDORA DE PERFUMES E;07891033498789;CBEM LOC DES HID CPO BOA NOITE V2 400ml;1,000;56,33;56,33;26,39;0,00;0,00;29,94;53,15;113,45;3,85;90,02;B;;
27/08/2026;024671 - 24671 ACQUA DISTRIBUIDORA DE PERFUMES E;07891033831517;REF MATCH SHAMP LISO PROLONGADO 250ml;1,000;37,90;37,90;14,69;0,00;0,00;23,21;61,24;158,00;2,99;93,00;B;;
27/08/2026;024671 - 24671 ACQUA DISTRIBUIDORA DE PERFUMES E;07891033748938;EGEO DES BDY SPR DOLCE 100ml V8 PCK;2,000;68,22;34,11;48,10;0,00;0,00;20,12;29,49;41,83;2,59;95,59;C;;
27/08/2026;024671 - 24671 ACQUA DISTRIBUIDORA DE PERFUMES E;07891033570775;FLORATTA SHOWER GEL CPO BLUE V2 75g;2,000;42,77;21,38;24,00;0,00;0,00;18,77;43,89;78,21;2,41;98,00;C;;
27/08/2026;024671 - 24671 ACQUA DISTRIBUIDORA DE PERFUMES E;07891033536283;BOTIK GEL LIMP FAC VITAM C PRM 50g;2,000;15,67;7,83;0,00;0,00;0,00;15,67;100,00;0,00;2,02;100,02;C;;
27/08/2026;024671 - 24671 ACQUA DISTRIBUIDORA DE PERFUMES E;07891033554089;BOTIK CR N FIR ROST/PESC RES/SIL PRM 10g;1,000;15,21;15,21;0,00;0,00;0,00;15,21;100,00;0,00;1,96;101,97;C;;
27/08/2026;024671 - 24671 ACQUA DISTRIBUIDORA DE PERFUMES E;07891033908196;SACOLA PP BOTICARIO INST/25;1,000;0,01;0,01;0,71;0,00;0,00;-0,70;-7000,00;-98,59;-0,09;101,88;C;;
27/08/2026;024671 - 24671 ACQUA DISTRIBUIDORA DE PERFUMES E;07891033908226;SACOLA M BOTICARIO INST/25;2,000;0,02;0,01;3,12;0,00;0,00;-3,10;-15500,00;-99,36;-0,40;101,49;C;;
27/08/2026;024671 - 24671 ACQUA DISTRIBUIDORA DE PERFUMES E;07891033949083;MAKE B PRIMER FAC ANTIOL SALIC PRM 5ml;1,000;0,01;0,01;4,90;0,00;0,00;-4,89;-48900,00;-99,80;-0,63;100,86;C;;
27/08/2026;024671 - 24671 ACQUA DISTRIBUIDORA DE PERFUMES E;07891033957996;NSPA CR PERF DES HID CP AMX/INT PRM 50ml;3,000;0,03;0,01;6,69;0,00;0,00;-6,66;-22200,00;-99,55;-0,86;100,00;C;;
28/08/2026;024303 - 24303 ACQUA DISTRIBUIDORA DE PERFUMES E;07891033587292;BOTICA 214 EDP SEV/DOR FOUG/AROM 90ml;1,000;199,90;199,90;46,29;0,00;0,00;153,61;76,84;331,84;7,70;7,70;A;;
28/08/2026;024303 - 24303 ACQUA DISTRIBUIDORA DE PERFUMES E;07891033882038;LILY CREM ACET DES HID CPO V9 250g;2,000;266,52;133,26;119,16;0,00;0,00;147,36;55,29;123,67;7,38;15,08;A;;
28/08/2026;024303 - 24303 ACQUA DISTRIBUIDORA DE PERFUMES E;07891033909537;GLAMOUR DES COL INTENSE 75ml;1,000;164,90;164,90;38,83;0,00;0,00;126,07;76,45;324,67;6,32;21,39;A;;
28/08/2026;024303 - 24303 ACQUA DISTRIBUIDORA DE PERFUMES E;07891033854592;MALBEC DES COL BLACK LEGEND 100ml;1,000;220,92;220,92;103,33;0,00;0,00;117,59;53,23;113,80;5,89;27,28;A;;
28/08/2026;024303 - 24303 ACQUA DISTRIBUIDORA DE PERFUMES E;07891033841820;LILY DES COL BDY SPLSH 200ml;1,000;112,41;112,41;21,40;0,00;0,00;91,01;80,96;425,28;4,56;31,84;A;;
28/08/2026;024303 - 24303 ACQUA DISTRIBUIDORA DE PERFUMES E;07891033524686;BOTIK GEL LIM FAC MIC AC MAN/SAL 50g PRM;6,000;89,26;14,88;0,00;0,00;0,00;89,26;100,00;0,00;4,47;36,31;A;;
28/08/2026;024303 - 24303 ACQUA DISTRIBUIDORA DE PERFUMES E;07891033747221;LILY EDP 30ML V2;1,000;170,91;170,91;82,60;0,00;0,00;88,31;51,67;106,91;4,42;40,74;A;;
28/08/2026;024303 - 24303 ACQUA DISTRIBUIDORA DE PERFUMES E;07891033757558;MAKE B BAS PO MINERAL 30 55G;1,000;104,53;104,53;25,56;0,00;0,00;78,97;75,55;308,96;3,96;44,69;A;;
28/08/2026;024303 - 24303 ACQUA DISTRIBUIDORA DE PERFUMES E;07891033877942;MAKE B BASE LIQ HYALURONIC 205N 30ml;1,000;106,32;106,32;32,46;0,00;0,00;73,86;69,47;227,54;3,70;48,39;A;;
28/08/2026;024303 - 24303 ACQUA DISTRIBUIDORA DE PERFUMES E;07891033479085;DREAM DES COL SPLSH VIAG/ENC 200ml V2;1,000;119,90;119,90;46,74;0,00;0,00;73,16;61,02;156,53;3,66;52,06;A;;
28/08/2026;024303 - 24303 ACQUA DISTRIBUIDORA DE PERFUMES E;07891033908523;ESTJ CELEBRE MASC SUA FORCA PAIS/26;1,000;109,99;109,99;38,92;0,00;0,00;71,07;64,61;182,61;3,56;55,62;A;;
28/08/2026;024303 - 24303 ACQUA DISTRIBUIDORA DE PERFUMES E;07891033511471;CBEM DES COL BDY SPLSH NUVEM V3 200ml;1,000;82,30;82,30;18,86;0,00;0,00;63,44;77,08;336,37;3,18;58,80;A;;
28/08/2026;024303 - 24303 ACQUA DISTRIBUIDORA DE PERFUMES E;07891033945399;LILY HAIR MIST ACETINADO 50ml;1,000;116,91;116,91;54,61;0,00;0,00;62,30;53,29;114,08;3,12;61,92;A;;
28/08/2026;024303 - 24303 ACQUA DISTRIBUIDORA DE PERFUMES E;07891033766215;DREAM DES COL CEU/BAUN 200ml;1,000;103,99;103,99;46,76;0,00;0,00;57,23;55,03;122,39;2,87;64,79;A;;
28/08/2026;024303 - 24303 ACQUA DISTRIBUIDORA DE PERFUMES E;07891033526383;MAKE B MASC CILIO 4K PANORAMIC 10g V2;1,000;77,41;77,41;21,31;0,00;0,00;56,10;72,47;263,26;2,81;67,60;A;;
28/08/2026;024303 - 24303 ACQUA DISTRIBUIDORA DE PERFUMES E;07891033598243;REF NSPA CR PERF DES CPO ORQ/LUM 350ml;1,000;69,90;69,90;14,64;0,00;0,00;55,26;79,06;377,46;2,77;70,36;A;;
28/08/2026;024303 - 24303 ACQUA DISTRIBUIDORA DE PERFUMES E;07891033909810;NSPA DES COL BDY SPLSH AMEIX/INT 200ml;1,000;74,94;74,94;20,57;0,00;0,00;54,37;72,55;264,32;2,72;73,09;A;;
28/08/2026;024303 - 24303 ACQUA DISTRIBUIDORA DE PERFUMES E;07891033483037;FLORATTA DES COL RED V2 75ml;1,000;118,44;118,44;69,19;0,00;0,00;49,25;41,58;71,18;2,47;75,55;A;;
28/08/2026;024303 - 24303 ACQUA DISTRIBUIDORA DE PERFUMES E;07891033850587;REF NSPA OL GLOR D H CPO AMEN/QUIN 150ml;1,000;79,90;79,90;32,49;0,00;0,00;47,41;59,34;145,92;2,38;77,93;A;;
28/08/2026;024303 - 24303 ACQUA DISTRIBUIDORA DE PERFUMES E;07891033945382;NSPA SAB BARRA CORP AMEI/NEG V4 2x90g;3,000;64,97;21,66;26,79;0,00;0,00;38,18;58,77;142,52;1,91;79,84;A;;
28/08/2026;024303 - 24303 ACQUA DISTRIBUIDORA DE PERFUMES E;07891033903818;PMPCK MALBEC DES BODY SPRAY;1,000;57,27;57,27;19,32;0,00;0,00;37,95;66,27;196,43;1,90;81,74;B;;
28/08/2026;024303 - 24303 ACQUA DISTRIBUIDORA DE PERFUMES E;07891033889136;CBEM SPR INTIMO CER/FASES 75ml;2,000;65,80;32,90;25,50;0,00;2,40;37,90;57,60;158,04;1,90;83,64;B;;
28/08/2026;024303 - 24303 ACQUA DISTRIBUIDORA DE PERFUMES E;07891033578825;LILY DES BDY SPR LEAU/LILY BLANC 100ml;1,000;45,88;45,88;8,92;0,00;0,00;36,96;80,56;414,35;1,85;85,49;B;;
28/08/2026;024303 - 24303 ACQUA DISTRIBUIDORA DE PERFUMES E;07891033859207;CBEM DES COL BDY SPLSH AMORUDA 200ml;1,000;73,11;73,11;36,88;0,00;0,00;36,23;49,56;98,24;1,81;87,31;B;;
28/08/2026;024303 - 24303 ACQUA DISTRIBUIDORA DE PERFUMES E;07891033595167;REF NSPA LOC DES HID CPO AMEI/NEG 350ml;1,000;61,37;61,37;27,05;0,00;0,00;34,32;55,92;126,88;1,72;89,03;B;;
28/08/2026;024303 - 24303 ACQUA DISTRIBUIDORA DE PERFUMES E;07891033874439;CBEM LOC DES HID CPO AMORUDA 400ml;1,000;60,79;60,79;29,18;0,00;0,00;31,61;52,00;108,33;1,58;90,61;B;;
28/08/2026;024303 - 24303 ACQUA DISTRIBUIDORA DE PERFUMES E;07891033962938;GLAMOUR LOC DES HID CPO INTENSE 200ml;1,000;55,90;55,90;24,42;0,00;0,00;31,48;56,31;128,91;1,58;92,19;B;;
28/08/2026;024303 - 24303 ACQUA DISTRIBUIDORA DE PERFUMES E;07891033520183;BOTI BABY SHAMP V2 400ml;1,000;56,50;56,50;27,37;0,00;0,00;29,13;51,56;106,43;1,46;93,65;B;;
28/08/2026;024303 - 24303 ACQUA DISTRIBUIDORA DE PERFUMES E;07891033944996;CBEM SAB BARRA PESSEGURA V3 4x80g;1,000;38,90;38,90;10,80;0,00;0,00;28,10;72,24;260,19;1,41;95,06;C;;
28/08/2026;024303 - 24303 ACQUA DISTRIBUIDORA DE PERFUMES E;07891033894017;CX PRESENTE M BOTI INST/25 VDA;2,000;23,28;11,64;0,00;0,00;0,00;23,28;100,00;0,00;1,17;96,22;C;;
28/08/2026;024303 - 24303 ACQUA DISTRIBUIDORA DE PERFUMES E;07891033878017;MAKE B BATOM PREENCH HYAL ROSA ROSE 4g;1,000;50,30;50,30;27,23;0,00;0,00;23,07;45,86;84,72;1,16;97,38;C;;
28/08/2026;024303 - 24303 ACQUA DISTRIBUIDORA DE PERFUMES E;07891033889112;LILY SAB BARRA V2 2x90g;1,000;40,30;40,30;21,27;0,00;0,00;19,03;47,22;89,47;0,95;98,33;C;;
28/08/2026;024303 - 24303 ACQUA DISTRIBUIDORA DE PERFUMES E;07891033957958;NSPA CR PERF DES HID CPO AMEIX/INT 400ml;1,000;52,44;52,44;35,74;0,00;0,00;16,70;31,85;46,73;0,84;99,17;C;;
28/08/2026;024303 - 24303 ACQUA DISTRIBUIDORA DE PERFUMES E;07891033748938;EGEO DES BDY SPR DOLCE 100ml V8 PCK;1,000;37,90;37,90;24,32;0,00;0,00;13,58;35,83;55,84;0,68;99,85;C;;
28/08/2026;024303 - 24303 ACQUA DISTRIBUIDORA DE PERFUMES E;07891033512270;CBEM SAB BARRA NUVEM 4x80g;1,000;25,42;25,42;14,47;0,00;0,00;10,95;43,08;75,67;0,55;100,40;C;;
28/08/2026;024303 - 24303 ACQUA DISTRIBUIDORA DE PERFUMES E;07891033894697;BOTIK SRUM FAC ALT/POT AC/HIAL PRM 10ml;1,000;14,66;14,66;7,27;0,00;0,00;7,39;50,41;101,65;0,37;100,77;C;;
28/08/2026;024303 - 24303 ACQUA DISTRIBUIDORA DE PERFUMES E;07891033908219;SACOLA P BOTICARIO INST/25;2,000;0,02;0,01;2,62;0,00;0,00;-2,60;-13009,50;-99,24;-0,13;100,64;C;;
28/08/2026;024303 - 24303 ACQUA DISTRIBUIDORA DE PERFUMES E;07891033949083;MAKE B PRIMER FAC ANTIOL SALIC PRM 5ml;1,000;0,01;0,01;4,95;0,00;0,00;-4,94;-49400,00;-99,80;-0,25;100,39;C;;
28/08/2026;024303 - 24303 ACQUA DISTRIBUIDORA DE PERFUMES E;07891033908226;SACOLA M BOTICARIO INST/25;5,000;0,05;0,01;7,80;0,00;0,00;-7,75;-15507,60;-99,36;-0,39;100,00;C;;
28/08/2026;024617 - ACQUA DISTRIBUIDORA DE PERFUMES E COSMETICOS LTDA;07891033479498;THE BLEND EDP 100ml V2;1,000;314,82;314,82;151,02;0,00;0,00;163,80;52,03;108,46;20,29;20,29;A;;
28/08/2026;024617 - ACQUA DISTRIBUIDORA DE PERFUMES E COSMETICOS LTDA;07891033535187;ELYSEE EDP V2 50ml;1,000;296,30;296,30;140,19;0,00;0,00;156,11;52,69;111,36;19,33;39,62;A;;
28/08/2026;024617 - ACQUA DISTRIBUIDORA DE PERFUMES E COSMETICOS LTDA;07891033878963;FLORATTA EDP RED PASSION V2 75ml;1,000;229,90;229,90;99,88;0,00;0,00;130,02;56,56;130,18;16,10;55,72;A;;
28/08/2026;024617 - ACQUA DISTRIBUIDORA DE PERFUMES E COSMETICOS LTDA;07891033897827;MALBEC ESPUM P/BARB SENSIT CUID V4 200ml;3,000;213,65;71,22;100,80;0,00;0,00;112,85;52,82;111,95;13,98;69,70;A;;
28/08/2026;024617 - ACQUA DISTRIBUIDORA DE PERFUMES E COSMETICOS LTDA;07891033864324;ESTJ EGEO DOLCE REG/25;1,000;140,90;140,90;68,24;0,00;0,00;72,66;51,57;106,48;9,00;78,70;A;;
28/08/2026;024617 - ACQUA DISTRIBUIDORA DE PERFUMES E COSMETICOS LTDA;07891033880775;NSPA LOC DES HID CPO AMEIXA V7 400ml;1,000;89,90;89,90;35,74;0,00;0,00;54,16;60,24;151,54;6,71;85,41;B;;
28/08/2026;024617 - ACQUA DISTRIBUIDORA DE PERFUMES E COSMETICOS LTDA;07891033894604;BOTIK SR FAC LIFT FIR PEP PR/EL PRM 10ml;1,000;36,95;36,95;1,09;0,00;0,00;35,86;97,05;3289,91;4,44;89,85;B;;
28/08/2026;024617 - ACQUA DISTRIBUIDORA DE PERFUMES E COSMETICOS LTDA;07891033013029;PMPCK LILY DES ANTIT AER 2x75g;1,000;55,43;55,43;26,42;0,00;0,00;29,01;52,34;109,80;3,59;93,44;B;;
28/08/2026;024617 - ACQUA DISTRIBUIDORA DE PERFUMES E COSMETICOS LTDA;07891033013173;PMPCK MALBEC DES ANTIT AER 2x75g;1,000;55,43;55,43;27,18;0,00;0,00;28,25;50,97;103,94;3,50;96,94;C;;
28/08/2026;024617 - ACQUA DISTRIBUIDORA DE PERFUMES E COSMETICOS LTDA;07891033946310;BOTIK CR NUTR FIR ROS/PESC R/SIL PRM 10g;1,000;32,32;32,32;7,62;0,00;0,00;24,70;76,42;324,15;3,06;100,00;C;;
28/08/2026;024668 - ACQUA DISTRIBUIDORA DE PERFUMES E COSMETICOS LTDA;07891033909537;GLAMOUR DES COL INTENSE 75ml;2,000;322,81;161,40;76,86;0,00;0,00;245,95;76,19;320,00;5,41;5,41;A;;
28/08/2026;024668 - ACQUA DISTRIBUIDORA DE PERFUMES E COSMETICOS LTDA;07891033481439;ELYSEE EDP BLANC 50ml V2;1,000;299,48;299,48;61,08;0,00;0,00;238,40;79,60;390,31;5,25;10,66;A;;
28/08/2026;024668 - ACQUA DISTRIBUIDORA DE PERFUMES E COSMETICOS LTDA;07891033767007;LIZ DES COL 100ml;2,000;284,28;142,14;72,48;0,00;0,00;211,80;74,50;292,22;4,66;15,33;A;;
28/08/2026;024668 - ACQUA DISTRIBUIDORA DE PERFUMES E COSMETICOS LTDA;07891033483150;FLORATTA DES COL GOLD V3 75ml;2,000;264,17;132,08;57,30;0,00;0,00;206,87;78,31;361,03;4,55;19,88;A;;
28/08/2026;024668 - ACQUA DISTRIBUIDORA DE PERFUMES E COSMETICOS LTDA;07891033550838;NEXT COLONIA 75ml;3,000;298,17;99,39;94,11;0,00;0,00;204,06;68,44;216,83;4,49;24,37;A;;
28/08/2026;024668 - ACQUA DISTRIBUIDORA DE PERFUMES E COSMETICOS LTDA;07891033861699;ESTJ MALBEC JUMBO REG/25;1,000;268,48;268,48;95,89;0,00;0,00;172,59;64,28;179,99;3,80;28,17;A;;
28/08/2026;024668 - ACQUA DISTRIBUIDORA DE PERFUMES E COSMETICOS LTDA;07891033744381;ARBO DES COL 100ml V4;2,000;316,71;158,35;150,74;0,00;0,00;165,97;52,40;110,10;3,65;31,83;A;;
28/08/2026;024668 - ACQUA DISTRIBUIDORA DE PERFUMES E COSMETICOS LTDA;07891033479054;BOTICOLL ACQUA FRESCA DES COL 100ml V2;1,000;174,90;174,90;24,23;0,00;0,00;150,67;86,15;621,83;3,32;35,14;A;;
28/08/2026;024668 - ACQUA DISTRIBUIDORA DE PERFUMES E COSMETICOS LTDA;07891033826858;EGEO DES COL BOMB BLACK C/CAR 90ml;1,000;158,23;158,23;28,79;0,00;0,00;129,44;81,80;449,60;2,85;37,99;A;;
28/08/2026;024668 - ACQUA DISTRIBUIDORA DE PERFUMES E COSMETICOS LTDA;07891033842148;EGEO DES COL SPCY VIBE C/CAR 90ml;2,000;226,06;113,03;120,28;0,00;0,00;105,78;46,79;87,94;2,33;40,32;A;;
28/08/2026;024668 - ACQUA DISTRIBUIDORA DE PERFUMES E COSMETICOS LTDA;07891033826889;EGEO DES COL DOLCE C/CAR 90ml;1,000;164,90;164,90;62,89;0,00;0,00;102,01;61,86;162,20;2,25;42,57;A;;
28/08/2026;024668 - ACQUA DISTRIBUIDORA DE PERFUMES E COSMETICOS LTDA;07891033830602;CELEBRE DES COL FLOR FRUT FORC 100ml;1,000;119,90;119,90;24,06;0,00;0,00;95,84;79,93;398,34;2,11;44,68;A;;
28/08/2026;024668 - ACQUA DISTRIBUIDORA DE PERFUMES E COSMETICOS LTDA;07891033908059;ESTJ EGEO BOMB BLACK REG/26;1,000;135,90;135,90;41,76;0,00;0,00;94,14;69,27;225,43;2,07;46,75;A;;
28/08/2026;024668 - ACQUA DISTRIBUIDORA DE PERFUMES E COSMETICOS LTDA;07891033861941;ESTJ CBEM DELEITE NAT/25;1,000;134,90;134,90;42,05;0,00;0,00;92,85;68,83;220,81;2,04;48,79;A;;
28/08/2026;024668 - ACQUA DISTRIBUIDORA DE PERFUMES E COSMETICOS LTDA;07891033872725;NSPA DES COL BDY SPLSH UVA MERLOT 200ml;1,000;109,90;109,90;19,90;0,00;0,00;90,00;81,89;452,26;1,98;50,78;A;;
28/08/2026;024668 - ACQUA DISTRIBUIDORA DE PERFUMES E COSMETICOS LTDA;07891033035304;CAIXA M INST 2021 VERDE ECONOMICA;27,000;89,62;3,32;0,00;0,00;0,00;89,62;100,00;0,00;1,97;52,75;A;;
28/08/2026;024668 - ACQUA DISTRIBUIDORA DE PERFUMES E COSMETICOS LTDA;07891033880225;BOTICA 214 EDP FOUG/AR V/FIRENZ V2 90ml;1,000;184,83;184,83;97,05;0,00;0,00;87,78;47,49;90,45;1,93;54,68;A;;
28/08/2026;024668 - ACQUA DISTRIBUIDORA DE PERFUMES E COSMETICOS LTDA;07891033587292;BOTICA 214 EDP SEV/DOR FOUG/AROM 90ml;1,000;179,91;179,91;93,61;0,00;0,00;86,30;47,97;92,19;1,90;56,58;A;;
28/08/2026;024668 - ACQUA DISTRIBUIDORA DE PERFUMES E COSMETICOS LTDA;07891033591329;BOTI BABY COL LUA RPCK 100ml;1,000;97,90;97,90;16,35;0,00;0,00;81,55;83,30;498,78;1,80;58,38;A;;
28/08/2026;024668 - ACQUA DISTRIBUIDORA DE PERFUMES E COSMETICOS LTDA;07891033941995;DR BOTICA COL POCAO/CORAG V3 120ml;1,000;98,90;98,90;17,82;0,00;0,00;81,08;81,98;454,99;1,78;60,16;A;;
28/08/2026;024668 - ACQUA DISTRIBUIDORA DE PERFUMES E COSMETICOS LTDA;07891033481392;COFFEE DES COL WOMAN SEDUC 100ml V5;1,000;170,91;170,91;90,76;0,00;0,00;80,15;46,90;88,31;1,76;61,93;A;;
28/08/2026;024668 - ACQUA DISTRIBUIDORA DE PERFUMES E COSMETICOS LTDA;07891033706686;SOPHIE COL HELLO 100ml;1,000;102,92;102,92;22,98;0,00;0,00;79,94;77,67;347,87;1,76;63,69;A;;
28/08/2026;024668 - ACQUA DISTRIBUIDORA DE PERFUMES E COSMETICOS LTDA;07891033947584;REF LILY CR ACET DES HID CPO 200g;1,000;92,26;92,26;13,45;0,00;0,00;78,81;85,42;585,95;1,74;65,42;A;;
28/08/2026;024668 - ACQUA DISTRIBUIDORA DE PERFUMES E COSMETICOS LTDA;07891033894840;NSPA TRIO SAB BARR BES SEL COLL 3x100g;2,000;111,23;55,61;33,82;0,00;0,00;77,41;69,59;228,89;1,70;67,12;A;;
28/08/2026;024668 - ACQUA DISTRIBUIDORA DE PERFUMES E COSMETICOS LTDA;07891033859351;HER CODE CREM AVELUD DES CPO 250g;1,000;101,13;101,13;25,45;0,00;0,00;75,68;74,83;297,37;1,67;68,79;A;;
28/08/2026;024668 - ACQUA DISTRIBUIDORA DE PERFUMES E COSMETICOS LTDA;07891033946167;CELEBRE DES COL MASC AGORA V2 100ml;1,000;99,90;99,90;25,19;0,00;0,00;74,71;74,78;296,59;1,64;70,44;A;;
28/08/2026;024668 - ACQUA DISTRIBUIDORA DE PERFUMES E COSMETICOS LTDA;07891033489978;NSPA OL DES HID CPO AMEI 200ml V3;1,000;93,53;93,53;21,34;0,00;0,00;72,19;77,18;338,28;1,59;72,02;A;;
28/08/2026;024668 - ACQUA DISTRIBUIDORA DE PERFUMES E COSMETICOS LTDA;07891033842247;GLAMOUR DES COL FEVER 75ml V2;1,000;147,43;147,43;78,61;0,00;0,00;68,82;46,68;87,55;1,52;73,54;A;;
28/08/2026;024668 - ACQUA DISTRIBUIDORA DE PERFUMES E COSMETICOS LTDA;07891033559848;MAKE B BAT ST/PREN HYAL CAND TOF V3 34g;1,000;82,90;82,90;18,14;0,00;0,00;64,76;78,12;357,00;1,43;74,97;A;;
28/08/2026;024668 - ACQUA DISTRIBUIDORA DE PERFUMES E COSMETICOS LTDA;07891033880829;NSPA LOC DES HID CPO AMEIX/NEG V4 400ml;1,000;80,91;80,91;16,86;0,00;0,00;64,05;79,16;379,89;1,41;76,38;A;;
28/08/2026;024668 - ACQUA DISTRIBUIDORA DE PERFUMES E COSMETICOS LTDA;07891033481811;LILY OL PERF DES CPO 150ml V11;1,000;78,11;78,11;19,51;0,00;0,00;58,60;75,02;300,36;1,29;77,67;A;;
28/08/2026;024668 - ACQUA DISTRIBUIDORA DE PERFUMES E COSMETICOS LTDA;07891033883950;CBEM DES COL BDY SPLSH ROS/ALG V4 200ml;1,000;94,90;94,90;36,52;0,00;0,00;58,38;61,52;159,86;1,29;78,95;A;;
28/08/2026;024668 - ACQUA DISTRIBUIDORA DE PERFUMES E COSMETICOS LTDA;07891033595167;REF NSPA LOC DES HID CPO AMEI/NEG 350ml;1,000;69,90;69,90;12,17;0,00;0,00;57,73;82,59;474,36;1,27;80,22;B;;
28/08/2026;024668 - ACQUA DISTRIBUIDORA DE PERFUMES E COSMETICOS LTDA;07891033486342;DREAM DES COL SPLSH AMOR NO AR 200ml V2;1,000;101,90;101,90;46,09;0,00;0,00;55,81;54,77;121,09;1,23;81,45;B;;
28/08/2026;024668 - ACQUA DISTRIBUIDORA DE PERFUMES E COSMETICOS LTDA;07891033880775;NSPA LOC DES HID CPO AMEIXA V7 400ml;1,000;84,17;84,17;28,58;0,00;0,00;55,59;66,04;194,51;1,22;82,67;B;;
28/08/2026;024668 - ACQUA DISTRIBUIDORA DE PERFUMES E COSMETICOS LTDA;07891033836840;DR BOTICA COL POC/AVENTURA 120ml;1,000;72,68;72,68;19,21;0,00;0,00;53,47;73,57;278,34;1,18;83,85;B;;
28/08/2026;024668 - ACQUA DISTRIBUIDORA DE PERFUMES E COSMETICOS LTDA;07891033521470;DR BOTICA CR PENT POC/TR/NO CACHOS 350ml;1,000;67,90;67,90;14,91;0,00;0,00;52,99;78,04;355,40;1,17;85,02;B;;
28/08/2026;024668 - ACQUA DISTRIBUIDORA DE PERFUMES E COSMETICOS LTDA;07891033518036;BOTI BABY COND V2 400ml;1,000;68,75;68,75;16,39;0,00;0,00;52,36;76,16;319,46;1,15;86,17;B;;
28/08/2026;024668 - ACQUA DISTRIBUIDORA DE PERFUMES E COSMETICOS LTDA;07891033511303;CBEM DES COL BDY SPLSH BEIJINHO V2 200ml;1,000;88,21;88,21;36,50;0,00;0,00;51,71;58,62;141,67;1,14;87,31;B;;
28/08/2026;024668 - ACQUA DISTRIBUIDORA DE PERFUMES E COSMETICOS LTDA;07891033482818;NSPA LOC DES HID CPO AMEI/NEG 400ml V3;1,000;86,26;86,26;35,37;0,00;0,00;50,89;59,00;143,88;1,12;88,43;B;;
28/08/2026;024668 - ACQUA DISTRIBUIDORA DE PERFUMES E COSMETICOS LTDA;07891033851249;CBEM LOC DES HID CPO DELEITE V3 400ml;1,000;78,90;78,90;28,85;0,00;0,00;50,05;63,43;173,48;1,10;89,53;B;;
28/08/2026;024668 - ACQUA DISTRIBUIDORA DE PERFUMES E COSMETICOS LTDA;07891033595174;REF NSPA LOC DES HID CPO AMEIXA 350ml;2,000;69,90;34,95;20,80;0,00;0,00;49,10;70,24;236,06;1,08;90,61;B;;
28/08/2026;024668 - ACQUA DISTRIBUIDORA DE PERFUMES E COSMETICOS LTDA;07891033808885;UOMINI DES BDY SPR INFINITE 100ml;1,000;52,90;52,90;8,16;0,00;0,00;44,74;84,57;548,28;0,98;91,60;B;;
28/08/2026;024668 - ACQUA DISTRIBUIDORA DE PERFUMES E COSMETICOS LTDA;07891033578825;LILY DES BDY SPR LEAU/LILY BLANC 100ml;1,000;52,90;52,90;8,63;0,00;0,00;44,27;83,69;512,98;0,97;92,57;B;;
28/08/2026;024668 - ACQUA DISTRIBUIDORA DE PERFUMES E COSMETICOS LTDA;07891033520183;BOTI BABY SHAMP V2 400ml;1,000;67,77;67,77;27,12;0,00;0,00;40,65;59,98;149,89;0,89;93,47;B;;
28/08/2026;024668 - ACQUA DISTRIBUIDORA DE PERFUMES E COSMETICOS LTDA;07891033524686;BOTIK GEL LIM FAC MIC AC MAN/SAL 50g PRM;2,000;36,57;18,28;0,00;0,00;0,00;36,57;100,00;0,00;0,81;94,27;B;;
28/08/2026;024668 - ACQUA DISTRIBUIDORA DE PERFUMES E COSMETICOS LTDA;07891033948994;CBEM GEL LIMP FAC FEIR TANGERINA PRM 50g;4,000;59,98;14,99;26,64;0,00;0,00;33,34;55,59;125,15;0,73;95,01;C;;
28/08/2026;024668 - ACQUA DISTRIBUIDORA DE PERFUMES E COSMETICOS LTDA;07891033514366;DR BOTICA SAB BARRA POC/CORAG 3x80g V2;1,000;44,90;44,90;14,51;0,00;0,00;30,39;67,68;209,44;0,67;95,68;C;;
28/08/2026;024668 - ACQUA DISTRIBUIDORA DE PERFUMES E COSMETICOS LTDA;07891033512270;CBEM SAB BARRA NUVEM 4x80g;2,000;53,97;26,98;28,50;0,00;0,00;25,47;47,19;89,37;0,56;96,24;C;;
28/08/2026;024668 - ACQUA DISTRIBUIDORA DE PERFUMES E COSMETICOS LTDA;07891033856794;CBEM SAB BARRA CER/FASES 4x80g;1,000;38,90;38,90;13,80;0,00;0,00;25,10;64,52;181,88;0,55;96,79;C;;
28/08/2026;024668 - ACQUA DISTRIBUIDORA DE PERFUMES E COSMETICOS LTDA;07891033885183;MAKE B BAT CR C/AC POL SOFT NUDE V2 36g;1,000;49,73;49,73;26,30;0,00;0,00;23,43;47,11;89,09;0,52;97,30;C;;
28/08/2026;024668 - ACQUA DISTRIBUIDORA DE PERFUMES E COSMETICOS LTDA;07891033589784;NSPA LOC NUTR DES CPO UVA MERLOT 400ml;1,000;58,51;58,51;35,38;0,00;0,00;23,13;39,53;65,38;0,51;97,81;C;;
28/08/2026;024668 - ACQUA DISTRIBUIDORA DE PERFUMES E COSMETICOS LTDA;07891033568055;MATCH COND SCIENCE RECONSTRUCAO 280ml;1,000;37,67;37,67;15,19;0,00;0,00;22,48;59,68;147,99;0,49;98,31;C;;
28/08/2026;024668 - ACQUA DISTRIBUIDORA DE PERFUMES E COSMETICOS LTDA;07891033839605;ARBO DES ANTIT AER 75ml V9;1,000;32,23;32,23;11,73;0,00;0,00;20,50;63,61;174,77;0,45;98,76;C;;
28/08/2026;024668 - ACQUA DISTRIBUIDORA DE PERFUMES E COSMETICOS LTDA;07891033539307;EGEO DES ANTIT AER BLUE V3 75g;1,000;28,76;28,76;9,50;0,00;0,00;19,26;66,97;202,74;0,42;99,18;C;;
28/08/2026;024668 - ACQUA DISTRIBUIDORA DE PERFUMES E COSMETICOS LTDA;07891033839612;ARBO DES BDY SPR 100ml V6;1,000;42,73;42,73;24,05;0,00;0,00;18,68;43,72;77,67;0,41;99,60;C;;
28/08/2026;024668 - ACQUA DISTRIBUIDORA DE PERFUMES E COSMETICOS LTDA;07891033947508;MEN SAB BARRA V4 2x90g;1,000;26,33;26,33;8,18;0,00;0,00;18,15;68,93;221,88;0,40;99,99;C;;
28/08/2026;024668 - ACQUA DISTRIBUIDORA DE PERFUMES E COSMETICOS LTDA;07891033570881;EGEO SHW GEL CAB/CPO BLUE V2 100g;1,000;26,84;26,84;11,06;0,00;0,00;15,78;58,79;142,68;0,35;100,34;C;;
28/08/2026;024668 - ACQUA DISTRIBUIDORA DE PERFUMES E COSMETICOS LTDA;07891033948666;MATCH SHAMP SCIENCE RECONST V2 300ml;1,000;36,16;36,16;21,33;0,00;0,00;14,83;41,01;69,53;0,33;100,67;C;;
28/08/2026;024668 - ACQUA DISTRIBUIDORA DE PERFUMES E COSMETICOS LTDA;07891033851201;CBEM SAB BARRA DELEITE V4 2x80g;1,000;22,41;22,41;9,17;0,00;0,00;13,24;59,08;144,38;0,29;100,96;C;;
28/08/2026;024668 - ACQUA DISTRIBUIDORA DE PERFUMES E COSMETICOS LTDA;07891033908219;SACOLA P BOTICARIO INST/25;1,000;0,01;0,01;1,31;0,00;0,00;-1,30;-13019,00;-99,24;-0,03;100,93;C;;
28/08/2026;024668 - ACQUA DISTRIBUIDORA DE PERFUMES E COSMETICOS LTDA;07891033908226;SACOLA M BOTICARIO INST/25;1,000;0,01;0,01;1,56;0,00;0,00;-1,55;-15500,00;-99,36;-0,03;100,90;C;;
28/08/2026;024668 - ACQUA DISTRIBUIDORA DE PERFUMES E COSMETICOS LTDA;07891033957996;NSPA CR PERF DES HID CP AMX/INT PRM 50ml;4,000;0,04;0,01;8,92;0,00;0,00;-8,88;-22200,00;-99,55;-0,20;100,70;C;;
28/08/2026;024668 - ACQUA DISTRIBUIDORA DE PERFUMES E COSMETICOS LTDA;07891033536863;CBEM LOC DES HID CPO FEIRA BANANA 400ml;2,000;0,02;0,01;31,90;0,00;0,00;-31,88;-159400,00;-99,94;-0,70;100,00;C;;
28/08/2026;024669 - 24669 ACQUA DISTRIBUIDORA DE PERFUMES E;07891033553570;MALBEC EDP 90ml;1,000;223,84;223,84;58,02;0,00;0,00;165,82;74,08;285,80;5,59;5,59;A;;
28/08/2026;024669 - 24669 ACQUA DISTRIBUIDORA DE PERFUMES E;07891033524686;BOTIK GEL LIM FAC MIC AC MAN/SAL 50g PRM;10,000;161,36;16,14;0,00;0,00;0,00;161,36;100,00;0,00;5,44;11,02;A;;
28/08/2026;024669 - 24669 ACQUA DISTRIBUIDORA DE PERFUMES E;07891033843916;MALBEC DES COL GOLD V3 100ml;1,000;205,08;205,08;50,55;0,00;0,00;154,53;75,35;305,70;5,21;16,23;A;;
28/08/2026;024669 - 24669 ACQUA DISTRIBUIDORA DE PERFUMES E;07891033479054;BOTICOLL ACQUA FRESCA DES COL 100ml V2;1,000;172,85;172,85;24,23;0,00;0,00;148,62;85,98;613,37;5,01;21,24;A;;
28/08/2026;024669 - 24669 ACQUA DISTRIBUIDORA DE PERFUMES E;07891033843909;MALBEC DES COL MAGNETIC V3 100ml;1,000;199,41;199,41;63,44;0,00;0,00;135,97;68,19;214,33;4,58;25,82;A;;
28/08/2026;024669 - 24669 ACQUA DISTRIBUIDORA DE PERFUMES E;07891033880225;BOTICA 214 EDP FOUG/AR V/FIRENZ V2 90ml;1,000;167,20;167,20;46,22;0,00;0,00;120,98;72,36;261,75;4,08;29,90;A;;
28/08/2026;024669 - 24669 ACQUA DISTRIBUIDORA DE PERFUMES E;07891033826865;EGEO DES COL BLUE C/CAR 90ml;1,000;148,41;148,41;32,52;0,00;0,00;115,89;78,09;356,37;3,91;33,80;A;;
28/08/2026;024669 - 24669 ACQUA DISTRIBUIDORA DE PERFUMES E;07891033894604;BOTIK SR FAC LIFT FIR PEP PR/EL PRM 10ml;3,000;110,13;36,71;3,24;0,00;0,00;106,89;97,06;3299,07;3,60;37,40;A;;
28/08/2026;024669 - 24669 ACQUA DISTRIBUIDORA DE PERFUMES E;07891033706686;SOPHIE COL HELLO 100ml;1,000;101,37;101,37;22,98;0,00;0,00;78,39;77,33;341,12;2,64;40,05;A;;
28/08/2026;024669 - 24669 ACQUA DISTRIBUIDORA DE PERFUMES E;07891033841820;LILY DES COL BDY SPLSH 200ml;1,000;98,59;98,59;21,18;0,00;0,00;77,41;78,52;365,49;2,61;42,65;A;;
28/08/2026;024669 - 24669 ACQUA DISTRIBUIDORA DE PERFUMES E;07891033842148;EGEO DES COL SPCY VIBE C/CAR 90ml;1,000;124,90;124,90;50,92;0,00;0,00;73,98;59,23;145,29;2,49;45,15;A;;
28/08/2026;024669 - 24669 ACQUA DISTRIBUIDORA DE PERFUMES E;07891033515004;SOPHIE COL CANDY 100ml V2;1,000;115,19;115,19;43,34;0,00;0,00;71,85;62,38;165,78;2,42;47,57;A;;
28/08/2026;024669 - 24669 ACQUA DISTRIBUIDORA DE PERFUMES E;07891033895182;MALBEC CR HID FAC ANTIS 50ml;1,000;101,68;101,68;31,91;0,00;0,00;69,77;68,62;218,65;2,35;49,92;A;;
28/08/2026;024669 - 24669 ACQUA DISTRIBUIDORA DE PERFUMES E;07891033883950;CBEM DES COL BDY SPLSH ROS/ALG V4 200ml;1,000;85,41;85,41;17,71;0,00;0,00;67,70;79,26;382,27;2,28;52,20;A;;
28/08/2026;024669 - 24669 ACQUA DISTRIBUIDORA DE PERFUMES E;07891033512430;QUASAR DES COL CLASSIC 100ml;1,000;130,41;130,41;64,18;0,00;0,00;66,23;50,79;103,19;2,23;54,43;A;;
28/08/2026;024669 - 24669 ACQUA DISTRIBUIDORA DE PERFUMES E;07891033882014;REF LILY CR ACET DES HID CPO V3 250g;1,000;78,86;78,86;13,91;0,00;0,00;64,95;82,36;466,93;2,19;56,62;A;;
28/08/2026;024669 - 24669 ACQUA DISTRIBUIDORA DE PERFUMES E;07891033487905;REFIL MALBEC DES BDY SPR REG 100ml PK V5;2,000;75,80;37,90;12,12;0,00;0,00;63,68;84,01;525,41;2,15;58,77;A;;
28/08/2026;024669 - 24669 ACQUA DISTRIBUIDORA DE PERFUMES E;07891033878215;MAKE B PLT BL/FUS/CLIP ROS/FUS MINI 25g;1,000;89,90;89,90;26,24;0,00;0,00;63,66;70,81;242,61;2,15;60,91;A;;
28/08/2026;024669 - 24669 ACQUA DISTRIBUIDORA DE PERFUMES E;07891033590292;MALBEC CREM BARB SENSIT CUIDADOS V3 100g;1,000;73,29;73,29;10,89;0,00;0,00;62,40;85,14;573,00;2,10;63,01;A;;
28/08/2026;024669 - 24669 ACQUA DISTRIBUIDORA DE PERFUMES E;07891033825448;MAKE B BAS LIQ MATE SALICYLIC 170 30g;1,000;79,90;79,90;18,20;0,00;0,00;61,70;77,22;339,01;2,08;65,09;A;;
28/08/2026;024669 - 24669 ACQUA DISTRIBUIDORA DE PERFUMES E;07891033874910;BOTIK GEL LIMP F MCL AC MAND/SAL V2 150g;1,000;69,29;69,29;10,75;0,00;0,00;58,54;84,49;544,56;1,97;67,07;A;;
28/08/2026;024669 - 24669 ACQUA DISTRIBUIDORA DE PERFUMES E;07891033706693;SOPHIE COL LIKE 100ml;1,000;101,37;101,37;48,99;0,00;0,00;52,38;51,67;106,92;1,76;68,83;A;;
28/08/2026;024669 - 24669 ACQUA DISTRIBUIDORA DE PERFUMES E;07891033533862;BOTIK PROT SOL FAC FPS 80 AC/HIAL 40ml;1,000;79,14;79,14;26,86;0,00;0,00;52,28;66,06;194,64;1,76;70,59;A;;
28/08/2026;024669 - 24669 ACQUA DISTRIBUIDORA DE PERFUMES E;07891033883967;CBEM DES COL BDY SPLSH CER/FASES 200ml;1,000;67,91;67,91;18,75;0,00;0,00;49,16;72,39;262,19;1,66;72,25;A;;
28/08/2026;024669 - 24669 ACQUA DISTRIBUIDORA DE PERFUMES E;07891033512393;CBEM DES COL BDY SPLSH CER/LIV V2 200ml;1,000;67,92;67,92;19,21;0,00;0,00;48,71;71,72;253,57;1,64;73,89;A;;
28/08/2026;024669 - 24669 ACQUA DISTRIBUIDORA DE PERFUMES E;07891033894697;BOTIK SRUM FAC ALT/POT AC/HIAL PRM 10ml;4,000;76,54;19,13;28,76;0,00;0,00;47,78;62,42;166,13;1,61;75,50;A;;
28/08/2026;024669 - 24669 ACQUA DISTRIBUIDORA DE PERFUMES E;07891033896608;CBEM MANTG DES HID CPO DEL/CARAMEL 200g;1,000;72,05;72,05;25,89;0,00;0,00;46,16;64,07;178,29;1,56;77,06;A;;
28/08/2026;024669 - 24669 ACQUA DISTRIBUIDORA DE PERFUMES E;07891033886944;CBEM LOC DES HID CP R/ALG N/FORM 400ml;1,000;71,01;71,01;28,87;0,00;0,00;42,14;59,34;145,96;1,42;78,48;A;;
28/08/2026;024669 - 24669 ACQUA DISTRIBUIDORA DE PERFUMES E;07891033886975;CBEM LOC DES HID CP CER/LIV N/FORM 400ml;1,000;55,16;55,16;13,61;0,00;0,00;41,55;75,33;305,29;1,40;79,88;A;;
28/08/2026;024669 - 24669 ACQUA DISTRIBUIDORA DE PERFUMES E;07891033856718;CBEM LOC DES HID CPO CER/FAS 400ml;1,000;67,06;67,06;27,39;0,00;0,00;39,67;59,16;144,83;1,34;81,21;B;;
28/08/2026;024669 - 24669 ACQUA DISTRIBUIDORA DE PERFUMES E;07891033541690;SOPHIE SHAMP CACH V2 200ml;1,000;49,90;49,90;11,15;0,00;0,00;38,75;77,66;347,53;1,31;82,52;B;;
28/08/2026;024669 - 24669 ACQUA DISTRIBUIDORA DE PERFUMES E;07891033595174;REF NSPA LOC DES HID CPO AMEIXA 350ml;2,000;59,66;29,83;21,02;0,00;0,00;38,64;64,77;183,82;1,30;83,82;B;;
28/08/2026;024669 - 24669 ACQUA DISTRIBUIDORA DE PERFUMES E;07891033586011;CBEM LOC DES/H CPO DEL CHOCOLATUDO 200ml;1,000;56,24;56,24;19,37;0,00;0,00;36,87;65,56;190,35;1,24;85,06;B;;
28/08/2026;024669 - 24669 ACQUA DISTRIBUIDORA DE PERFUMES E;07891033880102;MAKE B BAT LIQ MAT AC/POL DARK/RG V2 5ml;1,000;49,40;49,40;13,76;0,00;0,00;35,64;72,15;259,01;1,20;86,26;B;;
28/08/2026;024669 - 24669 ACQUA DISTRIBUIDORA DE PERFUMES E;07891033555055;MAKE B LAP/OLH ULTRABLACK PRETO V2 12g;1,000;48,90;48,90;13,40;0,00;0,00;35,50;72,60;264,93;1,20;87,46;B;;
28/08/2026;024669 - 24669 ACQUA DISTRIBUIDORA DE PERFUMES E;07891033512256;BOTICOLL SAB BARR CPO PERF 5x80g V2;1,000;54,26;54,26;19,48;0,00;0,00;34,78;64,10;178,54;1,17;88,63;B;;
28/08/2026;024669 - 24669 ACQUA DISTRIBUIDORA DE PERFUMES E;07891033885183;MAKE B BAT CR C/AC POL SOFT NUDE V2 36g;1,000;49,73;49,73;16,33;0,00;0,00;33,40;67,16;204,53;1,13;89,76;B;;
28/08/2026;024669 - 24669 ACQUA DISTRIBUIDORA DE PERFUMES E;07891033591701;SOPHIE CREM PENT CACHOS V2 200ml;1,000;52,90;52,90;20,45;0,00;0,00;32,45;61,34;158,68;1,09;90,85;B;;
28/08/2026;024669 - 24669 ACQUA DISTRIBUIDORA DE PERFUMES E;07891033878185;MAKE B BAT EASY MATE WHISPER BEIGE 39g;1,000;49,73;49,73;17,68;0,00;0,00;32,05;64,45;181,28;1,08;91,93;B;;
28/08/2026;024669 - 24669 ACQUA DISTRIBUIDORA DE PERFUMES E;07891033878024;MAKE B BATOM PREENCH HYAL NUDE CHIC 4g;1,000;49,75;49,75;17,71;0,00;0,00;32,04;64,40;180,91;1,08;93,01;B;;
28/08/2026;024669 - 24669 ACQUA DISTRIBUIDORA DE PERFUMES E;07891033479634;BOTI SUN PROT SOL CPO GEL CR FPS50 200g;1,000;67,44;67,44;36,62;0,00;0,00;30,82;45,70;84,16;1,04;94,05;B;;
28/08/2026;024669 - 24669 ACQUA DISTRIBUIDORA DE PERFUMES E;07891033902194;CBEM DES COL BDY SPLSH DEL/CARAM 200ml;1,000;65,13;65,13;34,73;0,00;0,00;30,40;46,68;87,53;1,02;95,07;C;;
28/08/2026;024669 - 24669 ACQUA DISTRIBUIDORA DE PERFUMES E;07891033751631;SOPHIE COND CACH 200ML;1,000;49,90;49,90;19,57;0,00;0,00;30,33;60,78;154,98;1,02;96,09;C;;
28/08/2026;024669 - 24669 ACQUA DISTRIBUIDORA DE PERFUMES E;07891033715008;MAKE B LAP RETR P/OLH MARR PCK V2;2,000;79,71;39,85;53,04;0,00;0,00;26,67;33,46;50,28;0,90;96,99;C;;
28/08/2026;024669 - 24669 ACQUA DISTRIBUIDORA DE PERFUMES E;07891033885602;MALBEC DES ANTIT ROLL V10 55ml;1,000;29,90;29,90;5,16;0,00;0,00;24,74;82,74;479,46;0,83;97,83;C;;
28/08/2026;024669 - 24669 ACQUA DISTRIBUIDORA DE PERFUMES E;07891033965793;CAIXA LACO M AMOR 2026 BOTI UNIT;2,000;18,02;9,01;0,00;0,00;0,00;18,02;100,00;0,00;0,61;98,43;C;;
28/08/2026;024669 - 24669 ACQUA DISTRIBUIDORA DE PERFUMES E;07891033526277;BOTIK BALM LAB HID AC/HIALUR 32g;1,000;34,12;34,12;17,86;0,00;0,00;16,26;47,66;91,04;0,55;98,98;C;;
28/08/2026;024669 - 24669 ACQUA DISTRIBUIDORA DE PERFUMES E;07891033539710;CBEM MASC CAP SCH FEIRA PASTA ABAC 30ml;2,000;23,66;11,83;7,46;0,00;0,00;16,20;68,47;217,16;0,55;99,53;C;;
28/08/2026;024669 - 24669 ACQUA DISTRIBUIDORA DE PERFUMES E;07891033511662;CBEM SAB BARRA ROSA/ALGODAO V8 2x80g;1,000;22,41;22,41;7,21;0,00;0,00;15,20;67,83;210,82;0,51;100,04;C;;
28/08/2026;024669 - 24669 ACQUA DISTRIBUIDORA DE PERFUMES E;07891033944996;CBEM SAB BARRA PESSEGURA V3 4x80g;1,000;25,42;25,42;12,70;0,00;0,00;12,72;50,04;100,16;0,43;100,47;C;;
28/08/2026;024669 - 24669 ACQUA DISTRIBUIDORA DE PERFUMES E;07891033881376;FLORATTA EDP ROSE SUCREE PRM 10ml;2,000;0,02;0,01;13,92;0,00;0,00;-13,90;-69500,00;-99,86;-0,47;100,00;C;;
28/08/2026;024670 - ACQUA DISTRIBUIDORA DE PERFUMES E COSMETICOS LTDA;07891033512430;QUASAR DES COL CLASSIC 100ml;2,000;276,76;138,38;119,56;0,00;0,00;157,20;56,80;131,48;5,04;5,04;A;;
28/08/2026;024670 - ACQUA DISTRIBUIDORA DE PERFUMES E COSMETICOS LTDA;07891033896530;EGEO DES COL VANILLA UBESESSION 90ml;2,000;209,52;104,76;59,28;0,00;0,00;150,24;71,71;253,44;4,82;9,87;A;;
28/08/2026;024670 - ACQUA DISTRIBUIDORA DE PERFUMES E COSMETICOS LTDA;07891033864645;ESTJ QUASAR CLASSIC REG/25;1,000;179,38;179,38;47,05;0,00;0,00;132,33;73,77;281,25;4,25;14,11;A;;
28/08/2026;024670 - ACQUA DISTRIBUIDORA DE PERFUMES E COSMETICOS LTDA;07891033491544;COFFEE DES COL UNIQ WOM FL/GOURM 100ml;1,000;174,02;174,02;42,05;0,00;0,00;131,97;75,84;313,84;4,24;18,35;A;;
28/08/2026;024670 - ACQUA DISTRIBUIDORA DE PERFUMES E COSMETICOS LTDA;07891033497652;UOMINI DES COL V6 100ml;1,000;204,90;204,90;76,18;0,00;0,00;128,72;62,82;168,97;4,13;22,48;A;;
28/08/2026;024670 - ACQUA DISTRIBUIDORA DE PERFUMES E COSMETICOS LTDA;07891033479054;BOTICOLL ACQUA FRESCA DES COL 100ml V2;1,000;145,18;145,18;24,23;0,00;0,00;120,95;83,31;499,17;3,88;26,36;A;;
28/08/2026;024670 - ACQUA DISTRIBUIDORA DE PERFUMES E COSMETICOS LTDA;07891033050093;MA CHERIE DES COL 100ml V6;1,000;137,61;137,61;31,91;0,00;0,00;105,70;76,81;331,24;3,39;29,75;A;;
28/08/2026;024670 - ACQUA DISTRIBUIDORA DE PERFUMES E COSMETICOS LTDA;07891033843886;MALBEC DES COL NOIR V3 100ml;1,000;206,83;206,83;101,43;0,00;0,00;105,40;50,96;103,91;3,38;33,14;A;;
28/08/2026;024670 - ACQUA DISTRIBUIDORA DE PERFUMES E COSMETICOS LTDA;07891033794171;ARBO DES BDY SPR BOTANIC 100ml V2;4,000;193,90;48,47;88,60;0,00;0,00;105,30;54,31;118,85;3,38;36,52;A;;
28/08/2026;024670 - ACQUA DISTRIBUIDORA DE PERFUMES E COSMETICOS LTDA;07891033841820;LILY DES COL BDY SPLSH 200ml;1,000;119,28;119,28;21,18;0,00;0,00;98,10;82,24;463,17;3,15;39,66;A;;
28/08/2026;024670 - ACQUA DISTRIBUIDORA DE PERFUMES E COSMETICOS LTDA;07891033482962;FLORATTA DES COL ROSE BOUQUET 75ml;1,000;158,29;158,29;68,43;0,00;0,00;89,86;56,77;131,32;2,88;42,55;A;;
28/08/2026;024670 - ACQUA DISTRIBUIDORA DE PERFUMES E COSMETICOS LTDA;07891033498789;CBEM LOC DES HID CPO BOA NOITE V2 400ml;2,000;115,50;57,75;30,36;0,00;0,00;85,14;73,71;280,43;2,73;45,28;A;;
28/08/2026;024670 - ACQUA DISTRIBUIDORA DE PERFUMES E COSMETICOS LTDA;07891033856060;INSENSATEZ DES COL V4 100ml;1,000;145,17;145,17;61,48;0,00;0,00;83,69;57,65;136,13;2,69;47,97;A;;
28/08/2026;024670 - ACQUA DISTRIBUIDORA DE PERFUMES E COSMETICOS LTDA;07891033706693;SOPHIE COL LIKE 100ml;1,000;105,83;105,83;23,15;0,00;0,00;82,68;78,13;357,15;2,65;50,62;A;;
28/08/2026;024670 - ACQUA DISTRIBUIDORA DE PERFUMES E COSMETICOS LTDA;07891033808496;REF LILY CR AC HID DES CPO LUMIERE 250g;1,000;91,95;91,95;13,73;0,00;0,00;78,22;85,07;569,70;2,51;53,13;A;;
28/08/2026;024670 - ACQUA DISTRIBUIDORA DE PERFUMES E COSMETICOS LTDA;07891033539222;ESTJ DR BOTICA CORACAO V2;1,000;115,11;115,11;39,92;0,00;0,00;75,19;65,32;188,35;2,41;55,54;A;;
28/08/2026;024670 - ACQUA DISTRIBUIDORA DE PERFUMES E COSMETICOS LTDA;07891033892617;BOTICA 214 EDP GOLD/GARD V3 75ml;1,000;176,63;176,63;103,47;0,00;0,00;73,16;41,42;70,71;2,35;57,89;A;;
28/08/2026;024670 - ACQUA DISTRIBUIDORA DE PERFUMES E COSMETICOS LTDA;07891033514410;DR BOTICA COL POCAO FORCA 120ml V2;1,000;87,30;87,30;17,99;0,00;0,00;69,31;79,39;385,27;2,22;60,11;A;;
28/08/2026;024670 - ACQUA DISTRIBUIDORA DE PERFUMES E COSMETICOS LTDA;07891033852390;LILY CR ACET DES HID CPO CASHMERE 250g;1,000;124,42;124,42;55,70;0,00;0,00;68,72;55,23;123,38;2,21;62,32;A;;
28/08/2026;024670 - ACQUA DISTRIBUIDORA DE PERFUMES E COSMETICOS LTDA;07891033877942;MAKE B BASE LIQ HYALURONIC 205N 30ml;1,000;99,77;99,77;32,11;0,00;0,00;67,66;67,82;210,71;2,17;64,49;A;;
28/08/2026;024670 - ACQUA DISTRIBUIDORA DE PERFUMES E COSMETICOS LTDA;07891033511235;CBEM DES COL BDY SPLSH BOA NOIT V2 200ml;2,000;138,91;69,45;73,00;0,00;0,00;65,91;47,45;90,29;2,12;66,61;A;;
28/08/2026;024670 - ACQUA DISTRIBUIDORA DE PERFUMES E COSMETICOS LTDA;07891033944996;CBEM SAB BARRA PESSEGURA V3 4x80g;4,000;105,63;26,41;42,80;0,00;0,00;62,83;59,48;146,80;2,02;68,62;A;;
28/08/2026;024670 - ACQUA DISTRIBUIDORA DE PERFUMES E COSMETICOS LTDA;07891033489978;NSPA OL DES HID CPO AMEI 200ml V3;1,000;83,89;83,89;21,34;0,00;0,00;62,55;74,56;293,11;2,01;70,63;A;;
28/08/2026;024670 - ACQUA DISTRIBUIDORA DE PERFUMES E COSMETICOS LTDA;07891033480623;REF LILY CR ACET DES HID CPO 250g V2;1,000;99,90;99,90;38,23;0,00;0,00;61,67;61,73;161,31;1,98;72,61;A;;
28/08/2026;024670 - ACQUA DISTRIBUIDORA DE PERFUMES E COSMETICOS LTDA;07891033842148;EGEO DES COL SPCY VIBE C/CAR 90ml;1,000;112,41;112,41;50,92;0,00;0,00;61,49;54,70;120,76;1,97;74,58;A;;
28/08/2026;024670 - ACQUA DISTRIBUIDORA DE PERFUMES E COSMETICOS LTDA;07891033909810;NSPA DES COL BDY SPLSH AMEIX/INT 200ml;1,000;79,79;79,79;20,36;0,00;0,00;59,43;74,48;291,90;1,91;76,49;A;;
28/08/2026;024670 - ACQUA DISTRIBUIDORA DE PERFUMES E COSMETICOS LTDA;07891033483037;FLORATTA DES COL RED V2 75ml;1,000;121,41;121,41;68,42;0,00;0,00;52,99;43,65;77,45;1,70;78,19;A;;
28/08/2026;024670 - ACQUA DISTRIBUIDORA DE PERFUMES E COSMETICOS LTDA;07891033894208;REF NSPA LOC DES H CP ORQ/NOIRE V2 350ml;1,000;63,26;63,26;13,37;0,00;0,00;49,89;78,87;373,15;1,60;79,79;A;;
28/08/2026;024670 - ACQUA DISTRIBUIDORA DE PERFUMES E COSMETICOS LTDA;07891033533862;BOTIK PROT SOL FAC FPS 80 AC/HIAL 40ml;1,000;72,96;72,96;26,85;0,00;0,00;46,11;63,20;171,73;1,48;81,27;B;;
28/08/2026;024670 - ACQUA DISTRIBUIDORA DE PERFUMES E COSMETICOS LTDA;07891033867554;NSPA SAB LIQ PERF ORQ/NOIRE V2 250ml;1,000;53,91;53,91;9,13;0,00;0,00;44,78;83,06;490,47;1,44;82,71;B;;
28/08/2026;024670 - ACQUA DISTRIBUIDORA DE PERFUMES E COSMETICOS LTDA;07891033909957;CBEM SAB LIQ CPO 2/1 CER/FASES 200ml;1,000;52,90;52,90;8,65;0,00;0,00;44,25;83,65;511,56;1,42;84,13;B;;
28/08/2026;024670 - ACQUA DISTRIBUIDORA DE PERFUMES E COSMETICOS LTDA;07891033521722;DR BOTICA LOC HID CPO POC/NUVENS 400ml;1,000;59,95;59,95;17,00;0,00;0,00;42,95;71,64;252,65;1,38;85,51;B;;
28/08/2026;024670 - ACQUA DISTRIBUIDORA DE PERFUMES E COSMETICOS LTDA;07891033521470;DR BOTICA CR PENT POC/TR/NO CACHOS 350ml;1,000;56,96;56,96;14,25;0,00;0,00;42,71;74,98;299,72;1,37;86,88;B;;
28/08/2026;024670 - ACQUA DISTRIBUIDORA DE PERFUMES E COSMETICOS LTDA;07891033487790;BOTICOLL PORTINARI DES BDY SPR 100ml V7;1,000;49,21;49,21;8,59;0,00;0,00;40,62;82,54;472,88;1,30;88,18;B;;
28/08/2026;024670 - ACQUA DISTRIBUIDORA DE PERFUMES E COSMETICOS LTDA;07891033903818;PMPCK MALBEC DES BODY SPRAY;1,000;59,57;59,57;19,11;0,00;0,00;40,46;67,92;211,72;1,30;89,48;B;;
28/08/2026;024670 - ACQUA DISTRIBUIDORA DE PERFUMES E COSMETICOS LTDA;07891033957958;NSPA CR PERF DES HID CPO AMEIX/INT 400ml;1,000;55,84;55,84;16,95;0,00;0,00;38,89;69,65;229,44;1,25;90,73;B;;
28/08/2026;024670 - ACQUA DISTRIBUIDORA DE PERFUMES E COSMETICOS LTDA;07891033595815;MATCH MASC CAP NUTR/REGEN V2 250g;1,000;63,28;63,28;26,85;0,00;0,00;36,43;57,57;135,68;1,17;91,90;B;;
28/08/2026;024670 - ACQUA DISTRIBUIDORA DE PERFUMES E COSMETICOS LTDA;07891033486960;LILY DES ANTIT AEROSSOL 75g V9;1,000;39,90;39,90;11,28;0,00;0,00;28,62;71,73;253,72;0,92;92,82;B;;
28/08/2026;024670 - ACQUA DISTRIBUIDORA DE PERFUMES E COSMETICOS LTDA;07891033491391;MATCH LEAVE IN HIDRATACAO ANTIF 150ml;1,000;46,50;46,50;19,00;0,00;0,00;27,50;59,14;144,74;0,88;93,70;B;;
28/08/2026;024670 - ACQUA DISTRIBUIDORA DE PERFUMES E COSMETICOS LTDA;07891033486571;EGEO DES ANTIT AEROSSOL DOLCE 75g V9;1,000;37,98;37,98;10,88;0,00;0,00;27,10;71,35;249,08;0,87;94,57;B;;
28/08/2026;024670 - ACQUA DISTRIBUIDORA DE PERFUMES E COSMETICOS LTDA;07891033948994;CBEM GEL LIMP FAC FEIR TANGERINA PRM 50g;3,000;44,66;14,89;19,98;0,00;0,00;24,68;55,26;123,52;0,79;95,36;C;;
28/08/2026;024670 - ACQUA DISTRIBUIDORA DE PERFUMES E COSMETICOS LTDA;07891033278589;MAKE B LAP RETR P/OLH PRET PCK;1,000;51,90;51,90;27,68;0,00;0,00;24,22;46,67;87,50;0,78;96,14;C;;
28/08/2026;024670 - ACQUA DISTRIBUIDORA DE PERFUMES E COSMETICOS LTDA;07891033013029;PMPCK LILY DES ANTIT AER 2x75g;1,000;50,20;50,20;26,14;0,00;0,00;24,06;47,93;92,04;0,77;96,91;C;;
28/08/2026;024670 - ACQUA DISTRIBUIDORA DE PERFUMES E COSMETICOS LTDA;07891033896943;MATCH COND ESC/HID 280ml;1,000;45,25;45,25;21,32;0,00;0,00;23,93;52,88;112,24;0,77;97,68;C;;
28/08/2026;024670 - ACQUA DISTRIBUIDORA DE PERFUMES E COSMETICOS LTDA;07891033896936;MATCH SHAMP ESC/HID 300ml;1,000;44,64;44,64;21,32;0,00;0,00;23,32;52,24;109,38;0,75;98,43;C;;
28/08/2026;024670 - ACQUA DISTRIBUIDORA DE PERFUMES E COSMETICOS LTDA;07891033508822;CBEM SAB BARRA BOA NOITE V2 4x80g;1,000;37,02;37,02;13,79;0,00;0,00;23,23;62,75;168,46;0,75;99,17;C;;
28/08/2026;024670 - ACQUA DISTRIBUIDORA DE PERFUMES E COSMETICOS LTDA;07891033482559;NSPA LOC DES HID CPO F/AMEI 200ml V5;1,000;30,97;30,97;10,68;0,00;0,00;20,29;65,52;189,98;0,65;99,82;C;;
28/08/2026;024670 - ACQUA DISTRIBUIDORA DE PERFUMES E COSMETICOS LTDA;07891033883431;CAIXA LAÇO P  MAES 25 BOTI;2,000;16,02;8,01;0,00;0,00;0,00;16,02;100,00;0,00;0,51;100,34;C;;
28/08/2026;024670 - ACQUA DISTRIBUIDORA DE PERFUMES E COSMETICOS LTDA;07891033539345;BOTICOLL PORTINARI DES ANTIT AER V8 75g;1,000;29,68;29,68;17,86;0,00;0,00;11,82;39,82;66,18;0,38;100,72;C;;
28/08/2026;024670 - ACQUA DISTRIBUIDORA DE PERFUMES E COSMETICOS LTDA;07891033799879;NSPA LOC DES HID CPO KARITE 200ml V3;1,000;32,17;32,17;23,25;0,00;0,00;8,92;27,73;38,37;0,29;101,00;C;;
28/08/2026;024670 - ACQUA DISTRIBUIDORA DE PERFUMES E COSMETICOS LTDA;07891033035298;CAIXA M INST 2021 ROSA ECONOMICA;2,000;7,05;3,52;0,00;0,00;0,00;7,05;100,00;0,00;0,23;101,23;C;;
28/08/2026;024670 - ACQUA DISTRIBUIDORA DE PERFUMES E COSMETICOS LTDA;07891033888528;CARTAO PRESENTE BOTICARIO MAES 25 UNIT;6,000;2,74;0,46;0,00;0,00;0,00;2,74;100,00;0,00;0,09;101,32;C;;
28/08/2026;024670 - ACQUA DISTRIBUIDORA DE PERFUMES E COSMETICOS LTDA;07891033841073;GLAMOUR DES ANTIT AER GOLD GLAM 75g;1,000;16,73;16,73;17,28;0,00;0,00;-0,55;-3,29;-3,18;-0,02;101,30;C;;
28/08/2026;024670 - ACQUA DISTRIBUIDORA DE PERFUMES E COSMETICOS LTDA;07891033534111;REF NSPA SAB LIQ CP PERF ORQ/NOIRE 200ml;1,000;0,01;0,01;9,82;0,00;0,00;-9,81;-98100,00;-99,90;-0,31;100,98;C;;
28/08/2026;024670 - ACQUA DISTRIBUIDORA DE PERFUMES E COSMETICOS LTDA;07891033957996;NSPA CR PERF DES HID CP AMX/INT PRM 50ml;5,000;0,05;0,01;11,15;0,00;0,00;-11,10;-22200,00;-99,55;-0,36;100,63;C;;
28/08/2026;024670 - ACQUA DISTRIBUIDORA DE PERFUMES E COSMETICOS LTDA;07891033949083;MAKE B PRIMER FAC ANTIOL SALIC PRM 5ml;4,000;0,04;0,01;19,60;0,00;0,00;-19,56;-48900,00;-99,80;-0,63;100,00;C;;
28/08/2026;024671 - 24671 ACQUA DISTRIBUIDORA DE PERFUMES E;07891033542314;MALBEC DES COL ULTRA BLEU V2 100ml;2,000;426,11;213,05;171,54;0,00;0,00;254,57;59,74;148,40;11,33;11,33;A;;
28/08/2026;024671 - 24671 ACQUA DISTRIBUIDORA DE PERFUMES E;07891033898169;THE BLEND EDP BOURBON V2 100ml;1,000;333,35;333,35;91,35;0,00;0,00;242,00;72,60;264,92;10,77;22,10;A;;
28/08/2026;024671 - 24671 ACQUA DISTRIBUIDORA DE PERFUMES E;07891033553570;MALBEC EDP 90ml;1,000;279,90;279,90;57,25;0,00;0,00;222,65;79,55;388,91;9,91;32,00;A;;
28/08/2026;024671 - 24671 ACQUA DISTRIBUIDORA DE PERFUMES E;07891033535187;ELYSEE EDP V2 50ml;1,000;266,67;266,67;138,63;0,00;0,00;128,04;48,01;92,36;5,70;37,70;A;;
28/08/2026;024671 - 24671 ACQUA DISTRIBUIDORA DE PERFUMES E;07891033883967;CBEM DES COL BDY SPLSH CER/FASES 200ml;2,000;155,01;77,50;27,08;0,00;0,00;127,93;82,53;472,42;5,69;43,39;A;;
28/08/2026;024671 - 24671 ACQUA DISTRIBUIDORA DE PERFUMES E;07891033855728;ESTJ MALBEC PAIS/25;1,000;192,68;192,68;74,08;0,00;0,00;118,60;61,55;160,10;5,28;48,67;A;;
28/08/2026;024671 - 24671 ACQUA DISTRIBUIDORA DE PERFUMES E;07891033899630;ESTJ FLORATTA RED AMOR/26;1,000;161,41;161,41;48,82;0,00;0,00;112,59;69,75;230,62;5,01;53,68;A;;
28/08/2026;024671 - 24671 ACQUA DISTRIBUIDORA DE PERFUMES E;07891033766659;MEN DES COL ONLY 100ml V2;1,000;163,00;163,00;62,40;0,00;0,00;100,60;61,72;161,22;4,48;58,15;A;;
28/08/2026;024671 - 24671 ACQUA DISTRIBUIDORA DE PERFUMES E;07891033534159;LIZ DES COL INTENSO 100ml;1,000;135,04;135,04;34,64;0,00;0,00;100,40;74,35;289,84;4,47;62,62;A;;
28/08/2026;024671 - 24671 ACQUA DISTRIBUIDORA DE PERFUMES E;07891033857968;ELYSEE CREM DES HID CPO ACET V2 250g;1,000;124,95;124,95;34,87;0,00;0,00;90,08;72,09;258,33;4,01;66,63;A;;
28/08/2026;024671 - 24671 ACQUA DISTRIBUIDORA DE PERFUMES E;07891033483655;COFFEE DES COL MAN SEDUC 100ml V4;1,000;157,85;157,85;82,15;0,00;0,00;75,70;47,96;92,15;3,37;70,00;A;;
28/08/2026;024671 - 24671 ACQUA DISTRIBUIDORA DE PERFUMES E;07891033535118;CBEM DES COL BDY SPLSH SHOW/BNH V2 200ml;1,000;86,49;86,49;18,22;0,00;0,00;68,27;78,93;374,70;3,04;73,04;A;;
28/08/2026;024671 - 24671 ACQUA DISTRIBUIDORA DE PERFUMES E;07891033830602;CELEBRE DES COL FLOR FRUT FORC 100ml;1,000;111,74;111,74;45,91;0,00;0,00;65,83;58,91;143,39;2,93;75,97;A;;
28/08/2026;024671 - 24671 ACQUA DISTRIBUIDORA DE PERFUMES E;07891033500222;HER CODE EDP 50ml;1,000;176,45;176,45;110,62;0,00;0,00;65,83;37,31;59,51;2,93;78,89;A;;
28/08/2026;024671 - 24671 ACQUA DISTRIBUIDORA DE PERFUMES E;07891033867998;NSPA CR PARFUMEE CPO AMEIXA NEGRA 200g;1,000;114,67;114,67;60,75;0,00;0,00;53,92;47,02;88,76;2,40;81,29;B;;
28/08/2026;024671 - 24671 ACQUA DISTRIBUIDORA DE PERFUMES E;07891033842148;EGEO DES COL SPCY VIBE C/CAR 90ml;1,000;112,41;112,41;61,23;0,00;0,00;51,18;45,53;83,59;2,28;83,57;B;;
28/08/2026;024671 - 24671 ACQUA DISTRIBUIDORA DE PERFUMES E;07891033860449;ZAAD LOC DES HID CPO INTENSE 200ml;1,000;63,97;63,97;14,83;0,00;0,00;49,14;76,82;331,36;2,19;85,76;B;;
28/08/2026;024671 - 24671 ACQUA DISTRIBUIDORA DE PERFUMES E;07891033499588;NSPA LOC DES HID CPO ORQ NOIRE 400ml;1,000;81,94;81,94;33,91;0,00;0,00;48,03;58,62;141,64;2,14;87,89;B;;
28/08/2026;024671 - 24671 ACQUA DISTRIBUIDORA DE PERFUMES E;07891033483037;FLORATTA DES COL RED V2 75ml;1,000;114,90;114,90;68,43;0,00;0,00;46,47;40,44;67,91;2,07;89,96;B;;
28/08/2026;024671 - 24671 ACQUA DISTRIBUIDORA DE PERFUMES E;07891033554089;BOTIK CR N FIR ROST/PESC RES/SIL PRM 10g;3,000;44,99;15,00;0,00;0,00;0,00;44,99;100,00;0,00;2,00;91,96;B;;
28/08/2026;024671 - 24671 ACQUA DISTRIBUIDORA DE PERFUMES E;07891033536283;BOTIK GEL LIMP FAC VITAM C PRM 50g;5,000;41,93;8,39;0,00;0,00;0,00;41,93;100,00;0,00;1,87;93,83;B;;
28/08/2026;024671 - 24671 ACQUA DISTRIBUIDORA DE PERFUMES E;07891033896608;CBEM MANTG DES HID CPO DEL/CARAMEL 200g;1,000;65,61;65,61;25,89;0,00;0,00;39,72;60,54;153,42;1,77;95,60;C;;
28/08/2026;024671 - 24671 ACQUA DISTRIBUIDORA DE PERFUMES E;07891033534166;LIZ CR DES HID CPO INTENSO 250g;1,000;69,81;69,81;30,17;0,00;0,00;39,64;56,78;131,39;1,76;97,36;C;;
28/08/2026;024671 - 24671 ACQUA DISTRIBUIDORA DE PERFUMES E;07891033902194;CBEM DES COL BDY SPLSH DEL/CARAM 200ml;1,000;59,31;59,31;34,73;0,00;0,00;24,58;41,44;70,77;1,09;98,45;C;;
28/08/2026;024671 - 24671 ACQUA DISTRIBUIDORA DE PERFUMES E;07891033493623;MALBEC DES ANTIT AER 75g/125ml V10;1,000;37,91;37,91;17,94;0,00;0,00;19,97;52,68;111,32;0,89;99,34;C;;
28/08/2026;024671 - 24671 ACQUA DISTRIBUIDORA DE PERFUMES E;07891033529346;INTENSE BAT CREM 227 V2 38g;1,000;28,23;28,23;11,84;0,00;0,00;16,39;58,06;138,43;0,73;100,07;C;;
28/08/2026;024671 - 24671 ACQUA DISTRIBUIDORA DE PERFUMES E;07891033560554;CBEM GEL/LIMP FAC FEIR TANGERINA 50g PRM;1,000;15,75;15,75;0,00;0,00;0,00;15,75;100,00;0,00;0,70;100,77;C;;
28/08/2026;024671 - 24671 ACQUA DISTRIBUIDORA DE PERFUMES E;07891033572076;AU MIGOS PETS SHAMP 5/1 ADULTOS 400ml;1,000;41,93;41,93;26,97;0,00;0,00;14,96;35,68;55,47;0,67;101,44;C;;
28/08/2026;024671 - 24671 ACQUA DISTRIBUIDORA DE PERFUMES E;07891033894017;CX PRESENTE M BOTI INST/25 VDA;1,000;11,42;11,42;7,37;0,00;0,00;4,05;35,46;54,95;0,18;101,62;C;;
28/08/2026;024671 - 24671 ACQUA DISTRIBUIDORA DE PERFUMES E;07891033908219;SACOLA P BOTICARIO INST/25;1,000;0,01;0,01;1,31;0,00;0,00;-1,30;-13000,00;-99,24;-0,06;101,56;C;;
28/08/2026;024671 - 24671 ACQUA DISTRIBUIDORA DE PERFUMES E;07891033957996;NSPA CR PERF DES HID CP AMX/INT PRM 50ml;3,000;0,03;0,01;6,69;0,00;0,00;-6,66;-22200,00;-99,55;-0,30;101,26;C;;
28/08/2026;024671 - 24671 ACQUA DISTRIBUIDORA DE PERFUMES E;07891033594382;EGEO DES COL CHOC HIGH 10ml PRM;1,000;0,02;0,02;6,81;0,00;0,00;-6,79;-33950,00;-99,71;-0,30;100,96;C;;
28/08/2026;024671 - 24671 ACQUA DISTRIBUIDORA DE PERFUMES E;07891033908226;SACOLA M BOTICARIO INST/25;5,000;0,05;0,01;7,80;0,01;0,00;-7,76;-15515,20;-99,36;-0,35;100,62;C;;
28/08/2026;024671 - 24671 ACQUA DISTRIBUIDORA DE PERFUMES E;07891033889716;LIZ DES COL D ESSENCE PRM 10ml;2,000;0,02;0,01;13,90;0,00;0,00;-13,88;-69400,00;-99,86;-0,62;100,00;C;;
29/08/2026;024303 - 24303 ACQUA DISTRIBUIDORA DE PERFUMES E;07891033893058;ESTJ LILY MAES/26;1,000;339,90;339,90;104,79;0,00;0,00;235,11;69,17;224,36;12,75;12,75;A;;
29/08/2026;024303 - 24303 ACQUA DISTRIBUIDORA DE PERFUMES E;07891033843855;MALBEC EDP SIGNATURE V3 90ml;1,000;345,73;345,73;152,59;0,00;0,00;193,14;55,86;126,57;10,47;23,22;A;;
29/08/2026;024303 - 24303 ACQUA DISTRIBUIDORA DE PERFUMES E;07891033479498;THE BLEND EDP 100ml V2;1,000;301,43;301,43;150,91;0,00;0,00;150,52;49,94;99,74;8,16;31,38;A;;
29/08/2026;024303 - 24303 ACQUA DISTRIBUIDORA DE PERFUMES E;07891033902507;ESTJ EGEO ORIGINAL PAIS/26;1,000;145,53;145,53;35,96;0,00;0,00;109,57;75,29;304,70;5,94;37,33;A;;
29/08/2026;024303 - 24303 ACQUA DISTRIBUIDORA DE PERFUMES E;07891033491544;COFFEE DES COL UNIQ WOM FL/GOURM 100ml;1,000;161,22;161,22;63,73;0,00;0,00;97,49;60,47;152,97;5,29;42,61;A;;
29/08/2026;024303 - 24303 ACQUA DISTRIBUIDORA DE PERFUMES E;07891033892617;BOTICA 214 EDP GOLD/GARD V3 75ml;1,000;181,58;181,58;104,57;0,00;0,00;77,01;42,41;73,64;4,18;46,79;A;;
29/08/2026;024303 - 24303 ACQUA DISTRIBUIDORA DE PERFUMES E;07891033479085;DREAM DES COL SPLSH VIAG/ENC 200ml V2;1,000;119,90;119,90;46,74;0,00;0,00;73,16;61,02;156,53;3,97;50,76;A;;
29/08/2026;024303 - 24303 ACQUA DISTRIBUIDORA DE PERFUMES E;07891033598731;BOTIK GEL LIMP FAC CIC/PANT/CER 200g;1,000;76,32;76,32;13,96;0,00;0,00;62,36;81,71;446,70;3,38;54,14;A;;
29/08/2026;024303 - 24303 ACQUA DISTRIBUIDORA DE PERFUMES E;07891033767007;LIZ DES COL 100ml;1,000;126,43;126,43;65,75;0,00;0,00;60,68;47,99;92,29;3,29;57,43;A;;
29/08/2026;024303 - 24303 ACQUA DISTRIBUIDORA DE PERFUMES E;07891033515004;SOPHIE COL CANDY 100ml V2;1,000;106,79;106,79;49,43;0,00;0,00;57,36;53,71;116,04;3,11;60,54;A;;
29/08/2026;024303 - 24303 ACQUA DISTRIBUIDORA DE PERFUMES E;07891033903818;PMPCK MALBEC DES BODY SPRAY;1,000;74,85;74,85;19,32;0,00;0,00;55,53;74,19;287,42;3,01;63,55;A;;
29/08/2026;024303 - 24303 ACQUA DISTRIBUIDORA DE PERFUMES E;07891033756278;INTENSE PO COMPACTO FACIAL 20 5g;1,000;69,90;69,90;17,37;0,00;0,00;52,53;75,15;302,42;2,85;66,40;A;;
29/08/2026;024303 - 24303 ACQUA DISTRIBUIDORA DE PERFUMES E;07891033518029;BOTI BABY COL SOL V2 100ml;1,000;92,64;92,64;40,37;0,00;0,00;52,27;56,42;129,48;2,83;69,23;A;;
29/08/2026;024303 - 24303 ACQUA DISTRIBUIDORA DE PERFUMES E;07891033595174;REF NSPA LOC DES HID CPO AMEIXA 350ml;1,000;61,99;61,99;10,51;0,00;0,00;51,48;83,05;489,82;2,79;72,02;A;;
29/08/2026;024303 - 24303 ACQUA DISTRIBUIDORA DE PERFUMES E;07891033874439;CBEM LOC DES HID CPO AMORUDA 400ml;1,000;78,90;78,90;29,18;0,00;0,00;49,72;63,02;170,39;2,70;74,72;A;;
29/08/2026;024303 - 24303 ACQUA DISTRIBUIDORA DE PERFUMES E;07891033947584;REF LILY CR ACET DES HID CPO 200g;1,000;87,16;87,16;39,72;0,00;0,00;47,44;54,43;119,44;2,57;77,29;A;;
29/08/2026;024303 - 24303 ACQUA DISTRIBUIDORA DE PERFUMES E;07891033491506;MATCH SPR CAP MULTIBENEFICIOS V2 150ml;1,000;61,41;61,41;15,70;0,00;0,00;45,71;74,43;291,15;2,48;79,77;A;;
29/08/2026;024303 - 24303 ACQUA DISTRIBUIDORA DE PERFUMES E;07891033512362;CBEM DES COL BDY SPLSH PESSEGUR V2 200ml;1,000;63,81;63,81;18,25;0,00;0,00;45,56;71,40;249,64;2,47;82,24;B;;
29/08/2026;024303 - 24303 ACQUA DISTRIBUIDORA DE PERFUMES E;07891033499434;CBEM LOC DES HID CPO PESSEGURA V2 400ml;1,000;71,01;71,01;26,67;0,00;0,00;44,34;62,44;166,25;2,40;84,65;B;;
29/08/2026;024303 - 24303 ACQUA DISTRIBUIDORA DE PERFUMES E;07891033524686;BOTIK GEL LIM FAC MIC AC MAN/SAL 50g PRM;3,000;43,24;14,41;0,00;0,00;0,00;43,24;100,00;0,00;2,34;86,99;B;;
29/08/2026;024303 - 24303 ACQUA DISTRIBUIDORA DE PERFUMES E;07891033877997;MAKE B BASE LIQ HYALURONIC 225N 30ml;1,000;78,99;78,99;42,70;0,00;0,00;36,29;45,94;84,99;1,97;88,96;B;;
29/08/2026;024303 - 24303 ACQUA DISTRIBUIDORA DE PERFUMES E;07891033895526;MAKE B BASE LIQ HYALURONIC 120N 30ml;1,000;78,98;78,98;42,70;0,00;0,00;36,28;45,94;84,96;1,97;90,93;B;;
29/08/2026;024303 - 24303 ACQUA DISTRIBUIDORA DE PERFUMES E;07891033521470;DR BOTICA CR PENT POC/TR/NO CACHOS 350ml;1,000;57,79;57,79;26,75;0,00;0,00;31,04;53,71;116,04;1,68;92,61;B;;
29/08/2026;024303 - 24303 ACQUA DISTRIBUIDORA DE PERFUMES E;07891033706938;SOPHIE LOC HID CPO 200ml;1,000;47,12;47,12;17,94;0,00;0,00;29,18;61,93;162,65;1,58;94,19;B;;
29/08/2026;024303 - 24303 ACQUA DISTRIBUIDORA DE PERFUMES E;07891033873210;CBEM SAB LIQ ESF CPO AMORUDA 200ml;1,000;36,90;36,90;13,69;0,00;0,00;23,21;62,90;169,54;1,26;95,45;C;;
29/08/2026;024303 - 24303 ACQUA DISTRIBUIDORA DE PERFUMES E;07891033528677;MAKE B GLOS LAB C/AC POLIGL N/ROSE 5ml;1,000;47,58;47,58;29,31;0,00;0,00;18,27;38,40;62,33;0,99;96,44;C;;
29/08/2026;024303 - 24303 ACQUA DISTRIBUIDORA DE PERFUMES E;07891033595778;MATCH MASC CAP NUTR PROFUNDA V2 250g;1,000;44,97;44,97;27,15;0,00;0,00;17,82;39,63;65,64;0,97;97,41;C;;
29/08/2026;024303 - 24303 ACQUA DISTRIBUIDORA DE PERFUMES E;07891033816262;MAKE B BAT MATE C/AC POLIGL ROS FABUL 4g;1,000;44,18;44,18;26,73;0,00;0,00;17,45;39,50;65,28;0,95;98,35;C;;
29/08/2026;024303 - 24303 ACQUA DISTRIBUIDORA DE PERFUMES E;07891033944996;CBEM SAB BARRA PESSEGURA V3 4x80g;1,000;26,91;26,91;10,80;0,00;0,00;16,11;59,87;149,17;0,87;99,23;C;;
29/08/2026;024303 - 24303 ACQUA DISTRIBUIDORA DE PERFUMES E;07891033511648;CBEM DES ANTIT CR R/ALG V3 80g;1,000;31,09;31,09;16,20;0,00;0,00;14,89;47,89;91,91;0,81;100,03;C;;
29/08/2026;024303 - 24303 ACQUA DISTRIBUIDORA DE PERFUMES E;07891033851256;MATCH COND NUTR/PROF V2 280ml;1,000;33,05;33,05;21,56;0,00;0,00;11,49;34,77;53,29;0,62;100,66;C;;
29/08/2026;024303 - 24303 ACQUA DISTRIBUIDORA DE PERFUMES E;07891033894017;CX PRESENTE M BOTI INST/25 VDA;1,000;11,03;11,03;0,00;0,00;0,00;11,03;100,00;0,00;0,60;101,26;C;;
29/08/2026;024303 - 24303 ACQUA DISTRIBUIDORA DE PERFUMES E;07891033907045;MATCH SHAMP NUTR/PROF V3 300ml;1,000;31,73;31,73;21,54;0,00;0,00;10,19;32,11;47,31;0,55;101,81;C;;
29/08/2026;024303 - 24303 ACQUA DISTRIBUIDORA DE PERFUMES E;07891033894697;BOTIK SRUM FAC ALT/POT AC/HIAL PRM 10ml;1,000;15,99;15,99;7,27;0,00;0,00;8,72;54,53;119,94;0,47;102,28;C;;
29/08/2026;024303 - 24303 ACQUA DISTRIBUIDORA DE PERFUMES E;07891033908219;SACOLA P BOTICARIO INST/25;1,000;0,01;0,01;1,31;0,00;0,00;-1,30;-13000,00;-99,24;-0,07;102,21;C;;
29/08/2026;024303 - 24303 ACQUA DISTRIBUIDORA DE PERFUMES E;07891033908233;SACOLA G O BOTICARIO INST/25;1,000;0,01;0,01;2,50;0,00;0,00;-2,49;-24919,00;-99,60;-0,14;102,07;C;;
29/08/2026;024303 - 24303 ACQUA DISTRIBUIDORA DE PERFUMES E;07891033908226;SACOLA M BOTICARIO INST/25;4,000;0,04;0,01;6,24;0,00;0,00;-6,20;-15500,00;-99,36;-0,34;101,74;C;;
29/08/2026;024303 - 24303 ACQUA DISTRIBUIDORA DE PERFUMES E;07891033949892;CBEM LIVRO PARA COLORIR PAPEL;1,000;10,57;10,57;20,48;2,01;0,39;-12,30;-116,41;-48,39;-0,67;101,07;C;;
29/08/2026;024303 - 24303 ACQUA DISTRIBUIDORA DE PERFUMES E;07891033949083;MAKE B PRIMER FAC ANTIOL SALIC PRM 5ml;4,000;0,04;0,01;19,80;0,00;0,00;-19,76;-49400,00;-99,80;-1,07;100,00;C;;
29/08/2026;024617 - ACQUA DISTRIBUIDORA DE PERFUMES E COSMETICOS LTDA;07891033492503;COFFEE D/C DUO/WOM/ORIENT/AMAD V2 100ml;2,000;410,08;205,04;182,66;0,00;0,00;227,42;55,46;124,50;10,91;10,91;A;;
29/08/2026;024617 - ACQUA DISTRIBUIDORA DE PERFUMES E COSMETICOS LTDA;07891033486649;BOTICOLL PORTINARI DES COL 100ml V5;1,000;202,42;202,42;34,71;0,00;0,00;167,71;82,85;483,17;8,05;18,96;A;;
29/08/2026;024617 - ACQUA DISTRIBUIDORA DE PERFUMES E COSMETICOS LTDA;07891033843879;MALBEC DES COL V6 100ml;1,000;212,36;212,36;83,50;0,00;0,00;128,86;60,68;154,32;6,18;25,14;A;;
29/08/2026;024617 - ACQUA DISTRIBUIDORA DE PERFUMES E COSMETICOS LTDA;07891033909537;GLAMOUR DES COL INTENSE 75ml;1,000;153,70;153,70;38,83;0,00;0,00;114,87;74,74;295,83;5,51;30,65;A;;
29/08/2026;024617 - ACQUA DISTRIBUIDORA DE PERFUMES E COSMETICOS LTDA;07891033766789;BOTICOLL STYLETTO DES COL 100ml V3;1,000;168,67;168,67;60,64;0,00;0,00;108,03;64,05;178,15;5,18;35,84;A;;
29/08/2026;024617 - ACQUA DISTRIBUIDORA DE PERFUMES E COSMETICOS LTDA;07891033843916;MALBEC DES COL GOLD V3 100ml;1,000;202,58;202,58;98,67;0,00;0,00;103,91;51,29;105,31;4,99;40,82;A;;
29/08/2026;024617 - ACQUA DISTRIBUIDORA DE PERFUMES E COSMETICOS LTDA;07891033524686;BOTIK GEL LIM FAC MIC AC MAN/SAL 50g PRM;8,000;71,79;8,97;0,00;0,00;0,00;71,79;100,00;0,00;3,44;44,27;A;;
29/08/2026;024617 - ACQUA DISTRIBUIDORA DE PERFUMES E COSMETICOS LTDA;07891033816361;MAKE B BASE LIQ RETIN H COR 25 26g;1,000;129,82;129,82;59,68;0,00;0,00;70,14;54,03;117,53;3,37;47,63;A;;
29/08/2026;024617 - ACQUA DISTRIBUIDORA DE PERFUMES E COSMETICOS LTDA;07891033883066;ELYSEE DES COL BDY SPLSH 200ml;1,000;120,70;120,70;56,01;0,00;0,00;64,69;53,60;115,50;3,10;50,73;A;;
29/08/2026;024617 - ACQUA DISTRIBUIDORA DE PERFUMES E COSMETICOS LTDA;07891033896530;EGEO DES COL VANILLA UBESESSION 90ml;1,000;121,61;121,61;59,93;0,00;0,00;61,68;50,72;102,92;2,96;53,69;A;;
29/08/2026;024617 - ACQUA DISTRIBUIDORA DE PERFUMES E COSMETICOS LTDA;07891033883646;QUASAR DES COL CLASSIC V2 100ml;1,000;130,41;130,41;72,44;0,00;0,00;57,97;44,45;80,02;2,78;56,47;A;;
29/08/2026;024617 - ACQUA DISTRIBUIDORA DE PERFUMES E COSMETICOS LTDA;07891033706686;SOPHIE COL HELLO 100ml;1,000;107,30;107,30;49,51;0,00;0,00;57,79;53,86;116,72;2,77;59,25;A;;
29/08/2026;024617 - ACQUA DISTRIBUIDORA DE PERFUMES E COSMETICOS LTDA;07891033756285;INTENSE PO COMPACTO FACIAL 30 5g;2,000;115,46;57,73;58,62;0,00;0,00;56,84;49,23;96,96;2,73;61,97;A;;
29/08/2026;024617 - ACQUA DISTRIBUIDORA DE PERFUMES E COSMETICOS LTDA;07891033880829;NSPA LOC DES HID CPO AMEIX/NEG V4 400ml;1,000;89,90;89,90;35,75;0,00;0,00;54,15;60,23;151,47;2,60;64,57;A;;
29/08/2026;024617 - ACQUA DISTRIBUIDORA DE PERFUMES E COSMETICOS LTDA;07891033860586;SOPHIE SPLSH CPO/CAB SHIM BRLH/INT 110ml;1,000;77,80;77,80;32,97;0,00;0,00;44,83;57,62;135,97;2,15;66,72;A;;
29/08/2026;024617 - ACQUA DISTRIBUIDORA DE PERFUMES E COSMETICOS LTDA;07891033879205;LILY SHAMP ACET V2 250ml;1,000;58,41;58,41;13,59;0,00;0,00;44,82;76,73;329,80;2,15;68,87;A;;
29/08/2026;024617 - ACQUA DISTRIBUIDORA DE PERFUMES E COSMETICOS LTDA;07891033860593;SOPHIE SPLSH CPO/CAB SHIM CHAP/CIN 110ml;1,000;75,65;75,65;33,00;0,00;0,00;42,65;56,38;129,24;2,05;70,92;A;;
29/08/2026;024617 - ACQUA DISTRIBUIDORA DE PERFUMES E COSMETICOS LTDA;07891033869503;NEXT GEL FIX P/CAB SPIDER MAN 150g;1,000;46,30;46,30;9,10;0,00;0,00;37,20;80,35;408,79;1,78;72,71;A;;
29/08/2026;024617 - ACQUA DISTRIBUIDORA DE PERFUMES E COSMETICOS LTDA;07891033548965;LILY CREM ACET BANHO 250ml;1,000;75,51;75,51;38,37;0,00;0,00;37,14;49,19;96,79;1,78;74,49;A;;
29/08/2026;024617 - ACQUA DISTRIBUIDORA DE PERFUMES E COSMETICOS LTDA;07891033590247;MALBEC BALM POS BARB SENSIT CUID V3 100g;1,000;74,61;74,61;37,90;0,00;0,00;36,71;49,20;96,86;1,76;76,25;A;;
29/08/2026;024617 - ACQUA DISTRIBUIDORA DE PERFUMES E COSMETICOS LTDA;07891033518029;BOTI BABY COL SOL V2 100ml;1,000;76,69;76,69;40,40;0,00;0,00;36,29;47,32;89,83;1,74;77,99;A;;
29/08/2026;024617 - ACQUA DISTRIBUIDORA DE PERFUMES E COSMETICOS LTDA;07891033533886;NSPA SAB LIQ PERF AMEIXA 250ml;1,000;56,71;56,71;21,23;0,00;0,00;35,48;62,56;167,12;1,70;79,69;A;;
29/08/2026;024617 - ACQUA DISTRIBUIDORA DE PERFUMES E COSMETICOS LTDA;07891033897827;MALBEC ESPUM P/BARB SENSIT CUID V4 200ml;1,000;67,41;67,41;33,60;0,00;0,00;33,81;50,16;100,63;1,62;81,31;B;;
29/08/2026;024617 - ACQUA DISTRIBUIDORA DE PERFUMES E COSMETICOS LTDA;07891033521562;INTENSE BAT LIQ TINT 16H SUPF 425 V3 5ml;1,000;59,90;59,90;28,14;0,00;0,00;31,76;53,02;112,86;1,52;82,84;B;;
29/08/2026;024617 - ACQUA DISTRIBUIDORA DE PERFUMES E COSMETICOS LTDA;07891033839612;ARBO DES BDY SPR 100ml V6;1,000;52,90;52,90;21,68;0,00;0,00;31,22;59,02;144,00;1,50;84,34;B;;
29/08/2026;024617 - ACQUA DISTRIBUIDORA DE PERFUMES E COSMETICOS LTDA;07891033869480;NEXT SAB TEIA SPIDER MAN 90g;1,000;51,99;51,99;21,21;0,00;0,00;30,78;59,20;145,12;1,48;85,81;B;;
29/08/2026;024617 - ACQUA DISTRIBUIDORA DE PERFUMES E COSMETICOS LTDA;07891033520251;BOTI BABY SAB LIQ GLIC V2 400ml;1,000;54,75;54,75;24,77;0,00;0,00;29,98;54,76;121,03;1,44;87,25;B;;
29/08/2026;024617 - ACQUA DISTRIBUIDORA DE PERFUMES E COSMETICOS LTDA;07891033974368;CAIXA LACO M BOTI PAIS 2026 UNIT;3,000;29,12;9,71;0,00;0,00;0,00;29,12;100,00;0,00;1,40;88,65;B;;
29/08/2026;024617 - ACQUA DISTRIBUIDORA DE PERFUMES E COSMETICOS LTDA;07891033962938;GLAMOUR LOC DES HID CPO INTENSE 200ml;1,000;52,10;52,10;24,42;0,00;0,00;27,68;53,13;113,35;1,33;89,98;B;;
29/08/2026;024617 - ACQUA DISTRIBUIDORA DE PERFUMES E COSMETICOS LTDA;07891033890286;MAKE B CORRET LIQ HYAL 170Q 68ml;1,000;50,51;50,51;23,30;0,00;0,00;27,21;53,87;116,78;1,31;91,28;B;;
29/08/2026;024617 - ACQUA DISTRIBUIDORA DE PERFUMES E COSMETICOS LTDA;07891033492640;SOPHIE COND 200ml V2;1,000;47,25;47,25;20,56;0,00;0,00;26,69;56,49;129,82;1,28;92,56;B;;
29/08/2026;024617 - ACQUA DISTRIBUIDORA DE PERFUMES E COSMETICOS LTDA;07891033507047;MAKE B BLUSH PO C/A POLIG BERRY 55g;1,000;68,08;68,08;42,79;0,00;0,00;25,29;37,15;59,10;1,21;93,78;B;;
29/08/2026;024617 - ACQUA DISTRIBUIDORA DE PERFUMES E COSMETICOS LTDA;07891033890262;MAKE B CORRET LIQ HYAL 120N 68ml;1,000;48,32;48,32;23,31;0,00;0,00;25,01;51,76;107,29;1,20;94,98;B;;
29/08/2026;024617 - ACQUA DISTRIBUIDORA DE PERFUMES E COSMETICOS LTDA;07891033890279;MAKE B CORRET LIQ HYAL 140Q 68ml;1,000;48,32;48,32;23,31;0,00;0,00;25,01;51,76;107,29;1,20;96,18;C;;
29/08/2026;024617 - ACQUA DISTRIBUIDORA DE PERFUMES E COSMETICOS LTDA;07891033492657;SOPHIE SHAMP 200ml V2;1,000;47,25;47,25;22,72;0,00;0,00;24,53;51,92;107,97;1,18;97,35;C;;
29/08/2026;024617 - ACQUA DISTRIBUIDORA DE PERFUMES E COSMETICOS LTDA;07891033889112;LILY SAB BARRA V2 2x90g;1,000;41,31;41,31;21,29;0,00;0,00;20,02;48,46;94,03;0,96;98,31;C;;
29/08/2026;024617 - ACQUA DISTRIBUIDORA DE PERFUMES E COSMETICOS LTDA;07891033857142;MALBEC DES ANTIT AER BLACK LEGEND 125ml;1,000;38,63;38,63;18,82;0,00;0,00;19,81;51,28;105,26;0,95;99,26;C;;
29/08/2026;024617 - ACQUA DISTRIBUIDORA DE PERFUMES E COSMETICOS LTDA;07891033851201;CBEM SAB BARRA DELEITE V4 2x80g;1,000;24,90;24,90;9,26;0,00;0,00;15,64;62,81;168,90;0,75;100,01;C;;
29/08/2026;024617 - ACQUA DISTRIBUIDORA DE PERFUMES E COSMETICOS LTDA;07891033748938;EGEO DES BDY SPR DOLCE 100ml V8 PCK;1,000;37,90;37,90;24,32;0,00;0,00;13,58;35,83;55,84;0,65;100,67;C;;
29/08/2026;024617 - ACQUA DISTRIBUIDORA DE PERFUMES E COSMETICOS LTDA;07891033595174;REF NSPA LOC DES HID CPO AMEIXA 350ml;2,000;67,67;33,83;55,68;0,00;0,00;11,99;17,72;21,53;0,58;101,24;C;;
29/08/2026;024617 - ACQUA DISTRIBUIDORA DE PERFUMES E COSMETICOS LTDA;07891033908226;SACOLA M BOTICARIO INST/25;1,000;0,01;0,01;1,56;0,00;0,00;-1,55;-15500,00;-99,36;-0,07;101,17;C;;
29/08/2026;024617 - ACQUA DISTRIBUIDORA DE PERFUMES E COSMETICOS LTDA;07891033949083;MAKE B PRIMER FAC ANTIOL SALIC PRM 5ml;1,000;0,01;0,01;7,24;0,00;0,00;-7,23;-72300,00;-99,86;-0,35;100,82;C;;
29/08/2026;024617 - ACQUA DISTRIBUIDORA DE PERFUMES E COSMETICOS LTDA;07891033534104;REF NSPA SAB LIQ CPO PERF AMEI/NEG 200ml;1,000;0,01;0,01;17,09;0,00;0,00;-17,08;-170800,00;-99,94;-0,82;100,00;C;;
29/08/2026;024668 - ACQUA DISTRIBUIDORA DE PERFUMES E COSMETICOS LTDA;07891033896530;EGEO DES COL VANILLA UBESESSION 90ml;3,000;337,24;112,41;88,92;0,00;0,00;248,32;73,63;279,26;5,74;5,74;A;;
29/08/2026;024668 - ACQUA DISTRIBUIDORA DE PERFUMES E COSMETICOS LTDA;07891033553570;MALBEC EDP 90ml;1,000;268,47;268,47;57,29;0,00;0,00;211,18;78,66;368,62;4,89;10,63;A;;
29/08/2026;024668 - ACQUA DISTRIBUIDORA DE PERFUMES E COSMETICOS LTDA;07891033893317;LILY EDP V3 75ml;1,000;319,90;319,90;126,66;0,00;0,00;193,24;60,41;152,57;4,47;15,10;A;;
29/08/2026;024668 - ACQUA DISTRIBUIDORA DE PERFUMES E COSMETICOS LTDA;07891033854592;MALBEC DES COL BLACK LEGEND 100ml;1,000;247,81;247,81;102,26;0,00;0,00;145,55;58,73;142,33;3,37;18,47;A;;
29/08/2026;024668 - ACQUA DISTRIBUIDORA DE PERFUMES E COSMETICOS LTDA;07891033550838;NEXT COLONIA 75ml;2,000;199,28;99,64;62,74;0,00;0,00;136,54;68,52;217,63;3,16;21,63;A;;
29/08/2026;024668 - ACQUA DISTRIBUIDORA DE PERFUMES E COSMETICOS LTDA;07891033583737;FLORATTA DES COL RED BLOSSOM V2 75ml;1,000;157,41;157,41;26,68;0,00;0,00;130,73;83,05;489,99;3,02;24,65;A;;
29/08/2026;024668 - ACQUA DISTRIBUIDORA DE PERFUMES E COSMETICOS LTDA;07891033479054;BOTICOLL ACQUA FRESCA DES COL 100ml V2;1,000;158,24;158,24;30,39;0,00;0,00;127,85;80,79;420,70;2,96;27,61;A;;
29/08/2026;024668 - ACQUA DISTRIBUIDORA DE PERFUMES E COSMETICOS LTDA;07891033497669;UOMINI DES COL BLACK V6 100ml;1,000;201,33;201,33;76,14;0,00;0,00;125,19;62,18;164,42;2,90;30,51;A;;
29/08/2026;024668 - ACQUA DISTRIBUIDORA DE PERFUMES E COSMETICOS LTDA;07891033035304;CAIXA M INST 2021 VERDE ECONOMICA;36,000;119,75;3,33;0,00;0,00;0,00;119,75;100,00;0,00;2,77;33,28;A;;
29/08/2026;024668 - ACQUA DISTRIBUIDORA DE PERFUMES E COSMETICOS LTDA;07891033842148;EGEO DES COL SPCY VIBE C/CAR 90ml;2,000;229,57;114,78;111,06;0,00;0,00;118,51;51,62;106,71;2,74;36,02;A;;
29/08/2026;024668 - ACQUA DISTRIBUIDORA DE PERFUMES E COSMETICOS LTDA;07891033744381;ARBO DES COL 100ml V4;1,000;184,90;184,90;75,37;0,00;0,00;109,53;59,24;145,32;2,53;38,55;A;;
29/08/2026;024668 - ACQUA DISTRIBUIDORA DE PERFUMES E COSMETICOS LTDA;07891033500222;HER CODE EDP 50ml;1,000;216,66;216,66;110,62;0,00;0,00;106,04;48,94;95,86;2,45;41,00;A;;
29/08/2026;024668 - ACQUA DISTRIBUIDORA DE PERFUMES E COSMETICOS LTDA;07891033826902;EGEO DES COL RED C/CART 90ml;1,000;164,90;164,90;62,88;0,00;0,00;102,02;61,87;162,25;2,36;43,37;A;;
29/08/2026;024668 - ACQUA DISTRIBUIDORA DE PERFUMES E COSMETICOS LTDA;07891033512447;QUASAR DES COL BLUE V4 100ml;1,000;170,91;170,91;74,85;0,00;0,00;96,06;56,21;128,34;2,22;45,59;A;;
29/08/2026;024668 - ACQUA DISTRIBUIDORA DE PERFUMES E COSMETICOS LTDA;07891033767007;LIZ DES COL 100ml;1,000;131,09;131,09;36,24;0,00;0,00;94,85;72,35;261,73;2,19;47,78;A;;
29/08/2026;024668 - ACQUA DISTRIBUIDORA DE PERFUMES E COSMETICOS LTDA;07891033706686;SOPHIE COL HELLO 100ml;1,000;117,61;117,61;22,98;0,00;0,00;94,63;80,46;411,79;2,19;49,97;A;;
29/08/2026;024668 - ACQUA DISTRIBUIDORA DE PERFUMES E COSMETICOS LTDA;07891033873159;CBEM LOC DES HID CPO AMORUDA 200ml;2,000;107,28;53,64;17,12;0,00;0,00;90,16;84,04;526,64;2,09;52,06;A;;
29/08/2026;024668 - ACQUA DISTRIBUIDORA DE PERFUMES E COSMETICOS LTDA;07891033469314;ESTJ BOTICOLL SORTIDO REG/22;1,000;175,94;175,94;87,08;0,00;0,00;88,86;50,51;102,04;2,06;54,11;A;;
29/08/2026;024668 - ACQUA DISTRIBUIDORA DE PERFUMES E COSMETICOS LTDA;07891033481392;COFFEE DES COL WOMAN SEDUC 100ml V5;1,000;178,64;178,64;90,76;0,00;0,00;87,88;49,19;96,83;2,03;56,15;A;;
29/08/2026;024668 - ACQUA DISTRIBUIDORA DE PERFUMES E COSMETICOS LTDA;07891033587292;BOTICA 214 EDP SEV/DOR FOUG/AROM 90ml;1,000;180,86;180,86;93,61;0,00;0,00;87,25;48,24;93,21;2,02;58,16;A;;
29/08/2026;024668 - ACQUA DISTRIBUIDORA DE PERFUMES E COSMETICOS LTDA;07891033483075;FLORATTA DES COL F/SECRET V3 75ml;1,000;148,66;148,66;68,48;0,00;0,00;80,18;53,94;117,09;1,85;60,02;A;;
29/08/2026;024668 - ACQUA DISTRIBUIDORA DE PERFUMES E COSMETICOS LTDA;07891033518029;BOTI BABY COL SOL V2 100ml;1,000;97,90;97,90;17,73;0,00;0,00;80,17;81,89;452,17;1,85;61,87;A;;
29/08/2026;024668 - ACQUA DISTRIBUIDORA DE PERFUMES E COSMETICOS LTDA;07891033578825;LILY DES BDY SPR LEAU/LILY BLANC 100ml;2,000;96,23;48,11;17,26;0,00;0,00;78,97;82,06;457,53;1,83;63,70;A;;
29/08/2026;024668 - ACQUA DISTRIBUIDORA DE PERFUMES E COSMETICOS LTDA;07891033566860;KIT DR BOTICA MAGICO TEATRO BONECOS;1,000;144,17;144,17;69,11;0,00;0,00;75,06;52,06;108,61;1,74;65,44;A;;
29/08/2026;024668 - ACQUA DISTRIBUIDORA DE PERFUMES E COSMETICOS LTDA;07891033880225;BOTICA 214 EDP FOUG/AR V/FIRENZ V2 90ml;1,000;170,32;170,32;97,05;0,00;0,00;73,27;43,02;75,50;1,70;67,13;A;;
29/08/2026;024668 - ACQUA DISTRIBUIDORA DE PERFUMES E COSMETICOS LTDA;07891033473397;LIZ DES COL SUBLIME 100ml;1,000;137,90;137,90;65,14;0,00;0,00;72,76;52,76;111,70;1,68;68,82;A;;
29/08/2026;024668 - ACQUA DISTRIBUIDORA DE PERFUMES E COSMETICOS LTDA;07891033850976;NSPA OL GLOR DES HID CPO AMEIX/NEG 200ml;1,000;99,90;99,90;27,21;0,00;0,00;72,69;72,76;267,14;1,68;70,50;A;;
29/08/2026;024668 - ACQUA DISTRIBUIDORA DE PERFUMES E COSMETICOS LTDA;07891033859207;CBEM DES COL BDY SPLSH AMORUDA 200ml;1,000;81,39;81,39;19,78;0,00;0,00;61,61;75,70;311,48;1,43;71,92;A;;
29/08/2026;024668 - ACQUA DISTRIBUIDORA DE PERFUMES E COSMETICOS LTDA;07891033771387;BOTIK CR CON OLH RED/RUG AC/HIAL CAF 15g;1,000;117,92;117,92;56,47;0,00;0,00;61,45;52,11;108,82;1,42;73,34;A;;
29/08/2026;024668 - ACQUA DISTRIBUIDORA DE PERFUMES E COSMETICOS LTDA;07891033535118;CBEM DES COL BDY SPLSH SHOW/BNH V2 200ml;1,000;94,90;94,90;36,49;0,00;0,00;58,41;61,55;160,07;1,35;74,70;A;;
29/08/2026;024668 - ACQUA DISTRIBUIDORA DE PERFUMES E COSMETICOS LTDA;07891033850518;REF NSPA OL GLOR D H CPO AMEIXA 150ml;1,000;75,16;75,16;17,93;0,00;0,00;57,23;76,14;319,19;1,32;76,02;A;;
29/08/2026;024668 - ACQUA DISTRIBUIDORA DE PERFUMES E COSMETICOS LTDA;07891033486465;FLORATTA CR DES HID CPO ROSE 200ml V5;1,000;69,90;69,90;13,83;0,00;0,00;56,07;80,21;405,42;1,30;77,32;A;;
29/08/2026;024668 - ACQUA DISTRIBUIDORA DE PERFUMES E COSMETICOS LTDA;07891033486342;DREAM DES COL SPLSH AMOR NO AR 200ml V2;1,000;99,96;99,96;46,09;0,00;0,00;53,87;53,89;116,88;1,25;78,56;A;;
29/08/2026;024668 - ACQUA DISTRIBUIDORA DE PERFUMES E COSMETICOS LTDA;07891033873210;CBEM SAB LIQ ESF CPO AMORUDA 200ml;2,000;80,78;40,39;27,14;0,00;0,00;53,64;66,40;197,64;1,24;79,80;A;;
29/08/2026;024668 - ACQUA DISTRIBUIDORA DE PERFUMES E COSMETICOS LTDA;07891033535088;CBEM LOC DES HID CPO SHOW BNH V2 400ml;1,000;78,90;78,90;25,55;0,00;0,00;53,35;67,62;208,81;1,23;81,04;B;;
29/08/2026;024668 - ACQUA DISTRIBUIDORA DE PERFUMES E COSMETICOS LTDA;07891033903818;PMPCK MALBEC DES BODY SPRAY;1,000;70,00;70,00;19,11;0,00;0,00;50,89;72,70;266,30;1,18;82,22;B;;
29/08/2026;024668 - ACQUA DISTRIBUIDORA DE PERFUMES E COSMETICOS LTDA;07891033867653;NSPA LOC DES HID CP FIRM QUINOA V3 400ml;1,000;83,24;83,24;35,38;0,00;0,00;47,86;57,50;135,27;1,11;83,32;B;;
29/08/2026;024668 - ACQUA DISTRIBUIDORA DE PERFUMES E COSMETICOS LTDA;07891033574889;LIZ CREM DES HID CPO FLORA 250g;1,000;74,90;74,90;28,55;0,00;0,00;46,35;61,88;162,35;1,07;84,40;B;;
29/08/2026;024668 - ACQUA DISTRIBUIDORA DE PERFUMES E COSMETICOS LTDA;07891033748938;EGEO DES BDY SPR DOLCE 100ml V8 PCK;1,000;52,90;52,90;9,05;0,00;0,00;43,85;82,89;484,53;1,01;85,41;B;;
29/08/2026;024668 - ACQUA DISTRIBUIDORA DE PERFUMES E COSMETICOS LTDA;07891033854820;FLORATTA DES BDY SPR F/SECRET V2 100ml;1,000;50,79;50,79;8,24;0,00;0,00;42,55;83,78;516,38;0,98;86,39;B;;
29/08/2026;024668 - ACQUA DISTRIBUIDORA DE PERFUMES E COSMETICOS LTDA;07891033894208;REF NSPA LOC DES H CP ORQ/NOIRE V2 350ml;1,000;66,53;66,53;27,57;0,00;0,00;38,96;58,56;141,31;0,90;87,30;B;;
29/08/2026;024668 - ACQUA DISTRIBUIDORA DE PERFUMES E COSMETICOS LTDA;07891033962938;GLAMOUR LOC DES HID CPO INTENSE 200ml;1,000;50,08;50,08;11,18;0,00;0,00;38,90;77,68;347,94;0,90;88,20;B;;
29/08/2026;024668 - ACQUA DISTRIBUIDORA DE PERFUMES E COSMETICOS LTDA;07891033490257;FLORATTA DES BDY SPR ROSE 100ml V8;1,000;46,55;46,55;8,71;0,00;0,00;37,84;81,29;434,44;0,88;89,07;B;;
29/08/2026;024668 - ACQUA DISTRIBUIDORA DE PERFUMES E COSMETICOS LTDA;07891033857975;REF ELYSEE CR DES HID ACET CPO V2 200g;1,000;75,85;75,85;38,09;0,00;0,00;37,76;49,78;99,13;0,87;89,94;B;;
29/08/2026;024668 - ACQUA DISTRIBUIDORA DE PERFUMES E COSMETICOS LTDA;07891033551941;NEXT SHAMP REFRESC CAB/CPO 230ml;1,000;49,90;49,90;12,93;0,00;0,00;36,97;74,09;285,92;0,86;90,80;B;;
29/08/2026;024668 - ACQUA DISTRIBUIDORA DE PERFUMES E COSMETICOS LTDA;07891033922222;BOTICA 214 LOC D H CP AR/OAS FL/FR 150ml;1,000;61,54;61,54;24,96;0,00;0,00;36,58;59,44;146,55;0,85;91,65;B;;
29/08/2026;024668 - ACQUA DISTRIBUIDORA DE PERFUMES E COSMETICOS LTDA;07891033948994;CBEM GEL LIMP FAC FEIR TANGERINA PRM 50g;4,000;60,44;15,11;26,64;0,00;0,00;33,80;55,92;126,88;0,78;92,43;B;;
29/08/2026;024668 - ACQUA DISTRIBUIDORA DE PERFUMES E COSMETICOS LTDA;07891033869541;SOPHIE PLT MULTIF HYDR/LIN SPID/GWEN 17g;1,000;86,86;86,86;55,90;0,00;0,00;30,96;35,64;55,38;0,72;93,14;B;;
29/08/2026;024668 - ACQUA DISTRIBUIDORA DE PERFUMES E COSMETICOS LTDA;07891033873272;CBEM SAB BARR CPO AMORUDA 2x80g;2,000;45,89;22,94;17,22;0,00;0,00;28,67;62,48;166,49;0,66;93,81;B;;
29/08/2026;024668 - ACQUA DISTRIBUIDORA DE PERFUMES E COSMETICOS LTDA;07891033907144;MAKE B BAS LIQ MATE SALICYLIC 210Q 30g;1,000;64,14;64,14;36,15;0,00;0,00;27,99;43,64;77,43;0,65;94,45;B;;
29/08/2026;024668 - ACQUA DISTRIBUIDORA DE PERFUMES E COSMETICOS LTDA;07891033946730;CBEM GEL LIMP FAC FEIR TANGERINA V2 150g;1,000;33,67;33,67;6,51;0,00;0,00;27,16;80,67;417,20;0,63;95,08;C;;
29/08/2026;024668 - ACQUA DISTRIBUIDORA DE PERFUMES E COSMETICOS LTDA;07891033537921;CBEM SAB BARRA FEIRA SORTIDO 4x80g;1,000;38,90;38,90;12,60;0,00;0,00;26,30;67,61;208,73;0,61;95,69;C;;
29/08/2026;024668 - ACQUA DISTRIBUIDORA DE PERFUMES E COSMETICOS LTDA;07891033889112;LILY SAB BARRA V2 2x90g;1,000;41,40;41,40;15,86;0,00;0,00;25,54;61,69;161,03;0,59;96,28;C;;
29/08/2026;024668 - ACQUA DISTRIBUIDORA DE PERFUMES E COSMETICOS LTDA;07891033589784;NSPA LOC NUTR DES CPO UVA MERLOT 400ml;1,000;60,82;60,82;35,38;0,00;0,00;25,44;41,83;71,91;0,59;96,87;C;;
29/08/2026;024668 - ACQUA DISTRIBUIDORA DE PERFUMES E COSMETICOS LTDA;07891033885602;MALBEC DES ANTIT ROLL V10 55ml;1,000;29,90;29,90;5,16;0,00;0,00;24,74;82,74;479,46;0,57;97,44;C;;
29/08/2026;024668 - ACQUA DISTRIBUIDORA DE PERFUMES E COSMETICOS LTDA;07891033487844;ZAAD DES ANTIT AER 75g V7;1,000;36,11;36,11;11,62;0,00;0,00;24,49;67,82;210,76;0,57;98,01;C;;
29/08/2026;024668 - ACQUA DISTRIBUIDORA DE PERFUMES E COSMETICOS LTDA;07891033511648;CBEM DES ANTIT CR R/ALG V3 80g;1,000;33,51;33,51;10,70;0,00;0,00;22,81;68,07;213,18;0,53;98,54;C;;
29/08/2026;024668 - ACQUA DISTRIBUIDORA DE PERFUMES E COSMETICOS LTDA;07891033552535;NEXT DESODORANTE CREME 80g;1,000;29,66;29,66;7,02;0,00;0,00;22,64;76,33;322,51;0,52;99,06;C;;
29/08/2026;024668 - ACQUA DISTRIBUIDORA DE PERFUMES E COSMETICOS LTDA;07891033875146;NSPA CREM HID MAOS AMEI/NEG 30g;1,000;29,67;29,67;13,73;0,00;0,00;15,94;53,72;116,10;0,37;99,43;C;;
29/08/2026;024668 - ACQUA DISTRIBUIDORA DE PERFUMES E COSMETICOS LTDA;07891033524686;BOTIK GEL LIM FAC MIC AC MAN/SAL 50g PRM;1,000;13,82;13,82;0,00;0,00;0,00;13,82;100,00;0,00;0,32;99,75;C;;
29/08/2026;024668 - ACQUA DISTRIBUIDORA DE PERFUMES E COSMETICOS LTDA;07891033512270;CBEM SAB BARRA NUVEM 4x80g;1,000;25,06;25,06;14,25;0,00;0,00;10,81;43,14;75,86;0,25;100,00;C;;
29/08/2026;024669 - 24669 ACQUA DISTRIBUIDORA DE PERFUMES E;07891033843879;MALBEC DES COL V6 100ml;2,000;399,92;199,96;82,80;0,00;0,00;317,12;79,30;383,00;10,56;10,56;A;;
29/08/2026;024669 - 24669 ACQUA DISTRIBUIDORA DE PERFUMES E;07891033767007;LIZ DES COL 100ml;2,000;289,80;144,90;72,48;0,00;0,00;217,32;74,99;299,83;7,24;17,80;A;;
29/08/2026;024669 - 24669 ACQUA DISTRIBUIDORA DE PERFUMES E;07891033475520;BOTICA 214 EDP FOUG AROM VER/FIRENZ 90ml;1,000;195,90;195,90;0,00;0,00;0,00;195,90;100,00;0,00;6,52;24,32;A;;
29/08/2026;024669 - 24669 ACQUA DISTRIBUIDORA DE PERFUMES E;07891033541010;MALBEC DES COL X V2 100ml;1,000;205,90;205,90;49,37;0,00;0,00;156,53;76,02;317,05;5,21;29,53;A;;
29/08/2026;024669 - 24669 ACQUA DISTRIBUIDORA DE PERFUMES E;07891033222490;FREE DES COL BOTICOLL 100ml V4;1,000;174,90;174,90;29,48;0,00;0,00;145,42;83,14;493,28;4,84;34,38;A;;
29/08/2026;024669 - 24669 ACQUA DISTRIBUIDORA DE PERFUMES E;07891033483075;FLORATTA DES COL F/SECRET V3 75ml;1,000;169,90;169,90;34,67;0,00;0,00;135,23;79,59;390,05;4,50;38,88;A;;
29/08/2026;024669 - 24669 ACQUA DISTRIBUIDORA DE PERFUMES E;07891033884124;ESTJ CBEM SORTIDO SPLASHES NAT/25;2,000;210,14;105,07;81,80;0,00;0,00;128,34;61,07;156,89;4,27;43,15;A;;
29/08/2026;024669 - 24669 ACQUA DISTRIBUIDORA DE PERFUMES E;07891033898169;THE BLEND EDP BOURBON V2 100ml;1,000;285,44;285,44;158,01;0,00;0,00;127,43;44,64;80,65;4,24;47,40;A;;
29/08/2026;024669 - 24669 ACQUA DISTRIBUIDORA DE PERFUMES E;07891033839711;LILY DES COL LEAU DE 75ml;1,000;168,86;168,86;43,84;0,00;0,00;125,02;74,04;285,17;4,16;51,56;A;;
29/08/2026;024669 - 24669 ACQUA DISTRIBUIDORA DE PERFUMES E;07891033909537;GLAMOUR DES COL INTENSE 75ml;1,000;144,51;144,51;38,43;0,00;0,00;106,08;73,41;276,03;3,53;55,09;A;;
29/08/2026;024669 - 24669 ACQUA DISTRIBUIDORA DE PERFUMES E;07891033584734;BOTIK SRUM ALT/POT AC MAND/SALIC V2 30ml;1,000;178,36;178,36;74,81;0,00;0,00;103,55;58,06;138,42;3,45;58,54;A;;
29/08/2026;024669 - 24669 ACQUA DISTRIBUIDORA DE PERFUMES E;07891033826889;EGEO DES COL DOLCE C/CAR 90ml;1,000;130,82;130,82;30,45;0,00;0,00;100,37;76,72;329,62;3,34;61,88;A;;
29/08/2026;024669 - 24669 ACQUA DISTRIBUIDORA DE PERFUMES E;07891033830596;CELEBRE DES COL FOUG AROM FORC 100ml;1,000;119,90;119,90;20,02;0,00;0,00;99,88;83,30;498,90;3,33;65,21;A;;
29/08/2026;024669 - 24669 ACQUA DISTRIBUIDORA DE PERFUMES E;07891033766215;DREAM DES COL CEU/BAUN 200ml;1,000;112,52;112,52;27,49;0,00;0,00;85,03;75,57;309,31;2,83;68,04;A;;
29/08/2026;024669 - 24669 ACQUA DISTRIBUIDORA DE PERFUMES E;07891033483037;FLORATTA DES COL RED V2 75ml;1,000;118,21;118,21;35,50;0,00;0,00;82,71;69,97;232,99;2,75;70,79;A;;
29/08/2026;024669 - 24669 ACQUA DISTRIBUIDORA DE PERFUMES E;07891033548873;ESTJ BOTI BABY CASCA V2;1,000;117,90;117,90;35,91;0,00;0,00;81,99;69,54;228,32;2,73;73,52;A;;
29/08/2026;024669 - 24669 ACQUA DISTRIBUIDORA DE PERFUMES E;07891033511235;CBEM DES COL BDY SPLSH BOA NOIT V2 200ml;1,000;94,90;94,90;18,26;0,00;0,00;76,64;80,76;419,72;2,55;76,08;A;;
29/08/2026;024669 - 24669 ACQUA DISTRIBUIDORA DE PERFUMES E;07891033486342;DREAM DES COL SPLSH AMOR NO AR 200ml V2;1,000;95,63;95,63;26,75;0,00;0,00;68,88;72,03;257,50;2,29;78,37;A;;
29/08/2026;024669 - 24669 ACQUA DISTRIBUIDORA DE PERFUMES E;07891033842247;GLAMOUR DES COL FEVER 75ml V2;1,000;133,29;133,29;67,17;0,00;0,00;66,12;49,61;98,44;2,20;80,57;B;;
29/08/2026;024669 - 24669 ACQUA DISTRIBUIDORA DE PERFUMES E;07891033744381;ARBO DES COL 100ml V4;1,000;136,81;136,81;75,42;0,00;0,00;61,39;44,87;81,40;2,04;82,62;B;;
29/08/2026;024669 - 24669 ACQUA DISTRIBUIDORA DE PERFUMES E;07891033874910;BOTIK GEL LIMP F MCL AC MAND/SAL V2 150g;1,000;65,20;65,20;10,75;0,00;0,00;54,45;83,51;506,51;1,81;84,43;B;;
29/08/2026;024669 - 24669 ACQUA DISTRIBUIDORA DE PERFUMES E;07891033512362;CBEM DES COL BDY SPLSH PESSEGUR V2 200ml;1,000;70,90;70,90;18,06;0,00;0,00;52,84;74,53;292,58;1,76;86,19;B;;
29/08/2026;024669 - 24669 ACQUA DISTRIBUIDORA DE PERFUMES E;07891033595815;MATCH MASC CAP NUTR/REGEN V2 250g;1,000;60,00;60,00;14,39;0,00;0,00;45,61;76,02;316,96;1,52;87,71;B;;
29/08/2026;024669 - 24669 ACQUA DISTRIBUIDORA DE PERFUMES E;07891033509294;BOTI NECESS DOURADA/ROSE PES;1,000;57,75;57,75;13,04;0,00;2,11;42,60;73,77;342,87;1,42;89,13;B;;
29/08/2026;024669 - 24669 ACQUA DISTRIBUIDORA DE PERFUMES E;07891033598762;BOTIK CR MULTIREP FAC CIC/PANT/CER 30g;1,000;54,76;54,76;13,56;0,00;0,00;41,20;75,24;303,83;1,37;90,50;B;;
29/08/2026;024669 - 24669 ACQUA DISTRIBUIDORA DE PERFUMES E;07891033962938;GLAMOUR LOC DES HID CPO INTENSE 200ml;1,000;48,98;48,98;11,18;0,00;0,00;37,80;77,17;338,10;1,26;91,76;B;;
29/08/2026;024669 - 24669 ACQUA DISTRIBUIDORA DE PERFUMES E;07891033503964;BOTI SUN PROT SOL FAC FPS30 ULT FLD 40ml;1,000;61,42;61,42;25,65;0,00;0,00;35,77;58,24;139,45;1,19;92,95;B;;
29/08/2026;024669 - 24669 ACQUA DISTRIBUIDORA DE PERFUMES E;07891033894604;BOTIK SR FAC LIFT FIR PEP PR/EL PRM 10ml;1,000;34,73;34,73;1,08;0,00;0,00;33,65;96,89;3115,74;1,12;94,07;B;;
29/08/2026;024669 - 24669 ACQUA DISTRIBUIDORA DE PERFUMES E;07891033521630;INTENSE BAT CREM 250 V7 38g;1,000;36,90;36,90;8,71;0,00;0,00;28,19;76,40;323,65;0,94;95,01;C;;
29/08/2026;024669 - 24669 ACQUA DISTRIBUIDORA DE PERFUMES E;07891033524686;BOTIK GEL LIM FAC MIC AC MAN/SAL 50g PRM;2,000;27,86;13,93;0,00;0,00;0,00;27,86;100,00;0,00;0,93;95,94;C;;
29/08/2026;024669 - 24669 ACQUA DISTRIBUIDORA DE PERFUMES E;07891033878024;MAKE B BATOM PREENCH HYAL NUDE CHIC 4g;1,000;45,50;45,50;17,71;0,00;0,00;27,79;61,08;156,92;0,93;96,86;C;;
29/08/2026;024669 - 24669 ACQUA DISTRIBUIDORA DE PERFUMES E;07891033867684;FLORATTA SAB LIQ CPO RED 150ml;1,000;39,34;39,34;15,79;0,00;0,00;23,55;59,86;149,15;0,78;97,65;C;;
29/08/2026;024669 - 24669 ACQUA DISTRIBUIDORA DE PERFUMES E;07891033839612;ARBO DES BDY SPR 100ml V6;1,000;46,04;46,04;24,05;0,00;0,00;21,99;47,76;91,43;0,73;98,38;C;;
29/08/2026;024669 - 24669 ACQUA DISTRIBUIDORA DE PERFUMES E;07891033748938;EGEO DES BDY SPR DOLCE 100ml V8 PCK;1,000;27,66;27,66;8,82;0,00;0,00;18,84;68,11;213,61;0,63;99,00;C;;
29/08/2026;024669 - 24669 ACQUA DISTRIBUIDORA DE PERFUMES E;07891033902194;CBEM DES COL BDY SPLSH DEL/CARAM 200ml;1,000;49,51;49,51;34,73;0,00;0,00;14,78;29,85;42,56;0,49;99,50;C;;
29/08/2026;024669 - 24669 ACQUA DISTRIBUIDORA DE PERFUMES E;07891033539710;CBEM MASC CAP SCH FEIRA PASTA ABAC 30ml;2,000;19,18;9,59;7,46;0,00;0,00;11,72;61,11;157,10;0,39;99,89;C;;
29/08/2026;024669 - 24669 ACQUA DISTRIBUIDORA DE PERFUMES E;07891033894697;BOTIK SRUM FAC ALT/POT AC/HIAL PRM 10ml;1,000;15,86;15,86;7,19;0,00;0,00;8,67;54,67;120,58;0,29;100,18;C;;
29/08/2026;024669 - 24669 ACQUA DISTRIBUIDORA DE PERFUMES E;07891033507078;CLASH DES COL PRM 10ml;1,000;14,72;14,72;6,11;0,00;0,00;8,61;58,49;140,92;0,29;100,46;C;;
29/08/2026;024669 - 24669 ACQUA DISTRIBUIDORA DE PERFUMES E;07891033881376;FLORATTA EDP ROSE SUCREE PRM 10ml;2,000;0,02;0,01;13,92;0,00;0,00;-13,90;-69500,00;-99,86;-0,46;100,00;C;;
29/08/2026;024670 - ACQUA DISTRIBUIDORA DE PERFUMES E COSMETICOS LTDA;07891033896530;EGEO DES COL VANILLA UBESESSION 90ml;3,000;353,81;117,94;88,92;0,00;0,00;264,89;74,87;297,90;7,39;7,39;A;;
29/08/2026;024670 - ACQUA DISTRIBUIDORA DE PERFUMES E COSMETICOS LTDA;07891033535187;ELYSEE EDP V2 50ml;1,000;319,90;319,90;60,48;0,00;0,00;259,42;81,09;428,94;7,24;14,64;A;;
29/08/2026;024670 - ACQUA DISTRIBUIDORA DE PERFUMES E COSMETICOS LTDA;07891033861699;ESTJ MALBEC JUMBO REG/25;1,000;284,44;284,44;95,89;0,00;0,00;188,55;66,29;196,63;5,26;19,90;A;;
29/08/2026;024670 - ACQUA DISTRIBUIDORA DE PERFUMES E COSMETICOS LTDA;07891033893317;LILY EDP V3 75ml;1,000;275,77;275,77;126,65;0,00;0,00;149,12;54,07;117,74;4,16;24,06;A;;
29/08/2026;024670 - ACQUA DISTRIBUIDORA DE PERFUMES E COSMETICOS LTDA;07891033878963;FLORATTA EDP RED PASSION V2 75ml;1,000;198,18;198,18;49,10;0,00;0,00;149,08;75,22;303,63;4,16;28,23;A;;
29/08/2026;024670 - ACQUA DISTRIBUIDORA DE PERFUMES E COSMETICOS LTDA;07891033512430;QUASAR DES COL CLASSIC 100ml;2,000;264,94;132,47;119,56;0,00;0,00;145,38;54,87;121,60;4,06;32,28;A;;
29/08/2026;024670 - ACQUA DISTRIBUIDORA DE PERFUMES E COSMETICOS LTDA;07891033842148;EGEO DES COL SPCY VIBE C/CAR 90ml;2,000;242,44;121,22;101,84;0,00;0,00;140,60;57,99;138,06;3,93;36,21;A;;
29/08/2026;024670 - ACQUA DISTRIBUIDORA DE PERFUMES E COSMETICOS LTDA;07891033481439;ELYSEE EDP BLANC 50ml V2;1,000;275,77;275,77;138,01;0,00;0,00;137,76;49,95;99,82;3,85;40,06;A;;
29/08/2026;024670 - ACQUA DISTRIBUIDORA DE PERFUMES E COSMETICOS LTDA;07891033852925;ESTJ MALBEC X AMOR/25;1,000;238,55;238,55;111,97;0,00;0,00;126,58;53,06;113,05;3,53;43,59;A;;
29/08/2026;024670 - ACQUA DISTRIBUIDORA DE PERFUMES E COSMETICOS LTDA;07891033491933;COFFEE DES COL UNIQ MAN FOUG/OR 100ml;1,000;161,91;161,91;41,68;0,00;0,00;120,23;74,26;288,46;3,36;46,95;A;;
29/08/2026;024670 - ACQUA DISTRIBUIDORA DE PERFUMES E COSMETICOS LTDA;07891033826865;EGEO DES COL BLUE C/CAR 90ml;1,000;148,41;148,41;31,04;0,00;0,00;117,37;79,08;378,13;3,28;50,22;A;;
29/08/2026;024670 - ACQUA DISTRIBUIDORA DE PERFUMES E COSMETICOS LTDA;07891033909537;GLAMOUR DES COL INTENSE 75ml;1,000;148,52;148,52;38,43;0,00;0,00;110,09;74,12;286,47;3,07;53,30;A;;
29/08/2026;024670 - ACQUA DISTRIBUIDORA DE PERFUMES E COSMETICOS LTDA;07891033554072;BOTIK CR NUTR FIRM ROS/PESC RESV/SIL 40g;1,000;163,11;163,11;66,56;0,00;0,00;96,55;59,19;145,06;2,70;55,99;A;;
29/08/2026;024670 - ACQUA DISTRIBUIDORA DE PERFUMES E COSMETICOS LTDA;07891033050093;MA CHERIE DES COL 100ml V6;1,000;126,66;126,66;31,91;0,00;0,00;94,75;74,81;296,93;2,65;58,64;A;;
29/08/2026;024670 - ACQUA DISTRIBUIDORA DE PERFUMES E COSMETICOS LTDA;07891033483150;FLORATTA DES COL GOLD V3 75ml;1,000;121,49;121,49;28,64;0,00;0,00;92,85;76,43;324,20;2,59;61,23;A;;
29/08/2026;024670 - ACQUA DISTRIBUIDORA DE PERFUMES E COSMETICOS LTDA;07891033561810;CASA 214 H/SPR VANILLA SBLM 250ml;1,000;134,91;134,91;42,16;0,00;0,00;92,75;68,75;220,00;2,59;63,82;A;;
29/08/2026;024670 - ACQUA DISTRIBUIDORA DE PERFUMES E COSMETICOS LTDA;07891033482801;NSPA DES COL BDY SPLSH AMEI/NEG 200ml V2;1,000;106,10;106,10;19,86;0,00;0,00;86,24;81,28;434,24;2,41;66,23;A;;
29/08/2026;024670 - ACQUA DISTRIBUIDORA DE PERFUMES E COSMETICOS LTDA;07891033867981;NSPA CR PARFUMEE CPO AMEIXA 200g;1,000;146,03;146,03;60,76;0,00;0,00;85,27;58,39;140,34;2,38;68,61;A;;
29/08/2026;024670 - ACQUA DISTRIBUIDORA DE PERFUMES E COSMETICOS LTDA;07891033757558;MAKE B BAS PO MINERAL 30 55G;1,000;107,90;107,90;25,28;0,00;0,00;82,62;76,57;326,82;2,31;70,91;A;;
29/08/2026;024670 - ACQUA DISTRIBUIDORA DE PERFUMES E COSMETICOS LTDA;07891033865055;REF CASA 214 AROMAT VAR VAN/SUBLIM 250ml;1,000;103,41;103,41;25,49;0,00;0,00;77,92;75,35;305,69;2,18;73,09;A;;
29/08/2026;024670 - ACQUA DISTRIBUIDORA DE PERFUMES E COSMETICOS LTDA;07891033520442;CELEBRE DES COL FEM AGORA 100ml;1,000;96,45;96,45;23,86;0,00;0,00;72,59;75,26;304,23;2,03;75,11;A;;
29/08/2026;024670 - ACQUA DISTRIBUIDORA DE PERFUMES E COSMETICOS LTDA;07891033860586;SOPHIE SPLSH CPO/CAB SHIM BRLH/INT 110ml;1,000;79,90;79,90;15,46;0,00;0,00;64,44;80,65;416,82;1,80;76,91;A;;
29/08/2026;024670 - ACQUA DISTRIBUIDORA DE PERFUMES E COSMETICOS LTDA;07891033873647;NSPA NECESS PREMIUM PES;1,000;82,67;82,67;18,95;0,00;3,02;60,70;73,43;336,25;1,69;78,61;A;;
29/08/2026;024670 - ACQUA DISTRIBUIDORA DE PERFUMES E COSMETICOS LTDA;07891033944996;CBEM SAB BARRA PESSEGURA V3 4x80g;3,000;92,46;30,82;32,10;0,00;0,00;60,36;65,28;188,04;1,69;80,29;B;;
29/08/2026;024670 - ACQUA DISTRIBUIDORA DE PERFUMES E COSMETICOS LTDA;07891033527984;MAKE B BB SEN MULTI 220 260 25g;1,000;75,85;75,85;19,24;0,00;0,00;56,61;74,63;294,23;1,58;81,87;B;;
29/08/2026;024670 - ACQUA DISTRIBUIDORA DE PERFUMES E COSMETICOS LTDA;07891033902194;CBEM DES COL BDY SPLSH DEL/CARAM 200ml;2,000;124,05;62,02;69,46;0,00;0,00;54,59;44,01;78,59;1,52;83,40;B;;
29/08/2026;024670 - ACQUA DISTRIBUIDORA DE PERFUMES E COSMETICOS LTDA;07891033533862;BOTIK PROT SOL FAC FPS 80 AC/HIAL 40ml;1,000;79,69;79,69;26,85;0,00;0,00;52,84;66,31;196,80;1,48;84,87;B;;
29/08/2026;024670 - ACQUA DISTRIBUIDORA DE PERFUMES E COSMETICOS LTDA;07891033512362;CBEM DES COL BDY SPLSH PESSEGUR V2 200ml;1,000;69,18;69,18;18,07;0,00;0,00;51,11;73,88;282,84;1,43;86,30;B;;
29/08/2026;024670 - ACQUA DISTRIBUIDORA DE PERFUMES E COSMETICOS LTDA;07891033957958;NSPA CR PERF DES HID CPO AMEIX/INT 400ml;1,000;66,07;66,07;16,95;0,00;0,00;49,12;74,35;289,79;1,37;87,67;B;;
29/08/2026;024670 - ACQUA DISTRIBUIDORA DE PERFUMES E COSMETICOS LTDA;07891033896622;CBEM LOC DES HID CPO DEL/CARAMEL 400ml;1,000;72,34;72,34;26,59;0,00;0,00;45,75;63,24;172,06;1,28;88,95;B;;
29/08/2026;024670 - ACQUA DISTRIBUIDORA DE PERFUMES E COSMETICOS LTDA;07891033902989;LIZ CR DES HID CPO D ESSENCE 250g;1,000;72,97;72,97;28,56;0,00;0,00;44,41;60,86;155,50;1,24;90,19;B;;
29/08/2026;024670 - ACQUA DISTRIBUIDORA DE PERFUMES E COSMETICOS LTDA;07891033483037;FLORATTA DES COL RED V2 75ml;1,000;111,75;111,75;68,42;0,00;0,00;43,33;38,77;63,33;1,21;91,40;B;;
29/08/2026;024670 - ACQUA DISTRIBUIDORA DE PERFUMES E COSMETICOS LTDA;07891033487790;BOTICOLL PORTINARI DES BDY SPR 100ml V7;1,000;51,07;51,07;8,59;0,00;0,00;42,48;83,18;494,53;1,19;92,58;B;;
29/08/2026;024670 - ACQUA DISTRIBUIDORA DE PERFUMES E COSMETICOS LTDA;07891033515813;FLORATTA DES BDY SPR S/LOVE 100ml V2;1,000;47,64;47,64;7,34;0,00;0,00;40,30;84,59;549,05;1,13;93,71;B;;
29/08/2026;024670 - ACQUA DISTRIBUIDORA DE PERFUMES E COSMETICOS LTDA;07891033885602;MALBEC DES ANTIT ROLL V10 55ml;2,000;50,00;25,00;10,36;0,00;0,00;39,64;79,28;382,63;1,11;94,81;B;;
29/08/2026;024670 - ACQUA DISTRIBUIDORA DE PERFUMES E COSMETICOS LTDA;07891033733675;EGEO DES BDY SPR BLUE 100ml V2 PCK;1,000;47,61;47,61;8,18;0,00;0,00;39,43;82,82;482,03;1,10;95,92;C;;
29/08/2026;024670 - ACQUA DISTRIBUIDORA DE PERFUMES E COSMETICOS LTDA;07891033880119;MAKE B BAT LIQ MAT AC/POL EXO/ROS V2 5ml;1,000;53,00;53,00;15,54;0,00;0,00;37,46;70,68;241,06;1,05;96,96;C;;
29/08/2026;024670 - ACQUA DISTRIBUIDORA DE PERFUMES E COSMETICOS LTDA;07891033949830;EGEO LOC DES HID CPO VAN/UBSSION 150ml;1,000;40,80;40,80;8,72;0,00;0,00;32,08;78,63;367,89;0,90;97,86;C;;
29/08/2026;024670 - ACQUA DISTRIBUIDORA DE PERFUMES E COSMETICOS LTDA;07891033839612;ARBO DES BDY SPR 100ml V6;1,000;49,49;49,49;21,68;0,00;0,00;27,81;56,19;128,27;0,78;98,63;C;;
29/08/2026;024670 - ACQUA DISTRIBUIDORA DE PERFUMES E COSMETICOS LTDA;07891033748938;EGEO DES BDY SPR DOLCE 100ml V8 PCK;1,000;34,13;34,13;8,81;0,00;0,00;25,32;74,19;287,40;0,71;99,34;C;;
29/08/2026;024670 - ACQUA DISTRIBUIDORA DE PERFUMES E COSMETICOS LTDA;07891033883431;CAIXA LAÇO P  MAES 25 BOTI;3,000;22,76;7,59;0,00;0,00;0,00;22,76;100,00;0,00;0,64;99,98;C;;
29/08/2026;024670 - ACQUA DISTRIBUIDORA DE PERFUMES E COSMETICOS LTDA;07891033799879;NSPA LOC DES HID CPO KARITE 200ml V3;1,000;33,74;33,74;23,25;0,00;0,00;10,49;31,09;45,12;0,29;100,27;C;;
29/08/2026;024670 - ACQUA DISTRIBUIDORA DE PERFUMES E COSMETICOS LTDA;07891033948994;CBEM GEL LIMP FAC FEIR TANGERINA PRM 50g;1,000;15,22;15,22;6,66;0,00;0,00;8,56;56,24;128,53;0,24;100,51;C;;
29/08/2026;024670 - ACQUA DISTRIBUIDORA DE PERFUMES E COSMETICOS LTDA;07891033035298;CAIXA M INST 2021 ROSA ECONOMICA;2,000;6,55;3,27;0,00;0,00;0,00;6,55;100,00;0,00;0,18;100,69;C;;
29/08/2026;024670 - ACQUA DISTRIBUIDORA DE PERFUMES E COSMETICOS LTDA;07891033894017;CX PRESENTE M BOTI INST/25 VDA;1,000;11,23;11,23;7,37;0,00;0,00;3,86;34,37;52,37;0,11;100,80;C;;
29/08/2026;024670 - ACQUA DISTRIBUIDORA DE PERFUMES E COSMETICOS LTDA;07891033888528;CARTAO PRESENTE BOTICARIO MAES 25 UNIT;2,000;0,91;0,45;0,00;0,00;0,00;0,91;100,00;0,00;0,03;100,82;C;;
29/08/2026;024670 - ACQUA DISTRIBUIDORA DE PERFUMES E COSMETICOS LTDA;07891033965847;SACOLA M AMOR 2026 2025 BOTI UNIT;1,000;0,01;0,01;0,00;0,00;0,00;0,01;100,00;0,00;0,00;100,82;C;;
29/08/2026;024670 - ACQUA DISTRIBUIDORA DE PERFUMES E COSMETICOS LTDA;07891033949083;MAKE B PRIMER FAC ANTIOL SALIC PRM 5ml;2,000;0,02;0,01;9,80;0,00;0,00;-9,78;-48900,00;-99,80;-0,27;100,55;C;;
29/08/2026;024670 - ACQUA DISTRIBUIDORA DE PERFUMES E COSMETICOS LTDA;07891033822652;NSPA SAB LIQ CPO ESF A/STR JAS/SAM 175ml;1,000;0,01;0,01;19,73;0,00;0,00;-19,72;-197200,00;-99,95;-0,55;100,00;C;;
29/08/2026;024671 - 24671 ACQUA DISTRIBUIDORA DE PERFUMES E;07891033553570;MALBEC EDP 90ml;1,000;270,63;270,63;57,25;0,00;0,00;213,38;78,85;372,72;20,94;20,94;A;;
29/08/2026;024671 - 24671 ACQUA DISTRIBUIDORA DE PERFUMES E;07891033881352;FLORATTA EDP ROSE SUCREE 75ml;1,000;199,09;199,09;51,58;0,00;0,00;147,51;74,09;285,98;14,47;35,41;A;;
29/08/2026;024671 - 24671 ACQUA DISTRIBUIDORA DE PERFUMES E;07891033856459;BOTICA 214 EDP ARAB/OASIS FOUG/AMB 90ml;1,000;216,70;216,70;97,06;0,00;0,00;119,64;55,21;123,26;11,74;47,15;A;;
29/08/2026;024671 - 24671 ACQUA DISTRIBUIDORA DE PERFUMES E;07891033909537;GLAMOUR DES COL INTENSE 75ml;1,000;157,31;157,31;38,41;0,00;0,00;118,90;75,58;309,55;11,67;58,81;A;;
29/08/2026;024671 - 24671 ACQUA DISTRIBUIDORA DE PERFUMES E;07891033855728;ESTJ MALBEC PAIS/25;1,000;188,98;188,98;74,08;0,00;0,00;114,90;60,80;155,10;11,27;70,08;A;;
29/08/2026;024671 - 24671 ACQUA DISTRIBUIDORA DE PERFUMES E;07891033841820;LILY DES COL BDY SPLSH 200ml;1,000;115,85;115,85;21,18;0,00;0,00;94,67;81,72;446,98;9,29;79,37;A;;
29/08/2026;024671 - 24671 ACQUA DISTRIBUIDORA DE PERFUMES E;07891033480609;LILY CREM DES HID ACET CPO 250g V8;1,000;139,04;139,04;58,96;0,00;0,00;80,08;57,59;135,82;7,86;87,23;B;;
29/08/2026;024671 - 24671 ACQUA DISTRIBUIDORA DE PERFUMES E;07891033859191;CBEM MOUS BNH DOC/DELIRIOS 150ml;1,000;54,68;54,68;10,23;0,00;0,00;44,45;81,29;434,51;4,36;91,59;B;;
29/08/2026;024671 - 24671 ACQUA DISTRIBUIDORA DE PERFUMES E;07891033512614;QUASAR DES B/SPR BLUE RPCK 100ml;1,000;51,15;51,15;9,68;0,00;0,00;41,47;81,08;428,41;4,07;95,66;C;;
29/08/2026;024671 - 24671 ACQUA DISTRIBUIDORA DE PERFUMES E;07891033836840;DR BOTICA COL POC/AVENTURA 120ml;1,000;73,90;73,90;40,57;0,00;0,00;33,33;45,10;82,15;3,27;98,93;C;;
29/08/2026;024671 - 24671 ACQUA DISTRIBUIDORA DE PERFUMES E;07891033482559;NSPA LOC DES HID CPO F/AMEI 200ml V5;1,000;34,19;34,19;10,68;0,00;0,00;23,51;68,76;220,13;2,31;101,24;C;;
29/08/2026;024671 - 24671 ACQUA DISTRIBUIDORA DE PERFUMES E;07891033492428;COFFEE DES ANTIT AER WOM/SEDUC V5 75g;1,000;39,03;39,03;18,28;0,00;0,00;20,75;53,16;113,51;2,04;103,27;C;;
29/08/2026;024671 - 24671 ACQUA DISTRIBUIDORA DE PERFUMES E;07891033944996;CBEM SAB BARRA PESSEGURA V3 4x80g;1,000;29,25;29,25;12,70;0,00;0,00;16,55;56,58;130,31;1,62;104,89;C;;
29/08/2026;024671 - 24671 ACQUA DISTRIBUIDORA DE PERFUMES E;07891033536283;BOTIK GEL LIMP FAC VITAM C PRM 50g;2,000;14,53;7,26;0,00;0,00;0,00;14,53;100,00;0,00;1,43;106,32;C;;
29/08/2026;024671 - 24671 ACQUA DISTRIBUIDORA DE PERFUMES E;07891033908219;SACOLA P BOTICARIO INST/25;1,000;0,01;0,01;1,31;0,00;0,00;-1,30;-13000,00;-99,24;-0,13;106,19;C;;
29/08/2026;024671 - 24671 ACQUA DISTRIBUIDORA DE PERFUMES E;07891033908226;SACOLA M BOTICARIO INST/25;3,000;0,03;0,01;4,68;0,00;0,00;-4,65;-15500,00;-99,36;-0,46;105,74;C;;
29/08/2026;024671 - 24671 ACQUA DISTRIBUIDORA DE PERFUMES E;07891033889716;LIZ DES COL D ESSENCE PRM 10ml;2,000;0,03;0,01;13,90;0,00;0,00;-13,87;-46233,33;-99,78;-1,36;104,38;C;;
29/08/2026;024671 - 24671 ACQUA DISTRIBUIDORA DE PERFUMES E;07891033536863;CBEM LOC DES HID CPO FEIRA BANANA 400ml;1,000;0,01;0,01;17,08;0,00;0,00;-17,07;-170700,00;-99,94;-1,67;102,70;C;;
29/08/2026;024671 - 24671 ACQUA DISTRIBUIDORA DE PERFUMES E;07891033486724;NSPA LOC DES HID CPO AMEI/NEG 200ml V4;1,000;0,01;0,01;27,54;0,00;0,00;-27,53;-275300,00;-99,96;-2,70;100,00;C;;
30/08/2026;024617 - ACQUA DISTRIBUIDORA DE PERFUMES E COSMETICOS LTDA;07891033905133;MALBEC DES COL V7 100ml;1,000;213,58;213,58;44,53;0,00;0,00;169,05;79,15;379,63;13,55;13,55;A;;
30/08/2026;024617 - ACQUA DISTRIBUIDORA DE PERFUMES E COSMETICOS LTDA;07891033497652;UOMINI DES COL V6 100ml;1,000;203,86;203,86;35,89;0,00;0,00;167,97;82,39;468,01;13,46;27,01;A;;
30/08/2026;024617 - ACQUA DISTRIBUIDORA DE PERFUMES E COSMETICOS LTDA;07891033757923;FLORATTA DES COL RED 75ml;1,000;131,02;131,02;0,00;0,00;0,00;131,02;100,00;0,00;10,50;37,51;A;;
30/08/2026;024617 - ACQUA DISTRIBUIDORA DE PERFUMES E COSMETICOS LTDA;07891033473397;LIZ DES COL SUBLIME 100ml;1,000;153,91;153,91;31,49;0,00;0,00;122,42;79,54;388,76;9,81;47,32;A;;
30/08/2026;024617 - ACQUA DISTRIBUIDORA DE PERFUMES E COSMETICOS LTDA;07891033500222;HER CODE EDP 50ml;1,000;229,28;229,28;111,79;0,00;0,00;117,49;51,24;105,10;9,42;56,74;A;;
30/08/2026;024617 - ACQUA DISTRIBUIDORA DE PERFUMES E COSMETICOS LTDA;07891033514410;DR BOTICA COL POCAO FORCA 120ml V2;1,000;96,06;96,06;18,05;0,00;0,00;78,01;81,21;432,19;6,25;62,99;A;;
30/08/2026;024617 - ACQUA DISTRIBUIDORA DE PERFUMES E COSMETICOS LTDA;07891033908059;ESTJ EGEO BOMB BLACK REG/26;1,000;135,90;135,90;70,44;0,00;0,00;65,46;48,17;92,93;5,25;68,24;A;;
30/08/2026;024617 - ACQUA DISTRIBUIDORA DE PERFUMES E COSMETICOS LTDA;07891033859351;HER CODE CREM AVELUD DES CPO 250g;1,000;112,34;112,34;49,64;0,00;0,00;62,70;55,81;126,31;5,02;73,26;A;;
30/08/2026;024617 - ACQUA DISTRIBUIDORA DE PERFUMES E COSMETICOS LTDA;07891033598731;BOTIK GEL LIMP FAC CIC/PANT/CER 200g;1,000;89,90;89,90;31,89;0,00;0,00;58,01;64,53;181,91;4,65;77,91;A;;
30/08/2026;024617 - ACQUA DISTRIBUIDORA DE PERFUMES E COSMETICOS LTDA;07891033548873;ESTJ BOTI BABY CASCA V2;1,000;105,00;105,00;52,14;0,00;0,00;52,86;50,34;101,38;4,24;82,15;B;;
30/08/2026;024617 - ACQUA DISTRIBUIDORA DE PERFUMES E COSMETICOS LTDA;07891033879205;LILY SHAMP ACET V2 250ml;1,000;58,38;58,38;13,59;0,00;0,00;44,79;76,72;329,58;3,59;85,74;B;;
30/08/2026;024617 - ACQUA DISTRIBUIDORA DE PERFUMES E COSMETICOS LTDA;07891033533916;NSPA SAB LIQ PERF QUINOA 250ml;1,000;59,90;59,90;21,23;0,00;0,00;38,67;64,56;182,15;3,10;88,83;B;;
30/08/2026;024617 - ACQUA DISTRIBUIDORA DE PERFUMES E COSMETICOS LTDA;07891033512614;QUASAR DES B/SPR BLUE RPCK 100ml;1,000;52,90;52,90;24,28;0,00;0,00;28,62;54,10;117,87;2,29;91,13;B;;
30/08/2026;024617 - ACQUA DISTRIBUIDORA DE PERFUMES E COSMETICOS LTDA;07891033522828;INTENSE GLOS LAB 215 V2 5ml;1,000;45,84;45,84;19,25;0,00;0,00;26,59;58,01;138,13;2,13;93,26;B;;
30/08/2026;024617 - ACQUA DISTRIBUIDORA DE PERFUMES E COSMETICOS LTDA;07891033854271;NSPA CR PERF DES CPO ROSAS/SCRT PRM 50ml;1,000;31,99;31,99;7,53;0,00;0,00;24,46;76,46;324,83;1,96;95,22;C;;
30/08/2026;024617 - ACQUA DISTRIBUIDORA DE PERFUMES E COSMETICOS LTDA;07891033945382;NSPA SAB BARRA CORP AMEI/NEG V4 2x90g;1,000;29,90;29,90;8,92;0,00;0,00;20,98;70,17;235,20;1,68;96,90;C;;
30/08/2026;024617 - ACQUA DISTRIBUIDORA DE PERFUMES E COSMETICOS LTDA;07891033896639;CBEM SAB BARRA DELEITE ESPEC 2x90g;1,000;29,86;29,86;10,44;0,00;0,00;19,42;65,04;186,02;1,56;98,46;C;;
30/08/2026;024617 - ACQUA DISTRIBUIDORA DE PERFUMES E COSMETICOS LTDA;07891033767564;MALBEC SAB BARRA 2x80g;1,000;30,98;30,98;11,73;0,00;0,00;19,25;62,14;164,11;1,54;100,00;C;;
